dedup_id,title,year,journal,candidate_topics,strict_decision,primary_topic,exposure_measurement,design_class,counterfactual_status,effect_extractability,outcome_status,primary_reason_code,confidence,reason,full_text_checks,overlap_flag,model_requested,model_returned,response_id,input_tokens,output_tokens,total_tokens,screened_at,criteria_version
D0000010,"Psychological symptoms in older adults following natural disaster: Nature, timing, duration, and course",1989,Journals of Gerontology,flood,FULLTEXT_REVIEW,flood,objective_or_verifiable,longitudinal_with_prebaseline,yes,likely_extractable,eligible,unclear_effect_extractability,high,"Prospective panel interviewed before and after two floods; flood exposure measured at individual/community levels; negative/positive affect are eligible outcomes. Abstract reports associations but no numeric effect size or uncertainty, so full text is needed to confirm extractable adjusted effects.","Verify flood exposure variables are objective or externally verifiable, not solely self-reported. | Confirm pre-flood outcome measures are available for the same individuals to support within-person temporal comparison. | Check whether reported flood effects include quantitative estimates and uncertainty, such as coefficients, CIs, or p-values. | Confirm negative/positive affect measures are validated as mental health or subjective wellbeing outcomes. | Verify analytic handling of repeated floods, nesting, and confounding in adjusted models.",none_identified,deepseek-v4-pro,deepseek-v4-pro,efb8f005-2f16-45fb-af33-d7f49d8fed50,1547,1502,3049,2026-09-16T17:17:22Z,strict-inc-v1.0
D0000042,Flood experience and posttraumatic trait anxiety in Appalachia,1989,Psychological Reports,flood,NARRATIVE_ONLY,flood,objective_or_verifiable,post_event_only,no,not_extractable,eligible,no_pre_event_baseline,high,"Abstract describes a single post-event comparison of flood-affected Buffalo Creek residents versus nearby Kopperston residents on trait anxiety, with no pre-flood outcome or within-unit temporal variation. Affected-versus-unaffected comparison alone is not a credible counterfactual for the causal meta-analysis.",,none_identified,deepseek-v4-pro,deepseek-v4-pro,bdcf798e-fc2f-44fb-9f0f-828922726d8e,1470,1192,2662,2026-09-16T17:17:37Z,strict-inc-v1.0
D0000074,"The aetiology of post-traumatic morbidity: Predisposing, precipitating and perpetuating factors",1989,The British Journal of Psychiatry,wildfire,NARRATIVE_ONLY,wildfire,self_report_only,post_event_only,no,not_extractable,eligible,multiple_issues,high,Assessed only at 4/11/29 months after bushfire with no pre-exposure outcome or unexposed comparison; degree of exposure/losses appears self-reported. This exposed-only post-event predictor analysis cannot support a causal hazard effect.,,none_identified,deepseek-v4-pro,deepseek-v4-pro,96fcf699-57b6-4a6e-9bf0-29cc01fa3f9d,1510,2925,4435,2026-09-16T17:18:08Z,strict-inc-v1.0
D0000111,Morbidity of hurricane elena,1988,Southern Medical Journal,cyclone,FULLTEXT_REVIEW,cyclone,objective_or_verifiable,longitudinal_with_prebaseline,yes,likely_extractable,eligible,unclear_effect_extractability,medium,"Abstract reports a significant increase in ED patients treated for psychiatric problems after Hurricane Elena versus a one-week pre-storm period, suggesting objective cyclone exposure, eligible psychiatric service use outcome, and a pre/post longitudinal baseline. However no quantitative effect size or uncertainty is reported, so extractability requires full-text confirmation.","Full text should report quantitative pre/post counts or rates for psychiatric ED visits with statistical estimates (e.g., p-values, confidence intervals). | Verify whether the analysis adjusts for secular trends or uses only raw one-week vs two-week comparisons. | Confirm psychiatric service use is reported separately from trauma morbidity.",none_identified,deepseek-v4-pro,deepseek-v4-pro,a2958310-c98a-43a6-88fc-b6f411a4c808,1474,2293,3767,2026-09-16T17:19:09Z,strict-inc-v1.0
D0000116,Prior experience as a moderator of disaster impact on anxiety symptoms in older adults.,1988,American journal of community psychology,flood,FULLTEXT_REVIEW,flood,unclear,longitudinal_with_prebaseline,yes,likely_extractable,eligible,unclear_exposure_measurement,medium,"Panel with pre/post flood design and anxiety outcomes; however abstract does not specify whether flood impact exposure was objective/verifiable or self-report, and lacks quantitative estimates with uncertainty.","Verify flood impact exposure was objectively measured or externally verified (e.g., flood maps, damage records) not self-report alone. | Confirm hazard-specific estimates with uncertainty (coefficient, CI, SE) are reported for anxiety/weather-specific distress. | Check preflood outcome measure and analysis controlled baseline anxiety as stated.",none_identified,deepseek-v4-pro,deepseek-v4-pro,f85858ea-6a03-4cec-adc5-e5f9239a3450,1543,1989,3532,2026-09-16T17:18:30Z,strict-inc-v1.0
D0000159,The longitudinal course of posttraumatic morbidity: The range of outcomes and their predictors,1988,Journal of Nervous and Mental Disease,wildfire,NARRATIVE_ONLY,wildfire,unclear,post_event_only,no,not_extractable,eligible,no_pre_event_baseline,high,"Exposed-only cohort of 469 firefighters followed 25 months after a bushfire disaster; no pre-event outcome or unexposed comparator, and abstract reports predictors/patterns rather than a hazard effect, so no credible counterfactual.",,none_identified,deepseek-v4-pro,deepseek-v4-pro,e31b8105-8251-41ad-a616-45cc5173b9f3,1518,1454,2972,2026-09-16T17:18:26Z,strict-inc-v1.0
D0000167,The aetiology of post-traumatic stress disorders following a natural disaster,1988,The British Journal of Psychiatry,wildfire,NARRATIVE_ONLY,wildfire,unclear,post_event_only,no,not_extractable,eligible,no_pre_event_baseline,medium,"Exposed firefighter cohort followed post-bushfire; no pre-event mental health outcome or unaffected comparison is described. Exposure intensity was assessed as a predictor but the abstract reports no quantitative hazard effect, only premorbid personality/history correlates of PTSD.",,none_identified,deepseek-v4-pro,deepseek-v4-pro,55ead23f-ebaf-4317-8913-3376a0e55758,1495,2564,4059,2026-09-16T17:18:39Z,strict-inc-v1.0
D0000191,Posttraumatic Phenomena in a Longitudinal Study of Children Following a Natural Disaster,1987,Journal of the American Academy of Child and Adolescent Psychiatry,wildfire,NARRATIVE_ONLY,wildfire,unclear,post_event_only,no,not_extractable,eligible,descriptive_or_predictor_only,high,"Abstract reports longitudinal post-bushfire prevalence stability and maternal predictors of posttraumatic phenomena, but no pre-event baseline, unexposed comparator, hazard effect estimate, or uncertainty. This is descriptive/predictor analysis, not a hazard effect for causal meta-analysis.",,none_identified,deepseek-v4-pro,deepseek-v4-pro,d0586131-6984-4cce-88a6-16d4aea5b7c6,1513,1806,3319,2026-09-16T17:18:29Z,strict-inc-v1.0
D0000199,A longitudinal study of the psychological morbidity in children due to a natural disaster,1987,Psychological Medicine,wildfire,NARRATIVE_ONLY,wildfire,objective_or_verifiable,post_event_only,no,not_extractable,eligible,no_pre_event_baseline,high,"Abstract reports post-fire prevalence of child psychological morbidity at 2, 8, and 26 months and comparison to a selected group; no pre-event baseline or credible counterfactual is described, and no extractable hazard effect with uncertainty is reported.",,none_identified,deepseek-v4-pro,deepseek-v4-pro,18becd4b-2428-4bf1-93ce-86318d00b4c7,1474,2485,3959,2026-09-16T17:18:36Z,strict-inc-v1.0
D0000370,The effect of disaster on the health and well-being of older women.,1985,International journal of aging & human development,flood,NARRATIVE_ONLY,flood,objective_or_verifiable,post_event_only,no,likely_extractable,eligible,no_pre_event_baseline,high,Retrospective cohort survey five years after a major flood compares 122 female victims and 45 controls from the same communities. No pre-event outcome or credible counterfactual; this is a single post-event exposed/unexposed comparison.,,none_identified,deepseek-v4-pro,deepseek-v4-pro,a5fb0a80-5b91-470f-a6cf-243745199e27,1615,1789,3404,2026-09-16T17:18:28Z,strict-inc-v1.0
D0000510,Mortality and economic instability: Detailed analyses for Britain and comparative analyses for selected industrialized countries,1983,International Journal of Health Services,temperature,EXCLUDE,temperature,objective_or_verifiable,time_series,yes,unclear,eligible,wrong_exposure,high,"Title and abstract center on economic instability and unemployment as primary exposures; unusually cold winter temperatures are mentioned only as an additional environmental risk factor among alcohol/cigarette use, not the main climate-hazard exposure. Suicide mortality is eligible, but the hazard is non-primary.",,none_identified,deepseek-v4-pro,deepseek-v4-pro,bb886fca-fa96-483a-b2ef-a9e4f922af5a,1685,2500,4185,2026-09-16T17:18:38Z,strict-inc-v1.0
D0000601,Cyclone '78 in Sri Lanka--the mental health trail.,1981,The British journal of psychiatry : the journal of mental science,cyclone,NARRATIVE_ONLY,cyclone,objective_or_verifiable,post_event_only,no,not_extractable,eligible,no_pre_event_baseline,high,"Post-disaster longitudinal follow-up of affected population only; no pre-cyclone outcome or unaffected comparison is described, and outcomes are reported as descriptive morbidity/prevalence rather than a quantitative hazard effect with uncertainty.",,none_identified,deepseek-v4-pro,deepseek-v4-pro,d23905b4-b78c-4278-b22f-a9df3b293a1d,1516,2057,3573,2026-09-16T17:18:31Z,strict-inc-v1.0
D0000764,Cyclone Tracy and Darwin evacuees: On the restoration of the species,1977,The British Journal of Psychiatry,cyclone,NARRATIVE_ONLY,cyclone,objective_or_verifiable,post_event_only,no,not_extractable,eligible,no_pre_event_baseline,high,"Follows 675 Darwin evacuees after Cyclone Tracy with post-event GHQ assessments at initial, 10 weeks, and 14 months; no pre-event baseline or credible unexposed counterfactual, so course/predictor findings are descriptive rather than a hazard effect.",,none_identified,deepseek-v4-pro,deepseek-v4-pro,94004d73-02a4-4038-90d0-8205127e36a2,1579,1040,2619,2026-09-16T17:18:21Z,strict-inc-v1.0
D0000781,"The Brisbane floods, January 1974: their impact on health.",1976,The Medical journal of Australia,flood,NARRATIVE_ONLY,flood,unclear,post_event_only,no,likely_extractable,eligible,no_pre_event_baseline,high,"Flooded vs non-flooded families were interviewed only in the 12 months after the 1974 Brisbane flood, with no pre-flood outcome baseline. This single post-event exposed/unexposed comparison does not provide a credible counterfactual for the causal meta-analysis.",,none_identified,deepseek-v4-pro,deepseek-v4-pro,ef0a05d3-5f51-4e8f-9665-4af758c6be1d,1533,2180,3713,2026-09-16T17:18:32Z,strict-inc-v1.0
D0001122,Psychological distress and somatic symptoms after natural disaster: differential vulnerability among older adults.,1990,Psychology and aging,flood,FULLTEXT_REVIEW,flood,unclear,longitudinal_with_prebaseline,yes,unclear,eligible,unclear_effect_extractability,medium,"Panel pre/post flood design suggests temporal counterfactual, but abstract reports no quantitative flood effect/uncertainty and does not specify objective individual flood exposure measurement.",Verify individual flood exposure was objective/externally verifiable rather than self-report. | Confirm a credible counterfactual (preflood baseline and/or unexposed comparator) for flood effect. | Extract hazard-specific adjusted effect sizes and uncertainty for depressive/anxiety outcomes. | Assess whether all participants were flood-exposed or whether exposure variation supports effect estimation.,none_identified,deepseek-v4-pro,deepseek-v4-pro,28cccfee-f1a9-4dc4-be0b-5d1eaa8ebd63,1533,2795,4328,2026-09-16T17:18:39Z,strict-inc-v1.0
D0001227,The impact of hurricane hugo and the san francisco earthquake on a sample of people with rheumatoid arthritis,1991,Arthritis Rheumatism,cyclone,FULLTEXT_REVIEW,multiple,unclear,longitudinal_with_prebaseline,unclear,likely_extractable,eligible,unclear_effect_extractability,medium,"Abstract reports significantly increased depression from pre- to post-disaster relative to an unaffected cohort, suggesting a quasi-experimental pre/post design, but it gives no quantitative effect size/CI and pools hurricane with earthquake; full text must confirm objective exposure and a hurricane-specific adjusted depression estimate.","Confirm whether earthquake-exposed participants can be excluded or hurricane-specific effect is reported separately. | Verify exposure assignment was based on objective location/administrative data, not self-report. | Confirm same depression instrument measured at pre-disaster baseline and follow-up. | Report adjusted hurricane effect on depression with coefficient, standard error/CI, and sample size. | Check comparability of unaffected control group and attrition.",none_identified,deepseek-v4-pro,deepseek-v4-pro,fb0a9c70-a8c1-4bed-9aa0-de08df9e8354,1577,5183,6760,2026-09-16T17:25:21Z,strict-inc-v1.0
D0001391,The effects of a natural disaster on child behavior: Evidence for posttraumatic stress,1993,American Journal of Public Health,flood,EXCLUDE,flood,objective_or_verifiable,longitudinal_with_prebaseline,yes,reported_with_uncertainty,ineligible,wrong_outcome,high,"Flood study with pre/post measurements, but outcomes are aggressive behavior and enuresis, not eligible mental-health outcomes; no PTSD, depression, anxiety, or distress measure reported in abstract.",,none_identified,deepseek-v4-pro,deepseek-v4-pro,2662010b-21a3-4809-943f-758ff51b5524,1571,1362,2933,2026-09-16T17:18:26Z,strict-inc-v1.0
D0001404,Post-traumatic stress disorder in adolescents after a hurricane,1993,American Journal of Epidemiology,cyclone,NARRATIVE_ONLY,cyclone,self_report_only,cross_sectional,no,reported_with_uncertainty,eligible,cross_sectional,high,Single-wave cross-sectional survey conducted 1 year after Hurricane Hugo; no pre-event baseline or temporal counterfactual; exposure appears self-reported; adjusted OR not a credible hazard effect.,,none_identified,deepseek-v4-pro,deepseek-v4-pro,886785fb-fd43-40ef-8dc0-69084cf5c509,1674,1266,2940,2026-09-16T17:18:23Z,strict-inc-v1.0
D0001472,A test of the social support deterioration model in the context of natural disaster.,1993,Journal of personality and social psychology,flood,FULLTEXT_REVIEW,flood,unclear,longitudinal_with_prebaseline,yes,unclear,eligible,unclear_effect_extractability,medium,"Prospective pre/post flood design with depression outcome is plausible, but abstract does not specify objective exposure measurement or report a quantitative hazard effect with uncertainty.",Verify flood exposure is objectively measured or externally verifiable rather than self-report alone. | Confirm LISREL/path model includes a direct hazard-to-depression effect with coefficient and uncertainty. | Confirm pre-flood depression was measured and used as baseline/counterfactual. | Check whether sample had variation in exposure or only within-person pre/post flood change. | Determine whether adjusted effect of flood exposure on depression is extractable.,none_identified,deepseek-v4-pro,deepseek-v4-pro,5e535fb9-c270-42ff-8fc9-26b25f08c155,1526,2444,3970,2026-09-16T17:18:36Z,strict-inc-v1.0
D0001539,Psychological distress of adolescents exposed to Hurricane Hugo,1994,Journal of Traumatic Stress,cyclone,NARRATIVE_ONLY,cyclone,self_report_only,cross_sectional,no,not_extractable,eligible,cross_sectional,high,"Single-wave post-event survey of adolescents one year after Hurricane Hugo; exposure measured via self-administered questionnaire (self-report), no pre-event baseline or credible counterfactual; reports association only. Not eligible for causal meta-analysis.",,none_identified,deepseek-v4-pro,deepseek-v4-pro,0626d26b-a1e6-46af-b483-3249b223b809,1532,1578,3110,2026-09-16T17:18:38Z,strict-inc-v1.0
D0001554,"Predictors of posttraumatic stress symptoms among survivors of the Oakland/Berkeley, Calif., Firestorm",1994,American Journal of Psychiatry,wildfire,NARRATIVE_ONLY,wildfire,self_report_only,post_event_only,no,not_extractable,eligible,no_pre_event_baseline,high,"Exposed-only follow-up of firestorm survivors recruited post-event; PTSD measured 7-9 months later with no pre-fire outcome. Variation in contact is self-reported, and analyses predict PTSD from symptoms/life events rather than estimate a hazard effect against a counterfactual.",,none_identified,deepseek-v4-pro,deepseek-v4-pro,03110669-da3b-4d2e-ad78-4a2f89799d07,1734,1714,3448,2026-09-16T17:18:41Z,strict-inc-v1.0
D0001664,Posttraumatic Stress Disorder in Adolescents after Hurricane Andrew,1995,Journal of the American Academy of Child and Adolescent Psychiatry,cyclone,NARRATIVE_ONLY,cyclone,objective_or_verifiable,cross_sectional,no,not_extractable,eligible,cross_sectional,high,"Six-month post-hurricane cross-sectional telephone survey reporting PTSD prevalence and correlates by age and undesirable events; no pre-event baseline, unexposed counterfactual, or hazard-specific effect estimate with uncertainty. Design unsuitable for causal meta-analysis.",,none_identified,deepseek-v4-pro,deepseek-v4-pro,e5374903-ffeb-496f-90e1-5f47a97edfbb,1710,2001,3711,2026-09-16T17:18:49Z,strict-inc-v1.0
D0001665,Psychological Effects of Hurricane Andrew on an Elementary School Population,1995,Journal of the American Academy of Child and Adolescent Psychiatry,cyclone,NARRATIVE_ONLY,cyclone,objective_or_verifiable,post_event_only,no,not_extractable,eligible,no_pre_event_baseline,high,"Relevant cyclone mental-health study, but PTS outcome is measured only at 8 and 32 weeks post-hurricane in HI- vs LO-impact schools; no pre-event PTS baseline or credible counterfactual. Disruptive behavior pre-post is not an eligible mental-health outcome.",,none_identified,deepseek-v4-pro,deepseek-v4-pro,94a8625a-2793-443d-9fd2-b88c1076c30c,1683,1957,3640,2026-09-16T17:19:23Z,strict-inc-v1.0
D0001807,"Disaster related stresses, depressive signs and symptoms, and suicidal ideation among a multi-racial/ethnic sample of adolescents: A longitudinal analysis",1996,Child Psychology & Psychiatry & Allied Disciplines,cyclone,NARRATIVE_ONLY,cyclone,self_report_only,longitudinal_with_prebaseline,no,not_extractable,eligible,self_report_exposure_only,high,"Abstract uses self-reported 'hurricane generated stresses' as the exposure and describes all participants as exposed to Hurricane Andrew; no objective or externally verifiable hazard variation is used, so it cannot estimate a hazard effect.",,none_identified,deepseek-v4-pro,deepseek-v4-pro,d8dd3e87-13e5-4bed-9950-97a8576eaba9,1567,2955,4522,2026-09-16T17:19:01Z,strict-inc-v1.0
D0002034,Children's predisaster functioning as a predictor of posttraumatic stress following Hurricane Andrew.,1998,Journal of consulting and clinical psychology,cyclone,NARRATIVE_ONLY,cyclone,self_report_only,longitudinal_with_prebaseline,unclear,likely_extractable,eligible,self_report_exposure_only,high,"Children self-reported hurricane-related experiences as exposure; PTS measured only postdisaster. Although predisaster anxiety exists, hazard variation is self-reported, so unsuitable for causal meta-analysis.",,none_identified,deepseek-v4-pro,deepseek-v4-pro,772b4add-3d84-4495-8221-996cdda164ba,1601,1998,3599,2026-09-16T17:18:52Z,strict-inc-v1.0
D0002149,Suicide after natural disasters,1998,New England Journal of Medicine,flood|cyclone,META_ELIGIBLE,multiple,objective_or_verifiable,longitudinal_with_prebaseline,yes,reported_with_uncertainty,eligible,eligible,high,"Uses U.S. federal disaster declarations as objective exposure; compares 36-month pre-disaster and 48-month post-disaster suicide rates in affected counties, with national rates as comparison. Reports flood and hurricane effects with p-values.",,none_identified,deepseek-v4-pro,deepseek-v4-pro,2117dab7-8009-45dd-9c8e-d406e352c38e,1735,2179,3914,2026-09-16T17:20:55Z,strict-inc-v1.0
D0002175,Post-disaster service provision following proactive identification of children with emotional distress and depression,1999,Australian and New Zealand Journal of Psychiatry,wildfire,NARRATIVE_ONLY,wildfire,self_report_only,cross_sectional,no,not_extractable,eligible,cross_sectional,high,"Single-wave post-disaster screening of 601 students 6 months after bushfire; prevalence and correlates of distress/depression only; no unexposed comparison, pre-event baseline, or objective hazard variation. Self-reported evacuation/perceptions are predictors, so no causal hazard effect extractable.",,unclear,deepseek-v4-pro,deepseek-v4-pro,75b40194-df1d-4b93-9e21-0edbc23a760a,1650,1337,2987,2026-09-16T17:18:46Z,strict-inc-v1.0
D0002368,Natural disaster and depression: A prospective investigation of reactions to the 1993 Midwest floods,2000,American Journal of Community Psychology,flood,FULLTEXT_REVIEW,flood,unclear,longitudinal_with_prebaseline,unclear,likely_extractable,eligible,unclear_exposure_measurement,medium,"Prospective pre/post flood study with control group and depression outcomes, but abstract does not specify how flood victim/exposure status was assigned (objective vs self-report), and reported effects lack uncertainty. Full text needed to confirm causal design and extraction.",Verify flood victim status is based on objective/externally verifiable records rather than self-report alone. | Confirm designs uses pre-disaster baseline and unaffected controls in a difference-in-differences or equivalent specification. | Extract adjusted effect estimates and confidence intervals/standard errors for depression symptoms and diagnoses. | Check whether analyses control for baseline confounders and account for repeated measures.,none_identified,deepseek-v4-pro,deepseek-v4-pro,67bac6f1-a44d-43cf-999f-83678288c950,1593,2074,3667,2026-09-16T17:18:55Z,strict-inc-v1.0
D0002593,Posttraumatic stress and depressive reactions among Nicaraguan adolescents after Hurricane Mitch,2001,American Journal of Psychiatry,cyclone,NARRATIVE_ONLY,cyclone,objective_or_verifiable,cross_sectional,no,likely_extractable,eligible,no_pre_event_baseline,high,"Six months after Hurricane Mitch, 158 adolescents from three differentially exposed cities were assessed once, with no pre-event outcome. Severity followed a post-event dose-of-exposure pattern across cities, a design without a credible temporal counterfactual.",,none_identified,deepseek-v4-pro,deepseek-v4-pro,702d8824-9f6b-4c85-8b7f-4034fab75a2b,1698,1562,3260,2026-09-16T17:18:54Z,strict-inc-v1.0
D0002661,Childhood posttraumatic stress disorder and efforts to cope after Hurricane Floyd,2002,Behavioral Medicine,cyclone|flood,NARRATIVE_ONLY,flood,self_report_only,cross_sectional,no,not_extractable,eligible,cross_sectional,high,Single-wave survey 6 months post-Hurricane Floyd in affected children; compares self-reported home flooding (flooded vs not) with PTSD symptoms. No pre-event baseline or credible counterfactual; reports prevalence and association only.,,none_identified,deepseek-v4-pro,deepseek-v4-pro,58cfccf5-2f8f-4ac4-abd9-5b2eb53afb15,1600,1570,3170,2026-09-16T17:18:54Z,strict-inc-v1.0
D0002777,Immune function and affective states following a natural disaster.,2002,Psychological reports,cyclone,NARRATIVE_ONLY,cyclone,unclear,post_event_only,no,not_extractable,eligible,no_pre_event_baseline,high,"Post-event single-time comparison of negative affect between storm-damaged and less damaged neighborhoods after Hurricane Andrew; no pre-event baseline or temporal variation, so cannot estimate causal hazard effect. Damage-severity association only.",,none_identified,deepseek-v4-pro,deepseek-v4-pro,d87051d8-b664-4fad-b612-d15016d5c1fa,1480,1810,3290,2026-09-16T17:18:55Z,strict-inc-v1.0
D0002896,Assessment of exposure to a flood disaster in a mental-health study,2003,Journal of Exposure Analysis and Environmental Epidemiology,flood,NARRATIVE_ONLY,flood,self_report_only,cross_sectional,no,likely_extractable,eligible,cross_sectional,high,Abstract explicitly describes a cross-sectional study 5 years post-flood with retrospective exposure interviews and concurrent PTSD symptoms; no pre-event outcome or credible counterfactual for causal meta-analysis.,,none_identified,deepseek-v4-pro,deepseek-v4-pro,cc697450-2a05-4531-ba08-63fc31c4eb8b,1710,2096,3806,2026-09-16T17:19:00Z,strict-inc-v1.0
D0003060,Youth suicide and hurricane Andrew,2003,Journal of the American Academy of Child & Adolescent Psychiatry,cyclone,FULLTEXT_REVIEW,cyclone,objective_or_verifiable,unclear,unclear,unclear,eligible,unclear_effect_extractability,medium,"Abstract states the study examined pre/post prevalence of youth suicides and proximity to Hurricane Andrew impact, but provides no effect estimate, uncertainty, or clear design. Outcome and objective exposure are plausible, but extractability and counterfactual cannot be confirmed from abstract.","Verify original quantitative analysis reports a hazard-specific effect estimate with uncertainty. | Verify credible pre/post or time-series counterfactual with pre-event baseline and no major confounding. | Verify exposure is objectively measured proximity to hurricane impact zone. | Verify suicide outcome is measured as rates/counts over time, not a single cross-sectional survey.",none_identified,deepseek-v4-pro,deepseek-v4-pro,8093854f-123f-49d2-a94b-0079cc1cc1b6,1426,1973,3399,2026-09-16T17:19:00Z,strict-inc-v1.0
D0003115,"The Course of PTSD, Major Depression, Substance Abuse, and Somatization After a Natural Disaster",2004,Journal of Nervous and Mental Disease,flood,NARRATIVE_ONLY,flood,objective_or_verifiable,post_event_only,no,not_extractable,eligible,descriptive_or_predictor_only,high,"Flood survivors were assessed only at 4 and 16 months postdisaster; abstract reports prevalence, remission, and comorbidity predictors, with no pre-flood baseline, unexposed comparison, or flood-effect estimate with uncertainty.",,none_identified,deepseek-v4-pro,deepseek-v4-pro,a4e604d8-5f9d-4ff4-999b-208cb50d60ca,1671,1972,3643,2026-09-16T17:19:00Z,strict-inc-v1.0
D0003383,Psychological and psychopathological reactions in Honduras following Hurricane Mitch: implications for service planning.,2005,Revista panamericana de salud publica = Pan American journal of public health,cyclone,NARRATIVE_ONLY,cyclone,objective_or_verifiable,cross_sectional,no,not_extractable,eligible,cross_sectional,high,"Single-wave cross-sectional survey two months after Hurricane Mitch compares high- vs low-impact areas, with no pre-event outcome or temporal counterfactual; reports post-event prevalence and group differences only.",,none_identified,deepseek-v4-pro,deepseek-v4-pro,15f8c6f3-cfd0-4170-8c69-72614ea79722,1656,2155,3811,2026-09-16T17:19:05Z,strict-inc-v1.0
D0003415,Regional impact of Hurricane Isabel on emergency departments in Coastal Southeastern Virginia,2005,Academic Emergency Medicine,cyclone,NARRATIVE_ONLY,cyclone,objective_or_verifiable,descriptive,no,not_extractable,eligible,descriptive_or_predictor_only,high,"Abstract reports descriptive ED psychiatric complaint counts before and after Hurricane Isabel (e.g., 13 average daily pre-landfall, 6 on landfall, 10 subsequent days) with percentage changes but no adjusted effect or uncertainty. No credible causal counterfactual for mental-health outcome.",,none_identified,deepseek-v4-pro,deepseek-v4-pro,fd416b58-efca-4cea-8b1b-6efbf23814ca,2114,2187,4301,2026-09-16T17:19:12Z,strict-inc-v1.0
D0003421,Use of mental health services after Hurricane Floyd in North Carolina,2005,Psychiatric Services,cyclone,FULLTEXT_REVIEW,cyclone,unclear,quasi_experimental,yes,unclear,eligible,unclear_effect_extractability,medium,"Difference-in-differences with pre-post data and affected vs unaffected counties provides plausible counterfactual. Outcomes are mental health service use. However abstract reports only statistical significance, not effect sizes or confidence intervals, and county classification source is unspecified, so quantitative extractability and exposure verification require full text.",Verify how severely affected vs unaffected counties were objectively classified. | Extract quantitative DID estimates and uncertainty for mental health service outcomes. | Confirm pre-event trends and parallel trends assumption. | Confirm outcomes are psychiatric service use.,none_identified,deepseek-v4-pro,deepseek-v4-pro,6dd71eda-57d5-4656-99b1-c2f6a1926a2b,1674,2647,4321,2026-09-16T17:19:16Z,strict-inc-v1.0
D0003439,Associations of pre-trauma attributes and trauma exposure with screening positive for PTSD: Analysis of a community-based study of 2085 young adults,2006,Psychological Medicine,wildfire,NARRATIVE_ONLY,wildfire,self_report_only,post_event_only,no,not_extractable,eligible,multiple_issues,high,"Post-bushfire study uses self-reported trauma experiences and reactions as exposure and assesses PTSD symptoms only after the fire, with no pre-event PTSD outcome or credible counterfactual.",,none_identified,deepseek-v4-pro,deepseek-v4-pro,e1628927-680c-48f7-a43b-7e90890e5310,1734,2111,3845,2026-09-16T17:19:16Z,strict-inc-v1.0
D0003445,"Inter-annual rainfall variations and suicide in New South Wales, Australia, 1964-2001",2006,International Journal of Biometeorology,drought,FULLTEXT_REVIEW,drought,objective_or_verifiable,time_series,unclear,likely_extractable,eligible,unclear_effect_extractability,medium,"Abstract reports a statistically significant association between annual precipitation and suicide, with an 8% effect per 300 mm decrease, but does not report uncertainty (CI/SE) or explicitly confirm an adjusted model controlling long-term trends noted as confounders. Full text must verify effect extractability and design.","Verify that the model adjusts for long-term/trend confounders in suicide rates over 1964-2001. | Confirm the precipitation effect is reported with confidence intervals, standard errors, or exact p-values. | Confirm exposure is objectively measured annual precipitation or a drought index with defined units. | Confirm the outcome is suicide rate per population and the temporal unit of analysis. | Verify whether the reported 8% effect is from an adjusted model and not a raw correlation.",none_identified,deepseek-v4-pro,deepseek-v4-pro,fd326a33-2a94-49f6-8d02-f57f5cc715f0,1488,2129,3617,2026-09-16T17:19:17Z,strict-inc-v1.0
D0003490,"Prevalence, risk factors and aging vulnerability for psychopathology following a natural disaster in a developing country",2005,International Journal of Geriatric Psychiatry,cyclone,NARRATIVE_ONLY,cyclone,objective_or_verifiable,cross_sectional,no,not_extractable,eligible,cross_sectional,high,"Single-wave post-hurricane cross-sectional survey; outcomes measured only after Hurricane Mitch, no pre-event baseline; high/low exposure comparison is a post-event damage gradient, not a credible counterfactual. Reports prevalence and risk-factor associations, not an extractable causal hazard effect.",,none_identified,deepseek-v4-pro,deepseek-v4-pro,61c12dd5-87f5-4750-b3be-e92691a95bff,1669,1766,3435,2026-09-16T17:19:12Z,strict-inc-v1.0
D0003717,Mental illness and suicidality after Hurricane Katrina,2006,Bulletin of the World Health Organization,cyclone,NARRATIVE_ONLY,cyclone,objective_or_verifiable,cross_sectional,no,not_extractable,eligible,cross_sectional,high,"Compares two separate cross-sectional samples before and after Hurricane Katrina in the same area; no within-person pre-exposure outcome or contemporaneous control, so lacks credible counterfactual for causal effect.",,none_identified,deepseek-v4-pro,deepseek-v4-pro,35629581-ddc1-4909-9e1c-878961c8f089,1837,2492,4329,2026-09-16T17:19:22Z,strict-inc-v1.0
D0003791,The health effects of flooding: Social research results from England and Wales,2006,Journal of Water and Health,flood,NARRATIVE_ONLY,flood,objective_or_verifiable,post_event_only,no,not_extractable,eligible,no_pre_event_baseline,high,"Post-event survey compares flooded residents with at-risk not flooded and general population; no pre-event baseline or credible counterfactual. Reports GHQ-12 prevalence and correlates, not a causal hazard effect.",,none_identified,deepseek-v4-pro,deepseek-v4-pro,78a989b3-f384-4346-9d5e-bd7c0b790733,1622,2318,3940,2026-09-16T17:19:21Z,strict-inc-v1.0
D0003905,An epidemiologic study of posttraumatic stress disorder in flood victims in Hunan China,2006,Canadian Journal of Psychiatry,flood,NARRATIVE_ONLY,flood,unclear,cross_sectional,no,not_extractable,eligible,cross_sectional,high,"Retrospective post-flood survey of PTSD prevalence and risk factors among flood victims only; no pre-event baseline or unexposed comparison, and flood type/severity associations are within-exposed predictors rather than a flood effect with a credible counterfactual.",,none_identified,deepseek-v4-pro,deepseek-v4-pro,ca889b81-36bc-4423-97cc-3cae67f85dba,1774,1652,3426,2026-09-16T17:19:19Z,strict-inc-v1.0
D0003963,Population health effects of air quality changes due to forest fires in British Columbia in 2003: Estimates from physician-visit billing data,2006,Canadian Journal of Public Health,wildfire,FULLTEXT_REVIEW,wildfire,objective_or_verifiable,time_series,yes,unclear,eligible,unclear_effect_extractability,medium,"Objective PM from monitoring; mental illness physician visits measured; compares weekly rates during fire weeks to 10-year historical baseline, but abstract only states no mental disorder effects were seen, with no numeric estimate or uncertainty for mental health.","Does full text report a numeric effect estimate and uncertainty for mental illness physician visits during wildfire smoke weeks? | Is the mental illness outcome exactly psychiatric service use based on physician visits (ICD-9 290-319)? | What adjustment for time trends, seasonality, or confounders was used in comparing 2003 to prior years? | Is the exposure defined specifically as wildfire-attributed PM, and how were fire weeks identified?",none_identified,deepseek-v4-pro,deepseek-v4-pro,932ded6e-100a-4de6-8beb-b2ddf917873a,1710,1597,3307,2026-09-16T17:19:19Z,strict-inc-v1.0
D0004099,Morbidity and mortality during heatwaves in metropolitan Adelaide,2007,Medical Journal of Australia,temperature,META_ELIGIBLE,temperature,objective_or_verifiable,time_series,yes,reported_with_uncertainty,eligible,eligible,high,"Case-series comparing heatwave vs non-heatwave periods in Adelaide; reports total mental health admissions increased 7% (95% CI 1%-13%), an eligible psychiatric service use outcome, with objective heatwave exposure and temporal control.",,none_identified,deepseek-v4-pro,deepseek-v4-pro,31fa85be-890d-48c8-867e-2e153206cb8a,1727,1303,3030,2026-09-16T17:19:15Z,strict-inc-v1.0
D0004110,The August 2003 heat wave in France: effects on psychiatric disorders and suicidal behavior,2008,Presse Medicale,temperature,NARRATIVE_ONLY,temperature,objective_or_verifiable,cross_sectional,no,not_extractable,eligible,descriptive_or_predictor_only,high,"Abstract compares emergency psychiatric consultations and diagnostic percentages between June-October 2002 and 2003, reporting only prevalence (e.g., suicidal behavior 12.3% vs 25%) and admission proportions without adjusted hazard effects or uncertainty; no credible counterfactual.",,none_identified,deepseek-v4-pro,deepseek-v4-pro,980801ad-7948-482e-953e-c4459c9233f8,1672,2525,4197,2026-09-16T17:20:06Z,strict-inc-v1.0
D0004267,Relationship between daily suicide counts and temperature in England and Wales,2007,British Journal of Psychiatry,temperature,FULLTEXT_REVIEW,temperature,objective_or_verifiable,time_series,yes,likely_extractable,eligible,unclear_effect_extractability,medium,"Time-series regression of daily temperature and suicide in England/Wales reports hazard-specific effect sizes (3.8%, 5.0%, 46.9% heatwave) but the abstract gives no confidence intervals or standard errors, so extractability of uncertainty is unresolved.","Verify whether the 3.8%, 5.0%, and heatwave effect estimates include confidence intervals or standard errors. | Confirm the time-series model adjusts for long-term trend, seasonality, and day-of-week or autocorrelation. | Check suicide and violent suicide outcome definitions and whether violent suicide is a subset of total suicide. | Establish whether heatwave effects are estimated relative to model-based expected counts.",none_identified,deepseek-v4-pro,deepseek-v4-pro,42277f79-efd5-4803-ac79-1a98c61d47d7,1579,1576,3155,2026-09-16T17:19:23Z,strict-inc-v1.0
D0004312,PSTD symptoms in children and adolscents 28 months after a floods: Age and gender differences,2007,Journal of Traumatic Stress,flood,NARRATIVE_ONLY,flood,unclear,cross_sectional,no,likely_extractable,eligible,cross_sectional,high,"Cross-sectional survey of students 28 months after a flood predicting PTSD from degree of trauma exposure; no pre-event baseline or quasi-experimental design, so unsuitable for causal meta-analysis.",,none_identified,deepseek-v4-pro,deepseek-v4-pro,38039713-26b2-4b52-8516-014a1e8314d5,1558,1181,2739,2026-09-16T17:19:22Z,strict-inc-v1.0
D0004415,Psychiatric disorders among adults seeking emergency disaster assistance after a wildland-urban interface fire.,2007,"Psychiatric services (Washington, D.C.)",wildfire,NARRATIVE_ONLY,wildfire,self_report_only,post_event_only,no,not_extractable,eligible,descriptive_or_predictor_only,high,"Three-month follow-up of 357 adults seeking post-wildfire emergency relief; no pre-fire outcome or unexposed comparison. Self-reported fire-exposure, property damage, and injury used as predictors of probable depression/PTSD. Reports prevalence and screener, not a hazard effect.",,none_identified,deepseek-v4-pro,deepseek-v4-pro,864c4be2-1f03-462c-b2ff-3577dc71128a,1636,2978,4614,2026-09-16T17:19:44Z,strict-inc-v1.0
D0004473,"Post-traumatic stress disorder in children and adolescents one year after a super-cyclone in Orissa, India: Exploring cross-cultural validity and vulnerability factors",2007,BMC Psychiatry,cyclone,NARRATIVE_ONLY,cyclone,objective_or_verifiable,cross_sectional,no,not_extractable,eligible,cross_sectional,high,"One-year post-cyclone cross-sectional clinical survey comparing high- vs low-exposure areas; reports PTSD prevalence and logistic predictors but has no pre-event outcome or credible counterfactual, only a post-event exposure gradient.",,none_identified,deepseek-v4-pro,deepseek-v4-pro,51dbd2c8-7424-47d5-9cba-fc30a8c3f17c,1783,2242,4025,2026-09-16T17:19:36Z,strict-inc-v1.0
D0004481,Predisaster trait anxiety and negative affect predict posttraumatic stress in youths after Hurricane Katrina,2007,Journal of Consulting and Clinical Psychology,cyclone,EXCLUDE,cyclone,unclear,longitudinal_with_prebaseline,no,not_extractable,eligible,wrong_exposure,medium,"Abstract frames predisaster trait anxiety and negative affect, not hurricane exposure, as the main predictors; hurricane exposure events are only a covariate/secondary predictor, so the hazard is not the primary exposure and no extractable hazard effect is reported.",,none_identified,deepseek-v4-pro,deepseek-v4-pro,1582e67e-c089-4748-8f76-30d460befb8b,1550,6736,8286,2026-09-16T17:25:36Z,strict-inc-v1.0
D0004505,Swept away: Use of general medical and mental health services among veterans displaced by Hurricane Katrina,2007,American Journal of Psychiatry,cyclone,FULLTEXT_REVIEW,cyclone,objective_or_verifiable,time_series,yes,unclear,eligible,unclear_effect_extractability,medium,"Hurricane Katrina exposure is objective and mental health service use is eligible, with pre-event 2003-2004 comparison providing temporal counterfactual. However abstract reports quantitative adjusted effect only for any outpatient services; mental-health-specific effect is directional but must be verified in full text.","Does full text report adjusted effect estimates and uncertainty for mental health service use, separate from substance use? | Does it define exposure objectively by affected region rather than self-reported displacement? | Are pre-event baseline years comparable and was the service-use trend stable before Katrina? | Does it control for concurrent secular changes or regional VA service disruptions?",none_identified,deepseek-v4-pro,deepseek-v4-pro,2bef3112-8998-4d5e-9da4-be77aad1456f,1568,3273,4841,2026-09-16T17:24:58Z,strict-inc-v1.0
D0004649,The effect of heat waves on mental health in a temperate Australian City,2008,Environmental Health Perspectives,temperature,FULLTEXT_REVIEW,temperature,objective_or_verifiable,time_series,yes,likely_extractable,eligible,unclear_effect_extractability,high,Population time-series of Adelaide hospital admissions (1993-2006) uses objective ambient temperature and heat-wave periods with Poisson regression controlling season/trend; reports 7.3% increase in mental/behavioral admissions but lacks uncertainty estimates (CI/SE) needed for meta-analysis.,"Verify reported confidence intervals or standard errors for heat wave and threshold estimates | Confirm exposure definitions (heat wave, threshold 26.7°C) use objective meteorological data | Confirm hospital admissions for mental/behavioral disorders are an eligible psychiatric service use outcome | Check model adjustment for temporal confounding and overdispersion",none_identified,deepseek-v4-pro,deepseek-v4-pro,e69731ed-802d-408b-9939-31ab86d01491,1695,2447,4142,2026-09-16T17:19:42Z,strict-inc-v1.0
D0004714,A prospective study on changes in health status following flood disaster,2008,Psychiatry Investigation,flood,NARRATIVE_ONLY,flood,objective_or_verifiable,post_event_only,no,not_extractable,eligible,no_pre_event_baseline,high,"The abstract reports depression and PTSD only at 18-month follow-up; the pre-flood assessment was SF-36 general health, so no pre-event mental-health baseline. Thus post-flood prevalence and predictor associations are not a hazard effect with a credible counterfactual.",,none_identified,deepseek-v4-pro,deepseek-v4-pro,407f5898-68f9-4c2c-9f6c-d2203f6a0cc7,1733,2971,4704,2026-09-16T17:21:52Z,strict-inc-v1.0
D0004721,Financial and social circumstances and the incidence and course of PTSD in Mississippi during the first two years after Hurricane Katrina,2008,Journal of Traumatic Stress,cyclone,NARRATIVE_ONLY,cyclone,self_report_only,cross_sectional,no,not_extractable,eligible,cross_sectional,high,"Post-Katrina cross-sectional survey of 810 adults in affected Mississippi counties; PTSD prevalence/duration and determinants are based on self-reported hurricane-related traumatic events, financial loss, and social stressors. No unaffected comparison, pre-event outcome, or objective hazard variation; no credible counterfactual.",,none_identified,deepseek-v4-pro,deepseek-v4-pro,d9969772-4efe-4179-adfd-327ce2320a91,1560,1234,2794,2026-09-16T17:19:33Z,strict-inc-v1.0
D0004764,Unwanted intrusive thoughts and cognitive functioning in kindergarten and young elementary school-age children following Hurricane Katrina,2008,Journal of Clinical Child and Adolescent Psychology,cyclone,EXCLUDE,cyclone,unclear,post_event_only,no,not_extractable,ineligible,wrong_outcome,high,"The study measures unwanted intrusive thoughts and cognitive functioning in children after Hurricane Katrina. Intrusive thoughts are not among the eligible mental-health outcomes, so the record is excluded for wrong outcome.",,none_identified,deepseek-v4-pro,deepseek-v4-pro,db707ce6-f1e4-4b93-bb47-fc6a8f4bb799,1553,1270,2823,2026-09-16T17:19:33Z,strict-inc-v1.0
D0004968,A preliminary investigation of family coping styles and psychological well-being among adolescent survivors of Hurricane Katrina,2008,Journal of Family Psychology,cyclone,NARRATIVE_ONLY,cyclone,objective_or_verifiable,cross_sectional,no,not_extractable,eligible,no_pre_event_baseline,high,"Post-event cross-sectional comparison of 50 Katrina-displaced adolescents vs 31 matched unaffected; no pre-event outcomes or credible counterfactual, so group differences in distress/depression cannot be interpreted as causal hazard effects.",,none_identified,deepseek-v4-pro,deepseek-v4-pro,60a6528f-0132-4ba3-812f-f1c7027b31be,1578,1774,3352,2026-09-16T17:19:40Z,strict-inc-v1.0
D0005018,Symptoms of depression and posttraumatic stress disorder in an outpatient population before and after Hurricane Katrina,2008,Depression and Anxiety,cyclone,NARRATIVE_ONLY,cyclone,objective_or_verifiable,cross_sectional,no,likely_extractable,eligible,cross_sectional,high,"The abstract reports depression/PTSD scores for separate outpatient samples in the month before (n=76) and month after (n=80) Katrina; independent cross-sections, not within-person pre/post, so no credible counterfactual for a causal hurricane effect.",,none_identified,deepseek-v4-pro,deepseek-v4-pro,d78941bb-d60d-4633-9973-dcfc09c9cabc,1671,2722,4393,2026-09-16T17:19:53Z,strict-inc-v1.0
D0005286,Impact of childhood exposure to a natural disaster on adult mental health: 20-year longitudinal follow-up study,2009,The British Journal of Psychiatry,wildfire,NARRATIVE_ONLY,wildfire,objective_or_verifiable,post_event_only,no,not_extractable,eligible,no_pre_event_baseline,high,"20-year follow-up comparing bushfire-exposed adults with matched controls reports adult psychiatric outcomes only after the event; no pre-event mental-health outcome or credible counterfactual is described, and no quantitative hazard effect with uncertainty is reported.",,none_identified,deepseek-v4-pro,deepseek-v4-pro,0939c67d-ef78-44bf-ac3a-4e40545de09c,1697,2630,4327,2026-09-16T17:20:26Z,strict-inc-v1.0
D0005325,Hurricane Katrina and youth anxiety: The role of perceived attachment beliefs and parenting behaviors,2009,Journal of Anxiety Disorders,cyclone,NARRATIVE_ONLY,cyclone,objective_or_verifiable,longitudinal_with_prebaseline,no,not_extractable,eligible,descriptive_or_predictor_only,high,"Abstract tests attachment/parenting as moderators of pre-to-post Katrina anxiety in 74 exposed youth; it does not report a hurricane effect estimate or uncertainty, only moderation of the pre-post anxiety relation, so this is predictor analysis without a hazard effect.",,none_identified,deepseek-v4-pro,deepseek-v4-pro,a99cd1b1-6cc9-41f1-bc73-3f8b7c2682ad,1572,2569,4141,2026-09-16T17:20:30Z,strict-inc-v1.0
D0005379,Postpartum mental health after Hurricane Katrina: A cohort study,2009,BMC Pregnancy and Childbirth,cyclone,NARRATIVE_ONLY,cyclone,self_report_only,post_event_only,no,reported_with_uncertainty,eligible,self_report_exposure_only,high,"Hurricane exposure is assessed via self-reported experiences (life danger, family injury, property damage), not objective or externally verifiable hazard variation. Outcomes are eligible depression/PTSD, but the exposure measurement alone disqualifies for causal meta-analysis.",,none_identified,deepseek-v4-pro,deepseek-v4-pro,744b3fed-e1d5-405b-abd3-40d53c925c3a,1731,1334,3065,2026-09-16T17:19:39Z,strict-inc-v1.0
D0005405,A Pre-/Post-Disaster Epidemiological Study of Mental Health Functioning in Vietnam's Da Nang Province Following Typhoon Xangsane.,2009,International perspectives in victimology,cyclone,FULLTEXT_REVIEW,cyclone,objective_or_verifiable,longitudinal_with_prebaseline,yes,unclear,eligible,unclear_effect_extractability,medium,"Pre/post typhoon cohort with SRQ-20 mental health caseness qualifies for exposure, outcome, and longitudinal pre-event baseline, but abstract gives only pre/post prevalence (20.7% vs 27.1%) without a hazard-effect estimate or uncertainty. Full text must confirm an extractable quantitative pre-post effect and variance.",Whether pre-post change in SRQ-20 caseness was tested with an effect estimate and uncertainty. | Whether adjusted models isolate typhoon exposure effect on mental health caseness. | Whether the same 798 participants contributed both pre- and post-event SRQ-20 measures.,none_identified,deepseek-v4-pro,deepseek-v4-pro,fce3f77b-0ce0-477e-8a0a-37e2d776ae28,1591,1771,3362,2026-09-16T17:21:06Z,strict-inc-v1.0
D0005406,Locus of control and psychopathology in relation to levels of trauma and loss: Self-reports of Peloponnesian wildfire survivors,2009,Journal of Traumatic Stress,wildfire,NARRATIVE_ONLY,wildfire,objective_or_verifiable,cross_sectional,no,not_extractable,eligible,descriptive_or_predictor_only,high,"Single-wave post-wildfire survey compares disaster-area and non-fire-damaged residents but examines locus-of-control-psychopathology correlations by trauma/loss, not a wildfire effect on mental health; no pre-event baseline or hazard effect estimate.",,none_identified,deepseek-v4-pro,deepseek-v4-pro,2c277ac9-c36f-49f4-9452-bbbd05c105ee,1559,2958,4517,2026-09-16T17:20:05Z,strict-inc-v1.0
D0005538,"PTSD in Vietnamese Americans following Hurricane Katrina: Prevalence, patterns, and predictors",2009,Journal of Traumatic Stress,cyclone|flood,NARRATIVE_ONLY,cyclone,self_report_only,post_event_only,no,not_extractable,eligible,no_pre_event_baseline,high,"One-year post-Katrina assessment of 82 adults; no pre-event PTSD outcome is reported, exposure is retrospective self-report, and analysis is descriptive/predictor only without a credible counterfactual.",,potential_overlap,deepseek-v4-pro,deepseek-v4-pro,ee3040fe-9f80-4aa7-b607-98c9f7f37af0,1550,1611,3161,2026-09-16T17:19:54Z,strict-inc-v1.0
D0005638,Combined effects of Hurricane Katrina and Hurricane Gustav on the mental health of mothers of small children,2011,Journal of Psychiatric and Mental Health Nursing,cyclone,NARRATIVE_ONLY,cyclone,self_report_only,longitudinal_with_prebaseline,no,not_extractable,eligible,self_report_exposure_only,high,"Hurricane exposure was assessed via self-reported questions about injury, danger, and damage, not objective or externally verifiable hazard variation, so a causal hazard effect cannot be extracted despite eligible mental health outcomes and longitudinal measures.",,none_identified,deepseek-v4-pro,deepseek-v4-pro,af6970b8-7725-42cf-91de-62013ad8ee81,1632,1339,2971,2026-09-16T17:20:31Z,strict-inc-v1.0
D0005642,Emergency department patient presentations during the 2009 heatwaves in Adelaide,2010,Collegian,temperature,FULLTEXT_REVIEW,temperature,objective_or_verifiable,time_series,yes,unclear,eligible,unclear_effect_extractability,medium,"Original ED presentation data during heatwave versus non-heatwave periods; mental health is mentioned as affected but no mental-health-specific estimate, uncertainty, or statistical comparison is reported in the abstract. Full text needed to confirm objective heatwave source, outcome categories, and extractable effect.",Confirm mental health ED presentations are reported as a distinct ICD-10 category or outcome. | Confirm heatwave exposure is defined using objective meteorological data and explicit thresholds. | Confirm a quantitative heatwave effect estimate with uncertainty for mental health presentations is reported. | Confirm statistical control for temporal trends or confounders in non-heatwave comparison periods.,none_identified,deepseek-v4-pro,deepseek-v4-pro,3e28a186-7a94-4792-83c2-e926da875d46,1632,2154,3786,2026-09-16T17:20:04Z,strict-inc-v1.0
D0005668,"Resource loss, resource gain, and mental health among survivors of Hurricane Katrina",2010,Journal of Traumatic Stress,cyclone,NARRATIVE_ONLY,cyclone,ineligible,longitudinal_with_prebaseline,no,not_extractable,eligible,descriptive_or_predictor_only,high,"Abstract reports a longitudinal predictor analysis of resource loss/gain and posthurricane psychological distress, not a hazard effect. Disaster exposure is only a covariate and no Hurricane Katrina effect estimate or uncertainty is reported.",,none_identified,deepseek-v4-pro,deepseek-v4-pro,52845380-e67b-48b6-8ef7-a366a366d06a,1547,2641,4188,2026-09-16T17:20:12Z,strict-inc-v1.0
D0005770,After Hurricanes Katrina and Rita: Gender differences in health and religiosity in middle-aged and older adults,2010,Health Care for Women International,cyclone,FULLTEXT_REVIEW,cyclone,objective_or_verifiable,longitudinal_with_prebaseline,yes,unclear,eligible,unclear_effect_extractability,medium,"Abstract reports pre- and post-disaster SF-36 scores after Hurricanes Katrina/Rita, with SF-36 mental health scores measured, but it only describes changes in physical function/bodily pain and gender differences in mental health. No quantitative hurricane effect on mental health with uncertainty is reported, so full text must establish extractable hazard-specific mental-health effect.","Does full text report a quantitative pre-post hurricane effect on SF-36 mental health scores with uncertainty? | Were mental health scores available for the same individuals at both pre- and post-disaster timepoints? | Does analysis estimate the hurricane exposure effect on mental health separately from gender/religiosity associations? | Are effect sizes, standard errors, or confidence intervals for the mental health outcome reported?",none_identified,deepseek-v4-pro,deepseek-v4-pro,dd8c0d83-35e9-4021-8cc9-bbaaec1570a4,1534,1661,3195,2026-09-16T17:20:02Z,strict-inc-v1.0
D0005795,Trends in serious emotional disturbance among youths exposed to Hurricane Katrina,2010,Journal of the American Academy of Child & Adolescent Psychiatry,cyclone,NARRATIVE_ONLY,cyclone,self_report_only,post_event_only,no,not_extractable,eligible,no_pre_event_baseline,high,"Two post-hurricane survey waves only (18-27 months and 12-18 months later) with no pre-event outcome; no unexposed control or objective hazard variation. Analyses use self-reported hurricane-related stressors to predict SED trends, so no credible counterfactual for a hurricane effect.",,none_identified,deepseek-v4-pro,deepseek-v4-pro,1f8dc90a-2c71-468b-9f38-370c8c673146,1761,2116,3877,2026-09-16T17:20:17Z,strict-inc-v1.0
D0005807,Intrusive thoughts and young children's knowledge about thinking following a natural disaster,2010,Journal of Child Psychology and Psychiatry,cyclone,EXCLUDE,cyclone,unclear,cross_sectional,no,not_extractable,ineligible,wrong_outcome,high,"The only measured outcomes are unwanted intrusive thoughts and their content/knowledge about thinking; these are not among eligible mental-health outcomes (depression, anxiety, distress, PTSD, suicide, wellbeing, etc.). No eligible outcome is reported. The design is also a single post-event exposed-vs-control survey without pre-event baseline.",,none_identified,deepseek-v4-pro,deepseek-v4-pro,d08cde21-d241-4b48-b441-5ea26ba44072,1614,2317,3931,2026-09-16T17:20:54Z,strict-inc-v1.0
D0005830,"Children as bellwethers of recovery: Dysfunctional systems and the effects of parents, households, and neighborhoods on serious emotional disturbance in children after Hurricane Katrina",2010,Disaster Medicine and Public Health Preparedness,cyclone,NARRATIVE_ONLY,cyclone,objective_or_verifiable,post_event_only,no,likely_extractable,eligible,no_pre_event_baseline,high,"Cohort began January 2006 after Hurricane Katrina, with no pre-event mental-health outcome; analysis relies on fourth-wave data and an external pre-Katrina cohort comparison, so no credible counterfactual for causal hazard effect.",,none_identified,deepseek-v4-pro,deepseek-v4-pro,da67d3a3-5694-462a-91d8-dd10d3544368,1773,1840,3613,2026-09-16T17:20:58Z,strict-inc-v1.0
D0005849,Hurricane Katrina experience and the risk of post-traumatic stress disorder and depression among pregnant women.,2010,American Journal of Disaster Medicine,cyclone,NARRATIVE_ONLY,cyclone,unclear,post_event_only,no,reported_with_uncertainty,eligible,no_pre_event_baseline,high,"Prospective cohort recruited during or immediately after Hurricane Katrina; compares high versus low hurricane exposure groups with no pre-event mental health baseline, so post-event exposure gradient is not a credible counterfactual. Adjusted ORs are reported but design is unsuitable for causal meta-analysis.",,none_identified,deepseek-v4-pro,deepseek-v4-pro,6a55021f-7282-4cb7-8246-c86da08c4d11,1687,2178,3865,2026-09-16T17:20:28Z,strict-inc-v1.0
D0005869,The influence of several changes in atmospheric states over semi-arid areas on the incidence of mental health disorders,2011,International Journal of Biometeorology,temperature,EXCLUDE,multiple,objective_or_verifiable,descriptive,no,not_extractable,eligible,wrong_exposure,high,"Abstract's main exposure is atmospheric states/desert winds (wind direction/speed), not a registered climate hazard. Temperature and humidity are mentioned only as weak (p<0.1) and no hazard-specific effect is extractable. DSH is eligible but the exposure fails the registered hazard requirement.",,none_identified,deepseek-v4-pro,deepseek-v4-pro,cc59195f-ff45-45e9-80f9-58016cc53c02,1792,2919,4711,2026-09-16T17:20:38Z,strict-inc-v1.0
D0005875,Pre-hurricane perceived social support protects against psychological distress: A longitudinal analysis of low-income mothers,2010,Journal of Consulting and Clinical Psychology,cyclone,NARRATIVE_ONLY,cyclone,self_report_only,longitudinal_with_prebaseline,no,not_extractable,eligible,descriptive_or_predictor_only,high,"The abstract examines pre-disaster perceived social support as a predictor of post-hurricane psychological distress via self-reported hurricane stressors. It does not estimate an objective hurricane exposure effect on distress, so no hazard effect or uncertainty is extractable.",,none_identified,deepseek-v4-pro,deepseek-v4-pro,74a0a197-6a58-44be-be14-017a0546a406,1771,1415,3186,2026-09-16T17:20:23Z,strict-inc-v1.0
D0005954,The impact of Hurricane Katrina on the mental and physical health of low-income parents in New Orleans,2010,American Journal of Orthopsychiatry,cyclone,FULLTEXT_REVIEW,cyclone,unclear,unclear,unclear,likely_extractable,eligible,multiple_issues,medium,"Abstract reports mental health changes among 392 Hurricane Katrina-exposed parents and associations of self-reported loss/stressors, but it does not confirm objective hurricane exposure variation, a pre-Katrina mental health baseline, credible counterfactual, or quantitative hazard effect with uncertainty. Full text needed to establish eligibility.",Verify whether baseline mental health outcomes were measured pre-Katrina rather than only after the hurricane. | Verify whether the hurricane exposure is objectively measured or externally verifiable rather than self-reported loss/stressors only. | Verify whether the design includes within-person temporal exposure variation or another credible counterfactual. | Verify that hazard-specific adjusted effect estimates with uncertainty are reported and extractable. | Verify whether analyses separate the hurricane exposure from self-reported storm-related stressors and loss.,none_identified,deepseek-v4-pro,deepseek-v4-pro,7e965650-fce0-449b-98fc-4ea78a06a5da,1571,4735,6306,2026-09-16T17:25:14Z,strict-inc-v1.0
D0005997,Emotional and biological stress measures in Katrina survivors relocated to Oklahoma.,2010,American journal of disaster medicine,cyclone,NARRATIVE_ONLY,cyclone,objective_or_verifiable,post_event_only,no,not_extractable,eligible,no_pre_event_baseline,high,Postdisaster cross-sectional comparison of relocated Katrina survivors and matched controls 20 months after event. No pre-event outcome or temporal/quasi-experimental counterfactual; exposed/unexposed single post-event comparison unsuitable for causal meta-analysis.,,none_identified,deepseek-v4-pro,deepseek-v4-pro,59224501-f122-4160-9e39-80ff44b5a4e2,1643,1666,3309,2026-09-16T17:20:35Z,strict-inc-v1.0
D0006029,Loss of resources and hurricane experience as predictors of postpartum depression among women in Southern Louisiana,2010,Journal of Women's Health,cyclone|flood,NARRATIVE_ONLY,cyclone,self_report_only,post_event_only,no,unclear,eligible,self_report_exposure_only,high,"Exposure is a self-reported Hurricane Experience Score (witnessing death, flood contact, injury) and self-reported resource loss; no objective or verifiable hazard variation. Postpartum follow-up lacks pre-event outcome, so no credible counterfactual.",,none_identified,deepseek-v4-pro,deepseek-v4-pro,b241e8fd-a010-4909-adc8-462cb3a62cf3,1708,1803,3511,2026-09-16T17:20:42Z,strict-inc-v1.0
D0006255,The burdens of social capital: How socially-involved people dealt with stress after Hurricane Katrina,2012,Social Science Research,cyclone,NARRATIVE_ONLY,cyclone,unclear,post_event_only,no,not_extractable,eligible,descriptive_or_predictor_only,high,"Abstract examines social capital as predictor of stress trajectories after Hurricane Katrina, not a hurricane exposure effect; no hazard exposure variation or hazard-specific estimate mentioned.",,none_identified,deepseek-v4-pro,deepseek-v4-pro,13fcc908-e3be-45f1-b23e-072ed24d9c70,1544,2289,3833,2026-09-16T17:20:52Z,strict-inc-v1.0
D0006301,"Heat and health in Adelaide, South Australia: Assessment of heat thresholds and temperature relationships",2012,Science of the Total Environment,temperature,META_ELIGIBLE,temperature,objective_or_verifiable,time_series,yes,reported_with_uncertainty,eligible,eligible,high,Daily temperature time-series (1993-2009) with objective meteorological exposure; GEE estimates adjusted for ozone/PM10; reports mental-health hospital admission IRR 1.034 (95% CI 1.009-1.059) per 10°C increase in maximum temperature.,,none_identified,deepseek-v4-pro,deepseek-v4-pro,70bee820-af95-4fc6-bf0b-d7f48b3b4286,1815,1812,3627,2026-09-16T17:20:49Z,strict-inc-v1.0
D0006320,Five years later: Recovery from post traumatic stress and psychological distress among low-income mothers affected by Hurricane Katrina,2012,Social Science & Medicine,cyclone,FULLTEXT_REVIEW,cyclone,unclear,longitudinal_with_prebaseline,yes,unclear,eligible,unclear_effect_extractability,medium,"Longitudinal pre/post Hurricane Katrina cohort with pre-hurricane baseline and eligible PTSS/distress outcomes, but abstract lacks numeric effect sizes or uncertainty for hazard effects; full text must confirm extractable adjusted estimates and whether exposure is objective hurricane timing vs self-reported damage/trauma.","Are pre/post changes in PTSS and PD reported as quantitative effect sizes with confidence intervals and adjusted for confounders? | Is the exposure contrast based on objective hurricane timing (before vs after) rather than only self-reported hurricane experiences? | Does the study report an overall effect of Hurricane Katrina on mental-health outcomes, not just predictors of recovery? | Are sample attrition and missing data addressed in effect estimates?",none_identified,deepseek-v4-pro,deepseek-v4-pro,3b6b9a42-4a72-4185-9246-7a97e3805776,1778,4574,6352,2026-09-16T17:25:12Z,strict-inc-v1.0
D0006400,Heat waves and cause-specific mortality at all ages,2011,Epidemiology,temperature,FULLTEXT_REVIEW,temperature,objective_or_verifiable,case_crossover,yes,likely_extractable,eligible,unclear_effect_extractability,medium,"Case-crossover study of objective ambient heat and cause-specific mortality in Catalonia. Suicide is an eligible mental-health outcome and is listed among increased causes, but the abstract reports no suicide-specific effect estimate or uncertainty; total-mortality and infant perinatal estimates only. Full text needed for suicide-specific effect.",Does full text report a heat-suicide effect estimate with confidence interval or standard error? | Is suicide classified as underlying cause of death and how many suicide deaths were included? | Does the case-crossover analysis present suicide-specific lag/exposure estimates?,none_identified,deepseek-v4-pro,deepseek-v4-pro,f88a15d7-59b5-4aec-b48c-d098012a542c,1714,1393,3107,2026-09-16T17:20:47Z,strict-inc-v1.0
D0006473,"Impacts of flood on health: epidemiologic evidence from Hanoi, Vietnam.",2011,Global health action,flood,NARRATIVE_ONLY,flood,objective_or_verifiable,post_event_only,no,not_extractable,eligible,cross_sectional,high,"Cross-sectional post-flood survey of 871 households in heavily vs less affected communes within 1 month after flood; no pre-event baseline or temporal counterfactual, only a post-event affected/unaffected comparison. This design is unsuitable for causal hazard effect estimation.",,none_identified,deepseek-v4-pro,deepseek-v4-pro,276625d4-39cb-4925-8c9e-b0822d7dd033,1710,1393,3103,2026-09-16T17:20:50Z,strict-inc-v1.0
D0006619,Respiratory and mental health effects of wildfires: An ecological study in Galician municipalities (north-west Spain),2011,Environmental Health: A Global Access Science Source,wildfire,FULLTEXT_REVIEW,wildfire,objective_or_verifiable,time_series,yes,likely_extractable,eligible,unclear_effect_extractability,medium,"Wildfire exposure is classified objectively by municipality severity and outcomes include anxiolytic-hypnotic use before/after with time-series models, suggesting a credible design. However, the abstract reports only significance or higher consumption without numeric effect estimates or uncertainty, so quantitative extraction remains unresolved.",Verify objective wildfire exposure metric and no/medium/high classification thresholds. | Confirm numeric adjusted effect estimates and uncertainty for anxiolytic-hypnotic use. | Confirm that aggregate anxiolytic-hypnotic prescriptions qualify as psychiatric service use or mental health outcome. | Check pre-existing trends and statistical control for municipality-month time series confounding.,none_identified,deepseek-v4-pro,deepseek-v4-pro,252d8ec0-abb7-42b4-b196-6b9685d3a9f1,1750,2309,4059,2026-09-16T17:23:03Z,strict-inc-v1.0
D0006742,Psychosocial impact of the summer 2007 floods in England.,2011,BMC public health,flood,NARRATIVE_ONLY,flood,self_report_only,cross_sectional,no,likely_extractable,eligible,cross_sectional,high,"Single-wave population-based surveys after 2007 floods assess prevalence and risk factors using self-reported flood exposure and compare affected vs unaffected individuals post-event, without pre-event baseline or temporal variation.",,none_identified,deepseek-v4-pro,deepseek-v4-pro,24c84236-79f1-44df-82fd-e7e4d2dd83a2,1811,1841,3652,2026-09-16T17:21:03Z,strict-inc-v1.0
D0006771,Recovery from PTSD following Hurricane Katrina,2011,Depression and Anxiety,cyclone,NARRATIVE_ONLY,cyclone,self_report_only,post_event_only,no,not_extractable,eligible,descriptive_or_predictor_only,high,"Two-wave post-hurricane survey of affected residents analyzing PTSD recovery rates and correlates/predictors only; no objective hazard variation effect estimated. No pre-event outcome or unaffected comparison, and exposure predictors are self-reported.",,none_identified,deepseek-v4-pro,deepseek-v4-pro,cf3fae95-677a-4ede-a289-5627a4ce6d97,1720,1817,3537,2026-09-16T17:21:08Z,strict-inc-v1.0
D0006775,"Economics of disaster risk, social vulnerability, and mental health resilience",2011,Risk Analysis,cyclone,FULLTEXT_REVIEW,cyclone,unclear,time_series,unclear,reported_with_uncertainty,eligible,unclear_design,high,"Abstract reports hurricane exposure effects on poor mental health days with negative binomial and monthly time-series, plausibly causal, but does not confirm objective exposure assignment or a pre-event baseline/counterfactual.",Verify whether hurricane exposure is assigned from objective residence/damage data rather than self-report. | Verify the monthly time-series includes pre-hurricane baseline mental-health outcomes and a credible counterfactual. | Verify negative binomial models adjust for confounders and use within-unit temporal exposure variation. | Verify the poor mental health days outcome is a validated mental health measurement. | Verify effect estimates are hurricane-specific and not post-event exposure gradient or affected/unaffected comparisons alone.,none_identified,deepseek-v4-pro,deepseek-v4-pro,7f4f6c14-e60c-49dd-9a5b-cb388c679457,1701,2922,4623,2026-09-16T17:21:59Z,strict-inc-v1.0
D0006924,Examining the relation between the serotonin transporter 5-HTTPLR genotype x trauma exposure interaction on a contemporary phenotypic model of posttraumatic stress symptomatology: A pilot study,2013,Journal of Affective Disorders,cyclone,NARRATIVE_ONLY,cyclone,unclear,cross_sectional,no,not_extractable,eligible,cross_sectional,high,"Single-wave post-event survey of Hurricane Ike-affected adults 2-5 months after disaster; analyses are gene x trauma exposure interactions with no pre-event baseline or unexposed counterfactual, so a hazard effect cannot be estimated.",,unclear,deepseek-v4-pro,deepseek-v4-pro,a8178d29-8dbe-4ff6-977a-248be7270d45,1838,2172,4010,2026-09-16T17:21:51Z,strict-inc-v1.0
D0006976,Relationship between ambient temperature and humidity and visits to mental health emergency departments in Québec,2012,Psychiatric Services,temperature,FULLTEXT_REVIEW,temperature,objective_or_verifiable,time_series,unclear,likely_extractable,eligible,unclear_effect_extractability,medium,"Abstract reports Poisson/GAM time-series of emergency mental-health visits and ambient temperature/humidity, but omits exact IRRs/CIs and adjustment details (e.g., trends, seasonality, day-of-week), so causal effect is not fully extractable from abstract.","Verify temperature/humidity are objective meteorological station data for the three areas. | Confirm models adjust for long-term trends, seasonality, day-of-week, and other time-varying confounders. | Extract exact incidence rate ratios and 95% CIs for mean temperature and humidity by age group. | Confirm 'mental and psychosocial problems' maps to eligible psychiatric service use diagnoses. | Check for quasi-experimental or counterfactual design details beyond simple time-trend association.",none_identified,deepseek-v4-pro,deepseek-v4-pro,650cd7a1-e38c-4412-bdca-16161cee3c87,1608,2840,4448,2026-09-16T17:23:17Z,strict-inc-v1.0
D0007029,Posttraumatic stress disorder and use of psychiatric and alcohol related services: The effect of the 2004–2005 Florida hurricane seasons on veterans,2013,Community Mental Health Journal,cyclone,FULLTEXT_REVIEW,cyclone,objective_or_verifiable,unclear,unclear,reported_with_uncertainty,eligible,unclear_design,medium,"Abstract reports mental health service use changes in hurricane-affected vs non-affected counties, but does not clearly describe pre-hurricane baseline, cohort selection, or adjustment; a before-after difference may exist, but cannot be confirmed from abstract.","Specify whether mental health service use was measured before and after hurricane exposure, with a clear pre-hurricane baseline period. | Define hurricane-affected county classification and whether it is based on objective meteorological or regulatory data. | Report adjusted difference-in-differences or comparable pre-post effect estimates with confidence intervals. | Confirm that veterans with PTSD were not selected based on post-hurricane outcomes and that comparison groups were comparable.",none_identified,deepseek-v4-pro,deepseek-v4-pro,2f740e47-8e4d-4b7a-a365-97690d87ec67,1670,2115,3785,2026-09-16T17:22:30Z,strict-inc-v1.0
D0007053,12-Month generic health status and psychological distress outcomes following an australian natural disaster experience: 2009 Black Saturday Wildfires,2013,Injury,wildfire,NARRATIVE_ONLY,wildfire,objective_or_verifiable,longitudinal_with_prebaseline,no,reported_with_uncertainty,eligible,descriptive_or_predictor_only,high,"Cohort study of 2009 Black Saturday Wildfires burn patients with retrospective pre-injury and repeated post-injury measures. Abstract explicitly aims to describe outcomes; reports pre-post changes and levels of distress but no unexposed comparison or exposure gradient, so no credible counterfactual for a hazard effect.",,none_identified,deepseek-v4-pro,deepseek-v4-pro,45246f5c-690e-4a01-b884-ffb3f744f0f8,1745,5484,7229,2026-09-16T17:25:19Z,strict-inc-v1.0
D0007062,Rate of prescription of antidepressant and anxiolytic drugs after cyclone Yasi in North Queensland,2012,Prehospital and Disaster Medicine,cyclone,FULLTEXT_REVIEW,cyclone,objective_or_verifiable,longitudinal_with_prebaseline,unclear,likely_extractable,eligible,unclear_design,medium,"Abstract reports pre/post comparison of antidepressant/anxiolytic prescription rates after Cyclone Yasi versus same prior-year period, but lacks numerical effect sizes/uncertainty and does not describe adjustment, control series, or multiple time points. Full text needed to confirm credible counterfactual and extractable hazard-specific estimates.",Whether monthly or weekly prescription counts over multiple pre- and post-cyclone periods constitute an interrupted time series with control drugs or control series. | Whether adjusted rate ratios or differences with confidence intervals or p-values for antidepressant and anxiolytic prescriptions are reported. | Whether outcome is classified as psychiatric service use or mental-health treatment and not solely prescribing trend. | Whether pre-existing trends and confounding are addressed beyond control drugs.,none_identified,deepseek-v4-pro,deepseek-v4-pro,32a3bf52-192a-47ea-8025-2c23ba6624c2,1654,2906,4560,2026-09-16T17:22:50Z,strict-inc-v1.0
D0007150,"Suicide and drought in New South Wales, Australia, 1970–2007",2012,PNAS Proceedings of the National Academy of Sciences of the United States of America,drought|temperature,META_ELIGIBLE,drought,objective_or_verifiable,time_series,yes,reported_with_uncertainty,eligible,eligible,high,"Uses a generalized additive model on 1970-2007 suicide data with an established climatic drought index, controlling for season, region, and long-term trends; reports adjusted RR 1.15 (95% CI 1.08-1.22) for rural males, satisfying objective exposure, temporal counterfactual, and extractable effect.",,none_identified,deepseek-v4-pro,deepseek-v4-pro,deb805d5-3962-42b6-827a-44f8103d4b25,1720,1179,2899,2026-09-16T17:21:16Z,strict-inc-v1.0
D0007158,The course of posttraumatic stress symptoms and functional impairment following a disaster: What is the lasting influence of acute versus ongoing traumatic events and stressors?,2013,Social Psychiatry and Psychiatric Epidemiology: The International Journal for Research in Social and Genetic Epidemiology and Mental Health Services,cyclone,NARRATIVE_ONLY,cyclone,self_report_only,post_event_only,no,reported_with_uncertainty,eligible,self_report_exposure_only,high,"Post-event cohort sampled 2-6 months after Hurricane Ike with no pre-event outcome. Hurricane exposure is self-reported traumatic events/stressors (e.g., death, property loss/damage), not objective or externally verified hazard variation. Compares exposure severity among affected respondents, so no credible counterfactual.",,none_identified,deepseek-v4-pro,deepseek-v4-pro,bb82d714-5087-48d6-8e49-ce2473a75949,1803,1717,3520,2026-09-16T17:21:25Z,strict-inc-v1.0
D0007166,Effects of rumination on child and adolescent depressive reactions to a natural disaster: The 2010 Nashville flood,2013,Journal of Abnormal Psychology,flood,NARRATIVE_ONLY,flood,self_report_only,longitudinal_with_prebaseline,unclear,not_extractable,eligible,descriptive_or_predictor_only,high,Abstract reports a pre-post flood longitudinal study but analyzes rumination as predictor/moderator of depressive symptoms; it does not report a quantitative effect of the flood hazard on depression or uncertainty.,,none_identified,deepseek-v4-pro,deepseek-v4-pro,edfa2d87-730a-44f7-b18a-7dd73dc7907c,1608,2499,4107,2026-09-16T17:22:54Z,strict-inc-v1.0
D0007173,The effects of daily weather variables on psychosis admissions to psychiatric hospitals,2013,International Journal of Biometeorology,temperature,FULLTEXT_REVIEW,temperature,objective_or_verifiable,time_series,yes,unclear,eligible,unclear_effect_extractability,medium,"Original quantitative time-series study using objective daily meteorological data, including temperature, and psychiatric hospital admissions for psychosis. The abstract indicates ARIMA/time-series regression but reports only a qualitative conclusion of no clinically significant influence; no hazard-specific effect estimate or uncertainty is given.",Report the temperature-specific effect estimate and confidence interval for psychosis admissions. | Confirm whether the time-series model isolates temperature from other weather variables. | Verify the outcome definition as psychiatric hospital admissions for psychotic disorders. | Check whether seasonality and other meteorological covariates are adjusted for.,none_identified,deepseek-v4-pro,deepseek-v4-pro,5d8c6713-8e30-4a6f-87d6-94270960be9a,1555,2101,3656,2026-09-16T17:21:40Z,strict-inc-v1.0
D0007220,A positive relationship between ambient temperature and bipolar disorder identified using a national cohort of psychiatric inpatients,2013,Social Psychiatry and Psychiatric Epidemiology,temperature,FULLTEXT_REVIEW,temperature,objective_or_verifiable,time_series,unclear,likely_extractable,eligible,unclear_design,medium,"Abstract supports objective daily temperature and psychiatric admissions for bipolar disorder as an eligible service-use outcome, but the GLMM Poisson description lacks explicit controls for trends/seasonality and no numerical RR/CI is provided; credible temporal counterfactual and extractable effect must be verified in full text.","Verify the model adjusts for long-term trends, seasonality, day-of-week, and other time-varying confounders. | Confirm numeric temperature-bipolar admission relative risks are reported with confidence intervals and lag specification. | Confirm temperature exposure is daily township-level mean diurnal temperature linked to daily admission counts. | Confirm bipolar disorder admissions are the psychiatric service use outcome and not only a prevalence estimate.",none_identified,deepseek-v4-pro,deepseek-v4-pro,fdfc88ab-2af7-4b33-a7ee-256e09f9f01d,1608,3338,4946,2026-09-16T17:25:01Z,strict-inc-v1.0
D0007263,What can multiwave studies teach us about disaster research: An analysis of low‐income hurricane Katrina survivors,2012,Journal of Traumatic Stress,cyclone,FULLTEXT_REVIEW,cyclone,unclear,longitudinal_with_prebaseline,yes,unclear,eligible,unclear_exposure_measurement,medium,"Longitudinal 3-wave predisaster/postdisaster study of Hurricane Katrina survivors; psychological distress is eligible, but abstract describes 'traumatic stress exposure' without clarifying whether exposure was objectively measured/verified or self-reported, and reports coefficients without uncertainty, so meta-eligibility cannot be confirmed.",How hurricane/traumatic stress exposure was operationalized and whether it used objective/verifiable geographic or damage data versus self-report. | Whether effect estimates include standard errors/confidence intervals and sample size for HLM models. | Timing of predisaster baseline relative to Katrina and retention/attrition across 3 waves. | Whether the main exposure contrast is quantitative variation in hurricane severity or binary exposed/unexposed over time. | Whether predisaster psychological distress was measured identically across waves.,none_identified,deepseek-v4-pro,deepseek-v4-pro,cf0befe2-f3dd-40f3-bdc1-01071a66f100,1657,1941,3598,2026-09-16T17:22:01Z,strict-inc-v1.0
D0007475,Emotional stress and heart rate variability measures associated with cardiovascular risk in relocated Katrina survivors,2012,Psychosomatic Medicine,cyclone,NARRATIVE_ONLY,cyclone,objective_or_verifiable,cross_sectional,no,not_extractable,eligible,no_pre_event_baseline,high,"Post-event cross-sectional comparison of 34 relocated Katrina survivors and 34 matched controls with no pre-exposure mental-health measures, so it lacks a within-unit temporal counterfactual. Reports group differences in symptoms/HRV rather than a credible hazard effect for causal meta-analysis.",,none_identified,deepseek-v4-pro,deepseek-v4-pro,737215d9-35de-456d-ae25-af340f6e2ddb,1878,1485,3363,2026-09-16T17:22:01Z,strict-inc-v1.0
D0007529,Physical and mental health consequences of Katrina on Vietnamese immigrants in New Orleans: A pre- and post-disaster assessment,2012,Journal of Immigrant and Minority Health,cyclone,FULLTEXT_REVIEW,cyclone,objective_or_verifiable,longitudinal_with_prebaseline,unclear,unclear,eligible,unclear_effect_extractability,medium,"Pre/post cohort of New Orleans Vietnamese immigrants before and after Hurricane Katrina, with SF-36 mental health outcomes. Abstract reports statistically significant declines but no quantitative effect sizes or uncertainty, so full text is needed to confirm extractable hazard effects.",Report numeric effect estimates and confidence intervals for hurricane-related mental health changes at first and second anniversaries. | Confirm whether SF-36 mental health component summary/subscales are analyzed as continuous outcomes with adjusted models. | Establish whether pre-Katrina measures constitute true pre-exposure baseline and how confounding or time trends are addressed. | Verify sample retention and handling of missing data for the pre/post cohort.,none_identified,deepseek-v4-pro,deepseek-v4-pro,ece48557-ff1e-4835-9822-f55f1a4b82ef,1668,2679,4347,2026-09-16T17:22:21Z,strict-inc-v1.0
D0007532,A prospective study of religiousness and psychological distress among female survivors of Hurricanes Katrina and Rita,2012,American Journal of Community Psychology,cyclone,EXCLUDE,cyclone,ineligible,longitudinal_with_prebaseline,no,not_extractable,eligible,wrong_exposure,high,"Primary exposure is pre-disaster religiousness, not the hurricane hazard; hurricane exposure is only a covariate and no hazard effect estimate is reported.",,none_identified,deepseek-v4-pro,deepseek-v4-pro,04624a3e-9f76-4af3-b450-b02d8a3d77b8,1576,1641,3217,2026-09-16T17:22:10Z,strict-inc-v1.0
D0007551,"Posttraumatic stress disorder, depression, and alcohol and tobacco use in public health workers after the 2004 Florida hurricanes",2013,Disaster Medicine and Public Health Preparedness,cyclone,NARRATIVE_ONLY,cyclone,self_report_only,cross_sectional,no,not_extractable,eligible,self_report_exposure_only,high,"Post-event cross-sectional survey of Florida DOH workers; hurricane exposure and mental health outcomes were self-reported via questionnaires, with no pre-event baseline or credible counterfactual, so ORs are not causal hazard effects.",,none_identified,deepseek-v4-pro,deepseek-v4-pro,3b10dcc2-9072-4564-87eb-fa59e8a86650,1759,1460,3219,2026-09-16T17:22:15Z,strict-inc-v1.0
D0007594,Immediate and longer‐term stressors and the mental health of Hurricane Ike survivors,2013,Journal of Traumatic Stress,cyclone,NARRATIVE_ONLY,cyclone,self_report_only,post_event_only,no,not_extractable,eligible,descriptive_or_predictor_only,high,"Study follows Hurricane Ike survivors at three postdisaster waves and uses path analysis of self-reported immediate/longer-term stressors predicting PTSD/depressive symptoms; no objective hazard exposure variation and no pre-event baseline, so no hazard effect is estimated.",,none_identified,deepseek-v4-pro,deepseek-v4-pro,acd48661-acdd-4a34-af0b-3db758aaa9d8,1682,1655,3337,2026-09-16T17:22:20Z,strict-inc-v1.0
D0007608,"Acute impacts of extreme temperature exposure on emergency room admissions related to mental and behavior disorders in Toronto, Canada",2014,Journal of Affective Disorders,temperature,META_ELIGIBLE,temperature,objective_or_verifiable,time_series,yes,reported_with_uncertainty,eligible,eligible,high,"Time-series study using Toronto climatic data 2002-2010 and Poisson DLNM to estimate RRs for mental/behavioral disorder ER visits by daily temperature percentiles. Reports adjusted RR 1.29 (95% CI 1.09-1.53) for high temperature, satisfying causal counterfactual, objective exposure, eligible psychiatric service use outcome, and extractable effect.",,none_identified,deepseek-v4-pro,deepseek-v4-pro,7db006b3-f53c-4640-9cf5-8bde77961a0b,1738,548,2286,2026-09-16T17:22:07Z,strict-inc-v1.0
D0007664,Assessment of the health impacts of the 2011 summer floods in Brisbane.,2013,Disaster medicine and public health preparedness,flood,NARRATIVE_ONLY,flood,self_report_only,cross_sectional,no,reported_with_uncertainty,eligible,cross_sectional,high,"Single-wave post-flood community survey comparing directly flood-affected vs unaffected households; no pre-event baseline or temporal counterfactual. Adjusted ORs reported but design is cross-sectional affected/unaffected comparison, not a credible causal design.",,none_identified,deepseek-v4-pro,deepseek-v4-pro,b63aa7c3-2277-43f4-b0f9-ad698c7fa5f0,1674,1907,3581,2026-09-16T17:22:27Z,strict-inc-v1.0
D0007676,Resilience and trajectories of posttraumatic stress among youth exposed to disaster,2014,Journal of Child and Adolescent Psychopharmacology,cyclone,NARRATIVE_ONLY,cyclone,unclear,longitudinal_with_prebaseline,unclear,not_extractable,eligible,descriptive_or_predictor_only,high,"Abstract reports longitudinal PTS symptom trajectories and resilience among youth exposed to Hurricanes Katrina and Gustav, with no hazard-effect estimate or uncertainty; analyses are descriptive trajectory/predictor analysis rather than causal hazard effect.",,unclear,deepseek-v4-pro,deepseek-v4-pro,6b1851cd-c734-4fc3-a219-626b5764f216,1655,2368,4023,2026-09-16T17:23:14Z,strict-inc-v1.0
D0007700,Interaction between genetic variants and exposure to Hurricane Katrina on post-traumatic stress and post-traumatic growth: A prospective analysis of low income adults,2014,Journal of Affective Disorders,cyclone,FULLTEXT_REVIEW,cyclone,unclear,longitudinal_with_prebaseline,unclear,unclear,eligible,unclear_effect_extractability,medium,"Prospective pre/post Hurricane Katrina study with PTS outcome, but abstract reports gene-environment interaction p-values rather than a quantitative hurricane exposure effect; exposure measurement and counterfactual are not described.","Verify Hurricane Katrina exposure is measured objectively or externally verifiable (e.g., administrative or objective severity) rather than self-report alone. | Confirm pre-hurricane baseline measures of PTS/PTG or equivalent mental health outcomes exist for all participants. | Determine whether the analysis reports main effects of hurricane exposure on PTS/PTG with effect sizes and uncertainty, not only GxE interaction terms. | Check whether PTG is treated as an eligible mental health or subjective wellbeing outcome or whether only PTS should be extracted. | Inspect model adjustment and temporal ordering to establish credible counterfactual for hurricane exposure within the prospective design.",none_identified,deepseek-v4-pro,deepseek-v4-pro,48f73203-f60b-46be-9f17-e560b7a8c9e3,1843,2419,4262,2026-09-16T17:24:50Z,strict-inc-v1.0
D0007876,"Trajectories of psychological distress among low‐income, female survivors of Hurricane Katrina",2013,American Journal of Orthopsychiatry,cyclone,NARRATIVE_ONLY,cyclone,unclear,descriptive,no,not_extractable,eligible,descriptive_or_predictor_only,high,"The abstract uses Latent Class Growth Analysis to identify trajectories of psychological distress before and after Hurricane Katrina and examines predictors of trajectory membership. No hazard effect estimate or uncertainty is reported, making this descriptive trajectory/predictor analysis without a hazard effect.",,none_identified,deepseek-v4-pro,deepseek-v4-pro,8579d363-794b-41c7-bf60-74956ebdb113,1597,2702,4299,2026-09-16T17:23:23Z,strict-inc-v1.0
D0007924,"Increase in psychotropic drug deliveries after the Xynthia storm, France, 2010.",2013,Prehospital and disaster medicine,flood,META_ELIGIBLE,flood,objective_or_verifiable,time_series,yes,reported_with_uncertainty,eligible,eligible,high,"Uses daily administrative psychotropic treatment counts 2008-2010 as interrupted time-series before/after Xynthia flood; GAM Poisson yields RR 1.54 (95% CI 1.39-1.62), an extractable hazard-specific effect.",,none_identified,deepseek-v4-pro,deepseek-v4-pro,634cbccd-c69f-4bcf-954d-0c734c73346b,1917,2330,4247,2026-09-16T17:23:24Z,strict-inc-v1.0
D0007926,Effects of water-damaged homes after flooding: Health status of the residents and the environmental risk factors,2014,International Journal of Environmental Health Research,flood,NARRATIVE_ONLY,flood,unclear,post_event_only,no,not_extractable,eligible,no_pre_event_baseline,high,"Abstract reports a post-flood questionnaire comparing flooded vs non-flooded homes; psychological disorder and PTSD incidence measured only after flooding, with no pre-event baseline or credible counterfactual. No quantitative hazard effect or uncertainty reported.",,none_identified,deepseek-v4-pro,deepseek-v4-pro,60513a43-c506-4a42-a335-51e8266220c6,1580,1774,3354,2026-09-16T17:22:46Z,strict-inc-v1.0
D0007946,Characteristics of individuals meeting criteria for new onset panic attacks following exposure to a typhoon,2013,Psychiatry Research,cyclone,NARRATIVE_ONLY,cyclone,self_report_only,longitudinal_with_prebaseline,no,not_extractable,eligible,descriptive_or_predictor_only,high,"Pre/post typhoon cohort reports 2.8% new-onset panic attacks and their correlates (PTSD/MDD, self-reported typhoon exposure), but no hazard effect or uncertainty; it compares panic groups rather than estimating a typhoon effect.",,none_identified,deepseek-v4-pro,deepseek-v4-pro,2b1ddfdb-261d-4e54-9eb7-0ce312b8d4a5,1694,2447,4141,2026-09-16T17:24:49Z,strict-inc-v1.0
D0007948,Does diurnal temperature range influence seasonal suicide mortality? Assessment of daily data of the Helsinki metropolitan area from 1973 to 2010,2014,International journal of biometeorology,temperature,FULLTEXT_REVIEW,temperature,objective_or_verifiable,time_series,unclear,unclear,eligible,unclear_effect_extractability,medium,"Time-series of daily DTR and suicides in Helsinki, objective temperature, eligible suicide outcome; abstract reports only significant P<0.01 correlation with no effect size/CI or adjustment details, so quantitative hazard effect cannot be extracted from abstract.","Report quantitative DTR-suicide effect estimate with CI or SE, not only P<0.01. | Describe time-series model specification, seasonal adjustment, and confounder control. | Confirm temporal ordering of DTR and suicide and whether daily or seasonal aggregates are used. | Provide sex-specific estimates and confirm null female association.",none_identified,deepseek-v4-pro,deepseek-v4-pro,e3efb1ec-20fa-4512-bb55-0ea0a634181c,1684,1753,3437,2026-09-16T17:22:52Z,strict-inc-v1.0
D0007970,Posttraumatic stress and posttraumatic growth among low-income mothers who survived Hurricane Katrina,2013,Journal of Consulting and Clinical Psychology,cyclone,NARRATIVE_ONLY,cyclone,self_report_only,longitudinal_with_prebaseline,no,not_extractable,eligible,self_report_exposure_only,high,"All participants were Hurricane Katrina survivors; analyses predict PTS/PTG from self-reported hurricane-related stressors and psychological resources, not from objective hazard variation. No credible counterfactual or extractable hazard effect is reported.",,none_identified,deepseek-v4-pro,deepseek-v4-pro,99aa0b1a-188d-4d34-9354-79d08e5231f8,1722,2627,4349,2026-09-16T17:23:07Z,strict-inc-v1.0
D0008000,A prospective study of the impact of floods on the mental and physical health of older adults,2013,Aging & Mental Health,flood,NARRATIVE_ONLY,flood,self_report_only,longitudinal_with_prebaseline,yes,likely_extractable,eligible,self_report_exposure_only,high,"Prospective pre-post flood study with eligible mental-health outcomes, but flood exposure was based on participant questionnaires on flood experience; no objective or externally verifiable hazard data are described, so self-reported exposure only precludes meta-eligibility.",,none_identified,deepseek-v4-pro,deepseek-v4-pro,477eeb29-6b48-4e4d-8bc5-f181727760e7,1729,1919,3648,2026-09-16T17:23:07Z,strict-inc-v1.0
D0008059,The impact of recurrent disasters on mental health: A study on seasonal floods in Northern India,2013,Prehospital and Disaster Medicine,flood,NARRATIVE_ONLY,flood,unclear,cross_sectional,no,not_extractable,eligible,cross_sectional,high,"Abstract compares 318 flood-affected and 308 unaffected respondents after recurrent floods using HSCL-25 and SF-12; single-wave post-event comparison without pre-event baseline or temporal/quasi-experimental counterfactual, so not eligible for causal meta-analysis.",,none_identified,deepseek-v4-pro,deepseek-v4-pro,27563892-1f7b-4fd5-aa87-b4a37334e248,1716,2185,3901,2026-09-16T17:23:13Z,strict-inc-v1.0
D0008130,"Religious coping, posttraumatic stress, psychological distress, and posttraumatic growth among female survivors four years after Hurricane Katrina",2013,Journal of Traumatic Stress,cyclone,NARRATIVE_ONLY,cyclone,objective_or_verifiable,longitudinal_with_prebaseline,no,not_extractable,eligible,descriptive_or_predictor_only,high,"Abstract reports associations of religious coping with PTS/distress/PTG among Katrina survivors, not an effect of hurricane exposure on mental health. No hazard effect or uncertainty is extractable; predictor/coping analysis only.",,none_identified,deepseek-v4-pro,deepseek-v4-pro,3d8368cb-09c5-4484-b8da-fc28744f3392,1594,2495,4089,2026-09-16T17:23:20Z,strict-inc-v1.0
D0008155,Pretyphoon panic attack history moderates the relationship between degree of typhoon exposure and posttyphoon PTSD and depression in a Vietnamese sample,2013,Depression and Anxiety,cyclone,FULLTEXT_REVIEW,cyclone,unclear,longitudinal_with_prebaseline,unclear,likely_extractable,eligible,unclear_exposure_measurement,medium,"Abstract shows a pre-post longitudinal cohort interrupted by Typhoon Xangsane, with pretyphoon mental health screening and posttyphoon PTSD/MDD/GAD diagnoses. However, typhoon exposure severity measurement is not described as objective or externally verifiable, and no numeric adjusted effect or uncertainty is given. Full text must confirm objective exposure, baseline-controlled estimation, and extractable adjusted estimates.","Confirm typhoon exposure severity was measured objectively or externally verifiably, not by self-report alone. | Verify pretyphoon measures include comparable baseline mental health outcomes or sufficient screening for baseline-controlled estimation. | Confirm reporting of adjusted ORs and CIs/SEs for typhoon exposure effects on PTSD and MDD. | Clarify whether exposure severity varied within the cohort and whether any unexposed or lower-exposure comparison group exists.",none_identified,deepseek-v4-pro,deepseek-v4-pro,a5cf7779-3d50-47a3-a7f4-de0877033775,1750,2971,4721,2026-09-16T17:23:29Z,strict-inc-v1.0
D0008170,Predicting mothers' reports of children's mental health three years after Hurricane Katrina,2013,Journal of Applied Developmental Psychology,cyclone,NARRATIVE_ONLY,cyclone,self_report_only,post_event_only,no,not_extractable,eligible,multiple_issues,high,"Hurricane-related stressors are self-reported and not an objective hazard metric; child mental health was measured only at Time 3 with no pre-event child baseline, so no credible counterfactual or extractable hazard effect.",,none_identified,deepseek-v4-pro,deepseek-v4-pro,eaa764fa-746f-4da2-9a31-0abd1ae26ecf,1602,3726,5328,2026-09-16T17:25:03Z,strict-inc-v1.0
D0008204,"Cause-Specific Hospital Admissions on Hot Days in Sydney, Australia",2013,PLoS ONE,temperature,FULLTEXT_REVIEW,temperature,objective_or_verifiable,case_crossover,yes,likely_extractable,eligible,unclear_effect_extractability,high,"Time-stratified case-crossover with objectively measured hot days and mental disease hospital admissions meets design, exposure, and outcome criteria; however the abstract reports calculated odds ratios and significance but gives no exact hazard-specific ORs or uncertainty, so full text is needed to confirm extractable quantitative effects.",Verify exact odds ratios and 95% confidence intervals for mental disease hospital admissions and psychoses subcategory on hot days are reported. | Confirm temperature exposure source and hot-day definition based on objectively measured station data.,none_identified,deepseek-v4-pro,deepseek-v4-pro,d348d0b2-381c-427e-b5a7-57c5d0e8f0b0,1758,3291,5049,2026-09-16T17:24:58Z,strict-inc-v1.0
D0008265,Trajectories of posttraumatic stress symptomatology in older persons affected by a large-magnitude disaster,2013,Journal of Psychiatric Research,cyclone,NARRATIVE_ONLY,cyclone,unclear,post_event_only,no,not_extractable,eligible,no_pre_event_baseline,high,"Exposed-only post-disaster cohort interviewed 3, 6, and 15 months after Hurricane Ike; no pre-event PTSD measure. Associations are between exposure severity gradient and latent PTSD trajectory class, not a hazard effect with a credible counterfactual.",,none_identified,deepseek-v4-pro,deepseek-v4-pro,a769730f-ca7d-4e61-9545-328dfcce83d1,1745,1619,3364,2026-09-16T17:23:25Z,strict-inc-v1.0
D0008428,Association of weekly suicide rates with temperature anomalies in two different climate types.,2014,International journal of environmental research and public health,temperature,FULLTEXT_REVIEW,temperature,objective_or_verifiable,time_series,yes,likely_extractable,eligible,unclear_effect_extractability,medium,"Abstract supports objective temperature anomaly exposure, suicide outcome, and time-series DLNM design with within-city temporal variation, but does not report a quantitative effect estimate with uncertainty. Full text needed to confirm extractable adjusted association.","Reported quantitative association between temperature anomaly and suicide with effect estimate and confidence interval | DLNM model specification and adjustment for seasonality, long-term trends, and other confounders | Whether high-end suicide totals probabilities are translated into extractable relative risk or odds",none_identified,deepseek-v4-pro,deepseek-v4-pro,e803d3a7-815f-422a-9ace-d302d4324724,1610,1017,2627,2026-09-16T17:23:25Z,strict-inc-v1.0
D0008462,The impact of drought on the association between food security and mental health in a nationally representative Australian sample.,2014,BMC public health,drought,FULLTEXT_REVIEW,drought,objective_or_verifiable,unclear,unclear,unclear,eligible,unclear_effect_extractability,medium,"Abstract uses objective rainfall-based drought and psychological distress, but reports only descriptive category comparisons and no quantitative drought-effect estimate with uncertainty; design/counterfactual also unresolved.","Verify whether full text reports an adjusted quantitative drought effect on mental health with confidence intervals or standard errors. | Confirm whether analysis uses within-person temporal variation, such as panel fixed effects, rather than pooled cross-sectional associations. | Check whether drought exposure is linked to individual outcomes by location and time using objective rainfall data. | Confirm the psychological distress measure is a validated instrument and not only distress mentioned descriptively. | Determine whether a drought main effect on distress is extractable separately from food insecurity interaction/moderation.",none_identified,deepseek-v4-pro,deepseek-v4-pro,21273f73-6174-4810-a262-4a585d86ad79,1614,1805,3419,2026-09-16T17:24:44Z,strict-inc-v1.0
D0008537,Partner support and maternal depression in the context of the Iowa floods,2014,Journal of Family Psychology,flood,NARRATIVE_ONLY,flood,self_report_only,post_event_only,no,not_extractable,eligible,self_report_exposure_only,high,"Uses questionnaire-based maternal flood stress during pregnancy, a self-reported exposure, and tests partner support stress-buffering interactions on depression trajectories rather than estimating an objective flood hazard effect with a credible counterfactual.",,none_identified,deepseek-v4-pro,deepseek-v4-pro,fd0cbe0f-56a4-4054-85e2-6f696a48aae9,1631,2442,4073,2026-09-16T17:24:51Z,strict-inc-v1.0
D0008704,Family and peer social support and their links to psychological distress among hurricane-exposed minority youth,2014,American Journal of Orthopsychiatry,cyclone,NARRATIVE_ONLY,cyclone,unclear,post_event_only,no,not_extractable,eligible,no_pre_event_baseline,high,"Abstract reports hurricane-exposed youth assessed at a single time (N=1,098) and followed for 6 months, with no pre-event baseline or unexposed comparator; analyses describe support/distress associations, not a causal hazard effect.",,none_identified,deepseek-v4-pro,deepseek-v4-pro,485340d0-4902-46b0-b5ae-34f8b03477fb,1640,3041,4681,2026-09-16T17:24:56Z,strict-inc-v1.0
D0008786,The impact of housing displacement on the mental health of low-income parents after Hurricane Katrina,2014,Social Science & Medicine,cyclone,NARRATIVE_ONLY,cyclone,ineligible,longitudinal_with_prebaseline,no,not_extractable,eligible,no_hazard_variation,high,"Study follows Hurricane Katrina survivors only; exposure is postdisaster housing displacement profiles (returned/relocated/unstably housed), not variation in the cyclone hazard. No unexposed or hazard-intensity comparison, so no credible hazard effect for meta-analysis.",,none_identified,deepseek-v4-pro,deepseek-v4-pro,4828eeb2-7041-4b76-b45f-71298ce579eb,1695,3323,5018,2026-09-16T17:24:58Z,strict-inc-v1.0
D0008796,Psychological outcomes following the Victorian Black Saturday bushfires,2014,Australian and New Zealand Journal of Psychiatry,wildfire,NARRATIVE_ONLY,wildfire,objective_or_verifiable,post_event_only,no,reported_with_uncertainty,eligible,no_pre_event_baseline,high,"Baseline assessment 3-4 years after Black Saturday; compares high/medium/low affected communities without pre-bushfire mental health measures. Reports prevalence and predictors, not a hazard effect with credible counterfactual.",,none_identified,deepseek-v4-pro,deepseek-v4-pro,94c03cde-0d45-4f32-afe5-8b1a305c4021,1942,1885,3827,2026-09-16T17:24:44Z,strict-inc-v1.0
D0008827,"Local daily temperatures, thermal seasons, and suicide rates in Finland from 1974 to 2010",2014,Environmental Health and Preventive Medicine,temperature,FULLTEXT_REVIEW,temperature,objective_or_verifiable,time_series,unclear,unclear,eligible,unclear_effect_extractability,high,"Time-series Poisson regression of suicide rates on local temperature (1974-2010) is an eligible design and outcome, but abstract reports only directional association for men, with no coefficient or uncertainty; full text must confirm adjusted effect and model adjustment.","Full text reports an adjusted quantitative estimate (e.g., rate ratio/coefficient) and uncertainty for local temperature-suicide association. | Model specification includes Poisson regression with time-series structure and adjusts for seasonal and long-term trends. | Exposure uses objective local daily temperature rather than self-report. | Suicide outcome data source and temporal resolution (daily/monthly) are documented. | Multiple testing across six models and sex/area subgroups is addressed; primary analysis prespecified.",none_identified,deepseek-v4-pro,deepseek-v4-pro,636ea591-f2f4-413e-ac4d-1f7809f377f8,1603,3722,5325,2026-09-16T17:25:23Z,strict-inc-v1.0
D0008855,Drought as a mental health exposure,2014,Environmental Research,drought,NARRATIVE_ONLY,drought,objective_or_verifiable,cross_sectional,no,reported_with_uncertainty,eligible,cross_sectional,high,"Single 2007-2008 HILDA survey wave outcome linked to historical rainfall; analysis is a cross-sectional association between drought-dryness patterns and distress, with no pre-exposure baseline or credible temporal counterfactual, so it does not meet causal meta-analysis criteria.",,none_identified,deepseek-v4-pro,deepseek-v4-pro,06cdbf4c-a595-4d73-9259-563d3d1c1851,1621,1288,2909,2026-09-16T17:24:58Z,strict-inc-v1.0
D0008906,"The relationship between meteorological conditions and homicide, suicide, rage, and psychiatric hospitalization",2014,Journal of Forensic Sciences,temperature,NARRATIVE_ONLY,temperature,objective_or_verifiable,descriptive,no,not_extractable,eligible,descriptive_or_predictor_only,high,"Daily meteorological data and psychiatric hospitalization are relevant, but the abstract reports only Pearson correlations and ANOVA p-values over one year, with no adjusted time-series model, effect size, or credible counterfactual; this is a descriptive/predictor analysis unsuitable for causal meta-analysis.",,none_identified,deepseek-v4-pro,deepseek-v4-pro,1f23c7ac-fc6c-4a0b-a589-08fa28805fd2,1591,4039,5630,2026-09-16T17:25:33Z,strict-inc-v1.0
D0008939,Daily weather variables and affective disorder admissions to psychiatric hospitals.,2014,International journal of biometeorology,temperature,FULLTEXT_REVIEW,multiple,objective_or_verifiable,time_series,yes,unclear,eligible,unclear_effect_extractability,medium,"Time-series analysis of objective daily weather variables on psychiatric admissions is plausibly eligible, but the abstract reports no quantitative temperature-specific effect or uncertainty. Full text must confirm extractable estimates and temperature-specific results.","Report temperature-specific effect estimates with confidence intervals or standard errors. | Confirm temperature is isolated from other meteorological variables in models. | Confirm ARIMA/time-series models adjust for seasonality, trend, and autocorrelation. | Confirm admissions for mania/depression are treated as psychiatric service use outcomes.",none_identified,deepseek-v4-pro,deepseek-v4-pro,7f6b1cd3-a6c6-4562-8534-f0dfcb6ee359,1585,2376,3961,2026-09-16T17:25:16Z,strict-inc-v1.0
D0008989,Using the SRQ–20 factor structure to examine changes in mental distress following typhoon exposure,2014,Psychological Assessment,cyclone,FULLTEXT_REVIEW,cyclone,unclear,longitudinal_with_prebaseline,unclear,likely_extractable,eligible,unclear_effect_extractability,medium,"Pre/post typhoon longitudinal sample with SRQ-20 distress; abstract reports latent change and exposure predictors but no numeric effect or uncertainty, and severity exposure measurement is not specified. Full text needed to confirm objective exposure, quantitative adjusted effect, and credible counterfactual.","Verify typhoon exposure/severity variables are objectively measured or externally verifiable, not solely self-reported (e.g., evacuation, injury, fear). | Confirm a quantitative effect estimate and uncertainty for typhoon exposure on SRQ-20 distress change is reported. | Determine whether pre-typhoon baseline is truly pre-exposure and timely before Typhoon Xangsane. | Assess whether design includes a credible counterfactual beyond pre/post change (e.g., controls, time trends, or exposure gradient with baseline).",none_identified,deepseek-v4-pro,deepseek-v4-pro,a2c2da34-d407-405c-9f94-f5978a120cda,1716,3891,5607,2026-09-16T17:25:32Z,strict-inc-v1.0
D0009100,Study Design and Results of a Population-Based Study on Perceived Stress Following Hurricane Sandy.,2016,Disaster medicine and public health preparedness,cyclone,NARRATIVE_ONLY,cyclone,self_report_only,cross_sectional,no,not_extractable,eligible,multiple_issues,high,"Single-wave post-hurricane survey of 601 volunteers; stress assessed only after Sandy; exposure measured by self-reported 35-item hurricane exposure checklist; no pre-event baseline, objective hazard variation, or credible counterfactual; regression reports cross-sectional association only.",,none_identified,deepseek-v4-pro,deepseek-v4-pro,a7bedf7b-b144-4ab4-8f07-8ca4b5b1d5e4,1671,1131,2802,2026-09-16T17:25:09Z,strict-inc-v1.0
D0009157,Physically equivalent temperature and mental and behavioural disorders in Germany in 2009-2011,2016,Journal of Mental Health,temperature,FULLTEXT_REVIEW,temperature,objective_or_verifiable,time_series,unclear,unclear,eligible,unclear_effect_extractability,medium,"Ecological time-series using daily weather-station PET and psychiatric hospital admissions, with an eligible psychiatric service-use outcome. Abstract describes admissions peaks across PET levels but reports no quantitative effect estimate or uncertainty, and does not state adjustment for temporal confounders, so effect extractability and counterfactual remain unclear.","Verify whether regression adjusts for long-term trend, seasonality, day of week, and other confounders to support a causal counterfactual. | Check whether full text reports PET-specific quantitative effect estimates with confidence intervals for mental disorder admissions. | Confirm exposure is daily station-based PET linked by date/location, not cross-sectional or self-reported. | Confirm outcome classification restricts to eligible psychiatric service use and not all-cause admissions.",none_identified,deepseek-v4-pro,deepseek-v4-pro,3a0acbe2-a11e-4d31-a1be-eea86e88ef50,1720,2050,3770,2026-09-16T17:25:22Z,strict-inc-v1.0
D0009177,Personality diatheses and Hurricane Sandy: Effects on post-disaster depression,2016,Psychological Medicine,cyclone,NARRATIVE_ONLY,cyclone,self_report_only,cross_sectional,no,not_extractable,eligible,self_report_exposure_only,high,"Exposure is measured by a post-event self-report 'hurricane stress exposure questionnaire', not objective or externally verifiable hazard variation. Current depressive symptoms were assessed only ~8 weeks after the hurricane; no pre-event current symptom baseline. The reported effect is a personality-moderated stress-symptom association, not an extractable causal hazard effect.",,none_identified,deepseek-v4-pro,deepseek-v4-pro,2bbc7128-8f40-4333-b1fc-fbbe5a814ea6,1664,2087,3751,2026-09-16T17:25:21Z,strict-inc-v1.0
D0009198,Peritraumatic distress mediates the effect of severity of disaster exposure on perinatal depression: The Iowa Flood Study,2015,Journal of Traumatic Stress,flood,FULLTEXT_REVIEW,flood,objective_or_verifiable,unclear,unclear,unclear,eligible,unclear_design,medium,"Abstract reports objectively assessed prenatal flood exposure and longitudinal depression/well-being, but only zero-order correlations and mediation; it does not describe a pre-event baseline, credible counterfactual, adjusted effect, or uncertainty. These facts must be verified in full text.","Whether a pre-flood baseline depression/well-being measure was collected for all participants | Whether analyses adjusted for confounding and reported flood-specific adjusted effect with uncertainty (e.g., beta, 95% CI) | Whether exposure severity coding was objective, temporally preceded outcomes, and varied across participants | Whether the design includes a control/comparison group or within-person pre-post flood contrast",none_identified,deepseek-v4-pro,deepseek-v4-pro,006db55d-f9c8-44f5-b64d-374c8cbbee43,1606,4327,5933,2026-09-16T17:25:45Z,strict-inc-v1.0
D0009243,Neural reactivity to emotional stimuli prospectively predicts the impact of a natural disaster on psychiatric symptoms in children,2016,Biological Psychiatry,cyclone,NARRATIVE_ONLY,cyclone,self_report_only,longitudinal_with_prebaseline,no,not_extractable,eligible,self_report_exposure_only,high,"Maternal report of hurricane-related stress is self-reported exposure; no objective or externally verifiable hazard variation, so the hurricane effect on symptoms is not estimable for causal meta-analysis.",,none_identified,deepseek-v4-pro,deepseek-v4-pro,c0c5e2b6-e025-4d5a-a733-43c069496f9b,1720,2514,4234,2026-09-16T17:25:26Z,strict-inc-v1.0
D0009586,Lack of association between drought and mental health in a cohort of 45-61 year old rural Australian women,2015,Australian and New Zealand Journal of Public Health,drought,FULLTEXT_REVIEW,drought,objective_or_verifiable,longitudinal_with_prebaseline,yes,likely_extractable,eligible,unclear_effect_extractability,medium,"Longitudinal cohort with repeated surveys and an objective drought index provides a credible temporal counterfactual and an eligible mental-health outcome, but the abstract reports no point estimate or uncertainty, so effect extractability must be verified in full text.",Verify the linear mixed-model reports an adjusted drought-MHI effect size and uncertainty. | Confirm the MHI outcome maps to psychological distress or another eligible mental-health outcome. | Check that drought exposure was modelled as time-varying within individuals using repeated measures.,none_identified,deepseek-v4-pro,deepseek-v4-pro,4bee166d-6212-4e0a-a572-c0d1c6816516,1661,2727,4388,2026-09-16T17:25:31Z,strict-inc-v1.0
D0009603,Happily ever after? Pre-and-post disaster determinants of happiness among survivors of Hurricane Katrina,2015,Journal of Happiness Studies: An Interdisciplinary Forum on Subjective Well-Being,cyclone,FULLTEXT_REVIEW,cyclone,unclear,longitudinal_with_prebaseline,yes,unclear,eligible,unclear_effect_extractability,medium,"Eligible outcome (happiness) and longitudinal pre/post design with pre-disaster baseline, but abstract reports only significance, not hazard effect sizes/uncertainty; individual hurricane exposure appears survey-based and needs verification.",Verify whether hurricane exposure/stressors are objective/externally verifiable or self-reported. | Confirm adjusted effect estimates and CIs/SEs for pre-post happiness change and hurricane exposure predictors. | Check whether pre-disaster baseline permits within-person change and whether confounding/time trends are addressed.,none_identified,deepseek-v4-pro,deepseek-v4-pro,922e24c3-c221-4609-88a2-42e95517dd15,1680,2670,4350,2026-09-16T17:25:33Z,strict-inc-v1.0
D0009621,The contribution of pre- and postdisaster social support to short- and long-term mental health after Hurricanes Katrina: A longitudinal study of low-income survivors,2015,Social Science & Medicine,cyclone,NARRATIVE_ONLY,cyclone,self_report_only,longitudinal_with_prebaseline,no,not_extractable,eligible,descriptive_or_predictor_only,high,"Abstract examines social support as the main exposure and reports associations with distress/PTSD; hurricane exposure is self-reported and used as mediator/control, not an objective hazard effect. No credible hazard counterfactual or hazard-effect estimate is reported.",,none_identified,deepseek-v4-pro,deepseek-v4-pro,a7dc64e1-a023-47ce-b830-fefc38a33d08,1721,1848,3569,2026-09-16T17:25:29Z,strict-inc-v1.0
D0009687,Posttraumatic stress disorder after hurricane sandy among persons exposed to the 9/11 disaster,2015,International Journal of Emergency Mental Health,cyclone|flood,NARRATIVE_ONLY,multiple,objective_or_verifiable,cross_sectional,no,likely_extractable,eligible,cross_sectional,high,"Single-wave post-event survey comparing Sandy-related PTSD in FEMA inundation vs non-inundation zones; no pre-Sandy mental health outcome or credible counterfactual, so affected/unaffected post-event comparison is unsuitable.",,none_identified,deepseek-v4-pro,deepseek-v4-pro,af3d4ec4-0a66-405a-8759-d5f422f645b7,1712,3772,5484,2026-09-16T17:25:51Z,strict-inc-v1.0
D0009727,Trajectories of post‐traumatic stress disorder symptoms among youth exposed to both natural and technological disasters,2015,Journal of Child Psychology and Psychiatry,cyclone,NARRATIVE_ONLY,cyclone,unclear,post_event_only,no,not_extractable,eligible,descriptive_or_predictor_only,high,"Multi-wave longitudinal study of exposed youth only; no pre-event baseline or unexposed comparison. Abstract reports symptom trajectories and predictors of PTSD, not a hazard-specific causal effect with uncertainty.",,none_identified,deepseek-v4-pro,deepseek-v4-pro,008ece4c-a51e-4e3f-918e-300c555fd2f9,1708,3490,5198,2026-09-16T17:25:51Z,strict-inc-v1.0
D0009770,Do hotter temperatures increase the incidence of self-harm hospitalisations?,2016,"Psychology, Health & Medicine",temperature,META_ELIGIBLE,temperature,objective_or_verifiable,time_series,yes,likely_extractable,eligible,eligible,medium,"Original quantitative study uses objective meteorological temperature and NZ self-harm hospitalisations 1993-2009. GLMMs isolate irregular daily temperature variation, providing temporal counterfactual and reporting adjusted effect 0.7% per 1C; eligible self-harm outcome.",,none_identified,deepseek-v4-pro,deepseek-v4-pro,85b4078b-4e9b-4c24-b9e3-9874750d7e91,1689,3450,5139,2026-09-16T17:25:52Z,strict-inc-v1.0
D0009885,Sleep quality among low-income young women in southeast Texas predicts changes in perceived stress through Hurricane Ike,2015,Sleep: Journal of Sleep and Sleep Disorders Research,cyclone,FULLTEXT_REVIEW,cyclone,objective_or_verifiable,longitudinal_with_prebaseline,unclear,unclear,eligible,unclear_effect_extractability,medium,"Longitudinal cohort with repeated PSS from 6 months before to 12 months after Hurricane Ike; abstract reports stress trajectory differences by sleep quality and risk factors but no quantitative hurricane effect or uncertainty, so full text is needed to determine whether a hazard-specific effect is extractable.",Verify whether full text reports a quantitative estimate of Hurricane Ike's effect on perceived stress with standard errors or confidence intervals. | Confirm whether the repeated-measures model includes a time/hurricane term and how temporal trends are handled. | Determine whether a credible counterfactual is established given all participants were exposed and no unexposed control group is described. | Check whether sleep quality is treated as a post-event moderator and whether any hazard effect is conditional on this post-event variable.,none_identified,deepseek-v4-pro,deepseek-v4-pro,79c713ef-2a69-4a8a-9fc3-34f286c93d62,1819,6260,8079,2026-09-16T17:26:32Z,strict-inc-v1.0
D0009924,"Predictors of youths’ posttraumatic stress symptoms following a natural disaster: The 2010 Nashville, Tennessee, flood",2016,Journal of Clinical Child and Adolescent Psychology,flood,NARRATIVE_ONLY,flood,self_report_only,post_event_only,no,not_extractable,eligible,descriptive_or_predictor_only,high,"The abstract reports a longitudinal predictor study of postflood PTS symptoms, with self-reported disaster exposure and no pre-event PTS outcome. It describes bivariate correlations and predictors without reporting a quantitative hazard effect and uncertainty.",,none_identified,deepseek-v4-pro,deepseek-v4-pro,1b75fc4f-68bf-4b7d-8e79-a7e22e849d29,1734,1937,3671,2026-09-16T17:25:41Z,strict-inc-v1.0
D0010077,Relationship Between Long-term Flooding and Serious Mental Illness After the 2011 Flood in Thailand.,2017,Disaster medicine and public health preparedness,flood,NARRATIVE_ONLY,flood,self_report_only,cross_sectional,no,not_extractable,eligible,cross_sectional,high,Abstract describes a single post-flood cross-sectional survey (May-June 2012) comparing flood victims and unaffected residents on Kessler 10 distress. No pre-flood outcome or temporal/quasi-experimental counterfactual; flood exposure appears self-reported from the same survey. Associations are unsuitable for causal meta-analysis.,,none_identified,deepseek-v4-pro,deepseek-v4-pro,ec5ff59e-871a-491d-b524-3a5bb0459ed0,1623,1791,3414,2026-09-16T17:25:40Z,strict-inc-v1.0
D0010105,Psychological sequelae of the 2013 Super Typhoon Haiyan among survivor-responders,2016,Psychiatry: Interpersonal and Biological Processes,cyclone,NARRATIVE_ONLY,cyclone,objective_or_verifiable,cross_sectional,no,not_extractable,eligible,cross_sectional,high,"Cross-sectional post-event comparison of exposed vs unaffected responders 1.5-4 months after the typhoon, no pre-event baseline; regression on self-reported stressors, not a credible causal counterfactual.",,none_identified,deepseek-v4-pro,deepseek-v4-pro,cfe9cb22-cb62-4fb7-9b0e-8d818e548b15,1738,1359,3097,2026-09-16T17:25:36Z,strict-inc-v1.0
D0010217,Increasing ambient temperature reduces emotional well-being,2016,Environmental Research,temperature,META_ELIGIBLE,temperature,objective_or_verifiable,panel_fixed_effects,yes,likely_extractable,eligible,eligible,medium,"Uses 1.9M survey responses with day-to-day temperature variation within respondents' area, an objective exposure. Outcomes include positive/negative emotions and stress. The abstract indicates an estimated effect of temperature on emotional well-being with significance, though numeric magnitude and uncertainty are not fully reported.",,none_identified,deepseek-v4-pro,deepseek-v4-pro,b19517fd-fefe-4fe4-9e70-9b392bb3fed0,1613,1971,3584,2026-09-16T17:25:45Z,strict-inc-v1.0
D0010325,Life after hurricane Katrina: The Resilience in Survivors of Katrina (RISK) Project,2016,Sociological Forum,cyclone,FULLTEXT_REVIEW,cyclone,objective_or_verifiable,longitudinal_with_prebaseline,yes,unclear,eligible,unclear_effect_extractability,medium,"Abstract describes the RISK Project longitudinal cohort with pre-Katrina baseline and post-event waves and mental health outcomes, but presents an overview without any quantitative hazard effect or uncertainty. Full text must confirm an extractable hazard-specific estimate.","Confirm that a quantitative Hurricane Katrina effect on a specific eligible mental-health outcome is reported with uncertainty. | Verify exposure operationalization (e.g., objective damage/dose/affected area) and whether it varies across participants. | Identify the mental-health outcome measure and whether it maps to an eligible construct. | Establish analytic design/control for confounding (e.g., pre-baseline adjustment, comparison group). | Obtain an extractable adjusted effect size and sample.",none_identified,deepseek-v4-pro,deepseek-v4-pro,311a5195-11cb-4aed-9cd1-a2c55cad46ed,1572,2563,4135,2026-09-16T17:25:53Z,strict-inc-v1.0
D0010361,Impact of short-term temperature variability on emergency hospital admissions for schizophrenia stratified by season of birth,2017,International journal of biometeorology,temperature,META_ELIGIBLE,temperature,objective_or_verifiable,time_series,yes,reported_with_uncertainty,eligible,eligible,high,Time-series Poisson DLNM using objective daily DTR/TCN and emergency schizophrenia admissions 2005-2014; reports RRs with CIs. Outcome is psychiatric service use; temporal counterfactual and extractable hazard effect are present.,,none_identified,deepseek-v4-pro,deepseek-v4-pro,e04b3c72-3c1e-46ed-bdda-743665e102da,1758,922,2680,2026-09-16T17:25:39Z,strict-inc-v1.0
D0010509,Is greater temperature change within a day associated with increased emergency admissions for schizophrenia?,2016,Science of the Total Environment,temperature,META_ELIGIBLE,temperature,objective_or_verifiable,time_series,yes,reported_with_uncertainty,eligible,eligible,high,"Time-series DLNM of daily diurnal temperature range and schizophrenia admissions (psychiatric service use) in Hefei 2005-2014 reports a 2.7% (95% CI 1.007-1.047) effect for extreme DTR, with objective exposure, temporal counterfactual, and extractable uncertainty.",,none_identified,deepseek-v4-pro,deepseek-v4-pro,0ea43bc3-8ebc-4801-85b3-9aea690800bf,1709,1780,3489,2026-09-16T17:25:50Z,strict-inc-v1.0
D0010523,Temporal and Spatial Patterns in Utilization of Mental Health Services During and After Hurricane Sandy: Emergency Department and Inpatient Hospitalizations in New York City.,2016,Disaster medicine and public health preparedness,cyclone|flood,FULLTEXT_REVIEW,cyclone,objective_or_verifiable,time_series,yes,likely_extractable,eligible,unclear_effect_extractability,medium,"Abstract supports objective hurricane exposure, psychiatric service use outcome, and a Farrington time-series design, but reports only qualitative 'substantial increase' without quantitative effect estimates or uncertainty. Full text needed to confirm extractable hazard-specific effects.",Report exact observed vs expected psychiatric ED and inpatient counts or percent change with 95% CI. | Describe Farrington baseline period and adjustment for seasonality and temporal trends. | Clarify whether increases reflect direct hurricane effects or hospital closure displacement. | Provide subgroup effects by geographic area and outcome type.,none_identified,deepseek-v4-pro,deepseek-v4-pro,7cc33f6e-723f-48a3-b2be-4433b9d17644,1672,2534,4206,2026-09-16T17:26:01Z,strict-inc-v1.0
D0010594,Heatwaves and hospital admissions for mental disorders in Northern Vietnam e0155609,2016,PLoS ONE,temperature,META_ELIGIBLE,temperature,objective_or_verifiable,time_series,yes,reported_with_uncertainty,eligible,eligible,high,"Time-series analysis of daily mental hospital admissions 2008-2012 in Hanoi using zero-inflated negative binomial adjusting for seasonality, trend, day of week, humidity. Objective heatwave exposure from daily max temperature >=35°C. Reports RRs with 95% CIs (e.g., 1.15, 1.005-1.31 for 3-day heatwaves).",,none_identified,deepseek-v4-pro,deepseek-v4-pro,baedfd36-ff36-49a9-a4cd-4ba54a7d1a32,1732,1006,2738,2026-09-16T17:25:43Z,strict-inc-v1.0
D0010625,Rising to the Challenge: The Response to Hurricane Sandy in a Psychiatric Emergency Room.,2016,Journal of psychiatric practice,cyclone,FULLTEXT_REVIEW,cyclone,objective_or_verifiable,longitudinal_with_prebaseline,unclear,likely_extractable,eligible,unclear_design,medium,Abstract reports pre/post counts and P values for psychiatric ER visits after Hurricane Sandy but does not describe an adjusted time-series or comparable control design; full text needed to establish credible counterfactual and adjusted effect.,"Confirm whether the full text reports an interrupted time-series or adjusted model with monthly counts and controls for seasonality/trend. | Check if effect estimates with confidence intervals are reported for the hurricane-attributable change in psychiatric emergency visits. | Verify whether pre- and post-hurricane periods are comparable beyond the single November comparison and total counts. | Confirm the outcome definition is restricted to psychiatric emergency service use and consistently coded across periods. | Assess whether a quantitative adjusted effect can be extracted (e.g., rate ratio or mean difference with variance).",none_identified,deepseek-v4-pro,deepseek-v4-pro,64330e8d-c523-4ae7-af23-9c04539aaca6,1688,4315,6003,2026-09-16T17:26:19Z,strict-inc-v1.0
D0010633,Spatial Shift in the Utilization of Mental Health Services After Hurricane Sandy Among New York City Residents Enrolled in Medicaid.,2016,Disaster medicine and public health preparedness,cyclone|flood,FULLTEXT_REVIEW,cyclone,unclear,time_series,unclear,unclear,eligible,unclear_effect_extractability,medium,"Post-Hurricane Sandy mental health service utilization among NYC Medicaid compared observed to expected from 2-year trends, but no quantitative effect size or uncertainty is reported in abstract; exposure definition and analytic details need full text.","Define hurricane impact area and flooded areas used for exposure classification. | Describe statistical method for observed vs expected and baseline trend modeling with appropriate counterfactual. | Report hazard-specific quantitative effect estimate with confidence intervals or standard errors for mental health service visits. | State adjustment for confounders such as seasonal trends, secular changes, and hospital capacity. | Provide separate extractable estimates for eligible psychiatric service use outcomes.",unclear,deepseek-v4-pro,deepseek-v4-pro,2d00fbc8-176a-4b8c-89bb-3f71df6cacb1,1641,3376,5017,2026-09-16T17:26:14Z,strict-inc-v1.0
D0010669,What Happened to Our Environment and Mental Health as a Result of Hurricane Sandy?,2016,Disaster medicine and public health preparedness,cyclone|flood,EXCLUDE,cyclone,objective_or_verifiable,time_series,no,reported_with_uncertainty,eligible,wrong_exposure,high,"Hurricane Sandy is the context, but the main exposure and reported effects are for power blackouts, not a registered climate hazard. No cyclone- or flood-specific hazard effect is estimated.",,none_identified,deepseek-v4-pro,deepseek-v4-pro,8dae51c8-3ca4-4f57-aa9c-4a4f1046b564,1678,1485,3163,2026-09-16T17:25:53Z,strict-inc-v1.0
D0010723,Negative emotionality and its facets moderate the effects of exposure to Hurricane Sandy on children’s postdisaster depression and anxiety symptoms,2016,Journal of Abnormal Psychology,cyclone,NARRATIVE_ONLY,cyclone,self_report_only,longitudinal_with_prebaseline,yes,likely_extractable,eligible,self_report_exposure_only,high,"Exposure is mother-rated 'stress from Hurricane Sandy' self-report, not objective or externally verifiable hazard variation; despite pre-event symptom baseline, the exposure criterion is not met.",,none_identified,deepseek-v4-pro,deepseek-v4-pro,2d25461d-b2ec-4ca5-8f64-23a8c4db12e2,1727,1463,3190,2026-09-16T17:25:55Z,strict-inc-v1.0
D0010816,"Exposure to Hurricane Sandy, neighborhood collective efficacy, and post-traumatic stress symptoms in older adults",2017,Aging & Mental Health,cyclone,NARRATIVE_ONLY,cyclone,self_report_only,post_event_only,no,likely_extractable,eligible,multiple_issues,high,"Self-reported storm exposure and PTSD measured only at post-storm follow-up; no pre-event PTSD baseline, so exposure-outcome association is post-event/cross-sectional and lacks credible counterfactual.",,none_identified,deepseek-v4-pro,deepseek-v4-pro,aa3d7ea3-8503-4277-bef9-c8c5721f142c,1710,1857,3567,2026-09-16T17:25:59Z,strict-inc-v1.0
D0010872,Effect of Hurricane Sandy on Long Island Emergency Departments Visits.,2016,Disaster medicine and public health preparedness,cyclone,FULLTEXT_REVIEW,cyclone,objective_or_verifiable,longitudinal_with_prebaseline,unclear,unclear,eligible,unclear_effect_extractability,medium,"Abstract reports Hurricane Sandy exposure and compares pre/post mental health ED visit periods, but it provides no quantitative mental-health effect or uncertainty, so full text must confirm an extractable estimate.","Verify numeric mental-health ED visit counts/rates and effect estimate with confidence intervals by period. | Verify statistical model and adjustment for secular trends, seasonality, or confounders. | Verify exposure definition and whether pre-Sandy baseline provides a credible counterfactual. | Verify mental health outcome definition and diagnostic codes. | Confirm the no significant change statement is based on a formal test with reported uncertainty.",none_identified,deepseek-v4-pro,deepseek-v4-pro,6b7ef57f-9355-4892-89d4-680bff51aac6,1681,2620,4301,2026-09-16T17:26:10Z,strict-inc-v1.0
D0010882,"Impacts of extreme heat on emergency medical service calls in King County, Washington, 2007-2012: Relative risk and time series analyses of basic and advanced life support",2016,Environmental Health: A Global Access Science Source,temperature,FULLTEXT_REVIEW,temperature,objective_or_verifiable,time_series,yes,unclear,unclear,unclear_effect_extractability,medium,"Uses objective humidex and time-series design. Abstract reports all-cause EMS call effects with uncertainty, but mentions psychological conditions only qualitatively without a mental-health-specific effect estimate or uncertainty, so extractability is unclear.",Verify whether EMS calls for 'psychological conditions' are defined and classified as psychiatric/mental health service use. | Confirm the study reports a quantitative hazard effect and uncertainty specifically for psychological-condition EMS calls. | Check that psychological outcome is based on dispatch/ICD codes rather than self-report. | Confirm the time-series analysis includes temporal controls and objective humidex exposure as described.,none_identified,deepseek-v4-pro,deepseek-v4-pro,a3ba4d9b-7e25-4ff1-ba8b-daadb3fa57a5,1913,1656,3569,2026-09-16T17:26:02Z,strict-inc-v1.0
D0010888,The Geography of Mental Health and General Wellness in Galveston Bay after Hurricane Ike: A Spatial Epidemiologic Study with Longitudinal Data,2016,Disaster Medicine and Public Health Preparedness,cyclone,NARRATIVE_ONLY,cyclone,unclear,descriptive,no,not_extractable,eligible,descriptive_or_predictor_only,high,Abstract describes a spatial epidemiologic analysis of post-Hurricane Ike resilience trajectories for PTSS/depression and geographic variation in predictors. It does not estimate a hurricane exposure effect on mental health with uncertainty; design is descriptive/predictor rather than a credible causal counterfactual.,,none_identified,deepseek-v4-pro,deepseek-v4-pro,caa33533-497b-4d78-bf37-fa8478b2ed91,1658,2197,3855,2026-09-16T17:26:08Z,strict-inc-v1.0
D0011077,Weather conditions influence the number of psychiatric emergency room patients,2018,International journal of biometeorology,temperature,FULLTEXT_REVIEW,temperature,objective_or_verifiable,time_series,yes,unclear,eligible,unclear_effect_extractability,high,"Time-series ARIMA of daily psychiatric ER visits and objective meteorological PCs; psychiatric service use is eligible. Abstract reports associations, direction, and p-values but no effect sizes or confidence intervals, so full text is needed to confirm extractable temperature-specific adjusted effects.","Verify temperature-specific effect estimate (coefficient, rate ratio) with standard error or confidence interval is reported. | Confirm model adjusts for seasonality, trend, autocorrelation, holidays, and key confounders. | Confirm outcome is psychiatric emergency room visits only, not all-cause ER visits. | Check whether temperature is analyzed as a separate hazard, not only within a weather principal component. | Verify direction and magnitude of cold versus warm temperature effects and lag structure.",none_identified,deepseek-v4-pro,deepseek-v4-pro,b08843c3-dcf4-4bcc-80b1-13a22160afd8,1735,2082,3817,2026-09-16T17:26:09Z,strict-inc-v1.0
D0011139,Mental disease-related emergency admissions attributable to hot temperatures,2018,Science of the Total Environment,temperature,META_ELIGIBLE,temperature,objective_or_verifiable,time_series,yes,likely_extractable,eligible,eligible,high,"Daily city temperature and emergency admissions for mental disease analyzed with distributed lag non-linear model, pooled via multivariate meta-analysis. Objective exposure, eligible psychiatric service use outcomes, temporal counterfactual, and extractable quantitative attributable risk estimates are reported.",,none_identified,deepseek-v4-pro,deepseek-v4-pro,08d0f527-22b8-4f74-862e-9f56353048b0,1692,1544,3236,2026-09-16T17:26:06Z,strict-inc-v1.0
D0011223,Pupillary response to emotional stimuli as a risk factor for depressive symptoms following a natural disaster: The 2011 Binghamton flood,2017,Clinical Psychological Science,flood,NARRATIVE_ONLY,flood,objective_or_verifiable,longitudinal_with_prebaseline,no,not_extractable,eligible,descriptive_or_predictor_only,high,"Longitudinal pre/post flood with baseline, but abstract reports a diathesis-stress interaction (pupil dilation × flood-related stress) predicting depressive symptoms, not a quantitative effect of flood hazard on depression. Post-event flood-stress gradient is not a credible counterfactual, so predictor analysis without hazard effect.",,none_identified,deepseek-v4-pro,deepseek-v4-pro,42bf52aa-08e1-4b3d-b01d-d7f0c3226020,1589,3573,5162,2026-09-16T17:26:30Z,strict-inc-v1.0
D0011241,Ambient temperature and added heat wave effects on hospitalizations in California from 1999 to 2009.,2018,Environmental research,temperature,FULLTEXT_REVIEW,temperature,objective_or_verifiable,time_series,yes,likely_extractable,eligible,unclear_effect_extractability,high,"Objective ambient temperature and heat wave exposure; DLNM time-series; mental health admissions significantly increased. However abstract provides no hazard-specific numeric effect or CI for mental health, so full text needed to confirm extractable adjusted estimate.","Mental health hospitalization effect estimate and 95% CI are reported. | Ambient temperature exposure is from objective meteorological data, not self-report. | DLNM includes controls for seasonality, day-of-week, and long-term trends. | Effect estimate is specific to mental health admissions, not combined with other outcomes.",none_identified,deepseek-v4-pro,deepseek-v4-pro,db8668c7-15d1-4366-a80f-6e7c4691aa9c,1615,1872,3487,2026-09-16T17:26:11Z,strict-inc-v1.0
D0011249,Continuity of midwifery carer moderates the effects of prenatal maternal stress on postnatal maternal wellbeing: The Queensland flood study,2018,Archives of Women's Mental Health,flood,NARRATIVE_ONLY,flood,self_report_only,post_event_only,no,not_extractable,eligible,self_report_exposure_only,high,"Flood exposure is assessed via self-report questionnaires (flood-related hardship and subjective stress), not externally verified. Outcomes are depression/anxiety but the analysis tests moderation of the stress-depression association by care type, without a credible counterfactual or hazard-effect estimate. Self-reported exposure only.",,unclear,deepseek-v4-pro,deepseek-v4-pro,17122c70-4613-4f3d-aa30-08e06bb823e4,1733,3949,5682,2026-09-16T17:26:34Z,strict-inc-v1.0
D0011310,Mental health impacts of flooding: A controlled interrupted time series analysis of prescribing data in England,2017,Journal of Epidemiology and Community Health,flood,META_ELIGIBLE,flood,objective_or_verifiable,quasi_experimental,yes,reported_with_uncertainty,eligible,eligible,high,"Controlled interrupted time series of prescribing records before and after flood onset, comparing pre-post changes by objective distance from inundated boundaries; reports adjusted 0.59% increase (95% CI 0.24–0.94) in antidepressant prescribing, an eligible psychiatric service-use outcome.",,none_identified,deepseek-v4-pro,deepseek-v4-pro,0f54f506-690f-453f-9284-970d9f4c8376,1650,1522,3172,2026-09-16T17:26:10Z,strict-inc-v1.0
D0011327,Longitudinal impact of hurricane sandy exposure on mental health symptoms,2017,International Journal of Environmental Research and Public Health,cyclone,NARRATIVE_ONLY,cyclone,self_report_only,post_event_only,no,reported_with_uncertainty,eligible,self_report_exposure_only,high,"Exposure is self-reported Hurricane Sandy exposure/damage via questionnaires; no objective hazard variation or pre-event baseline, and damage-severity association only, so not a credible causal hazard effect for meta-analysis.",,none_identified,deepseek-v4-pro,deepseek-v4-pro,87ffbcd4-cc5b-4406-9afd-f8c99d1463e8,1724,2167,3891,2026-09-16T17:26:17Z,strict-inc-v1.0
D0011344,Effects of the Fort McMurray wildfires on the health of evacuated workers: follow-up of 2 cohorts,2017,CMAJ open,wildfire,NARRATIVE_ONLY,wildfire,self_report_only,post_event_only,no,likely_extractable,eligible,no_pre_event_baseline,high,"Post-fire follow-up questionnaire (3-26 weeks) compared evacuated vs not-evacuated workers on HADS anxiety/depression; abstract reports no pre-fire mental-health scores for this comparison, only between-group p-values at follow-up, so no credible pre-event counterfactual. Exposure (evacuation) is self-reported.",,none_identified,deepseek-v4-pro,deepseek-v4-pro,8b06941b-eb6c-44f6-bf01-3785cce09b94,1814,3608,5422,2026-09-16T17:26:34Z,strict-inc-v1.0
D0011374,Risk and Protective Factors for Mental Health and Community Cohesion After the 2013 Calgary Flood,2018,Disaster medicine and public health preparedness,flood,NARRATIVE_ONLY,flood,objective_or_verifiable,longitudinal_with_prebaseline,unclear,not_extractable,eligible,descriptive_or_predictor_only,high,"Abstract reports a post-flood predictor analysis of PTSD, depression, anxiety, and community cohesion. It provides adjusted ORs for pre-flood anxiety and property damage/help but no estimate of flood exposure effect on mental health, so no hazard effect is extractable.",,none_identified,deepseek-v4-pro,deepseek-v4-pro,44fa5002-edfb-491b-8c97-622fd572a5aa,1687,4070,5757,2026-09-16T17:26:43Z,strict-inc-v1.0
D0011385,Crop-damaging temperatures increase suicide rates in India,2017,Proceedings of the National Academy of Sciences of the United States of America,temperature,META_ELIGIBLE,temperature,objective_or_verifiable,panel_fixed_effects,yes,reported_with_uncertainty,eligible,eligible,high,"Uses 47-year panel data with objectively measured temperature fluctuations; reports a significant quantitative effect of 1°C increase above 20°C causing ~70 suicides, satisfying causal meta-analysis criteria.",,none_identified,deepseek-v4-pro,deepseek-v4-pro,1aa64001-cee6-4d99-82ca-ab931168fc51,1595,1762,3357,2026-09-16T17:26:20Z,strict-inc-v1.0
D0011412,A novel surveillance approach for disaster mental health,2017,PLoS ONE,cyclone,NARRATIVE_ONLY,cyclone,objective_or_verifiable,descriptive,no,not_extractable,unclear,descriptive_or_predictor_only,high,"Study uses Twitter sentiment analysis to map spatial-temporal clusters of basic emotions around Hurricane Sandy, with no causal counterfactual and no hazard effect estimate or uncertainty; descriptive surveillance approach rather than quantitative hazard-outcome effect study.",,none_identified,deepseek-v4-pro,deepseek-v4-pro,e5a6a9ee-d1a4-46e7-8944-ee6804eb93d3,1846,2353,4199,2026-09-16T17:26:29Z,strict-inc-v1.0
D0011451,Association between temperature and maternal stress during pregnancy,2017,Environmental Research,temperature,FULLTEXT_REVIEW,temperature,objective_or_verifiable,unclear,unclear,unclear,eligible,unclear_design,medium,"Ambient temperature and GSI emotional stress are eligible, but abstract does not establish whether maternal stress was measured repeatedly within the same women or only once, and no effect size/CI is given; GEE/lag exposure alone does not confirm within-unit temporal variation.","Verify whether maternal stress was measured repeatedly within the same women over time or only once at enrollment. | Confirm the design includes within-unit temporal exposure variation or a clear time-series/repeated-measures panel. | Check whether adjusted effect estimates and 95% CIs are reported for temperature-stress associations. | Assess whether GEE models appropriately account for temporal, individual, and clinic-level confounding and clustering. | Determine exposure timing and lag assignment relative to outcome measurement for each participant.",none_identified,deepseek-v4-pro,deepseek-v4-pro,cac7094f-e36a-41fc-a640-f9a925432ec0,1785,3667,5452,2026-09-16T17:26:48Z,strict-inc-v1.0
D0011526,Longitudinal study of changing psychological outcomes following the Victorian Black Saturday bushfires,2018,Australian and New Zealand Journal of Psychiatry,wildfire,NARRATIVE_ONLY,wildfire,objective_or_verifiable,post_event_only,no,not_extractable,eligible,descriptive_or_predictor_only,high,"Abstract reports prevalence changes over two post-bushfire waves and predictors (recent life stressors ORs), not a wildfire exposure effect; no pre-event baseline or credible causal counterfactual.",,none_identified,deepseek-v4-pro,deepseek-v4-pro,49bd4462-afde-47ee-ba15-c5ede5bbf64b,1876,2310,4186,2026-09-16T17:26:33Z,strict-inc-v1.0
D0011603,"Possible link of Interleukin-6 and Interleukin-2 with psychiatric diagnosis, ethnicity, disaster or BMI",2017,Cytokine,cyclone,NARRATIVE_ONLY,cyclone,objective_or_verifiable,cross_sectional,no,not_extractable,eligible,no_pre_event_baseline,high,"Cross-sectional comparison of relocated hurricane survivors and matched controls at one post-event time point; no pre-event outcome, so no credible counterfactual for hurricane effect on mental health.",,none_identified,deepseek-v4-pro,deepseek-v4-pro,2f4a1bd3-e2a9-442b-a31b-cf7e925bbfd9,1673,1723,3396,2026-09-16T17:26:28Z,strict-inc-v1.0
D0011641,Neural biomarker and early temperament predict increased internalizing symptoms after a natural disaster,2017,Journal of the American Academy of Child & Adolescent Psychiatry,cyclone,NARRATIVE_ONLY,cyclone,unclear,longitudinal_with_prebaseline,no,not_extractable,eligible,descriptive_or_predictor_only,medium,"Abstract reports a vulnerability interaction (fear × hurricane stressors × ERN) predicting symptom change, not a standalone quantitative hazard effect; no credible counterfactual for the stressor gradient is described.",,none_identified,deepseek-v4-pro,deepseek-v4-pro,4f237b58-d7e8-4ec0-bfe1-3ab87750b440,1688,4766,6454,2026-09-16T17:27:02Z,strict-inc-v1.0
D0011690,Hurricane Sandy exposure and the mental health of World Trade Center responders,2017,Journal of Traumatic Stress,cyclone,FULLTEXT_REVIEW,cyclone,unclear,longitudinal_with_prebaseline,yes,likely_extractable,eligible,unclear_exposure_measurement,medium,"Abstract describes a pre-post longitudinal study of 870 WTC responders relating Hurricane Sandy impact exposures to PTSD and depression, adjusting for pre-Sandy mental health. It does not state whether exposures (home damage, power outage, FEMA claim) were objectively/verifiably measured or self-reported, nor report uncertainty. Full text must confirm exposure measurement and adjusted effect extractability.","Measurement source for Hurricane Sandy exposures: self-report questionnaire vs objective/administrative verification (e.g., FEMA records, power outage data). | Whether pre-Hurricane Sandy mental health was measured with same PTSD/MDD instruments and timing before Sandy. | Whether adjusted odds ratios include confidence intervals or standard errors for exposure contrasts. | Sample inclusion criteria for pre- and post-Sandy visits and handling of attrition/missing data. | Whether exposure effects were estimated independently of WTC-related mental health status.",none_identified,deepseek-v4-pro,deepseek-v4-pro,8dadcaaa-a574-4a5e-b420-3fcf1d7b93cc,1709,3607,5316,2026-09-16T17:26:49Z,strict-inc-v1.0
D0011755,"Effects of ambient temperature on daily hospital admissions for mental disorders in Shanghai, China: A time-series analysis",2017,Science of the Total Environment,temperature,META_ELIGIBLE,temperature,objective_or_verifiable,time_series,yes,reported_with_uncertainty,eligible,eligible,high,"Time-series study of daily mean ambient temperature and mental disorder hospital admissions using quasi-Poisson GAM with DLNM; reports RR 1.266 (95% CI: 1.074-1.493) for extreme heat vs median temperature, meeting causal meta-analysis criteria.",,none_identified,deepseek-v4-pro,deepseek-v4-pro,85f8480f-52f6-4302-8425-613c941f6e67,1681,554,2235,2026-09-16T17:26:17Z,strict-inc-v1.0
D0011757,Incidence and risk factors for post-traumatic stress disorder in a population affected by a severe flood,2017,Public Health,flood,NARRATIVE_ONLY,flood,objective_or_verifiable,cross_sectional,no,reported_with_uncertainty,eligible,cross_sectional,high,"Affected versus adjacent non-affected residents were compared only after the 2012 flood using the TQ; no pre-event outcome or temporal counterfactual is reported. The OR 8.18 (95% CI 3.99-17.59) is a single post-event group contrast, not a credible causal estimate.",,none_identified,deepseek-v4-pro,deepseek-v4-pro,cf95c446-4763-4ddc-ab1e-f0aeb533de45,1831,1657,3488,2026-09-16T17:26:32Z,strict-inc-v1.0
D0011851,Self-reported and FEMA flood exposure assessment after hurricane sandy: Association with mental health outcomes,2017,PLoS ONE,cyclone|flood,NARRATIVE_ONLY,flood,objective_or_verifiable,cross_sectional,no,reported_with_uncertainty,eligible,cross_sectional,high,"Post-Hurricane Sandy cross-sectional survey of NYC/Long Island residents; mental health symptoms and flood exposure measured at one time after the event. No pre-event baseline or temporal counterfactual; FEMA flood data provide objective exposure but design is single-wave cross-sectional/affected-unaffected, so not eligible for causal meta-analysis.",,none_identified,deepseek-v4-pro,deepseek-v4-pro,c06dfaf8-1544-48f7-8d11-554baaf5983a,1783,1195,2978,2026-09-16T17:26:30Z,strict-inc-v1.0
D0011940,Long-term exposure to high temperature associated with the incidence of major depressive disorder,2019,Science of the Total Environment,temperature,NARRATIVE_ONLY,temperature,objective_or_verifiable,longitudinal_with_prebaseline,no,reported_with_uncertainty,eligible,no_hazard_variation,high,"Longitudinal cohort with MDD-free baseline; exposure is an 11-year average of regional temperature and comparison is across regions, so no within-unit temporal exposure variation or credible counterfactual is described.",,none_identified,deepseek-v4-pro,deepseek-v4-pro,97ed0d11-68da-41c8-9ae7-f7a064bfc964,1721,4777,6498,2026-09-16T17:27:07Z,strict-inc-v1.0
D0011984,"Influence of heat waves on daily hospital visits for mental illness in Jinan, China—a case-crossover study",2019,International Journal of Environmental Research and Public Health,temperature,META_ELIGIBLE,temperature,objective_or_verifiable,case_crossover,yes,reported_with_uncertainty,eligible,eligible,high,"Case-crossover study of daily hospital visits for mental illness and heat waves in Jinan; reports heat wave ORs with CIs. Objective ambient heat exposure, eligible psychiatric service use outcome, credible case-crossover counterfactual.",,none_identified,deepseek-v4-pro,deepseek-v4-pro,20402c5b-ecff-4f46-a913-a7fa56929ae2,1754,848,2602,2026-09-16T17:26:28Z,strict-inc-v1.0
D0012047,Estimation of the National Burden of Disease and Vulnerable Population Associated with Natural Disasters in Korea: Heavy Precipitation and Typhoon,2018,Journal of Korean medical science,cyclone,FULLTEXT_REVIEW,multiple,objective_or_verifiable,case_crossover,yes,unclear,eligible,unclear_effect_extractability,medium,"Case-crossover study of typhoon/torrential rain burden using NHIS data; mental disorders are included as morbidity, but abstract reports only total DALYs and states mental disorders contributed more YLDs without a mental-health-specific quantitative effect or uncertainty. Full text needed to extract hazard-specific mental-health estimate.",Report mental-health-specific excess morbidity/DALY estimates with confidence intervals for typhoon and torrential rain events. | Confirm case-crossover exposure windows and adjustment for temporal confounders or seasonality. | Define mental disorder case definitions and whether they include psychiatric diagnoses or service use. | Clarify whether torrential rain exposure is classified as flood/inundation or precipitation-based. | Provide mental-health effect estimates by hazard intensity and vulnerable subgroup.,none_identified,deepseek-v4-pro,deepseek-v4-pro,dfa77a09-ea3f-4b06-865d-98517e3aaa71,1738,2021,3759,2026-09-16T17:26:42Z,strict-inc-v1.0
D0012136,"Assessing heatwave impacts on cause-specific emergency department visits in urban and rural communities of Queensland, Australia",2019,Environmental Research,temperature,FULLTEXT_REVIEW,temperature,objective_or_verifiable,time_series,yes,likely_extractable,eligible,unclear_effect_extractability,high,"Temperature heatwave time-series with objective exposure and EDV outcomes including mental/behavioural disorders (F00-F99) is eligible, but the abstract reports only example cause-specific RRs and gives no mental-specific effect or uncertainty; full text needed for extraction.","Report mental and behavioural disorders (F00-F99) EDV effect estimate and 95% CI for heatwave exposure. | Confirm adjustment for confounders such as long-term trend, seasonality, day-of-week, and air pollution. | Verify whether mental/behavioural EDVs were a pre-specified cause-specific outcome or a secondary result. | Check whether rural/urban subgroup meta-analyses include mental/behavioural EDV estimates.",none_identified,deepseek-v4-pro,deepseek-v4-pro,ba92347d-9c89-4c06-a309-81c43188f217,1969,1952,3921,2026-09-16T17:26:50Z,strict-inc-v1.0
D0012203,Empirical evidence of mental health risks posed by climate change,2018,PNAS Proceedings of the National Academy of Sciences of the United States of America,temperature|cyclone,FULLTEXT_REVIEW,multiple,objective_or_verifiable,unclear,unclear,likely_extractable,unclear,unclear_design,medium,"Abstract reports quantitative associations between meteorological/climatic exposure (temperature, Hurricane Katrina) and mental health difficulties, but does not specify within-unit temporal variation, covariates, or uncertainty; exact outcome measure is also unclear. Full text needed.","Confirm exposure varies within counties/over time and model includes time or fixed effects for credible counterfactual. | Confirm mental health outcome is an eligible scale (e.g., psychologically unhealthy days/distress). | Confirm reported estimates are adjusted and include uncertainty (SE or 95% CI). | Confirm Hurricane Katrina exposure uses pre-event baseline or comparable unexposed groups.",unclear,deepseek-v4-pro,deepseek-v4-pro,7d04849f-28f2-4f07-8bed-5209aa7e4bcc,1609,4961,6570,2026-09-16T17:27:20Z,strict-inc-v1.0
D0012234,Re-experiencing 9/11-Related PTSD Symptoms Following Exposure to Hurricane Sandy.,2018,International journal of emergency mental health,cyclone,FULLTEXT_REVIEW,cyclone,unclear,unclear,unclear,reported_with_uncertainty,eligible,unclear_exposure_measurement,medium,"Abstract reports adjusted ORs for moderate/high Sandy exposure on 9/11-related PTSD symptoms, an eligible outcome with CI. However, it does not specify whether Sandy exposure was objectively measured or self-reported, and whether pre-Sandy symptoms were prospectively assessed. These must be verified for causal eligibility.","Verify Sandy exposure was objectively/verifiably measured (e.g., residence in flooded area, damage) rather than self-reported. | Confirm pre-Sandy 9/11 PTSD symptoms were measured prospectively before Sandy, not recalled retrospectively post-event. | Confirm the reference group for moderate/high exposure categories and whether all participants had non-zero exposure opportunity. | Verify adjusted models account for pre-Sandy symptoms or stratification as reported. | Confirm outcome instrument and timing relative to Sandy.",none_identified,deepseek-v4-pro,deepseek-v4-pro,76d8c43d-4b87-4975-b3fb-1d73efd749fd,1729,2840,4569,2026-09-16T17:26:59Z,strict-inc-v1.0
D0012372,The role of prenatal maternal stress in the development of childhood anxiety symptomatology: The QF2011 Queensland Flood Study,2018,Development and Psychopathology,flood,NARRATIVE_ONLY,flood,unclear,post_event_only,no,likely_extractable,eligible,no_pre_event_baseline,high,"Flood-exposed pregnancy cohort with child anxiety measured after birth. Exposure is maternal objective hardship severity/timing among exposed only; no pre-event outcome or unexposed counterfactual, so severity association cannot support a causal hazard effect.",,none_identified,deepseek-v4-pro,deepseek-v4-pro,1a8d1553-532b-40a7-bff4-c97863f360b6,1635,4345,5980,2026-09-16T17:27:20Z,strict-inc-v1.0
D0012395,Drought-related stress among farmers: Findings from the Australian rural mental health study,2018,Medical Journal of Australia,drought,FULLTEXT_REVIEW,drought,unclear,unclear,unclear,unclear,eligible,unclear_exposure_measurement,medium,"Abstract reports a longitudinal cohort with weather-related stress outcomes but does not specify whether drought/rainfall exposure was objectively measured, the analytic design or counterfactual, or numeric effect estimates with uncertainty. Full text is needed to determine eligibility.","Verify drought/wet weather exposure is objectively measured (e.g., rainfall or drought index) and temporal window | Confirm repeated mental-health outcome measures and within-person or pre-post design | Confirm drought-specific effect estimates with uncertainty are reported | Confirm adjustment for confounding and missing data | Check whether drought-related stress outcome is a validated mental-health measure",none_identified,deepseek-v4-pro,deepseek-v4-pro,1b0be5c9-2f12-4c81-9594-09544cb3f74b,1696,4185,5881,2026-09-16T17:27:14Z,strict-inc-v1.0
D0012621,When Natural Disaster Follows Economic Downturn: The Incremental Impact of Multiple Stressor Events on Trajectories of Depression and Posttraumatic Stress Disorder,2019,Disaster medicine and public health preparedness,cyclone,NARRATIVE_ONLY,cyclone,unclear,descriptive,no,not_extractable,eligible,descriptive_or_predictor_only,high,"Latent growth mixture modeling of depression trajectories among older adults exposed to Hurricane Sandy; no unexposed counterfactual or hazard-specific causal effect with uncertainty, only trajectory group percentages.",,none_identified,deepseek-v4-pro,deepseek-v4-pro,89b86412-a2a8-43b6-8724-177cde6241ca,1713,2209,3922,2026-09-16T17:26:55Z,strict-inc-v1.0
D0012662,Association between ambient temperatures and mental disorder hospitalizations in a subtropical city: A time-series study of Hong Kong special administrative region,2018,International Journal of Environmental Research and Public Health,temperature,META_ELIGIBLE,temperature,objective_or_verifiable,time_series,yes,reported_with_uncertainty,eligible,eligible,high,"Daily time-series study of ambient temperature and mental disorder hospitalizations in Hong Kong using Poisson GAM/DLNM; reports cumulative RR 1.09 (95% CI 1.03–1.15) for 28°C vs 19.4°C at lag 0–2 days, meeting criteria.",,none_identified,deepseek-v4-pro,deepseek-v4-pro,d54bb2c8-8b25-48f8-869d-b9c28a9bc0cf,1682,681,2363,2026-09-16T17:26:40Z,strict-inc-v1.0
D0012697,"Rio's Mountainous Region (""Região Serrana"") 2011 Landslides: Impact on Public Mental Health System.",2018,PLoS currents,flood,FULLTEXT_REVIEW,flood,objective_or_verifiable,quasi_experimental,yes,unclear,eligible,unclear_effect_extractability,medium,"Ecological controlled before-after study of mental health care demand following the 2011 landslides/floods, with pre-event baseline and other regions as control. Abstract reports an increase from 13,875 to 17,690 visits but no uncertainty or adjusted effect estimate, so extractability must be verified in full text.",Verify whether adjusted effect sizes with confidence intervals are reported for mental health visit outcomes. | Confirm the exposure is defined as flood/landslide disaster with objective dates and affected areas. | Check pre-disaster trends and control region comparability to support the counterfactual. | Confirm mental health care demand is analyzed as a rate or per capita change with uncertainty.,none_identified,deepseek-v4-pro,deepseek-v4-pro,3d22edda-dbd2-4a45-ab54-414fe47c1aa9,1690,2229,3919,2026-09-16T17:26:58Z,strict-inc-v1.0
D0012736,"Effect of increasing temperature on daily hospital admissions for schizophrenia in Hefei, China: A time-series analysis",2018,Public Health,temperature,META_ELIGIBLE,temperature,objective_or_verifiable,time_series,yes,reported_with_uncertainty,eligible,eligible,high,"Time-series analysis of daily hospital admissions for schizophrenia and objectively measured ambient temperature in Hefei using DLNM; reports a 7% (95% CI 4-11%) increase in admissions at 28°C lag 0-4 days, satisfying population data, temporal variation, eligible psychiatric service use outcome, and extractable effect with uncertainty.",,none_identified,deepseek-v4-pro,deepseek-v4-pro,d1cce6bd-9b00-4550-9565-84bb6f221997,1680,817,2497,2026-09-16T17:26:42Z,strict-inc-v1.0
D0012786,The English National Cohort Study of Flooding and Health: the change in the prevalence of psychological morbidity at year two.,2018,BMC public health,flood,NARRATIVE_ONLY,flood,self_report_only,post_event_only,no,likely_extractable,eligible,self_report_exposure_only,high,"Flood exposure was self-reported via questionnaire and categorized from responses; no pre-flood baseline, only post-event affected/unaffected comparisons at year 1 and year 2. This self-reported exposure and post-event design is not credible for causal meta-analysis.",,unclear,deepseek-v4-pro,deepseek-v4-pro,91292a3a-8ee9-4dc1-857c-17bea61bb97f,1703,1893,3596,2026-09-16T17:26:54Z,strict-inc-v1.0
D0012896,Utilization of mental health services by children displaced by Hurricane Katrina,2018,Psychiatric Services,cyclone,FULLTEXT_REVIEW,cyclone,objective_or_verifiable,quasi_experimental,unclear,likely_extractable,eligible,unclear_effect_extractability,medium,"Medicaid claims pre-post study of children displaced by Hurricane Katrina with control groups; psychiatric service use is eligible. Abstract reports direction and significance but no effect size or uncertainty, and does not resolve adjusted modelling or parallel-trends assumptions, so full text is required.",Verify displacement status is objectively defined from Medicaid address history and is the exposure. | Verify difference-in-differences/pre-post model specification and control group comparability or parallel trends. | Verify adjusted effect estimates and uncertainty for mental health service utilization outcomes. | Confirm medication fills and psychiatric encounters are classified as eligible psychiatric service use.,none_identified,deepseek-v4-pro,deepseek-v4-pro,48eb0dd4-31a5-4899-8352-3a642bb8f85b,1694,4146,5840,2026-09-16T17:27:27Z,strict-inc-v1.0
D0012902,Examining the prospective relationship between pre-disaster respiratory sinus arrhythmia and post-disaster posttraumatic stress disorder symptoms in children,2018,Journal of Abnormal Child Psychology,cyclone,NARRATIVE_ONLY,cyclone,objective_or_verifiable,longitudinal_with_prebaseline,no,not_extractable,eligible,descriptive_or_predictor_only,high,"Abstract reports a prospective study of pre-disaster RSA predicting post-Katrina PTSD symptoms in 36 children. It does not estimate an effect of Hurricane Katrina on PTSD; the hazard is only the context/event, and no hazard-attributable effect or uncertainty is reported. Thus predictor analysis without a hazard effect.",,none_identified,deepseek-v4-pro,deepseek-v4-pro,f8f646c5-11e9-45e4-84eb-13a0389d97bd,1769,1790,3559,2026-09-16T17:27:03Z,strict-inc-v1.0
D0012920,Psychopharmacology utilization among children with anxiety and obsessive–compulsive and related disorders following Hurricane Katrina,2018,Child Psychiatry and Human Development,cyclone,NARRATIVE_ONLY,cyclone,objective_or_verifiable,post_event_only,no,likely_extractable,eligible,no_pre_event_baseline,high,"Abstract compares post-Katrina medication fills across disaster/non-disaster areas only; no pre-event outcome or within-unit temporal variation described, so exposed/unexposed post-event comparison lacks credible counterfactual.",,none_identified,deepseek-v4-pro,deepseek-v4-pro,06bd6533-0506-4f4a-86bf-5cdbbafc5e98,1665,3922,5587,2026-09-16T17:27:24Z,strict-inc-v1.0
D0012949,Examining the Association between Apparent Temperature and Mental Health-Related Emergency Room Visits in California,2018,American Journal of Epidemiology,temperature,META_ELIGIBLE,temperature,objective_or_verifiable,time_series,yes,reported_with_uncertainty,eligible,eligible,high,"Daily mental-health/self-injury ER visits across 16 California climate zones linked to objectively measured apparent temperature; Poisson time-series regression yields same-day quantitative effects with 95% CIs (e.g., 4.8% per 10°F).",,none_identified,deepseek-v4-pro,deepseek-v4-pro,72feb665-a735-4fae-8caa-48ba1dc13f12,1729,1405,3134,2026-09-16T17:26:59Z,strict-inc-v1.0
D0013000,Short-term effects of traffic noise on suicides and emergency hospital admissions due to anxiety and depression in Madrid (Spain),2020,Science of the Total Environment,temperature,META_ELIGIBLE,temperature,objective_or_verifiable,time_series,yes,reported_with_uncertainty,eligible,eligible,medium,"Daily ecological time-series using objective cold-wave temperature (Tcold) and daily emergency admissions for anxiety/depression/suicide; reports RR 1.62 (95% CI 1.18-2.22) for anxiety at lag 9, satisfying hazard-specific effect with uncertainty.",,none_identified,deepseek-v4-pro,deepseek-v4-pro,5d074e29-2e01-4e0b-ad9e-2b0f4b26c955,1831,5283,7114,2026-09-16T17:27:46Z,strict-inc-v1.0
D0013031,Differential Mental Health Impact Six Months After Extensive River Flooding in Rural Australia: A Cross-Sectional Analysis Through an Equity Lens,2019,Frontiers in Public Health,flood,NARRATIVE_ONLY,flood,self_report_only,cross_sectional,no,reported_with_uncertainty,eligible,cross_sectional,high,"Cross-sectional survey six months post-flood with no pre-event outcome or temporal exposure variation; adjusted ORs reflect damage-severity association only, not a credible counterfactual.",,none_identified,deepseek-v4-pro,deepseek-v4-pro,40afcd8b-38be-4e68-b2b9-fa99beccf26b,1709,1108,2817,2026-09-16T17:27:01Z,strict-inc-v1.0
D0013037,Perceived and actual posttraumatic growth in religiousness and spirituality following disasters,2021,Journal of Personality,cyclone,EXCLUDE,cyclone,objective_or_verifiable,longitudinal_with_prebaseline,unclear,not_extractable,ineligible,wrong_outcome,high,"Abstract examines religious/spiritual posttraumatic growth, religiousness, and spiritual subfacets following Hurricanes Harvey and Irma. These are not eligible mental-health outcomes. Psychological well-being is mentioned only as a correlate of R/S PTG, not as a hazard-effect outcome, so no extractable mental-health effect.",,none_identified,deepseek-v4-pro,deepseek-v4-pro,2c65ba4c-ab69-409c-92b4-595605c02a82,1741,2121,3862,2026-09-16T17:27:12Z,strict-inc-v1.0
D0013084,Cognitive integration of personal or public events affects mental health: Examining memory networks in a case of natural flooding disaster,2020,Journal of Personality,flood,NARRATIVE_ONLY,flood,unclear,post_event_only,no,unclear,unclear,no_pre_event_baseline,high,"Prospective two-wave study during and two months after a flood compares flood-affected vs unaffected individuals; no pre-flood baseline or credible counterfactual, so abstract clearly indicates unsuitable design for causal flood effect.",,none_identified,deepseek-v4-pro,deepseek-v4-pro,76abd765-5c7a-44ef-b5c4-19b4e546e8c2,1626,4387,6013,2026-09-16T17:27:42Z,strict-inc-v1.0
D0013117,"Effect of apparent temperature on daily emergency admissions for mental and behavioral disorders in Yancheng, China: A time-series study",2019,Environmental Health A Global Access Science Source,temperature,FULLTEXT_REVIEW,temperature,objective_or_verifiable,time_series,yes,likely_extractable,eligible,unclear_effect_extractability,high,"Time-series study with objectively measured apparent temperature and daily psychiatric emergency admissions, but abstract reports only a positive lagged association without point estimates or uncertainty, so effect extractability needs full text.","Confirm hazard-specific effect estimate (e.g., RR or percent change) with confidence intervals is reported for apparent temperature and mental disorder admissions. | Verify apparent temperature data source is objective weather station or reanalysis data rather than self-report. | Confirm DLNM/quasi-Poisson model outputs include lag-specific or cumulative estimates with uncertainty.",none_identified,deepseek-v4-pro,deepseek-v4-pro,a3c3c92e-64d3-4730-b2c9-7e9cc5eec444,1661,1046,2707,2026-09-16T17:27:08Z,strict-inc-v1.0
D0013119,Suicide and ambient temperature: A multi-country multi-city study,2019,Environmental Health Perspectives,temperature,META_ELIGIBLE,temperature,objective_or_verifiable,case_crossover,yes,reported_with_uncertainty,eligible,eligible,high,"Multi-country daily time-series using time-stratified case-crossover analysis of objectively measured ambient temperature and suicide; reports RR 1.33 (95% CI 1.30, 1.36) at 27°C across 1,320,148 suicides.",,none_identified,deepseek-v4-pro,deepseek-v4-pro,9531573e-2ff6-4b24-ac14-2ddadc8d5f77,1830,665,2495,2026-09-16T17:27:05Z,strict-inc-v1.0
D0013169,How community vulnerability factors jointly affect multiple health outcomes after catastrophic storms,2020,Environment International,cyclone|flood,FULLTEXT_REVIEW,cyclone,objective_or_verifiable,time_series,yes,unclear,eligible,unclear_effect_extractability,medium,"Original ED-visit time-series compares Superstorm Sandy period to same calendar periods in other years, including mental disorders as an outcome. However, abstract reports only community vulnerability factor contributions (e.g., mental disorders 2.71%) and CVI accuracy, not a hazard-specific effect estimate with uncertainty for mental health.","Verify DLNM reports Sandy-period effect estimate with confidence interval for mental disorder ED visits. | Confirm mental disorders outcome definition corresponds to eligible psychiatric service use or diagnoses. | Check adjustment for seasonality, long-term trends, and time-varying confounders. | Confirm the extracted hazard effect is specific to Superstorm Sandy and not due only to flood-prone community characteristics. | Ensure quantitative effect is extractable from DLNM results rather than only ML variable-importance.",none_identified,deepseek-v4-pro,deepseek-v4-pro,95dc080c-dcfa-4b37-9887-b9a604c79bda,1785,2369,4154,2026-09-16T17:27:25Z,strict-inc-v1.0
D0013198,Twelve years later: The long-term mental health consequences of Hurricane Katrina,2019,Social Science & Medicine,cyclone,NARRATIVE_ONLY,cyclone,self_report_only,longitudinal_with_prebaseline,no,not_extractable,eligible,descriptive_or_predictor_only,high,"Abstract reports pre/post trajectories and covariate-adjusted predictors of long-term PTSD/distress, not a causal effect of objectively measured hurricane exposure. Exposure variation is hurricane-related traumatic events/housing damage (self-report); no credible counterfactual or extractable hazard effect with uncertainty.",,none_identified,deepseek-v4-pro,deepseek-v4-pro,135a206e-227c-40fa-971a-43ac1f51d3b9,1724,3694,5418,2026-09-16T17:27:42Z,strict-inc-v1.0
D0013208,Impact of Hurricane Katrina on mental health among US adults,2019,American Journal of Health Behavior,cyclone,FULLTEXT_REVIEW,cyclone,objective_or_verifiable,quasi_experimental,unclear,likely_extractable,eligible,unclear_effect_extractability,medium,Abstract reports a DiD estimate (0.68 poor mental health days) for Hurricane Katrina but no uncertainty and unclear comparison group. Full text must establish adjusted effect with SE/CI.,"Confirm difference-in-differences comparison group (e.g., unaffected states) and pre/post timing. | Report adjusted effect estimate with standard error/confidence interval for 0.68 poor mental health days. | Verify outcome measurement as BRFSS poor mental health days (past 30 days). | Confirm sample includes pre-Katrina baseline and post-Katrina follow-up.",none_identified,deepseek-v4-pro,deepseek-v4-pro,e6ac8a34-4884-4874-b359-c79974f11a17,1652,3310,4962,2026-09-16T17:27:34Z,strict-inc-v1.0
D0013270,Temperature and mental health: Evidence from the spectrum of mental health outcomes.,2019,Journal of health economics,temperature,FULLTEXT_REVIEW,temperature,objective_or_verifiable,unclear,unclear,likely_extractable,eligible,unclear_design,medium,Abstract indicates objective ambient temperature and mental health outcomes but does not specify the empirical design or report quantitative effect sizes/uncertainty; full text needed to verify credible counterfactual and extractable estimates.,"Specify empirical design: time-series, panel fixed effects, case-crossover, or other credible counterfactual. | Report temperature exposure measurement and temporal resolution. | Report quantitative effect estimates and uncertainty for mental health outcomes. | Confirm outcomes align with eligible definitions (ED mental illness, suicides, self-reported poor mental health).",none_identified,deepseek-v4-pro,deepseek-v4-pro,799215f2-ab8d-4fa2-8e39-b434477278c5,1529,1790,3319,2026-09-16T17:27:20Z,strict-inc-v1.0
D0013316,Life stress moderates the effects of preschool behavioral inhibition on anxiety in early adolescence,2020,Journal of Child Psychology and Psychiatry,cyclone,NARRATIVE_ONLY,cyclone,self_report_only,post_event_only,no,not_extractable,eligible,descriptive_or_predictor_only,high,"Longitudinal cohort examines whether hurricane-related stress and life events moderate the association between preschool BI and adolescent anxiety; no pre-event anxiety outcome, no hazard main effect on mental health reported, and disaster-related stress appears self-reported, so no hazard-effect estimate is extractable.",,none_identified,deepseek-v4-pro,deepseek-v4-pro,f2a92417-3266-4412-9924-1339f4bb0586,1677,1891,3568,2026-09-16T17:27:25Z,strict-inc-v1.0
D0013336,"Association between floods and hospital admissions for schizophrenia in Hefei, China: The lag effects of degrees of floods and time variation",2020,Science of the Total Environment,flood,META_ELIGIBLE,flood,objective_or_verifiable,time_series,yes,reported_with_uncertainty,eligible,eligible,high,Time-series Poisson DLNM over 2005-2014 in Hefei uses daily flood events as objective exposure and schizophrenia hospital admissions (psychiatric service use) as outcome; RRs with CIs are reported.,,none_identified,deepseek-v4-pro,deepseek-v4-pro,808a0cd9-7312-438f-b752-374acd109750,1755,2944,4699,2026-09-16T17:27:35Z,strict-inc-v1.0
D0013342,Medicaid utilization before and after a natural disaster in the 2016 Baton Rouge-area flood,2019,American Journal of Public Health,flood,FULLTEXT_REVIEW,flood,objective_or_verifiable,longitudinal_with_prebaseline,unclear,unclear,eligible,unclear_design,high,"Abstract reports pre/post behavioral health service use in a flood-affected Medicaid population, with pre-event baseline, but no unaffected comparison group or explicit interrupted time-series model and no uncertainty for the 66%/44% increases. Full text must establish causal design and adjusted effect estimates.","Confirm whether an interrupted time-series or controlled before-after design was used with monthly data, not just aggregate pre/post counts. | Confirm whether an unaffected comparison region/group or secular trend adjustment beyond Medicaid expansion was included. | Verify whether adjusted effect estimates with confidence intervals or standard errors are reported for behavioral health service use or diagnostic categories. | Confirm objective flood exposure assignment for affected individuals based on residence/service area.",unclear,deepseek-v4-pro,deepseek-v4-pro,3f5e70c8-46f8-45a1-bc0b-0208e040363a,1640,3398,5038,2026-09-16T17:27:44Z,strict-inc-v1.0
D0013453,"Impacts of heat and cold on hospitalizations for schizophrenia in Hefei, China: An assessment of disease burden",2019,Science of the Total Environment,temperature,FULLTEXT_REVIEW,temperature,objective_or_verifiable,time_series,yes,unclear,eligible,unclear_effect_extractability,medium,"Time-series Poisson DLNM of temperature and schizophrenia hospitalizations matches target design and outcome. However abstract reports only attributable fraction point (70.9%) without uncertainty or regression coefficients, so hazard effect extractability is unresolved.",Confirm temperature is outdoor ambient temperature from objective meteorological sources. | Confirm schizophrenia hospitalization counts are administrative records and qualify as psychiatric service use. | Verify DLNM time-series model uses daily within-city temporal temperature variation with minimum risk temperature reference. | Verify extractable heat and cold relative risks or attributable fractions include confidence intervals. | Confirm no self-report exposure or case-only post-event design is involved.,none_identified,deepseek-v4-pro,deepseek-v4-pro,45b0414c-428c-4a64-af21-3373474a7f43,1698,2210,3908,2026-09-16T17:27:33Z,strict-inc-v1.0
D0013593,"Exposure to multiple disasters: The long-term effect of Hurricane Sandy (October 29, 2012) on NYC survivors of the September 11, 2001 World Trade Center attack",2019,Psychiatry Research,cyclone,FULLTEXT_REVIEW,cyclone,unclear,longitudinal_with_prebaseline,unclear,likely_extractable,eligible,unclear_exposure_measurement,medium,"Relevant longitudinal cohort with pre-Sandy PTSD trajectories and post-Sandy outcome, but abstract does not specify how 'Sandy exposure' was measured (objective/verifiable vs self-report) or whether the analysis uses a credible temporal counterfactual. Hazard-specific adjusted effects are not reported, only described as significant in some trajectory groups.","Specify how Sandy exposure was measured (e.g., geocoded inundation/damage vs self-reported experiences). | Confirm whether the analysis estimates within-person pre/post change in PTSD rather than only cross-sectional group differences. | Report adjusted effect estimates for Sandy exposure on post-Sandy 9/11-related PTSD with uncertainty. | Clarify that pre-Sandy PTSD trajectory adequately controls for baseline outcome and confounding.",none_identified,deepseek-v4-pro,deepseek-v4-pro,c86d505d-de8d-435f-a390-687cd82f4a45,1704,4401,6105,2026-09-16T17:27:59Z,strict-inc-v1.0
D0013608,Toddler temperament mediates the effect of prenatal maternal stress on childhood anxiety symptomatology: The QF2011 queensland flood study,2019,International Journal of Environmental Research and Public Health,flood,NARRATIVE_ONLY,flood,objective_or_verifiable,post_event_only,no,unclear,eligible,no_pre_event_baseline,medium,"Flood cohort measured prenatal objective hardship and child anxiety/internalizing at 16 months and 4 years. Abstract shows post-event exposure gradient and longitudinal follow-up, but no pre-event baseline or unaffected comparison, so no credible counterfactual; no numeric hazard effect/uncertainty reported.",,none_identified,deepseek-v4-pro,deepseek-v4-pro,29954710-59f5-4af8-a68b-1cf52a534c18,1666,3894,5560,2026-09-16T17:27:57Z,strict-inc-v1.0
D0013644,"A cross-lagged panel analysis of children's sleep, attention, and mood in a prenatally stressed cohort: The QF2011 Queensland flood study",2019,Journal of Affective Disorders,flood,NARRATIVE_ONLY,flood,objective_or_verifiable,post_event_only,no,not_extractable,eligible,no_pre_event_baseline,high,"Post-flood cohort with child outcomes only at ages 2.5 and 4; no pre-event child mental-health baseline. Exposure is a severity gradient in objective prenatal flood hardship, not a credible counterfactual. Cross-lagged analysis among child symptoms lacks a hazard-specific effect on an eligible mental-health outcome.",,none_identified,deepseek-v4-pro,deepseek-v4-pro,8efea6b0-db9f-4a18-b676-26a011c4b64f,1780,4149,5929,2026-09-16T17:28:04Z,strict-inc-v1.0
D0013696,The immediate and lasting impact of Hurricane Sandy on pregnancy complications in eight affected counties of New York State,2019,Science of the Total Environment,cyclone,FULLTEXT_REVIEW,cyclone,objective_or_verifiable,time_series,yes,likely_extractable,eligible,unclear_effect_extractability,medium,Time-series study of Hurricane Sandy compares ED visits during Sandy to non-Sandy periods; mental illness ED visits increased 33.2% but no CI/adjusted effect is reported. Need full text to confirm psychiatric service use outcome and extractable effect with uncertainty.,Define 'ED visits of mental illness' as psychiatric service use or specify mental disorder categories included. | Report adjusted relative risk and 95% CI (or equivalent uncertainty) for mental illness ED visits attributable to Hurricane Sandy. | Confirm the mental-illness analysis uses the same time-series counterfactual (Sandy vs non-Sandy periods and 12 months after vs same months other years). | Verify mental illness result is not merely an unadjusted descriptive trajectory.,none_identified,deepseek-v4-pro,deepseek-v4-pro,74a34664-566b-4ce7-8dea-ea2b40e1e2cd,1756,2852,4608,2026-09-16T17:27:48Z,strict-inc-v1.0
D0013800,"Examining the association between apparent temperature and admissions for schizophrenia in Hefei, China, 2005–2014: A time-series analysis",2019,Science of the Total Environment,temperature,META_ELIGIBLE,temperature,objective_or_verifiable,time_series,yes,reported_with_uncertainty,eligible,eligible,high,"Time-series study using apparent temperature as objective exposure and schizophrenia hospitalizations as psychiatric service use; Poisson DLNM reports RRs with 95% CIs, satisfying causal meta-analysis criteria.",,none_identified,deepseek-v4-pro,deepseek-v4-pro,13d26a9e-2f73-4874-acff-edd7dc32f814,1741,629,2370,2026-09-16T17:27:27Z,strict-inc-v1.0
D0013871,Crisis support-seeking behavior and temperature in the United States: Is there an association in young adults and adolescents?,2019,Science of the Total Environment,temperature,FULLTEXT_REVIEW,temperature,objective_or_verifiable,time_series,yes,likely_extractable,eligible,unclear_effect_extractability,medium,"Time-series DLNM uses daily objective temperature and crisis mental-health service contacts, giving credible temporal variation. However, abstract reports only significant positive associations without effect sizes or uncertainty, so quantitative estimates must be verified in full text.","Report adjusted effect estimates and confidence intervals for maximum and minimum temperature on crisis events. | Confirm crisis events are mental-health-related service contacts (e.g., suicide, depression, anxiety) rather than non-mental health help-seeking. | Confirm objective temperature data source for each metropolitan area and temporal resolution. | Confirm DLNM model specification and adjustment for time-varying confounders.",none_identified,deepseek-v4-pro,deepseek-v4-pro,f6019ac4-117e-48d8-81d8-bbd55a40f3c4,1552,1649,3201,2026-09-16T17:27:42Z,strict-inc-v1.0
D0014028,Ambient temperature and associations with daily visits to a psychiatric emergency unit in Sweden,2019,International Journal of Environmental Research and Public Health,temperature,META_ELIGIBLE,temperature,objective_or_verifiable,case_crossover,yes,reported_with_uncertainty,eligible,eligible,high,"Case-crossover with distributed lag non-linear models using objectively measured daily mean temperature and daily psychiatric emergency visits. Reports hazard-specific percent increases with CIs for high and low temperature, satisfying causal counterfactual and extractable quantitative effect.",,none_identified,deepseek-v4-pro,deepseek-v4-pro,5b797514-138e-45bb-bade-15c6786dbf49,1738,741,2479,2026-09-16T17:27:33Z,strict-inc-v1.0
D0014064,After the Fort McMurray wildfire there are significant increases in mental health symptoms in grade 7–12 students compared to controls,2019,BMC Psychiatry,wildfire,NARRATIVE_ONLY,wildfire,objective_or_verifiable,cross_sectional,no,likely_extractable,eligible,no_pre_event_baseline,high,"Post-wildfire Fort McMurray 2017 survey is compared with Red Deer 2014 controls; exposed outcomes are measured only after the event with no pre-event baseline, so affected-vs-unaffected comparison is not a credible counterfactual.",,none_identified,deepseek-v4-pro,deepseek-v4-pro,1517d9da-03d4-42cd-a694-06a432c0431d,1956,5473,7429,2026-09-16T17:28:20Z,strict-inc-v1.0
D0014134,Infant Temperament: Repercussions of Superstorm Sandy-Related Maternal Stress.,2019,Child psychiatry and human development,cyclone,EXCLUDE,cyclone,self_report_only,post_event_only,no,not_extractable,ineligible,wrong_outcome,high,"Outcome is infant temperament (negative affect, emotion regulation) at 6 months, which is not in the eligible mental-health outcome list. Exposure also relies on maternal self-report of storm stress.",,none_identified,deepseek-v4-pro,deepseek-v4-pro,9a94f802-1f32-4007-b81f-c3740d7066cc,1597,2432,4029,2026-09-16T17:27:54Z,strict-inc-v1.0
D0014357,Predictors of child resilience in a community-based cohort facing flood as natural disaster,2020,BMC Psychiatry,flood,NARRATIVE_ONLY,flood,self_report_only,post_event_only,no,not_extractable,eligible,no_pre_event_baseline,high,"Child resilience was assessed once 6 months post-flood by mother-report and compared across more vs less/not exposed children. No pre-event outcome or credible counterfactual; reports predictors, not a hazard effect with uncertainty.",,none_identified,deepseek-v4-pro,deepseek-v4-pro,30d3a34f-bce6-4ec9-a7cc-737343453ee6,1776,3610,5386,2026-09-16T17:28:06Z,strict-inc-v1.0
D0014393,The dynamic course of psychological outcomes following the Victorian Black Saturday bushfires,2021,Australian and New Zealand Journal of Psychiatry,wildfire,NARRATIVE_ONLY,wildfire,objective_or_verifiable,post_event_only,no,not_extractable,eligible,no_pre_event_baseline,high,"Longitudinal post-disaster cohort of Black Saturday survivors measured at 3-4, 5, and 10 years after fires; no pre-fire baseline or unaffected counterfactual, only post-event trajectories and prevalence. Does not estimate a causal hazard effect.",,none_identified,deepseek-v4-pro,deepseek-v4-pro,f2495f9b-e84d-4a17-a988-1947d6b0d369,1839,1505,3344,2026-09-16T17:27:50Z,strict-inc-v1.0
D0014471,Predisaster predictors of posttraumatic stress symptom trajectories: An analysis of lowincome women in the aftermath of Hurricane Katrina,2020,PLoS ONE,cyclone,NARRATIVE_ONLY,cyclone,ineligible,descriptive,no,not_extractable,eligible,descriptive_or_predictor_only,high,"Study uses a Hurricane Katrina cohort with predisaster baseline and three postdisaster waves but models latent PTSS trajectories and predisaster predictors, adjusting for disaster exposure; no quantitative hazard effect on mental health is reported. Descriptive/predictor analysis, unsuitable for causal meta-analysis.",,none_identified,deepseek-v4-pro,deepseek-v4-pro,3f0b3476-1a1f-4bc5-ab33-5827554c9230,1794,1889,3683,2026-09-16T17:27:55Z,strict-inc-v1.0
D0014509,Suicide and apparent temperature in the two capitals cities in the Iberian Peninsula,2020,Social Science & Medicine,temperature,META_ELIGIBLE,temperature,objective_or_verifiable,time_series,yes,reported_with_uncertainty,eligible,eligible,high,"Time-series study using objective Apparent Temperature and suicide. Quasi-Poisson DLNM reports statistically significant RR 2.7 at 38°C vs 20.62 at 7-day lag, providing an extractable adjusted effect.",,none_identified,deepseek-v4-pro,deepseek-v4-pro,f65c9d33-2030-41d8-a892-7e662d088ab5,1696,4056,5752,2026-09-16T17:28:15Z,strict-inc-v1.0
D0014521,"Socioeconomic level and associations between heat exposure and all-cause and cause-specific hospitalization in 1,814 Brazilian cities: A nationwide case-crossover study",2020,PLoS Medicine,temperature,META_ELIGIBLE,temperature,objective_or_verifiable,case_crossover,yes,reported_with_uncertainty,eligible,eligible,high,Uses daily weather data for heat exposure in a time-stratified case-crossover design and reports heat-related hospitalization for mental health conditions with 95% CI: 17.2% (8.4–26.8) in LMI cities and 5.5% (-1.4 to 13.0) in HI cities per 5°C increase. Meets all target criteria.,,none_identified,deepseek-v4-pro,deepseek-v4-pro,a51e7912-6438-4d2b-9be3-e42e764ae772,2266,968,3234,2026-09-16T17:27:45Z,strict-inc-v1.0
D0014583,Positive cognitive appraisal “buffers” the long-term effect of peritraumatic distress on maternal anxiety: The Queensland Flood Study,2021,Journal of Affective Disorders,flood,NARRATIVE_ONLY,flood,self_report_only,post_event_only,no,not_extractable,eligible,no_pre_event_baseline,high,"All participants were exposed to the 2011 Queensland flood during pregnancy; outcomes were measured only after childbirth (16 months to 6 years) with no pre-disaster mental health baseline. Self-reported peritraumatic distress and appraisal were the significant predictors, while objective flood hardship was null; no credible counterfactual or hazard-specific extractable effect.",,none_identified,deepseek-v4-pro,deepseek-v4-pro,9d450265-27e0-4237-9157-364f08b8eb9a,1737,4783,6520,2026-09-16T17:28:33Z,strict-inc-v1.0
D0014664,"Quasi-experimental evaluation of text-based crisis patterns in youth following Hurricane Florence in the Carolinas, 2018",2021,Science of the Total Environment,cyclone,META_ELIGIBLE,cyclone,objective_or_verifiable,time_series,yes,reported_with_uncertainty,eligible,eligible,high,"Retrospective interrupted time-series of crisis text volume before and after Hurricane Florence. Reports immediate and sustained increases for stress/anxiety, depression, and suicidal thoughts with SE and p values; objective cyclone exposure and credible pre-post counterfactual.",,none_identified,deepseek-v4-pro,deepseek-v4-pro,9f81f202-30be-4f98-b724-3fb680fc1357,1785,1302,3087,2026-09-16T17:27:57Z,strict-inc-v1.0
D0014716,A life‐course model of trauma exposure and mental health among low‐income survivors of Hurricane Katrina,2020,Journal of Traumatic Stress,cyclone,NARRATIVE_ONLY,cyclone,self_report_only,longitudinal_with_prebaseline,no,not_extractable,eligible,descriptive_or_predictor_only,high,Abstract describes a path model of self-reported lifetime and disaster trauma exposure predicting PTSS and distress among Katrina survivors. It does not report objective hurricane hazard variation or a hazard effect on mental health.,,none_identified,deepseek-v4-pro,deepseek-v4-pro,1741f923-09d7-4ac2-8a80-a5b402309690,1724,5371,7095,2026-09-16T17:28:41Z,strict-inc-v1.0
D0014778,Association between ambient temperature and injury by intentions and mechanisms: A case-crossover design with a distributed lag nonlinear model,2020,Science of the Total Environment,temperature,FULLTEXT_REVIEW,temperature,objective_or_verifiable,case_crossover,yes,unclear,eligible,unclear_effect_extractability,medium,"Temperature case-crossover with DLNM uses emergency injury data and mentions self-harm among intentional injuries, but abstract reports only combined 'self-harm and assault' significant at high temperatures without a self-harm-specific estimate or uncertainty.",Report self-harm separately from assault/intentional injuries | Provide self-harm-specific effect estimate with confidence intervals and lag structure | Confirm time-stratified case-crossover design and daily mean temperature exposure | Confirm adjustment for time-varying confounders,none_identified,deepseek-v4-pro,deepseek-v4-pro,942c3e64-3d37-42a8-b5fa-8053400f4b1d,1725,2487,4212,2026-09-16T17:28:11Z,strict-inc-v1.0
D0014788,Extremes in water availability and suicide: Evidence from a nationally representative sample of rural Indian adults,2020,Environmental Research,drought,META_ELIGIBLE,drought,objective_or_verifiable,panel_fixed_effects,yes,reported_with_uncertainty,eligible,eligible,high,"District fixed-effects Poisson model uses SPEI from precipitation/temperature as objective drought/water-availability exposure and reports suicide effect sizes with 95% CIs (wet: 18.7% [6.2,31.2]; dry: 3.6% [-17.9,25.0]).",,none_identified,deepseek-v4-pro,deepseek-v4-pro,b71841d5-7a47-4aa8-882e-214ecd22972e,1734,1857,3591,2026-09-16T17:28:05Z,strict-inc-v1.0
D0014835,The effect of temperature on cause-specific mental disorders in three subtropical cities: A case-crossover study in China,2020,Environment International,temperature,META_ELIGIBLE,temperature,objective_or_verifiable,case_crossover,yes,reported_with_uncertainty,eligible,eligible,high,"Case-crossover study with distributed lag nonlinear model uses daily psychiatric hospital morbidity and ambient temperature as objective exposure. Reports cause-specific mental disorder ORs with 95% CIs for cold and heat, meeting eligibility criteria.",,none_identified,deepseek-v4-pro,deepseek-v4-pro,24ebd5aa-970b-46a2-9b30-69efa06a9805,1884,1195,3079,2026-09-16T17:28:00Z,strict-inc-v1.0
D0014989,Increased incidence of stress-associated illnesses among elderly after Typhoon Morakot,2021,Journal of the Formosan Medical Association,cyclone,FULLTEXT_REVIEW,cyclone,objective_or_verifiable,time_series,unclear,unclear,eligible,unclear_design,medium,"Abstract reports pre-post increases in stress-associated illness visits after Typhoon Morakot, suggesting longitudinal pre-baseline design, but lacks adjusted estimates/uncertainty and credible counterfactual. Full text must confirm analytic design and effect extraction.",Confirm whether an interrupted time-series/regression with pre-disaster baseline and adjustment for trends/seasonality was used. | Check whether hazard effects are reported with uncertainty (95% CI or p-values) rather than only percentage increases. | Verify exposure classification of affected area is objective/administrative and defines population-based cohort. | Verify whether effect estimates are adjusted for confounders and reported as extractable adjusted incidence ratios/risk ratios. | Confirm no overlapping samples or duplicate reporting of the same cohort in other included studies.,none_identified,deepseek-v4-pro,deepseek-v4-pro,7b763feb-6315-402e-a7fd-345323414a3e,1704,4683,6387,2026-09-16T17:28:38Z,strict-inc-v1.0
D0015002,Cross sectional analysis of depression amongst Australian rural business owners following cyclone-related flooding,2020,Journal of Occupational Medicine and Toxicology,flood|cyclone,NARRATIVE_ONLY,flood,self_report_only,cross_sectional,no,reported_with_uncertainty,eligible,cross_sectional,high,Single-wave cross-sectional survey six months after flooding; flood exposure and depression were measured by self-report in the same survey; no pre-event baseline or credible counterfactual. Reports adjusted ORs with CIs but design cannot estimate causal hazard effects.,,none_identified,deepseek-v4-pro,deepseek-v4-pro,a6c316d5-83e9-4a81-8e7f-26bb2cc11c58,1862,2923,4785,2026-09-16T17:28:19Z,strict-inc-v1.0
D0015008,"Disaster-related prenatal maternal stress, and childhood HPA-axis regulation and anxiety: The QF2011 Queensland Flood Study",2020,Psychoneuroendocrinology,flood,NARRATIVE_ONLY,flood,self_report_only,post_event_only,no,not_extractable,eligible,no_pre_event_baseline,high,"Exposed-only cohort of women pregnant during 2011 Queensland floods; no pre-event or unexposed counterfactual; exposure is self-reported PNMS via questionnaires; abstract reports mediation by toddler cortisol, not a quantitative flood-anxiety effect.",,none_identified,deepseek-v4-pro,deepseek-v4-pro,4a026e40-5019-4699-bfde-f641157f96bc,1792,1919,3711,2026-09-16T17:28:14Z,strict-inc-v1.0
D0015043,"Short-term effect of apparent temperature on daily emergency visits for mental and behavioral disorders in Beijing, China: A time-series study",2020,Science of the Total Environment,temperature,META_ELIGIBLE,temperature,objective_or_verifiable,time_series,yes,reported_with_uncertainty,eligible,eligible,high,"Time-series study of daily apparent temperature and emergency visits for mental and behavioral disorders using quasi-Poisson GAM with DLNM; reports RR with 95% CI for temperature effects, satisfying objective exposure, eligible psychiatric service use outcome, temporal counterfactual, and extractable hazard effect.",,none_identified,deepseek-v4-pro,deepseek-v4-pro,47de9891-79f2-480f-b2c8-66c412c8b2ab,1769,629,2398,2026-09-16T17:28:02Z,strict-inc-v1.0
D0015062,"Hot weather and suicide deaths among older adults in hong kong, 1976–2014: A retrospective study",2020,International Journal of Environmental Research and Public Health,temperature,FULLTEXT_REVIEW,temperature,objective_or_verifiable,time_series,yes,likely_extractable,eligible,unclear_effect_extractability,high,Abstract supports time-series analysis of objective ambient temperature and older-adult suicide deaths but does not report quantitative effect estimates or uncertainty; full text must confirm extractable adjusted hazard effect.,"Report quantitative effect estimates (e.g., rate ratio/percent change) with confidence intervals for temperature-suicide association. | Confirm transfer function time-series models adjusted for seasonality, trends, and autocorrelation with within-unit temporal variation. | Confirm exposure from objective meteorological records and outcome from suicide death registries. | Verify extractable hazard-specific estimates for violent and nonviolent suicide methods.",none_identified,deepseek-v4-pro,deepseek-v4-pro,dc6417f1-c619-452d-a564-42017cb1f8a5,1667,1478,3145,2026-09-16T17:28:12Z,strict-inc-v1.0
D0015156,Reciprocal effects of maternal and child internalizing symptoms before and after a natural disaster,2020,Journal of Family Psychology,cyclone,NARRATIVE_ONLY,cyclone,self_report_only,longitudinal_with_prebaseline,no,not_extractable,eligible,self_report_exposure_only,high,"Mothers self-reported family stress exposure from Hurricane Sandy; no objective or externally verifiable hazard variation. Abstract reports reciprocal symptom associations, not a quantitative hazard effect on mental health outcomes.",,none_identified,deepseek-v4-pro,deepseek-v4-pro,10c8f07a-a52a-438d-be99-8828b30fd5fc,1688,1990,3678,2026-09-16T17:28:17Z,strict-inc-v1.0
D0015239,Impact of flooding on health-related quality of life in England: Results from the National Study of Flooding and Health,2020,European Journal of Public Health,flood,NARRATIVE_ONLY,flood,unclear,post_event_only,no,reported_with_uncertainty,eligible,no_pre_event_baseline,high,"Flood cohort assessed only 2 and 3 years post-flooding; compares flooded/disrupted vs unaffected groups with adjusted regression, but no pre-flood baseline or within-unit temporal exposure variation. Post-event affected/unaffected contrast alone is not a credible counterfactual.",,none_identified,deepseek-v4-pro,deepseek-v4-pro,6b1d361b-bc38-49ca-8594-73369a63f57f,1842,2312,4154,2026-09-16T17:28:22Z,strict-inc-v1.0
D0015241,The English National Cohort Study of Flooding & Health: psychological morbidity at three years of follow up,2020,BMC public health,flood,NARRATIVE_ONLY,flood,unclear,post_event_only,no,reported_with_uncertainty,eligible,no_pre_event_baseline,high,"Post-flood cohort established in 2015; outcomes measured at three-year follow-up with no reported pre-flood baseline. Flooded vs unaffected comparisons are post-event exposure gradient without a credible counterfactual. Exposure measurement is not described, and reported aORs cannot support causal inference.",,none_identified,deepseek-v4-pro,deepseek-v4-pro,681a376c-73ec-4584-aa78-feae58560b4f,1858,4774,6632,2026-09-16T17:28:51Z,strict-inc-v1.0
D0015253,Temperature and self-reported mental health in the United States,2020,Plos One,temperature,META_ELIGIBLE,temperature,objective_or_verifiable,panel_fixed_effects,yes,likely_extractable,eligible,eligible,medium,"Uses historical daily weather matched to individual-level data and exploits within-county temperature variation over time. Outcome is self-reported bad mental health days. Abstract reports directional temperature effects and WTP estimates, indicating extractable quantitative effects.",,none_identified,deepseek-v4-pro,deepseek-v4-pro,8df76911-61e2-4d91-a2e9-47ee1485ab55,1534,2744,4278,2026-09-16T17:28:30Z,strict-inc-v1.0
D0015265,The effects of temperature on accident and emergency department attendances in London: A time-series regression analysis,2020,International Journal of Environmental Research and Public Health,temperature,FULLTEXT_REVIEW,temperature,objective_or_verifiable,time_series,yes,likely_extractable,eligible,unclear_effect_extractability,high,"Time-series regression with ambient temperature and psychiatric emergency presentations is eligible, but the abstract reports no psychiatric-specific effect size or confidence interval, only a statement of significant increase. Full text must provide quantitative psychiatric hazard effect and uncertainty.",Confirm psychiatric presentation-specific percent change and 95% CI from the time-series model. | Verify psychiatric presentations are defined as mental health-related A&E attendances. | Check adjustment for seasonal and long-term trends and any temperature lag structure.,none_identified,deepseek-v4-pro,deepseek-v4-pro,d397ca8f-3ae5-4da4-a825-84b279840c6e,1709,1190,2899,2026-09-16T17:28:18Z,strict-inc-v1.0
D0015268,Suicide behavior and meteorological characteristics in hot and arid climate,2020,Environmental Research,temperature,META_ELIGIBLE,temperature,objective_or_verifiable,case_crossover,yes,reported_with_uncertainty,eligible,eligible,high,Original study of 3100 ED suicide attempts in Be'er Sheva 2002-2017. Uses time-stratified case-crossover and time-series designs with objective temperature exposure. Reports OR 1.59 (95% CI 1.22-2.08) per 5°C summer increase and IRR cumulative effect with CIs. Eligible outcome (suicide attempt). Meets meta-analysis criteria.,,none_identified,deepseek-v4-pro,deepseek-v4-pro,977918a9-a7e5-4eda-b554-f29f551ca71b,1840,1050,2890,2026-09-16T17:28:17Z,strict-inc-v1.0
D0015343,"The impact of extreme heat and heat waves on emergency ambulance dispatches due to external cause in Shenzhen, China",2020,Environmental Pollution,temperature,META_ELIGIBLE,temperature,objective_or_verifiable,time_series,yes,reported_with_uncertainty,eligible,eligible,high,"DLNM time-series with quasi-Poisson uses objectively measured daily temperature in Shenzhen 2013-2017; reports heatwave RR for suicidal behaviors (RR 4.53, 95% CI 1.23-16.68), an eligible suicide/self-harm outcome, with uncertainty.",,none_identified,deepseek-v4-pro,deepseek-v4-pro,5643bcb8-94b3-4e37-953e-6e39d48f542d,1792,1169,2961,2026-09-16T17:28:18Z,strict-inc-v1.0
D0015380,The Short- and Long-Term Impacts of Hurricane Irma on Florida Agricultural Leaders as Early Emergency Responders: The Importance of Workplace Stability.,2020,International journal of environmental research and public health,cyclone,NARRATIVE_ONLY,cyclone,unclear,post_event_only,no,likely_extractable,eligible,no_pre_event_baseline,high,"Post-event cohort of 36 Extension Agents assessed at 2 months and 1 year after Hurricane Irma, with no pre-event outcome or comparison group. Exposure is personal/home and work-related hurricane impacts; regression estimates are damage-severity associations with anxiety/depression rather than a credible hazard counterfactual.",,none_identified,deepseek-v4-pro,deepseek-v4-pro,9fbf7c12-9c5e-4f34-b445-1cc2db25d15f,1629,4035,5664,2026-09-16T17:28:51Z,strict-inc-v1.0
D0015499,Neuropsychological Outcomes of Exposure to Hurricane Katrina and Relocation,2020,Disaster medicine and public health preparedness,cyclone,NARRATIVE_ONLY,cyclone,objective_or_verifiable,post_event_only,no,unclear,eligible,no_pre_event_baseline,high,"Post-event comparison of relocated Katrina survivors vs matched controls, with no pre-event mental-health baseline or temporal counterfactual; although PTSD and depressive symptoms are eligible outcomes, this design cannot estimate a hazard effect.",,none_identified,deepseek-v4-pro,deepseek-v4-pro,2b7141f3-7211-4c24-b788-9f77fa2f3c0f,1649,2430,4079,2026-09-16T17:28:37Z,strict-inc-v1.0
D0015509,"Monitoring Emergency Department Visits From Puerto Rico in the Aftermath of Hurricane Maria Using Syndromic Surveillance - New York City, 2017",2020,Disaster medicine and public health preparedness,cyclone,NARRATIVE_ONLY,cyclone,objective_or_verifiable,descriptive,no,not_extractable,eligible,descriptive_or_predictor_only,high,"Syndromic surveillance comparing aggregate NYC ED visits 8 weeks before vs after Hurricane Maria using Fisher exact. Mental illness visits increased but were not statistically significant; no quantitative hazard effect or credible counterfactual is reported, so unsuitable for causal meta-analysis.",,none_identified,deepseek-v4-pro,deepseek-v4-pro,e08bd7a6-d673-433a-8af6-e9ad37d5285a,1660,2503,4163,2026-09-16T17:28:42Z,strict-inc-v1.0
D0015572,Examining fine particulate matter and cause-specific morbidity during the 2017 North San Francisco Bay wildfires,2021,Science of the Total Environment,wildfire,FULLTEXT_REVIEW,wildfire,objective_or_verifiable,time_series,unclear,likely_extractable,eligible,unclear_effect_extractability,medium,"Uses county-level PM2.5 during wildfire and daily mental/behavioral EDVs with Poisson time-series; objective exposure and eligible psychiatric service use outcome. However abstract reports only that mental/behavioral EDV decreases were observed and sensitive to model specification, with no quantitative effect estimate or uncertainty, so full text must provide a hazard-specific mental-health effect.","Report adjusted rate ratios/RRs and 95% CIs for mental/behavioral EDVs per PM2.5 increase, overall and during wildfire period. | Confirm mental/behavioral EDVs represent psychiatric/mental-health visits and are eligible psychiatric service use. | Verify PM2.5 exposure is objectively monitored/modelled and wildfire-attributed rather than self-reported. | Describe time-series adjustment and sensitivity to time-related covariates for the mental/behavioral outcome. | Confirm mental/behavioral effect is extractable and not only a non-quantified sensitivity statement.",none_identified,deepseek-v4-pro,deepseek-v4-pro,d774bd08-a290-418c-8e77-015b36a82612,1891,3248,5139,2026-09-16T17:28:50Z,strict-inc-v1.0
D0015599,Resilience after natural disasters: The process of harnessing resources in communities differentially exposed to a flood,2021,European Journal of Psychotraumatology,flood,NARRATIVE_ONLY,flood,objective_or_verifiable,cross_sectional,no,not_extractable,eligible,descriptive_or_predictor_only,high,"Single post-flood cross-sectional survey 1.5 years after disaster in affected vs non-flooded communities; no pre-event baseline and results model resource correlates of PTSD/depression/life satisfaction, not a flood effect on outcomes.",,none_identified,deepseek-v4-pro,deepseek-v4-pro,9b468e7f-543c-458a-b09b-0b2a30db3f1f,1765,1602,3367,2026-09-16T17:28:34Z,strict-inc-v1.0
D0015733,Understanding the concurrent risk of mental health and dangerous wildfire events in the COVID-19 pandemic.,2022,The Science of the total environment,wildfire,FULLTEXT_REVIEW,wildfire,objective_or_verifiable,quasi_experimental,yes,likely_extractable,eligible,unclear_effect_extractability,medium,"Abstract describes quasi-experimental ITS and DiD of wildfire exposure on mental health crisis help-seeking but reports only 'no statistical association' without effect size or uncertainty, so full text needed to verify extractable adjusted estimate.","Report quantitative effect estimate and uncertainty (e.g., coefficient/CI/p-value) for wildfire-specific association with crisis texts | Describe how wildfire exposure is objectively measured (e.g., event dates, affected areas, smoke/air quality) | Specify DiD/ITS pre-wildfire baseline periods, comparison groups, and adjustment for COVID-19 time trends | Confirm crisis texts/help-seeking counts represent a measured mental-health service use outcome",none_identified,deepseek-v4-pro,deepseek-v4-pro,d4be4a7d-7345-4c39-95b4-be27a1607e04,1612,2602,4214,2026-09-16T17:28:44Z,strict-inc-v1.0
D0015746,Ambient heat and risks of emergency department visits among adults in the United States: Time stratified case crossover study,2021,The BMJ,temperature,META_ELIGIBLE,temperature,objective_or_verifiable,case_crossover,yes,reported_with_uncertainty,eligible,eligible,high,Time-stratified case-crossover with objectively measured ambient heat and ED visits for mental disorders; reports 7.8% (95% CI 7.3-8.2%) for any-cause and 7.9% (5.2-10.7%) for mental disorders.,,none_identified,deepseek-v4-pro,deepseek-v4-pro,a83b658d-1072-488e-812a-f7eaea9ad34a,1832,1115,2947,2026-09-16T17:28:29Z,strict-inc-v1.0
D0015764,Neural vulnerability and hurricane-related media are associated with post-traumatic stress in youth,2021,Nature Human Behaviour,cyclone,NARRATIVE_ONLY,cyclone,self_report_only,unclear,no,unclear,eligible,self_report_exposure_only,high,"Eligible hurricane-PTSD topic and longitudinal data, but abstract states both objective exposure and media exposure were self-reported; no externally verifiable hazard variation is described, making it unsuitable for the causal meta-analysis.",,none_identified,deepseek-v4-pro,deepseek-v4-pro,8e655431-5eff-4d85-8d62-1ff3cc469e17,1605,2337,3942,2026-09-16T17:28:43Z,strict-inc-v1.0
D0015776,﻿Correlating heatwaves and relative humidity with suicide (fatal intentional self-harm).,2021,Scientific reports,temperature,FULLTEXT_REVIEW,temperature,objective_or_verifiable,unclear,unclear,likely_extractable,eligible,unclear_design,medium,"Negative binomial Poisson regression of suicide on heatwaves/relative humidity across 60 countries 1979-2016 suggests longitudinal panel/time-series, but abstract does not specify within-unit temporal variation, fixed effects, or adjustment, and reports only significance, no effect sizes/uncertainty; correlation language leaves causal counterfactual unclear.","Confirm exposure uses objective meteorological heatwave/humidity data, not self-report. | Verify analytic design includes within-country temporal exposure variation and credible controls (e.g., country fixed effects, time trends). | Confirm extractable hazard-specific quantitative effect sizes with uncertainty are reported. | Clarify whether relative humidity is a main exposure or covariate and whether a heatwave-only estimate is separable.",none_identified,deepseek-v4-pro,deepseek-v4-pro,45b0a028-152a-4a5f-a1c1-feebc6171332,1573,2987,4560,2026-09-16T17:28:51Z,strict-inc-v1.0
D0015862,Investigating the association between temperature and hospital admissions for major psychiatric diseases: A study in Greece,2021,Journal of Psychiatric Research,temperature,META_ELIGIBLE,temperature,objective_or_verifiable,time_series,yes,likely_extractable,eligible,eligible,medium,Original time-series study uses objectively measured ambient/apparent temperature from National Observatory of Athens and Poisson regression adjusted for time trends to estimate 1-2% increase in monthly psychiatric admissions per 1°C; outcome is eligible psychiatric service use.,,none_identified,deepseek-v4-pro,deepseek-v4-pro,65787ad8-e49c-4d52-bda2-edb104c86ace,1630,5906,7536,2026-09-16T17:29:22Z,strict-inc-v1.0
D0015873,The effects of Hurricane Harvey on the physical and mental health of adults in Houston,2021,Health & Place,cyclone,FULLTEXT_REVIEW,cyclone,objective_or_verifiable,quasi_experimental,yes,likely_extractable,eligible,unclear_effect_extractability,medium,Abstract reports a natural-experiment pre/post estimate of Hurricane Harvey on poor mental health days (1.31 days/month) but no uncertainty or adjusted model details; full text must confirm extractable effect with CIs.,Verify that adjusted effect estimates include standard errors or confidence intervals. | Confirm poor mental health days outcome is measured with a validated instrument or clinical screener.,none_identified,deepseek-v4-pro,deepseek-v4-pro,f823d7fe-3359-4ec5-85ee-c95b6e802b81,1557,3193,4750,2026-09-16T17:28:56Z,strict-inc-v1.0
D0015931,"Ambient temperature and mental health hospitalizations in Bern, Switzerland: A 45-year time-series study",2021,PLoS ONE,temperature,META_ELIGIBLE,temperature,objective_or_verifiable,time_series,yes,reported_with_uncertainty,eligible,eligible,high,"Daily mental health hospitalizations over 45 years with objective grid-derived temperature and conditional quasi-Poisson distributed lag models; reports 4.0% (95% CI 2.0%, 7.0%) per 10°C increase, satisfying temporal quasi-experimental design and quantitative uncertainty.",,none_identified,deepseek-v4-pro,deepseek-v4-pro,f131dd9d-3bf0-4dac-b06e-60adea5a52a9,1808,1070,2878,2026-09-16T17:28:40Z,strict-inc-v1.0
D0015958,"High temperatures trigger suicide mortality in Brussels, Belgium: A case-crossover study (2002–2011)",2022,Environmental Research,temperature,META_ELIGIBLE,temperature,objective_or_verifiable,case_crossover,yes,reported_with_uncertainty,eligible,eligible,high,"Case-crossover study with objective station-measured daily temperature and suicide mortality. Reports cumulative RR and 95% CI for heat effects, directly extractable.",,none_identified,deepseek-v4-pro,deepseek-v4-pro,1bbfa686-ea74-4bea-9a7b-fb2a35bbcae4,1775,464,2239,2026-09-16T17:28:35Z,strict-inc-v1.0
D0016025,"Adverse childhood experiences, adult trauma, and depressive symptom trajectories",2022,Aging & Mental Health,cyclone,NARRATIVE_ONLY,cyclone,self_report_only,longitudinal_with_prebaseline,no,not_extractable,eligible,self_report_exposure_only,high,"Hurricane Sandy exposure is measured via subjective reports of fear/distress/peri-traumatic stress, not an objective or externally verifiable hazard measure. The primary predictors are ACEs and subjective trauma, so no hazard effect with credible counterfactual is extractable.",,none_identified,deepseek-v4-pro,deepseek-v4-pro,d8bf0585-87b2-4349-a8a1-b435d3c37e00,1684,1666,3350,2026-09-16T17:28:51Z,strict-inc-v1.0
D0016027,New insights into the relationship between drought and mental health emerging from the Australian Rural Mental Health Study,2021,Frontiers in Psychiatry,drought,FULLTEXT_REVIEW,drought,unclear,panel_fixed_effects,yes,likely_extractable,eligible,unclear_exposure_measurement,medium,Abstract reports panel data and longitudinal drought exposure with mental health outcomes but does not specify how drought exposure was objectively measured or report quantitative effect sizes/uncertainty.,"Verify drought exposure was measured using an objective/verifiable index (e.g., rainfall, soil moisture, official drought declaration) rather than self-report. | Confirm the panel analysis uses within-person temporal variation and a credible counterfactual (e.g., fixed effects) rather than cross-sectional comparisons. | Confirm quantitative effect sizes and confidence intervals for drought-mental health associations are reported or extractable. | Confirm baseline/pre-drought mental health measurement and timing of exposure relative to outcomes.",none_identified,deepseek-v4-pro,deepseek-v4-pro,1d663298-1b8f-4632-b008-6fab98626c0b,1609,4860,6469,2026-09-16T17:29:23Z,strict-inc-v1.0
D0016133,How do non-catastrophic natural disasters impact middle-aged-to-older persons? Using baseline Canadian longitudinal study on aging data to explore psychological outcomes associated with the 2013 Calgary flood,2022,Canadian Journal on Aging,flood,NARRATIVE_ONLY,flood,objective_or_verifiable,cross_sectional,no,not_extractable,eligible,cross_sectional,high,"Abstract describes comparing baseline CLSA participants interviewed in 6 months before vs after the 2013 Calgary flood, stratified by evacuation status; CLSA baseline is per-participant cross-sectional, so no within-person pre-event outcome or credible counterfactual. Reported results are covariate associations (income, sex, living alone) and pre/post group differences, not a hazard-effect estimate with uncertainty.",,none_identified,deepseek-v4-pro,deepseek-v4-pro,71dbf5ba-34fd-4362-b0ed-57556f2fbfb9,1620,3447,5067,2026-09-16T17:29:12Z,strict-inc-v1.0
D0016145,"Temporal trends of the association between temperature variation and hospitalizations for schizophrenia in Hefei, China from 2005 to 2019: a time-varying distribution lag nonlinear model",2022,Environmental science and pollution research international,temperature,META_ELIGIBLE,temperature,objective_or_verifiable,time_series,yes,reported_with_uncertainty,eligible,eligible,high,"Daily 15-year time-series of schizophrenia hospitalizations and objective meteorological temperature-variation indicators; Poisson time-varying DLNM provides within-unit temporal counterfactual; adjusted risk estimates reported for psychiatric service use, meeting causal time-series criteria.",,none_identified,deepseek-v4-pro,deepseek-v4-pro,4361edd9-cd63-4bb0-b760-3ca76870c014,1892,2592,4484,2026-09-16T17:29:04Z,strict-inc-v1.0
D0016223,The association between drought conditions and increased occupational psychosocial stress among U.S. farmers: An occupational cohort study,2021,Science of the Total Environment,drought,META_ELIGIBLE,drought,objective_or_verifiable,panel_fixed_effects,yes,reported_with_uncertainty,eligible,eligible,high,"Repeated-measures cohort with six-monthly JCQ job strain ratio (occupational psychosocial stress), drought via 12-month SPI; longitudinal mixed model yields within-farmer temporal contrast; effect 0.031 (95% CI 0.012-0.05).",,none_identified,deepseek-v4-pro,deepseek-v4-pro,68342027-f053-4b52-8c2a-efea4a16ac43,1721,1963,3684,2026-09-16T17:28:58Z,strict-inc-v1.0
D0016252,Effects of different heat exposure patterns (accumulated and transient) and schizophrenia hospitalizations: a time-series analysis on hourly temperature basis,2021,Environmental science and pollution research international,temperature,META_ELIGIBLE,temperature,objective_or_verifiable,time_series,yes,reported_with_uncertainty,eligible,eligible,high,"Time-series analysis using hourly objective temperature and DLNM to estimate effects on schizophrenia hospitalizations, a psychiatric service use outcome. Reports RR per IQR with 95% CI, satisfying temporal counterfactual and extractable effect.",,none_identified,deepseek-v4-pro,deepseek-v4-pro,6e0f92e1-116f-430e-91ec-2ff1c378a75e,1724,704,2428,2026-09-16T17:28:48Z,strict-inc-v1.0
D0016381,"Association between extreme temperatures and emergency room visits related to mental disorders: A multi-region time-series study in New York, USA",2021,Science of the Total Environment,temperature,FULLTEXT_REVIEW,temperature,objective_or_verifiable,time_series,yes,likely_extractable,eligible,unclear_effect_extractability,high,"Time-series DLNM with objective temperature and mental-health ER visits meets design and outcome criteria, but abstract reports only positive associations without numeric effect estimates or uncertainty; extractability must be confirmed in full text.",Verify numeric hazard-specific effect estimates and confidence intervals for extreme heat and mental disorder ER visits. | Confirm temperature exposure source and spatial resolution are objective/externally verifiable. | Confirm ER mental disorder outcomes are from administrative records with validated ICD codes. | Check whether pooled and region-specific DLNM estimates include uncertainty measures extractable for meta-analysis.,none_identified,deepseek-v4-pro,deepseek-v4-pro,97091a83-b539-4a2c-830d-f4aecbac90d6,1712,1600,3312,2026-09-16T17:28:57Z,strict-inc-v1.0
D0016427,"Mental health consequences of adversity in Australia: National bushfires associated with increased depressive symptoms, while COVID-19 pandemic associated with increased symptoms of anxiety",2021,Frontiers in Psychology,wildfire,FULLTEXT_REVIEW,wildfire,unclear,longitudinal_with_prebaseline,unclear,unclear,eligible,unclear_effect_extractability,medium,"Original daily experience-sampling study in N=755 Australians 2018-2020 measured depression/anxiety/wellbeing before and during bushfires; supports within-person temporal exposure. Abstract reports significant bushfire effects but no numeric estimate/CI, so effect extractability is unclear. Full text must verify exposure coding, pre-event baseline, adjustment for time/COVID, and numeric effects.","Confirm bushfire exposure is objective/externally verifiable (dates/affected areas) and not self-reported. | Confirm pre-bushfire baseline and analytic model comparing within-person pre/during periods, separating COVID-19 period. | Extract numeric effect sizes with confidence intervals/standard errors for bushfire effects on depressive symptoms/wellbeing. | Check whether MoodPrism mental health outcomes are validated continuous scales. | Assess overlap with pandemic period and time trend control to isolate bushfire effect.",none_identified,deepseek-v4-pro,deepseek-v4-pro,9448365f-e1ff-440d-85c1-d860400be855,1734,2842,4576,2026-09-16T17:29:14Z,strict-inc-v1.0
D0016438,"Alcohol and other substance use by faculty, staff, and students in a university community during two hurricanes: Lessons for preventing risky misuse",2021,Journal of Community Psychology,cyclone,FULLTEXT_REVIEW,cyclone,objective_or_verifiable,unclear,unclear,unclear,eligible,unclear_effect_extractability,medium,"Abstract suggests repeated measures of emotions including anxiety across typical weekly and hurricane days, which could be eligible, but no quantitative hazard effect or uncertainty is reported for anxiety. Baseline timing and measurement validity need confirmation.","Confirm anxiety was measured with a validated mental-health instrument and analyzed as an outcome, not only as a correlate of substance use. | Confirm baseline 'typical weekly' emotions were collected prospectively before hurricane exposure, not retrospectively. | Report quantitative effect estimates with uncertainty for hurricane exposure on anxiety. | Confirm within-person repeated-measures design with adequate control for confounding and temporal trends. | Separate mental-health outcomes from substance use outcomes and report hazard-specific effects.",none_identified,deepseek-v4-pro,deepseek-v4-pro,b74fcc93-1dfc-42fd-af89-f0be16e99fd2,1651,3207,4858,2026-09-16T17:29:17Z,strict-inc-v1.0
D0016542,Natural disaster stress during pregnancy is linked to reprogramming of the placenta transcriptome in relation to anxiety and stress hormones in young offspring,2021,Molecular Psychiatry,cyclone,NARRATIVE_ONLY,cyclone,objective_or_verifiable,post_event_only,no,likely_extractable,eligible,no_pre_event_baseline,high,"Compares offspring of women pregnant during Hurricane Sandy vs non-Sandy controls, with anxiety and stress outcomes measured only at age 3-4. No pre-event baseline or credible counterfactual is described; exposed/unexposed post-event comparison alone is not eligible for causal meta-analysis.",,none_identified,deepseek-v4-pro,deepseek-v4-pro,e0a10d74-4880-415e-a182-7fd64abe1061,1705,4439,6144,2026-09-16T17:29:33Z,strict-inc-v1.0
D0016630,Trajectories of depression and anxiety symptoms during the COVID-19 pandemic in a representative Australian adult cohort,2021,Medical Journal of Australia,wildfire,EXCLUDE,wildfire,unclear,longitudinal_with_prebaseline,no,not_extractable,eligible,wrong_exposure,high,"The study examines trajectories of depression/anxiety during the COVID-19 pandemic, not an eligible climate hazard as the main exposure. Bushfire exposure is only one predictor of trajectory membership, with no objective hazard variation or hazard-specific quantitative effect reported.",,none_identified,deepseek-v4-pro,deepseek-v4-pro,f28d40ae-0163-4a99-94b7-eb7b29034496,1723,2067,3790,2026-09-16T17:29:11Z,strict-inc-v1.0
D0016661,The impact of early social support on subsequent health recovery after a major disaster: A longitudinal analysis.,2021,SSM - population health,cyclone,EXCLUDE,cyclone,ineligible,longitudinal_with_prebaseline,no,not_extractable,eligible,wrong_exposure,high,"Abstract examines social support soon after Hurricane Katrina as the exposure predicting mental and physical health recovery; the hurricane is only context/control (housing damage), and no hurricane hazard effect is estimated.",,unclear,deepseek-v4-pro,deepseek-v4-pro,e0e7ef84-f376-4b5c-ad2e-e8fc7172bed1,1599,1117,2716,2026-09-16T17:29:01Z,strict-inc-v1.0
D0016772,Effect of extreme temperatures on daily emergency room visits for mental disorders,2021,Environmental science and pollution research international,temperature,META_ELIGIBLE,temperature,objective_or_verifiable,time_series,yes,reported_with_uncertainty,eligible,eligible,high,"Daily time-series DLNM of ambient maximum temperature and ER visits for mental disorders; adjusted for trend, seasonality, day of week, precipitation; reports heat RR 1.16 (95% CI 1.06-1.27) and cold lag 14-day RR 1.25 (95% CI 1.08-1.45).",,none_identified,deepseek-v4-pro,deepseek-v4-pro,0944254e-ceb7-4084-b01f-0567d7635ce2,1745,618,2363,2026-09-16T17:28:58Z,strict-inc-v1.0
D0016776,Meteorological variables and suicidal behavior: Air pollution and apparent temperature are associated with high-lethality suicide attempts and male gender,2021,Frontiers in Psychiatry,temperature,NARRATIVE_ONLY,temperature,objective_or_verifiable,descriptive,no,not_extractable,eligible,descriptive_or_predictor_only,high,The abstract describes Mann-Kendall trend and cross-correlation analyses between meteorological variables and high-lethality suicide attempts. It reports a 75% correlation with apparent temperature but no quantitative causal effect with uncertainty or credible quasi-experimental counterfactual; this is a descriptive/predictor analysis.,,none_identified,deepseek-v4-pro,deepseek-v4-pro,d47b26df-6cab-4359-abec-8d70c60cc3e7,1708,2253,3961,2026-09-16T17:29:15Z,strict-inc-v1.0
D0016783,"Temporal trends of the association between extreme temperatures and hospitalisations for schizophrenia in Hefei, China from 2005 to 2014",2021,Occupational and Environmental Medicine,temperature,META_ELIGIBLE,temperature,objective_or_verifiable,time_series,yes,reported_with_uncertainty,eligible,eligible,high,"Time-series study with 10 years of schizophrenia hospitalisations and ambient temperature; quasi-Poisson DLNM estimates cold and heat effects with RR and 95% CI. Outcome is psychiatric service use, and temporal within-unit exposure variation provides credible counterfactual.",,none_identified,deepseek-v4-pro,deepseek-v4-pro,44f5d9a2-f6ff-44bd-8adc-c82e293e7688,1765,782,2547,2026-09-16T17:29:00Z,strict-inc-v1.0
D0016886,Association between ambient temperature and intentional injuries: A case-crossover analysis using ambulance transport records in Japan,2021,Science of the Total Environment,temperature,META_ELIGIBLE,temperature,objective_or_verifiable,case_crossover,yes,reported_with_uncertainty,eligible,eligible,high,"Time-stratified case-crossover with conditional quasi-Poisson and DLNM using objectively measured ambient temperature; reports RR 1.11 (95% CI 1.07-1.15) for self-harm ambulance transports, an eligible mental-health outcome.",,none_identified,deepseek-v4-pro,deepseek-v4-pro,6133eb65-0077-49dc-8b54-7c76979df3c5,1780,658,2438,2026-09-16T17:28:59Z,strict-inc-v1.0
D0016904,"Increasing impacts of temperature on hospital admissions, length of stay, and related healthcare costs in the context of climate change in Adelaide, South Australia",2021,Science of the Total Environment,temperature,FULLTEXT_REVIEW,temperature,objective_or_verifiable,time_series,yes,unclear,eligible,unclear_effect_extractability,high,"Daily time-series DLNM of objective temperature and hospital admissions includes mental health, but abstract only reports pooled temperature-attributable admissions/LoS/costs, not mental-health-specific estimate or uncertainty.",Report a mental-health-specific hospital admission effect estimate with uncertainty from the DLNM. | Confirm daily mean temperature is objectively measured from meteorological records. | Confirm within-unit temporal variation and a time-series counterfactual. | Provide an extractable adjusted effect for mental health admissions rather than pooled all-cause estimates. | Clarify whether mental health is classified as psychiatric hospital admissions and how ICD codes are defined.,none_identified,deepseek-v4-pro,deepseek-v4-pro,2854f0f2-197d-4655-a3eb-7c352c698022,1831,1221,3052,2026-09-16T17:29:09Z,strict-inc-v1.0
D0016928,"Birth outcomes, pregnancy complications, and postpartum mental health after the 2013 Calgary flood: A difference in difference analysis",2021,PLoS ONE,flood,FULLTEXT_REVIEW,flood,objective_or_verifiable,quasi_experimental,yes,unclear,eligible,unclear_effect_extractability,medium,"Abstract reports a difference-in-differences analysis of the 2013 Calgary flood using administrative data and includes postpartum depression/anxiety diagnosis or prescription as a mental health outcome. However, it only states 'no differences' without a quantitative flood effect estimate or uncertainty for the mental health outcome.",Confirm and extract adjusted DID effect estimate and confidence interval for postpartum depression/anxiety diagnosis or prescription. | Confirm mental health outcome case definitions and postpartum timing. | Confirm flood exposure assignment (flooded vs non-flooded areas) and pre-flood baseline comparability. | Confirm DID model specification and adjustment covariates beyond maternal age.,none_identified,deepseek-v4-pro,deepseek-v4-pro,8b340a7f-a6ae-43f3-a740-93938f987eab,1775,1651,3426,2026-09-16T17:29:16Z,strict-inc-v1.0
D0016941,"Outside the eye of the storm: Can moderate hurricane exposure improve social, psychological, and attachment functioning?",2021,Personality and Social Psychology Bulletin,cyclone,FULLTEXT_REVIEW,cyclone,unclear,quasi_experimental,unclear,unclear,eligible,multiple_issues,medium,"Abstract reports a prospective quasi-experimental cohort with pre/post hurricane assessments and matched comparison cohorts, and distress outcomes, but does not specify how hurricane exposure was measured, whether comparison cohorts provide a credible non-concurrent counterfactual, or report effect sizes/uncertainty.","Confirm hurricane exposure is objectively defined (e.g., residential/college location during Sandy) and not self-reported. | Verify comparison cohorts have comparable pre-baseline measures and are otherwise temporally/cohort-comparable. | Confirm the model reports a hurricane-cohort effect on global distress with coefficient/effect size and SE/CI. | Check that global distress or negative emotion measures are validated mental health/subjective wellbeing outcomes.",none_identified,deepseek-v4-pro,deepseek-v4-pro,5b0c1c18-ce58-4760-8488-e2023930b3de,1599,3909,5508,2026-09-16T17:29:39Z,strict-inc-v1.0
D0016955,Modelling the relationship between rainfall and mental health using different spatial and temporal units,2021,International Journal of Environmental Research and Public Health,drought,FULLTEXT_REVIEW,drought,objective_or_verifiable,unclear,unclear,likely_extractable,eligible,unclear_design,medium,"The abstract reports rate ratios for MHED presentations and objective daily rainfall but does not specify the analytic design or counterfactual, and uses rainfall as a drought proxy without an explicit drought index.","Confirm the analytic design (e.g., time-series/Poisson) and whether temporal variation provides a counterfactual. | Verify whether rainfall is converted to an explicit drought index/threshold or analyzed directly as a drought proxy. | Confirm whether reported rate ratios are adjusted and include confidence intervals or standard errors.",none_identified,deepseek-v4-pro,deepseek-v4-pro,16bf64f9-73d3-40de-b97f-f669d2ed2139,1666,4686,6352,2026-09-16T17:29:45Z,strict-inc-v1.0
D0016958,"Learned Helplessness, Psychological Wellbeing, and Proenvironment Care Behavior among Victims of Frequent Floods in Kerala",2021,Journal of Neurosciences in Rural Practice,flood,NARRATIVE_ONLY,flood,unclear,cross_sectional,no,not_extractable,eligible,no_pre_event_baseline,high,"Post-event cross-sectional comparison of once, twice, and never flood-affected groups; outcomes measured only after floods with no pre-flood baseline. This exposed/unexposed post-event comparison lacks a credible counterfactual for causal meta-analysis.",,none_identified,deepseek-v4-pro,deepseek-v4-pro,04583f10-0ddd-4101-847a-243fa4c4e724,1792,2789,4581,2026-09-16T17:29:27Z,strict-inc-v1.0
D0016998,Suicidal behavior and flood effects in Bangladesh: A two-site interview study,2021,Risk Management and Healthcare Policy,flood,NARRATIVE_ONLY,flood,self_report_only,cross_sectional,no,not_extractable,eligible,cross_sectional,high,"Cross-sectional interview study conducted 4-5 months post-flood in two affected villages; no pre-event outcome or unexposed counterfactual, flood effect exposure appears self-reported, and results are prevalence and risk-factor associations (e.g., χ2) rather than a causal hazard effect with extractable uncertainty.",,none_identified,deepseek-v4-pro,deepseek-v4-pro,414779d8-4186-4797-a577-f1f8b4bf52ab,1743,1344,3087,2026-09-16T17:29:14Z,strict-inc-v1.0
D0017091,"Trajectories of depressive symptoms experienced by older people: Effects of time, Hurricane Sandy, and the Great Recession",2021,The Journals of Gerontology: Series B: Psychological Sciences and Social Sciences,cyclone,NARRATIVE_ONLY,cyclone,self_report_only,longitudinal_with_prebaseline,unclear,not_extractable,eligible,self_report_exposure_only,medium,"Abstract describes exposure as self-reported peri-traumatic stress during Hurricane Sandy, not objective/verifiable hazard exposure; no extractable quantitative hazard effect with uncertainty is reported. Depression outcome is eligible and panel is longitudinal, but exposure metric makes design ineligible.",,none_identified,deepseek-v4-pro,deepseek-v4-pro,08fdf030-5c49-4822-9674-96669b219e26,1643,3497,5140,2026-09-16T17:29:39Z,strict-inc-v1.0
D0017109,Childhood anxiety: Prenatal maternal stress and parenting in the QF2011 cohort,2021,Child Psychiatry and Human Development,flood,NARRATIVE_ONLY,flood,self_report_only,post_event_only,no,not_extractable,eligible,self_report_exposure_only,high,"Exposure is flood-related prenatal maternal stress measured via self-reported objective hardship, cognitive appraisal, and subjective distress; no externally verified flood hazard or credible counterfactual; abstract reports no PNMS-anxiety association and no extractable hazard effect.",,none_identified,deepseek-v4-pro,deepseek-v4-pro,ecbf4972-ded7-49f7-bac1-1a84f3e6e916,1616,3370,4986,2026-09-16T17:29:44Z,strict-inc-v1.0
D0017155,Trajectories of posttraumatic stress symptoms among young adults exposed to a Typhoon: A three-wave longitudinal study,2023,International Journal of Public Health,cyclone,NARRATIVE_ONLY,cyclone,unclear,post_event_only,no,not_extractable,eligible,descriptive_or_predictor_only,high,"All participants were exposed to Typhoon Hato; abstract describes latent class growth/multinomial logistic regression identifying PTSS trajectories and correlates, with direct typhoon exposure only a predictor of trajectory membership. No unexposed counterfactual or pre-event outcome is present, so no extractable hazard effect is reported.",,none_identified,deepseek-v4-pro,deepseek-v4-pro,9a533fde-4ecd-4b65-8dbe-da759b7a47a9,1669,2843,4512,2026-09-16T17:29:39Z,strict-inc-v1.0
D0017170,Hurricane Florence and suicide mortality in North Carolina: a controlled interrupted time-series analysis,2023,Injury prevention : journal of the International Society for Child and Adolescent Injury Prevention,cyclone,META_ELIGIBLE,cyclone,objective_or_verifiable,quasi_experimental,yes,reported_with_uncertainty,eligible,eligible,high,"Controlled interrupted time-series of monthly suicide mortality before/after Hurricane Florence using FEMA county-level exposure; reports immediate rate change 0.89 per 100,000 PY (95% CI -2.69 to 4.48) and trend change 0.02 (95% CI -0.33 to 0.38).",,none_identified,deepseek-v4-pro,deepseek-v4-pro,d34fb01e-c172-4a4e-9765-5d6a3dc4fe65,1763,872,2635,2026-09-16T17:29:20Z,strict-inc-v1.0
D0017205,The effect modification of extreme temperatures on mental and behavior disorders by environmental factors and individual-level characteristics in Canada,2023,Environmental Research,temperature,META_ELIGIBLE,temperature,objective_or_verifiable,case_crossover,yes,reported_with_uncertainty,eligible,eligible,high,"Case-crossover study of 9,958,759 MBD ED visits; daily average temperature assigned from 1 km gridded data; conditional logistic regression reports OR 1.145 (95% CI 1.121-1.171) for heat and OR 0.981 (95% CI 0.976-0.987) for cold.",,none_identified,deepseek-v4-pro,deepseek-v4-pro,32874566-94df-414b-9b3e-d3c6a79f5f3c,1855,1042,2897,2026-09-16T17:29:23Z,strict-inc-v1.0
D0017251,Mental health and air temperature: Attributable risk analysis for schizophrenia hospital admissions in arid urban climates,2023,Science of the Total Environment,temperature,META_ELIGIBLE,temperature,objective_or_verifiable,time_series,yes,reported_with_uncertainty,eligible,eligible,high,"Original daily time-series of 86,672 schizophrenia hospitalizations in Maricopa County, objective ambient temperature exposure, distributed lag non-linear model with temporal controls, and attributable risk percentages with CIs reported.",,unclear,deepseek-v4-pro,deepseek-v4-pro,bc5fdee3-944c-4da0-82b7-37dc5bb6c2be,1766,1281,3047,2026-09-16T17:29:26Z,strict-inc-v1.0
D0017438,Cold homes and mental health harm: Evidence from the UK Household Longitudinal Study,2022,Social Science & Medicine,temperature,EXCLUDE,temperature,ineligible,longitudinal_with_prebaseline,yes,likely_extractable,eligible,wrong_exposure,high,"Cold homes are indoor housing temperature, not a naturally occurring ambient temperature hazard registered for this meta-analysis; exposure appears self-reported ('not suitably warm'), so the eligible temperature hazard is absent.",,none_identified,deepseek-v4-pro,deepseek-v4-pro,1a7ce4c3-1b40-4f4e-986c-929db419f06c,1722,1644,3366,2026-09-16T17:29:33Z,strict-inc-v1.0
D0017493,"Air pollution, climate conditions and risk of hospital admissions for psychotic disorders in U.S. residents",2023,Environmental Research,temperature,FULLTEXT_REVIEW,temperature,objective_or_verifiable,time_series,unclear,reported_with_uncertainty,eligible,unclear_design,medium,"Abstract reports a temperature RR (1.03, 95% CI 1.03-1.04) for psychiatric hospitalizations, but does not describe adjustment for temporal trends, seasonality, or unit fixed effects, so the credible counterfactual cannot be confirmed from the abstract.","Confirm the regression includes state fixed effects and adjustment for long-term trends and seasonality. | Confirm temperature association is adjusted for PM2.5, NO2, and precipitation and reported as a distinct hazard effect. | Confirm hospitalization for psychotic disorders is measured as psychiatric service use rather than all-cause admissions. | Confirm exposure is assigned as ambient residential temperature over the relevant time window. | Check whether multiple hospitalizations per person or overlap with other HCUP studies affect estimates.",unclear,deepseek-v4-pro,deepseek-v4-pro,6669ec40-ba85-42d9-872e-9912d577855c,1743,3803,5546,2026-09-16T17:29:58Z,strict-inc-v1.0
D0017602,Association between daily ambient temperature and drug overdose in Tokyo: a time-series study.,2022,Environmental health and preventive medicine,temperature,META_ELIGIBLE,temperature,objective_or_verifiable,time_series,yes,reported_with_uncertainty,eligible,eligible,high,"Time-series study of daily mean temperature from meteorological data and emergency ambulance dispatches for drug-overdose self-harm in Tokyo 2010-2014; quasi-Poisson distributed lag non-linear model adjusted for humidity, season, long-term trends, and day of week reports RR 1.30 (95% CI 1.10-1.67).",,none_identified,deepseek-v4-pro,deepseek-v4-pro,cac41333-8652-4c9e-bb32-e9f03e7cd401,1707,1304,3011,2026-09-16T17:29:29Z,strict-inc-v1.0
D0017710,"The role of meteorological factors in suicide mortality in Wuhu, a humid city along the Yangtze River in Eastern China",2023,Environmental science and pollution research international,temperature,META_ELIGIBLE,temperature,objective_or_verifiable,time_series,yes,reported_with_uncertainty,eligible,eligible,high,"Daily suicide mortality and objectively measured temperature variables in Wuhu 2014-2020 analyzed via DLNM+GAM time-series; reports RRs with 95% CIs for T mean and DTR, providing a temporal counterfactual and extractable quantitative effect.",,none_identified,deepseek-v4-pro,deepseek-v4-pro,51b1fa71-91c4-4aee-bd66-56e9a6de01f5,1837,1582,3419,2026-09-16T17:29:36Z,strict-inc-v1.0
D0017739,Are there joint effects of different air pollutants and meteorological factors on mental disorders? A machine learning approach,2023,Environmental science and pollution research international,temperature,FULLTEXT_REVIEW,multiple,objective_or_verifiable,time_series,yes,likely_extractable,eligible,unclear_effect_extractability,high,"Time-series GLM of MD admissions with objective temperature/air pollution; temperature was included among exposures and significant, but abstract provides no temperature-specific ER and 95% CI, so extractability must be verified in full text.","Temperature-specific excess risk and 95% CI from GLM is reported. | Temperature effect is adjusted for air pollutants and other meteorological factors. | MD admissions are defined as a psychiatric service-use outcome. | Daily or weekly time-series specification with trend, DOW, and age adjustment is described.",none_identified,deepseek-v4-pro,deepseek-v4-pro,152438c7-b7c3-4372-ac94-ea83bdda1dee,1771,2741,4512,2026-09-16T17:29:50Z,strict-inc-v1.0
D0017756,Association between sequential extreme precipitation-heatwaves events and hospitalizations for schizophrenia: The damage amplification effects of sequential extremes,2022,Environmental Research,temperature,META_ELIGIBLE,multiple,objective_or_verifiable,time_series,yes,reported_with_uncertainty,eligible,eligible,high,"Time-series Poisson with DLNM uses objective meteorological thresholds for sequential extreme precipitation-heatwaves and reports RR 1.150 (95% CI 1.041–1.271) for schizophrenia hospitalizations, an eligible psychiatric service use outcome, with within-unit temporal counterfactual.",,none_identified,deepseek-v4-pro,deepseek-v4-pro,c1f558b7-cfa6-4edf-a917-60bcd17a5763,1826,1721,3547,2026-09-16T17:29:42Z,strict-inc-v1.0
D0017762,Association of Daily Temperature With Suicide Mortality: A Comparison With Other Causes of Death and Characterization of Possible Attenuation Across 5 Decades.,2022,American journal of epidemiology,temperature,META_ELIGIBLE,temperature,objective_or_verifiable,time_series,yes,reported_with_uncertainty,eligible,eligible,high,"Daily temperature exposure and suicide mortality analyzed in a 2-stage time-series meta-analysis across France 1968-2016; reports RR 1.54 (95% CI 1.46-1.63) at 99th vs 1st temperature percentile, lag 0.",,none_identified,deepseek-v4-pro,deepseek-v4-pro,d7f7574a-b507-453b-957c-b5e21921fac8,1669,580,2249,2026-09-16T17:29:30Z,strict-inc-v1.0
D0017773,Mood and Sleep Status and Mental Disorders During Prolonged Winter-Over Residence in Two Korean Antarctic Stations.,2022,Nature and science of sleep,temperature,FULLTEXT_REVIEW,temperature,unclear,longitudinal_with_prebaseline,unclear,likely_extractable,eligible,unclear_exposure_measurement,medium,"Longitudinal pre-departure/during-stay study of Antarctic winter-over crews measuring depression and sleep. Abstract does not clarify whether exposure is objectively measured ambient temperature or simply winter-over season/photoperiod, so a hazard-specific effect cannot be confirmed.","Confirm exposure is objectively measured ambient temperature or a temperature-derived index, not just season or winter-over residence status. | Verify that a quantitative effect of temperature or season on depression with uncertainty (e.g., coefficient, CI) is reported. | Confirm the pre-departure baseline is used as a counterfactual and that analysis accounts for temporal trends or station differences. | Extract the hazard-specific effect size and its confidence interval or standard error.",none_identified,deepseek-v4-pro,deepseek-v4-pro,d6df6537-c102-4446-ad4c-dd43f735267e,1670,2349,4019,2026-09-16T17:29:50Z,strict-inc-v1.0
D0017793,Seasonal variation in association between temperature change and emergency department visits: A multi-site study in China,2022,Environmental Research,temperature,FULLTEXT_REVIEW,temperature,objective_or_verifiable,time_series,yes,likely_extractable,eligible,unclear_effect_extractability,high,"Multi-site time-series with objective DTR/TCN and cause-specific EDVs includes mental diseases, but abstract reports only total EDV numeric effect; mental disease result is directional ('increased risks') with no magnitude or CI. Full text must provide the mental-health-specific adjusted estimate and uncertainty.","Confirm mental disease EDV is classified as psychiatric service use and extract the specific DTR/TCN effect estimate with 95% CI. | Verify exposure DTR/TCN is derived from ambient temperature and modeled with temporal variation. | Ensure seasonal mental disease analysis reports quantitative effect and uncertainty, not only direction.",none_identified,deepseek-v4-pro,deepseek-v4-pro,fd3459ba-ee40-40bc-8f4c-3522edeecefe,1706,1714,3420,2026-09-16T17:29:44Z,strict-inc-v1.0
D0017811,"Economic and mental health impacts of multiple adverse events: Hurricane Harvey, other flooding events, and the COVID-19 pandemic",2022,Environmental Research,flood|cyclone,NARRATIVE_ONLY,flood,self_report_only,cross_sectional,no,reported_with_uncertainty,eligible,self_report_exposure_only,high,"Exposure is self-reported prior flood/hurricane impact (storm-related home damage, severe impact event). Outcome is anxiety during COVID-19 pandemic. Single-wave survey association lacks pre-event mental-health baseline and a credible counterfactual; reported ORs are adjusted associations, not causal hazard effects.",,none_identified,deepseek-v4-pro,deepseek-v4-pro,65f6c8aa-bbbd-451b-9fa2-bbf9d9432f68,1761,3064,4825,2026-09-16T17:30:01Z,strict-inc-v1.0
D0017883,"Identifying joint impacts of sun radiation, temperature, humidity, and rain duration on triggering mental disorders using a high-resolution weather monitoring system",2022,Environment International,temperature,META_ELIGIBLE,temperature,objective_or_verifiable,case_crossover,yes,reported_with_uncertainty,eligible,eligible,high,Time-stratified case-crossover using objectively monitored temperature and ED visits for mental disorders; conditional logistic regression reports temperature excess risk with 95% CI.,,none_identified,deepseek-v4-pro,deepseek-v4-pro,afd7d755-e6a4-489b-b0ec-32a782e303ca,1892,1050,2942,2026-09-16T17:29:41Z,strict-inc-v1.0
D0017913,Elemental analysis of hair provides biomarkers of maternal hardship linked to adverse behavioural outcomes in 4-year-old children: The QF2011 Queensland Flood Study,2022,Journal of Trace Elements in Medicine and Biology,flood,EXCLUDE,flood,objective_or_verifiable,cross_sectional,no,not_extractable,ineligible,wrong_outcome,high,"Study measures child behavioural/developmental outcomes (language, attention, internalizing/externalizing, aggression) after prenatal flood-related maternal hardship; no eligible mental-health outcome is reported.",,none_identified,deepseek-v4-pro,deepseek-v4-pro,39a77d6f-4597-4cf1-9ac9-c01a002daaef,1697,1177,2874,2026-09-16T17:29:43Z,strict-inc-v1.0
D0017947,"Climate Change, Drought and Rural Suicide in New South Wales, Australia: Future Impact Scenario Projections to 2099.",2022,International journal of environmental research and public health,drought,FULLTEXT_REVIEW,drought,objective_or_verifiable,unclear,unclear,unclear,eligible,unclear_effect_extractability,medium,"Abstract uses historical drought-suicide data 1970-2007 and future scenario projections, implying a baseline empirical relationship, but reports only subgroup direction/no association and projected impacts, not a quantitative drought effect with uncertainty. Full text must confirm model, effect estimate, and counterfactual.","Verify baseline statistical model linking drought index to suicide counts/rates with temporal controls | Report quantitative drought effect estimate (e.g., RR/IRR) with confidence intervals for at least one subgroup | Confirm exposure definition and source (objective drought index, spatial/temporal resolution) | Assess whether confounding by secular trends/seasonality and demographic factors is addressed | Clarify whether any historical causal effect is separable from future scenario projections",none_identified,deepseek-v4-pro,deepseek-v4-pro,66d2b970-7c14-46e8-baaf-1e7d27db6428,1638,2241,3879,2026-09-16T17:29:58Z,strict-inc-v1.0
D0018030,Quantifying societal emotional resilience to natural disasters from geo-located social media content,2022,PLoS ONE,cyclone,FULLTEXT_REVIEW,cyclone,objective_or_verifiable,time_series,unclear,likely_extractable,unclear,unclear_effect_extractability,medium,"Abstract uses geo-located social media sentiment before/during/after four hurricanes, suggesting a temporal pre/post design with objective hurricane exposure. It reports significant sentiment decrease but no numeric effect size or uncertainty, and social media sentiment is only a proxy for emotional well-being with no described control/comparison. Full text must validate the outcome, establish a credible counterfactual, and provide extractable hazard-specific estimates.","Establish that sentiment is a validated individual-level measure of affect/subjective wellbeing or a clearly mental health-related outcome. | Describe the analytic counterfactual beyond pre-post in affected areas (e.g., controls for time trends, seasonality, unaffected comparison). | Report numeric hurricane-specific effect estimates with uncertainty (CIs/SEs) rather than only significance or trajectory descriptions. | Confirm geo-located exposure is assigned by objective hurricane impact and not self-reported or based solely on affected status.",none_identified,deepseek-v4-pro,deepseek-v4-pro,227a5f8d-d835-4ee7-b5da-72665dd80f92,1598,6115,7713,2026-09-16T17:30:39Z,strict-inc-v1.0
D0018032,Association between Repeated Exposure to Hurricanes and Mental Health in a Representative Sample of Florida Residents,2022,JAMA Network Open,cyclone,NARRATIVE_ONLY,cyclone,self_report_only,longitudinal_with_prebaseline,no,reported_with_uncertainty,eligible,self_report_exposure_only,high,"Hurricane exposure is captured via self-reported direct, indirect, media-based exposure, loss/injury, and evacuation behavior, not objective or externally verifiable hazard intensity; associations with PTSS/distress are reported but do not meet causal meta-analysis exposure criteria.",,none_identified,deepseek-v4-pro,deepseek-v4-pro,d76f74a8-5ba7-420e-9d2e-702ab066e777,2335,2850,5185,2026-09-16T17:30:06Z,strict-inc-v1.0
D0018208,Long-term impact of hurricane sandy exposure on positive and negative affect: The role of perceived social support,2022,The Journals of Gerontology: Series B: Psychological Sciences and Social Sciences,cyclone,NARRATIVE_ONLY,cyclone,self_report_only,longitudinal_with_prebaseline,unclear,likely_extractable,eligible,self_report_exposure_only,high,"Exposure to Hurricane Sandy is assessed via self-reported peritraumatic stress and post-storm hardship, not objective or externally verifiable hazard variation. The longitudinal pre/post affect data are relevant but self-report exposure makes it unsuitable for the causal meta-analysis.",Whether hurricane exposure was objectively measured or externally verifiable rather than self-reported peritraumatic stress/hardship.,none_identified,deepseek-v4-pro,deepseek-v4-pro,88eff04c-356c-44f4-8d3c-d0978c1b091d,1679,1237,2916,2026-09-16T17:29:52Z,strict-inc-v1.0
D0018224,Impact of the 2018 Japan Floods on benzodiazepine use: A longitudinal analysis based on the National Database of Health Insurance Claims,2022,Social Psychiatry and Psychiatric Epidemiology: The International Journal for Research in Social and Genetic Epidemiology and Mental Health Services,flood,META_ELIGIBLE,flood,objective_or_verifiable,quasi_experimental,yes,reported_with_uncertainty,eligible,eligible,medium,"Flood exposure is objective and externally verified by local government victim certification. DID compares before/after and victim/non-victim benzodiazepine prescriptions, a psychiatric service-use outcome. Adjusted ROR with 95% CI reported.",,none_identified,deepseek-v4-pro,deepseek-v4-pro,896498fd-d7c5-4c67-b0bd-1fa09eb92f2f,1799,2458,4257,2026-09-16T17:30:05Z,strict-inc-v1.0
D0018288,The impact of cold spells on schizophrenia admissions and the synergistic effect with the air quality index,2022,Environmental Research,temperature,META_ELIGIBLE,temperature,objective_or_verifiable,time_series,yes,reported_with_uncertainty,eligible,eligible,high,Daily time-series of schizophrenia admissions and objective temperature in Hefei 2013-2019; cold spells defined from temperature below 6th centile lasting >=3 days; RRs with 95% CIs reported for cold spell days.,,none_identified,deepseek-v4-pro,deepseek-v4-pro,eca963bc-2957-4dde-8151-0e262a1c0064,1829,1109,2938,2026-09-16T17:29:51Z,strict-inc-v1.0
D0018290,Associations of short-term exposure to air pollution and increased ambient temperature with psychiatric hospital admissions in older adults in the USA: a case–crossover study,2022,The Lancet Planetary Health,temperature,META_ELIGIBLE,temperature,objective_or_verifiable,case_crossover,yes,reported_with_uncertainty,eligible,eligible,high,"Case-crossover study using Medicare hospital admissions; objectively measured ambient temperature; reports cold-season temperature effect per 5°C with 95% CI for depression, schizophrenia, and bipolar disorder, which are eligible psychiatric service use outcomes.",,none_identified,deepseek-v4-pro,deepseek-v4-pro,3e5f7026-28b2-471f-a4ad-1494a3689765,1957,1572,3529,2026-09-16T17:29:59Z,strict-inc-v1.0
D0018297,Ambient Temperature and External Causes of Death in Japan from 1979 to 2015: A Time-Stratified Case-Crossover Analysis,2022,Environmental Health Perspectives,temperature,META_ELIGIBLE,temperature,objective_or_verifiable,case_crossover,yes,reported_with_uncertainty,eligible,eligible,high,"Time-stratified case-crossover with distributed lag nonlinear model estimates short-term temperature and suicide in 47 prefectures; reports heat RR 1.35 (95% CI 1.26-1.45). Objective temperature, eligible suicide outcome, credible case-crossover counterfactual, extractable effect.",,none_identified,deepseek-v4-pro,deepseek-v4-pro,4c0deab7-8d1c-4f18-90fc-ef6e9e63428a,1917,640,2557,2026-09-16T17:29:49Z,strict-inc-v1.0
D0018317,Main and added effects of heatwaves on hospitalizations for mental and behavioral disorders in a tropical megacity of Vietnam,2022,Environmental science and pollution research international,temperature,META_ELIGIBLE,temperature,objective_or_verifiable,time_series,yes,reported_with_uncertainty,eligible,eligible,high,"Daily hospital admissions for mental/behavioral disorders analyzed with time-series Poisson regression and distributed lag model. Heatwave exposure is objective temperature-based, effect reported with 95% CI (62%, 36-93%), and temporal confounders adjusted.",,none_identified,deepseek-v4-pro,deepseek-v4-pro,cd9f83d9-c1fc-40a2-a6bb-3810f919040d,1768,627,2395,2026-09-16T17:29:50Z,strict-inc-v1.0
D0018353,Short- and Long-Term Effects of Drought on Selected Causes of Mortality in Northern Bangladesh.,2022,International journal of environmental research and public health,drought|temperature,FULLTEXT_REVIEW,drought,objective_or_verifiable,time_series,yes,unclear,eligible,unclear_effect_extractability,medium,"Time-series study of objective SPI/SPEI drought and mortality, with suicide-related mortality mentioned as associated with high temperatures, but no quantitative effect size or uncertainty for suicide outcome is reported; extractability unclear.","Whether suicide-related mortality is analyzed as a distinct outcome and how it is defined/coded. | Whether drought exposure (SPI/SPEI categories) is the exposure for suicide mortality model or only high temperature. | Reported effect estimate and uncertainty for drought-suicide association. | Model adjustment for confounders, time trends, and autocorrelation. | Whether suicide mortality estimates are reported separately by location.",none_identified,deepseek-v4-pro,deepseek-v4-pro,c49700c1-f339-4616-9e46-a6aa63af0d88,1633,1775,3408,2026-09-16T17:30:03Z,strict-inc-v1.0
D0018367,The effects of maternal disaster exposure on adolescent mental health 12 years later,2022,Research on Child and Adolescent Psychopathology,cyclone,NARRATIVE_ONLY,cyclone,self_report_only,post_event_only,no,unclear,eligible,no_pre_event_baseline,high,"All mothers lived in New Orleans during Hurricane Katrina, so all were exposed; child SDQ internalizing/externalizing symptoms were measured only 12 years post-Katrina with no pre-event child outcome. Exposure variation ('Katrina-related stressors') appears self-reported. Exposed-only follow-up with no child baseline lacks a credible counterfactual for the child mental-health outcome.",,none_identified,deepseek-v4-pro,deepseek-v4-pro,f8d3dc82-5ab6-44d1-aa1b-fdab0e36b820,1732,3883,5615,2026-09-16T17:30:27Z,strict-inc-v1.0
D0018383,Threat responsivity predicts posttraumatic stress disorder hyperarousal symptoms in children after Hurricane Florence,2022,"Cognitive, Affective & Behavioral Neuroscience",cyclone,NARRATIVE_ONLY,cyclone,unclear,post_event_only,no,not_extractable,eligible,no_pre_event_baseline,high,"Abstract describes PTSD assessed only after Hurricane Florence; pre-event assessment was fear conditioning, not PTSD. Hurricane impact predicting PTSD is a post-event damage-severity association without a pre-event outcome or credible counterfactual.",,none_identified,deepseek-v4-pro,deepseek-v4-pro,6861f915-a53e-44ea-87fb-4c08fbf87b19,1631,3657,5288,2026-09-16T17:30:24Z,strict-inc-v1.0
D0018472,"Association between ambient heat and risk of emergency department visits for mental health among US adults, 2010 to 2019",2022,JAMA Psychiatry,temperature,META_ELIGIBLE,temperature,objective_or_verifiable,case_crossover,yes,reported_with_uncertainty,eligible,eligible,high,Case-crossover study using objectively modeled county-level daily maximum ambient temperature and medical claims for mental-health ED visits; conditional logistic regression yields IRRs with 95% CIs. Satisfies target.,,none_identified,deepseek-v4-pro,deepseek-v4-pro,eeef5a47-30e3-4931-bb82-98342a463083,2255,557,2812,2026-09-16T17:29:56Z,strict-inc-v1.0
D0018513,Assessing short-term and long-term mental health effects among older adults after Hurricane Sandy,2022,Science of the Total Environment,cyclone,FULLTEXT_REVIEW,cyclone,objective_or_verifiable,time_series,unclear,likely_extractable,eligible,unclear_design,medium,"Uses pre-Sandy period in affected counties as control and Poisson daily counts. Objective hurricane exposure and eligible MH outcomes, but abstract does not specify adjustment for time trends/seasonality or an unaffected counterfactual; CIs not shown.","Verify Poisson models adjust for long-term trends, seasonality, and relevant covariates. | Check whether an unaffected control area or alternative counterfactual was included. | Confirm confidence intervals or standard errors for all reported RRs/percent changes. | Confirm overall mental health outcome can be separated into eligible outcome categories. | Confirm adjusted effect estimates are extractable for meta-analysis.",none_identified,deepseek-v4-pro,deepseek-v4-pro,2457997e-4a22-4600-b3eb-dc93a4a52221,1746,3387,5133,2026-09-16T17:30:26Z,strict-inc-v1.0
D0018608,Chronic Diseases and Associated Risk Factors among Adults in Puerto Rico after Hurricane Maria,2022,JAMA Network Open,cyclone,NARRATIVE_ONLY,cyclone,objective_or_verifiable,cross_sectional,no,not_extractable,eligible,cross_sectional,high,"Cross-sectional study comparing separate 2015 and 2019 samples before/after Hurricane Maria; no individual-level longitudinal pre-exposure baseline or credible counterfactual, and reports descriptive prevalence differences of depressive symptoms/stress rather than an adjusted hazard effect.",,none_identified,deepseek-v4-pro,deepseek-v4-pro,b6bbd675-ed47-45b9-b179-5d961753b668,2228,1461,3689,2026-09-16T17:30:05Z,strict-inc-v1.0
D0018623,Interactive effects of cold spell and air pollution on outpatient visits for anxiety in three subtropical Chinese cities,2022,Science of the Total Environment,temperature,META_ELIGIBLE,temperature,objective_or_verifiable,case_crossover,yes,reported_with_uncertainty,eligible,eligible,high,"Case-crossover study of cold spell (ambient temperature) and anxiety outpatient visits; cold spell effects reported as 8.98% (95% CI 2.02, 16.41) to 15.24% (95% CI 6.75, 24.39), with objective individual exposure assessment and a credible temporal counterfactual.",,none_identified,deepseek-v4-pro,deepseek-v4-pro,61fe94b7-0215-4b3f-b543-d4413a73b2f6,1888,1021,2909,2026-09-16T17:30:02Z,strict-inc-v1.0
D0018695,A Difference-In Difference Analysis of the South Carolina 2015 Extreme Floods and the Association with Maternal Health.,2023,International journal of disaster risk reduction : IJDRR,flood,FULLTEXT_REVIEW,flood,objective_or_verifiable,quasi_experimental,yes,likely_extractable,eligible,unclear_effect_extractability,high,"Abstract uses difference-in-difference for 2015 flood exposure and includes depression and generalized anxiety among outcomes, but reports only no statistically significant main effects without quantitative estimates or uncertainty. Full text must provide adjusted effect sizes for mental-health outcomes.","Verify the difference-in-difference includes a pre-flood baseline for impacted and control locations | Extract adjusted coefficient or risk ratio and 95% CI for depression and generalized anxiety outcomes | Confirm depression and generalized anxiety are measured using diagnostic codes or validated scales, not self-report | Confirm flood exposure assignment is based on objectively impacted geographic areas",none_identified,deepseek-v4-pro,deepseek-v4-pro,e4fb7f67-1abe-454a-ac4d-e1e5b1c2682e,1656,2348,4004,2026-09-16T17:30:16Z,strict-inc-v1.0
D0018731,"Climate stress and anxiety, environmental context, and civic engagement: A nationally representative study",2024,Journal of Environmental Psychology,temperature,FULLTEXT_REVIEW,multiple,objective_or_verifiable,unclear,unclear,unclear,eligible,unclear_design,low,"Three-wave survey with county-level objective exposures including heatwaves and an eligible climate stress/anxiety outcome is plausible, but abstract omits analytic design, counterfactual, and quantitative effect estimates; it only states exposures were not significantly associated.","Verify whether the three waves are analyzed longitudinally with within-person exposure variation and pre-exposure outcomes rather than pooled cross-sectionally. | Verify objective heatwave exposure definition/timing at county level and separation from air pollution/greenness/TRI. | Confirm heatwave-specific adjusted effect and uncertainty on climate stress/anxiety is reported. | Confirm model adjusts for time-invariant confounders, secular trends, and repeated measures.",none_identified,deepseek-v4-pro,deepseek-v4-pro,38f26c94-e31c-4ffb-b293-f900e1df64a9,1703,3220,4923,2026-09-16T17:30:26Z,strict-inc-v1.0
D0018767,"Impact of heat on mental health emergency visits: A time series study from all public emergency centres, in Curitiba, Brazil",2023,BMJ Open,temperature,META_ELIGIBLE,temperature,objective_or_verifiable,time_series,yes,reported_with_uncertainty,eligible,eligible,high,"Daily time series with DLNM of mental health ED visits and objectively measured extreme mean temperature, controlling for trends, air pollution, and humidity; reports RR with 95% CI for heat on EDV, satisfying all criteria.",,none_identified,deepseek-v4-pro,deepseek-v4-pro,931ed7a6-9591-4941-9113-9a8da4ccc206,1952,727,2679,2026-09-16T17:30:04Z,strict-inc-v1.0
D0018899,"Change in emotional distress, anxiety, depression and PTSD from pre- to post-flood exposure in women residing in low-income settings in South Africa",2024,Archives of Women's Mental Health,flood,NARRATIVE_ONLY,flood,self_report_only,longitudinal_with_prebaseline,unclear,not_extractable,eligible,descriptive_or_predictor_only,high,"Abstract reports predictors of post-flood change (loss of infrastructure, prior trauma, food insecurity) among 69 flood-affected women, not a flood hazard effect. Flood-related exposures were self-reported via questionnaire; no unaffected comparison or hazard-specific estimate is described.",,none_identified,deepseek-v4-pro,deepseek-v4-pro,4acb797c-998d-4e2b-a3f3-ef8bb42d94f8,1705,5616,7321,2026-09-16T17:30:56Z,strict-inc-v1.0
D0018920,A Closer Look at Indirect Causes of Death After Hurricane Maria Using a Semiparametric Model,2023,Disaster Medicine and Public Health Preparedness,cyclone,FULLTEXT_REVIEW,cyclone,objective_or_verifiable,time_series,unclear,unclear,eligible,unclear_effect_extractability,medium,"Hurricane Maria is an objective hazard and suicide is an eligible mental-health outcome, but the abstract reports only the absence of significant excess suicide deaths and provides no quantitative suicide-specific estimate or uncertainty. Full text must confirm an extractable adjusted effect.","Full text reports a quantitative suicide-specific excess mortality estimate and uncertainty (e.g., 95% CI) after Hurricane Maria. | Model includes a pre-hurricane baseline period and defines the counterfactual expected mortality. | Suicide deaths are separately identified and adjusted for intra-annual variability and population displacement. | A hurricane-attributable effect for suicide, not only an aggregate cause-specific finding, is extractable.",none_identified,deepseek-v4-pro,deepseek-v4-pro,6e2f1035-61fa-4ab9-990e-73a4ec4be661,1615,2372,3987,2026-09-16T17:30:25Z,strict-inc-v1.0
D0018947,The effect of hurricanes on mental health over the long term.,2023,Economics and human biology,cyclone,META_ELIGIBLE,cyclone,objective_or_verifiable,quasi_experimental,yes,likely_extractable,eligible,eligible,high,Original DiD study using BRFSS and PSID comparing mental health before and after Hurricanes Katrina/Rita in affected vs unaffected counties; objective county-level hurricane exposure; reports quantitative effects on poor mental health days and K-6 distress.,,none_identified,deepseek-v4-pro,deepseek-v4-pro,1e54742d-cdca-4901-a03b-82edd4ae8c9b,1623,1924,3547,2026-09-16T17:30:18Z,strict-inc-v1.0
D0019060,"Impact of Hurricanes Irma and Maria on Asthma, Hypertension, and Depression in a Sample of the Puerto Rico Population",2023,Disaster Medicine and Public Health Preparedness,cyclone,FULLTEXT_REVIEW,cyclone,objective_or_verifiable,longitudinal_with_prebaseline,yes,not_extractable,eligible,unclear_effect_extractability,medium,"Abstract describes a longitudinal pre/post cohort (n=364) after Hurricanes Irma/Maria and includes depression as an outcome. It states depression prevalence/incidence did not change significantly but provides no quantitative effect estimate or uncertainty for depression, so the hazard effect is not extractable from the abstract alone.",Confirm depression was measured with a validated instrument and consistent pre/post timing. | Extract exact depression prevalence/incidence estimates with 95% CIs or adjusted effect. | Verify the pre-hurricane depression assessment predates the hurricanes. | Check whether the pre/post comparison controls for secular trends or seasonal effects.,none_identified,deepseek-v4-pro,deepseek-v4-pro,ae446433-6a1b-4e80-9574-2179ad76906a,1700,2566,4266,2026-09-16T17:30:29Z,strict-inc-v1.0
D0019169,"Emergency department visits associated with wildfire smoke events in California, 2016–2019",2023,Environmental Research,wildfire,FULLTEXT_REVIEW,wildfire,objective_or_verifiable,time_series,yes,unclear,eligible,unclear_effect_extractability,high,"Abstract uses objectively measured wildfire-specific PM2.5 in a two-stage time-series design and measures mental health EDVs, with positive association for schizophrenia EDVs, but no numeric mental-health-specific effect estimate or 95% CI is reported. Full text must provide extractable adjusted effects for mental health outcomes.","Numeric effect estimates and 95% CIs for mental health/psychiatric EDV outcomes, especially schizophrenia. | Definitions of mental health outcome categories and whether they qualify as psychiatric service use. | Time-series model adjustment for confounders such as temperature, seasonality, and co-pollutants.",unclear,deepseek-v4-pro,deepseek-v4-pro,8ba1b6d6-26e2-4f76-bea9-3f9a388db4ad,1716,1677,3393,2026-09-16T17:30:19Z,strict-inc-v1.0
D0019189,Air pollution and suicide in rural and urban America: Evidence from wildfire smoke,2023,PNAS Proceedings of the National Academy of Sciences of the United States of America,wildfire,META_ELIGIBLE,wildfire,objective_or_verifiable,panel_fixed_effects,yes,likely_extractable,eligible,eligible,high,"Uses satellite wildfire smoke and PM2.5 measures; relates county-level year-over-year smoke fluctuations to suicide rates, a within-county temporal counterfactual. Reports quantitative suicide effect (0.27 per million per 1 ug/m3, 2.0%) and demographic contrasts.",,none_identified,deepseek-v4-pro,deepseek-v4-pro,fe09e84b-a6aa-41c2-85b4-dd05f1ee5d5c,1686,2759,4445,2026-09-16T17:30:31Z,strict-inc-v1.0
D0019333,Extreme Heat and Suicide Watch Incidents among Incarcerated Men,2023,JAMA Network Open,temperature,META_ELIGIBLE,temperature,objective_or_verifiable,panel_fixed_effects,yes,reported_with_uncertainty,eligible,eligible,high,"Facility-day panel with conditional fixed-effects negative binomial links objective daily maximum heat index to suicide watch incidents; reports IRR 1.30 (95% CI 1.18-1.45) for extreme heat, providing a credible temporal counterfactual and extractable adjusted effect.",,none_identified,deepseek-v4-pro,deepseek-v4-pro,0cef9ef0-768b-4491-883c-293423c4266d,2106,841,2947,2026-09-16T17:30:14Z,strict-inc-v1.0
D0019434,Climatic and Economic Background Determine the Disparities in Urbanites’ Expressed Happiness during the Summer Heat,2023,Environmental Science and Technology,temperature,FULLTEXT_REVIEW,temperature,objective_or_verifiable,unclear,unclear,reported_with_uncertainty,eligible,unclear_design,medium,"Abstract reports a quantitative heatwave-happiness association with 95% CI from millions of city-level tweets, but does not resolve temporal resolution, within-city variation, fixed effects, or confounding adjustment, so credible counterfactual is unresolved.",Does the analysis use daily or other within-city temporal temperature variation rather than cross-city comparisons? | Are city and time fixed effects or equivalent confounder controls included? | Is expressed happiness measured from geotagged tweets using validated sentiment/language methods and aggregated to city-day? | Is the heatwave effect estimate adjusted and extractable from a model with climate and non-climate covariates?,none_identified,deepseek-v4-pro,deepseek-v4-pro,782e05e1-c96b-47c4-975d-3f1cb4528d82,1654,2275,3929,2026-09-16T17:30:30Z,strict-inc-v1.0
D0019472,How ambient temperature affects mood: an ecological momentary assessment study in Switzerland,2023,Environmental Health: A Global Access Science Source,temperature,META_ELIGIBLE,temperature,objective_or_verifiable,panel_fixed_effects,yes,reported_with_uncertainty,eligible,eligible,high,Daily mood (affect) measured over 7 days in 906 adults; daily max temperature objectively assigned; mixed-effects logistic regression with participant random intercept and time/day/year fixed effects uses within-person temporal temperature variation; reports OR 0.93 (95% CI 0.88-0.99) per 5°C increase.,Verify ambient temperature assignment to participants' location/date and missing data handling. | Confirm model includes sufficient within-person temperature variation and controls. | Confirm mood outcome is dichotomized from validated affect items.,none_identified,deepseek-v4-pro,deepseek-v4-pro,c21488eb-05dc-4449-aa04-d787574ca498,1958,2409,4367,2026-09-16T17:30:32Z,strict-inc-v1.0
D0019620,Predictors of individual mental health and psychological resilience after Australia’s 2019–2020 bushfires,2024,Australian and New Zealand Journal of Psychiatry,wildfire,NARRATIVE_ONLY,wildfire,self_report_only,cross_sectional,no,not_extractable,eligible,self_report_exposure_only,high,"Single-wave cross-sectional survey 12-18 months post-fire; bushfire exposure and severity are self-reported experiences; no pre-event baseline or credible counterfactual, so not eligible for causal meta-analysis.",,none_identified,deepseek-v4-pro,deepseek-v4-pro,08f256ab-0820-4783-8fb2-4a28e75f5948,1700,2066,3766,2026-09-16T17:30:27Z,strict-inc-v1.0
D0019679,"The impact of meteorological factors on involuntary admission in Attica, Greece",2023,Psychiatrike = Psychiatriki,temperature,FULLTEXT_REVIEW,temperature,objective_or_verifiable,time_series,unclear,likely_extractable,eligible,unclear_effect_extractability,medium,"Retrospective time-series of daily involuntary admissions with objective meteorological data; temperature is a registered hazard and outcome is psychiatric service use. However abstract reports associations qualitatively without numeric temperature effect or uncertainty, so full text must confirm an extractable adjusted hazard-specific estimate and time-series controls.","Verify temperature-specific adjusted effect estimate with uncertainty (e.g., IRR/CI) is reported for involuntary admissions. | Confirm models adjust for long-term trend, seasonality, day-of-week, and autocorrelation or equivalent temporal controls. | Confirm ambient outdoor temperature is analyzed as a distinct registered hazard separate from composite weather types. | Confirm involuntary admission counts are a valid psychiatric service use outcome and not a proxy with unclear mental-health basis.",none_identified,deepseek-v4-pro,deepseek-v4-pro,50ba9d67-0787-4c11-86cf-d95a8d2f83f0,1794,2094,3888,2026-09-16T17:30:37Z,strict-inc-v1.0
D0019752,Australian Youth Mental Health and Climate Change Concern After the Black Summer Bushfires.,2023,EcoHealth,wildfire,NARRATIVE_ONLY,wildfire,unclear,cross_sectional,no,not_extractable,eligible,cross_sectional,high,"Single-wave cross-sectional survey completed immediately after Black Summer bushfires; compares greater symptoms in participants with direct exposure, with no pre-event outcome or credible temporal counterfactual. Direct exposure measurement is not specified as objective.",,none_identified,deepseek-v4-pro,deepseek-v4-pro,c5eaed16-8706-460f-8e43-1834bfd238a1,1500,1757,3257,2026-09-16T17:30:35Z,strict-inc-v1.0
D0019780,Relationship of emergency department visits for suicide attempts with meteorological and air pollution conditions,2023,Journal of Affective Disorders,temperature,FULLTEXT_REVIEW,temperature,objective_or_verifiable,unclear,unclear,unclear,eligible,unclear_effect_extractability,medium,"Abstract reports Poisson regression of suicide-attempt counts on meteorological and air-pollution variables including temperature, but only SO2/NO results are shown; no temperature-specific effect or uncertainty is extractable. Full text must confirm temperature as a registered hazard exposure and provide credible temporal controls.","Report temperature-specific effect estimate with confidence intervals or standard errors. | Specify whether temperature is a primary exposure or covariate among multiple environmental variables. | Describe time-series controls for seasonality, trend, and autocorrelation.",unclear,deepseek-v4-pro,deepseek-v4-pro,8a23e524-43d0-4e5d-bbba-9886ab72d56d,1694,2896,4590,2026-09-16T17:30:52Z,strict-inc-v1.0
D0019792,"Temperature and mental health–related emergency department and hospital encounters among children, adolescents and young adults",2023,Epidemiology and Psychiatric Sciences,temperature,META_ELIGIBLE,temperature,objective_or_verifiable,case_crossover,yes,reported_with_uncertainty,eligible,eligible,high,"Case-crossover study of ambient temperature and mental health ED/hospital encounters in NYC, using distributed lag non-linear model and conditional logistic regression; reports ORs with 95% CIs by age group. Satisfies objective exposure, psychiatric service use outcome, temporal counterfactual, and extractable effect.",,none_identified,deepseek-v4-pro,deepseek-v4-pro,2212f83f-b535-41e0-a009-bd0433caa60f,1784,699,2483,2026-09-16T17:30:27Z,strict-inc-v1.0
D0019810,Healthcare Impacts Associated with Federally Declared Disasters—Hurricanes Gustave and Ike,2023,International Journal of Environmental Research and Public Health,cyclone,NARRATIVE_ONLY,cyclone,objective_or_verifiable,cross_sectional,no,not_extractable,eligible,descriptive_or_predictor_only,medium,Pre/post cross-sectional comparison of anxiety diagnosis counts in hurricane-affected zip codes using chi-square tests only; no within-person or adjusted anxiety effect. Anxiety showed no association (p=0.898) and no effect size is extractable.,,unclear,deepseek-v4-pro,deepseek-v4-pro,035075cc-c01b-4c52-b118-39676629ac8c,1706,7883,9589,2026-09-16T17:31:50Z,strict-inc-v1.0
D0019818,Protective effects of low temperature on the risk of hospitalization for mental and behavioral disorders: a time series study,2023,Postgraduate Medicine,temperature,FULLTEXT_REVIEW,temperature,objective_or_verifiable,time_series,yes,unclear,eligible,unclear_effect_extractability,medium,"Time-series study of temperature and psychiatric hospitalization using DLNM. Abstract reports direction and significance of effects but no quantitative estimates or uncertainty, so extractability must be verified in full text.","Full text reports quantitative effect estimates (e.g., RR/IRR) with confidence intervals or standard errors for temperature-hospitalization associations. | Exposure temperature is objectively measured from meteorological records rather than self-report. | Outcome is hospitalization for mental and behavioral disorders, representing psychiatric service use. | Model includes adjustment for potential confounders and temporal trends, with delayed exposure-response curves.",none_identified,deepseek-v4-pro,deepseek-v4-pro,155bb067-c8d0-42c9-932e-005056388826,1703,1418,3121,2026-09-16T17:30:41Z,strict-inc-v1.0
D0019835,"Cascading disasters and mental health: The February 2021 winter storm and power crisis in Texas, USA",2023,Science of the Total Environment,temperature,FULLTEXT_REVIEW,temperature,objective_or_verifiable,quasi_experimental,yes,likely_extractable,eligible,unclear_effect_extractability,medium,"The abstract uses objective winter weather and a quasi-experimental DID/ITS design with eligible mental-health crisis outcomes, but it reports only directional increases without effect sizes or uncertainty, so full text is needed to verify extractable hazard-specific estimates.","Verify whether high-impact vs low-impact regions are defined using objective meteorological cold/temperature data or cascading power outage/impact data. | Verify whether full text reports quantitative effect sizes and uncertainty for depression, stress/anxiety, and suicidal thoughts from DID/ITS/ARIMA models. | Verify that the DID/ITS models include pre-event baseline outcomes and satisfy modeling assumptions such as parallel trends and autocorrelation checks. | Verify whether Crisis Text Line classifications of depression, stress/anxiety, and thoughts of suicide are validated outcome measures. | Check for potential population overlap with other studies using Crisis Text Line data for the February 2021 Texas winter event.",unclear,deepseek-v4-pro,deepseek-v4-pro,15322986-3e99-4f3a-b5c5-96093194242e,1819,3003,4822,2026-09-16T17:30:58Z,strict-inc-v1.0
D0019864,"Longitudinal assessment of mental health after a flood: Roles of social support, hope, recovery stressors, and prior lifetime trauma",2023,Aging & Mental Health,flood,NARRATIVE_ONLY,flood,unclear,post_event_only,no,not_extractable,eligible,no_pre_event_baseline,high,Longitudinal post-flood symptom assessment with no pre-flood baseline; compares groups only after the event and analyzes predictors of symptoms rather than a credible causal flood effect.,,none_identified,deepseek-v4-pro,deepseek-v4-pro,2a0cf954-8f54-47b7-8bf3-6d956f3f4459,1652,2982,4634,2026-09-16T17:30:58Z,strict-inc-v1.0
D0019873,Assessing the burden of suicide death associated with nonoptimum temperature in a changing climate,2023,JAMA Psychiatry,temperature,META_ELIGIBLE,temperature,objective_or_verifiable,case_crossover,yes,reported_with_uncertainty,eligible,eligible,high,"Time-stratified case-control (case-crossover) study of 432,008 suicide deaths in mainland China; exposure is daily ambient temperature from ERA5 reanalysis (objective); reports temperature-suicide RRs with 95% CIs and attributable burden, satisfying causal meta-analysis criteria.",,none_identified,deepseek-v4-pro,deepseek-v4-pro,10fe1a32-40c4-45c8-9285-95f4c1e80f61,2054,1071,3125,2026-09-16T17:30:37Z,strict-inc-v1.0
D0019888,"Spatiotemporal analysis of the surface urban heat island (SUHI), air pollution and disease pattern: an applied study on the city of Granada (Spain)",2023,Environmental Science and Pollution Research,temperature,FULLTEXT_REVIEW,temperature,objective_or_verifiable,unclear,unclear,unclear,eligible,unclear_effect_extractability,medium,"Uses satellite-derived temperature metrics and includes suicide among outcomes, but abstract reports correlations for multiple exposures and diseases collectively; no suicide-specific temperature effect with uncertainty is shown.",Does full text report a separate quantitative effect of temperature (LST/SUHI/UHS) on suicide only with uncertainty? | Does the panel model use temporal exposure variation and fixed effects or another credible counterfactual? | Are suicide outcome data measured as rates/counts with clear case definition? | Is temperature effect estimated separately from air pollution and other covariates?,none_identified,deepseek-v4-pro,deepseek-v4-pro,832c45ce-2559-4c32-8f0f-a65b21a61fde,1707,2661,4368,2026-09-16T17:30:58Z,strict-inc-v1.0
D0019995,Ambient temperature and air pollution associations with suicide and homicide mortality in California: A statewide case-crossover study,2023,Science of the Total Environment,temperature,META_ELIGIBLE,temperature,objective_or_verifiable,case_crossover,yes,reported_with_uncertainty,eligible,eligible,high,Time-stratified case-crossover study of California mortality 2014-2019; daily ambient temperature objectively assigned from residential data; reports 5°C increase effect on suicide mortality with 95% CI; suicide is an eligible outcome.,,none_identified,deepseek-v4-pro,deepseek-v4-pro,32f8884b-7a31-4220-8337-165c2288875f,1845,992,2837,2026-09-16T17:30:38Z,strict-inc-v1.0
D0019997,Heat-related mortality in U.S. state and private prisons: A case-crossover analysis,2023,PLoS ONE,temperature,META_ELIGIBLE,temperature,objective_or_verifiable,case_crossover,yes,reported_with_uncertainty,eligible,eligible,high,Case-crossover analysis of prison deaths 2001–2019 linked to daily max temperature; reports suicide-specific cumulative effect of extreme heat: 22.8% (95% CI 3.3–46.0). Exposure objective; design credible; suicide eligible mental-health outcome.,,none_identified,deepseek-v4-pro,deepseek-v4-pro,23ae0ec1-ce85-461d-bca9-31d3cc6c1af8,1807,855,2662,2026-09-16T17:30:38Z,strict-inc-v1.0
D0020012,Mental health during the COVID-19 pandemic in a longitudinal study of Hurricane Katrina survivors,2023,SSM Mental Health,cyclone,NARRATIVE_ONLY,cyclone,objective_or_verifiable,descriptive,no,not_extractable,eligible,descriptive_or_predictor_only,high,"Abstract reports prevalence of PTSD/distress 1-year post-Katrina and during COVID-19 and adjusted logistic regression predictors of mental health adversity, but no quantitative effect of Hurricane Katrina exposure versus a credible counterfactual; descriptive/predictor analysis only.",,none_identified,deepseek-v4-pro,deepseek-v4-pro,b13f3c35-8ef9-4f3b-8a99-01e679fe9d42,1631,2515,4146,2026-09-16T17:30:58Z,strict-inc-v1.0
D0020025,"Long-Term Apparent Temperature, Extreme Temperature Exposure, and Depressive Symptoms: A Longitudinal Study in China",2023,International Journal of Environmental Research and Public Health,temperature,FULLTEXT_REVIEW,temperature,objective_or_verifiable,unclear,unclear,reported_with_uncertainty,eligible,unclear_design,medium,"Longitudinal CHARLS study with temperature exposure and depressive symptoms; HRs with CIs reported. However, abstract does not specify within-unit temporal exposure variation, pre-exposure outcome, fixed effects, or other credible counterfactual, so causal design is unresolved; full text needed to verify identification.",Whether exposure was assigned from objective meteorological data and at what spatial/temporal resolution. | Whether the analysis used repeated outcome measures and within-person/time-varying exposure variation. | Whether depressive symptoms were assessed at multiple waves and whether a pre-exposure outcome or baseline was included. | Whether hazard models adjusted for time-invariant individual factors or otherwise included a credible counterfactual. | Whether reported HRs and CIs are adjusted and extractable for temperature and extreme temperature indices.,none_identified,deepseek-v4-pro,deepseek-v4-pro,b3fb7fb8-80e3-4596-9ada-9a09fec3a652,1730,1866,3596,2026-09-16T17:30:53Z,strict-inc-v1.0
D0020063,Hurricane Michael and adverse social and mental health risk factors,2023,Maternal and Child Health Journal,cyclone,FULLTEXT_REVIEW,cyclone,objective_or_verifiable,longitudinal_with_prebaseline,unclear,unclear,unclear,unclear_effect_extractability,medium,"Pre-post Hurricane Michael study of pregnant women includes stress/mental health services among screened risk factors, but abstract reports quantitative effects only for referral, medical illness, and smoking, not for an eligible mental-health outcome; no unaffected comparison group is described. Full text must confirm extractable mental-health hazard effects and design counterfactual.",Verify whether high stress or mental health services outcomes have adjusted hazard-specific effect estimates with uncertainty. | Confirm whether unaffected counties or secular trend controls are used as a counterfactual. | Verify objective definition of affected counties and hurricane exposure. | Confirm individual mental health risk factors were modeled separately and reported. | Check whether any eligible mental-health outcome effect is extractable.,none_identified,deepseek-v4-pro,deepseek-v4-pro,dd424458-d152-4622-83a8-836d39a9fe06,1791,3634,5425,2026-09-16T17:31:10Z,strict-inc-v1.0
D0020065,Daily changes in ambient air pollution concentrations and temperature and suicide mortality in Canada: Findings from a national time-stratified case-crossover study,2023,Environmental Research,temperature,META_ELIGIBLE,temperature,objective_or_verifiable,case_crossover,yes,reported_with_uncertainty,eligible,eligible,high,"National time-stratified case-crossover study of 50,800 suicide deaths; objectively measured daily temperature; reports same-day IQR temperature increase associated with 10.1% (95% CI 9.0-11.2%) increase in suicide mortality, satisfying eligible design, outcome, and extractable hazard effect.",,none_identified,deepseek-v4-pro,deepseek-v4-pro,478ded47-2538-4790-9a8d-8948444d8cb9,1871,626,2497,2026-09-16T17:30:42Z,strict-inc-v1.0
D0020068,Short-term exposure to temperature and mental health in North Carolina: a distributed lag nonlinear analysis.,2023,International journal of biometeorology,temperature,FULLTEXT_REVIEW,temperature,objective_or_verifiable,time_series,yes,unclear,eligible,unclear_effect_extractability,medium,"Ecological time-series using daily ambient temperature and mental-health admissions/deaths with DLNM. Eligible design and outcomes, but abstract reports qualitative patterns and no numeric hazard effect or uncertainty; full text needed to confirm extractable effect estimates.",Confirm daily temperature data source and that exposure is objective/verifiable. | Verify DLNM model outputs include numeric RR/CI for temperature effects on mental health outcomes. | Confirm mental health outcomes are emergency admissions/deaths and classified consistently. | Confirm time-series design uses within-county temporal variation and controls for seasonality/long-term trends. | Check whether effect estimates are extractable despite abstract stating results predominately insignificant.,none_identified,deepseek-v4-pro,deepseek-v4-pro,3362b6f1-4574-46e6-927c-f7c350c62204,1657,2165,3822,2026-09-16T17:31:01Z,strict-inc-v1.0
D0020072,Examining Hurricane Ida's Impact on Mental Health: Results From a Quasi-Experimental Analysis.,2023,GeoHealth,cyclone,FULLTEXT_REVIEW,cyclone,objective_or_verifiable,quasi_experimental,unclear,likely_extractable,eligible,unclear_design,medium,"Abstract reports ITS/DID with significant increases in crisis texts but does not specify the comparison group(s) or show effect sizes/uncertainty, so the causal counterfactual and extractable estimates cannot be confirmed from abstract alone.","Specify the DID comparison group and report pre-trend or parallel-trends evidence. | Confirm hurricane exposure (FEMA assistance/disaster declaration) is objective and time-varying. | Extract adjusted effect sizes and 95% CIs/SEs for eligible outcomes (suicide thoughts, stress/anxiety, crisis texts). | Verify outcome is help-seeking service use with clear denominator/definition.",unclear,deepseek-v4-pro,deepseek-v4-pro,cbf6d647-1f0a-4caf-8d6a-1858e5c2a0fb,1592,3325,4917,2026-09-16T17:31:15Z,strict-inc-v1.0
D0020103,Climate-related shocks and other stressors associated with depression and anxiety in Bangladesh: a nationally representative panel study,2023,The Lancet Planetary Health,temperature|flood,FULLTEXT_REVIEW,multiple,objective_or_verifiable,unclear,unclear,reported_with_uncertainty,eligible,unclear_design,medium,"Panel study with objective temperature/humidity and self-reported flood; depression/anxiety outcomes and ORs reported. However, abstract describes pooled population-average logistic model without confirming within-unit fixed effects or pre-exposure baseline, so counterfactual is unresolved. Flood exposure is self-report only.",Verify whether panel analysis uses individual or household fixed effects or within-person change over the two rounds. | Confirm same adult respondent interviewed in both rounds or household membership consistency. | Determine if temperature/humidity exposure linked to weather station by survey location and month is objective and temporally varying. | Check model adjustments for time and spatial confounders and whether temperature effect is identified from temporal within-unit variation. | Assess flood exposure measurement: self-reported 12-month recall; is any objective/verifiable flood data used?,none_identified,deepseek-v4-pro,deepseek-v4-pro,a6869841-b8a0-48e3-ab6a-83905208ff45,2285,4868,7153,2026-09-16T17:31:31Z,strict-inc-v1.0
D0020117,Heatwave and mental health.,2023,Journal of environmental management,temperature,FULLTEXT_REVIEW,temperature,unclear,unclear,unclear,likely_extractable,eligible,unclear_design,medium,"Abstract reports a quantitative heatwave-mental health association (0.027 decrease per heatwave event) but does not state uncertainty, exposure data source, or analytic design/counterfactual; full text needed to confirm objective exposure, longitudinal/panel design, and adjusted estimate with confidence intervals.","Verify heatwave exposure is objectively measured from meteorological/temperature data rather than self-reported. | Confirm analytic design uses within-person longitudinal variation or a credible quasi-experimental counterfactual (e.g., panel fixed effects). | Confirm a pre-exposure baseline or temporal comparison is included. | Report effect estimate with uncertainty (e.g., 95% CI, SE, p-value) from an adjusted model.",none_identified,deepseek-v4-pro,deepseek-v4-pro,533e7fee-2238-4ee9-b587-dde4e3802ca3,1584,2732,4316,2026-09-16T17:31:07Z,strict-inc-v1.0
D0020120,"The role of extreme high humidex in depression in chongqing, China: A time series-analysis",2023,Environmental Research,temperature,META_ELIGIBLE,temperature,objective_or_verifiable,time_series,yes,reported_with_uncertainty,eligible,eligible,high,"Time-series study of objective humidex (temperature-humidity index) and depression outpatient visits using DLNM; reports RRs with CIs and attributable fraction. Supports eligible hazard, outcome, temporal counterfactual, and extractable effect.",,none_identified,deepseek-v4-pro,deepseek-v4-pro,7f17a386-8b0a-4eb8-b07a-c35e3b0a7f50,1763,1160,2923,2026-09-16T17:30:51Z,strict-inc-v1.0
D0020266,Association Between Extreme Heat and Externalizing Symptoms in Pre- and Early Adolescence: Findings From the ABCD Study.,2025,JAACAP open,temperature,FULLTEXT_REVIEW,temperature,objective_or_verifiable,longitudinal_with_prebaseline,unclear,likely_extractable,eligible,unclear_effect_extractability,medium,"Longitudinal ABCD study with objectively measured extreme heat days; includes suicide attempts as eligible outcome but abstract reports no effect estimate or uncertainty and emphasizes externalizing symptoms, so full text must confirm an eligible hazard-specific effect.","Does full text report a heat effect estimate with uncertainty for suicide attempts or another eligible outcome? | Does the model use within-participant temporal exposure variation (e.g., subject fixed/random effects)? | Is the suicide attempt effect extractable separately from ineligible externalizing symptoms? | Is exposure assignment by study site and month objective with adequate temporal resolution? | Does the adjusted model include a credible temporal counterfactual rather than cross-sectional confounding?",none_identified,deepseek-v4-pro,deepseek-v4-pro,eb0e7a61-a882-46b0-9f39-589f7dfaa75d,1685,2848,4533,2026-09-16T17:31:13Z,strict-inc-v1.0
D0020345,Cold-related Mortality in US State and Private Prisons A Case–Crossover Analysis,2025,Epidemiology,temperature,META_ELIGIBLE,temperature,objective_or_verifiable,case_crossover,yes,reported_with_uncertainty,eligible,eligible,high,"Case-crossover analysis of objectively measured cold temperatures in US prisons found a 55% (95% CI 11%, 114%) increase in suicides for extreme cold days, an eligible mental health outcome with credible temporal counterfactual and extractable effect.",,none_identified,deepseek-v4-pro,deepseek-v4-pro,9b96a913-c124-43dd-b4e1-6df3a538d57f,1725,761,2486,2026-09-16T17:30:49Z,strict-inc-v1.0
D0020428,Flooding and elevated prenatal depression in a climate-sensitive community in rural Bangladesh: a mixed methods study,2024,medRxiv,flood,NARRATIVE_ONLY,flood,unclear,cross_sectional,no,reported_with_uncertainty,eligible,cross_sectional,high,"Cross-sectional survey of 881 pregnant women; flood exposure is primarily participant-reported in past 6 months with no pre-event baseline or temporal/quasi-experimental counterfactual. Adjusted prevalence ratios are association only, so unsuitable for causal meta-analysis.",,none_identified,deepseek-v4-pro,deepseek-v4-pro,a452cb99-d635-4355-b9a1-fcf8721058d1,1751,2805,4556,2026-09-16T17:31:18Z,strict-inc-v1.0
D0020479,Effect of daily temperature variations on years of life lost from suicide in the capital city of South Korea,2025,Journal of Psychiatric Research,temperature,META_ELIGIBLE,temperature,objective_or_verifiable,time_series,yes,reported_with_uncertainty,eligible,eligible,high,"Time-series GAM assesses daily diurnal temperature range (DTR) and suicide YLLs with lag 0-6; reports adjusted effect estimate and 95% CI, using objective meteorological exposure and temporal counterfactual.",,none_identified,deepseek-v4-pro,deepseek-v4-pro,3d70f9cb-6bd0-4e1a-b10f-00ce0ca242d3,1725,913,2638,2026-09-16T17:31:02Z,strict-inc-v1.0
D0020483,Association of Postpartum Temperature Exposure with Postpartum Depression: A Retrospective Cohort Study in Southern California,2024,Environmental Health Perspectives,temperature,FULLTEXT_REVIEW,temperature,objective_or_verifiable,unclear,unclear,reported_with_uncertainty,eligible,unclear_design,medium,"Objective gridMET temperature exposure and PPD are eligible and aOR with CI is reported. However, abstract does not clearly specify whether the time-to-event model uses time-varying within-person temperature exposure or adjustment for temporal/seasonal confounding, so credible counterfactual is unresolved.","Verify whether temperature was modeled as time-varying in a person-period discrete-time logistic model or as a single cumulative exposure. | Confirm adjustment for temporal trends, seasonality, and spatial confounders. | Confirm exposure window fully precedes PPD diagnosis and avoids immortal time bias. | Report whether adjusted estimates account for maternal and environmental confounders.",none_identified,deepseek-v4-pro,deepseek-v4-pro,20e26acc-f201-4ab8-be92-22c25b73b806,1868,4846,6714,2026-09-16T17:31:46Z,strict-inc-v1.0
D0020513,Wildfires are associated with increased emergency department visits for anxiety disorders in the western United States,2024,Nature Mental Health,wildfire,FULLTEXT_REVIEW,wildfire,objective_or_verifiable,case_crossover,yes,unclear,eligible,unclear_effect_extractability,high,"Case-crossover design, conditional logistic regression, objective wildfire smoke PM2.5 exposure, and anxiety ED visits are eligible. Abstract reports direction and significance but no numeric effect size or uncertainty, so full text must confirm extractable adjusted estimates.","Verify reported adjusted effect estimates (e.g., odds ratios with 95% CIs) for wildfire smoke PM2.5 and anxiety ED visits. | Confirm wildfire smoke PM2.5 exposure is objectively measured or modeled and attributed to wildfires. | Confirm case-crossover control period selection and adjustment for time-varying confounders.",none_identified,deepseek-v4-pro,deepseek-v4-pro,bfa9cc2a-7479-4379-9c38-db4b6cb222f3,1612,4536,6148,2026-09-16T17:31:39Z,strict-inc-v1.0
D0020552,"Chronic high temperature exposure, brain structure, and mental health: Cross-sectional and prospective studies",2025,Environmental Research,temperature,FULLTEXT_REVIEW,temperature,objective_or_verifiable,unclear,unclear,unclear,eligible,unclear_effect_extractability,medium,"Abstract reports an objective chronic heat exposure and mental-health-related claims, but gives quantitative effect estimates with CIs only for brain MRI outcomes; it does not state a direct temperature-depression effect size, uncertainty, or the exact design for depression. Full text must confirm an eligible mental-health outcome was measured and a quantitative adjusted hazard effect is reported.","Verify depression (or another eligible mental-health outcome) is measured with repeated pre-exposure baseline or equivalent counterfactual. | Confirm the difference-in-differences or prospective design applies to the mental-health outcome, not only brain MRI. | Extract quantitative temperature effect and 95% CI for the mental-health outcome. | Confirm mental-health outcome is not only a mediator/cognition and is reported as person-level depression or distress.",none_identified,deepseek-v4-pro,deepseek-v4-pro,77aea038-d8d9-4845-a463-1376f579b304,1674,2454,4128,2026-09-16T17:31:23Z,strict-inc-v1.0
D0020600,Running through the haze: How wildfire smoke affects physical activity and mental well-being,2024,Journal of Physical Activity & Health,wildfire,NARRATIVE_ONLY,wildfire,unclear,unclear,no,likely_extractable,eligible,no_pre_event_baseline,high,"The study compares mental health during a smoke period (n=348) with a later smoke-free follow-up (n=162), with no pre-exposure outcome assessment; this exposed-first repeated-measures design lacks a credible pre-event counterfactual.",,none_identified,deepseek-v4-pro,deepseek-v4-pro,9ef0f0c3-a2ac-4fa9-a397-9ccd6ce0126c,1746,4483,6229,2026-09-16T17:31:46Z,strict-inc-v1.0
D0020603,Impact of extreme bushfire seasons on rates of occupational injury and disease compensation claims in first responders,2024,International archives of occupational and environmental health,wildfire,FULLTEXT_REVIEW,wildfire,unclear,time_series,unclear,likely_extractable,eligible,unclear_exposure_measurement,medium,"Abstract indicates original WC claims analysis with mental health outcomes and negative binomial models over 2005-2022 comparing FR during extreme bushfire seasons vs off-season/summer. However, it does not specify how extreme bushfire seasons were objectively defined or how seasonal exposure variation was assigned; full text must confirm hazard classification and credible counterfactual.","Full text must define extreme bushfire seasons using objective records (e.g., fire danger index, burnt area, event dates). | Full text must confirm the regression uses within-unit temporal variation with a pre-bushfire baseline and controls for secular trends. | Full text must report adjusted incidence rate ratios with confidence intervals for mental claims for extreme bushfire vs off-season. | Full text must describe mental claim outcome coding (e.g., ICD or workers' comp mental injury categories). | Full text must clarify whether other occupations serve as an unaffected comparison and whether parallel trends assumptions are tested.",none_identified,deepseek-v4-pro,deepseek-v4-pro,1136c4f6-553b-40d6-a603-31f3a6182829,1736,3796,5532,2026-09-16T17:31:38Z,strict-inc-v1.0
D0020619,Assessing mental health during an extreme weather event in southern Brazil,2025,Trends in Psychiatry and Psychotherapy,flood,NARRATIVE_ONLY,flood,self_report_only,cross_sectional,no,not_extractable,eligible,cross_sectional,high,"Real-time, single-wave survey after the 2024 floods compared self-reported affected/unaffected groups with no pre-event baseline or credible counterfactual. Directly affected status is self-reported, and results are descriptive group comparisons, not a causal hazard effect.",,none_identified,deepseek-v4-pro,deepseek-v4-pro,a12ff981-c2d3-4926-922b-73bd90bf4fe2,1712,1456,3168,2026-09-16T17:31:14Z,strict-inc-v1.0
D0020621,Heatwaves and its impact on the depressive symptoms among Chinese community-dwelling older adults: Examining the role of social participation,2025,Archives of Gerontology and Geriatrics,temperature,FULLTEXT_REVIEW,temperature,objective_or_verifiable,unclear,unclear,reported_with_uncertainty,eligible,unclear_design,medium,"Abstract reports objective heatwave exposure (daily max >35°C, 3+ days), CES-D depressive symptoms, and fixed-effect regression with b=0.66, p<0.001. However it does not confirm whether the 2018 CHARLS sample includes repeated outcome waves or within-unit temporal variation; multilevel fixed effects may be cross-sectional area-level adjustment. Full text must establish panel structure and baseline control before eligibility.",Confirm respondents have repeated depressive symptom measures across multiple CHARLS waves and individual fixed effects are used. | Confirm heatwave exposure window and temporal alignment with depressive symptom measurement. | Confirm whether pre-exposure baseline depressive symptoms are controlled or outcome is within-person change. | Verify meteorological temperature source and spatial/temporal resolution of heatwave frequency. | Extract adjusted coefficients with confidence intervals and model specification.,none_identified,deepseek-v4-pro,deepseek-v4-pro,7efcdffc-9aa5-4bd4-9abe-e1c97981fed6,1697,5500,7197,2026-09-16T17:31:54Z,strict-inc-v1.0
D0020637,"Associations of heat with diseases and specific symptoms in Flanders, Belgium: An 8-year retrospective study of general practitioner registration data",2024,Environment International,temperature,FULLTEXT_REVIEW,temperature,objective_or_verifiable,time_series,yes,unclear,eligible,unclear_effect_extractability,high,"Time-series DLNM with objective ambient temperature and GP visit outcomes, including mental health problems. But abstract only states no evidence for heat-related mental health increase and gives no RR/CI for the mental health outcome; full text needed to confirm extractable estimate.","Confirm 'mental health problems' maps to an eligible mental-health outcome (depression, anxiety, distress, or psychiatric service use). | Extract the quantitative RR and 95% CI for heat exposure and mental health problems, including null estimate. | Verify ambient temperature exposure is from objective monitoring data and not self-report. | Confirm time-stratified DLNM provides within-unit temporal counterfactual controlling for season and long-term trends.",none_identified,deepseek-v4-pro,deepseek-v4-pro,05afd185-658a-4b93-9deb-d85c4252c97a,1937,2004,3941,2026-09-16T17:31:22Z,strict-inc-v1.0
D0020658,"Youth suicidality risk relative to ambient temperature and heatwaves across climate zones: A time series analysis of emergency department presentations in New South Wales, Australia",2025,Australian and New Zealand Journal of Psychiatry,temperature,META_ELIGIBLE,temperature,objective_or_verifiable,time_series,yes,reported_with_uncertainty,eligible,eligible,high,"Original time-series study using daily objective temperature and heatwave data to estimate effects on emergency department youth suicidality presentations in NSW. Abstract reports a significant 1.3% increase per 1°C above average daily mean temperature, meeting eligible outcome, exposure, design, and effect extractability criteria.",,none_identified,deepseek-v4-pro,deepseek-v4-pro,6f063a06-f600-42ba-ba4f-919adb41c268,1732,944,2676,2026-09-16T17:31:13Z,strict-inc-v1.0
D0020664,"Risk, Attributable Fraction and Attributable Number of Cause-Specific Heat-Related Emergency Hospital Admissions in Switzerland",2024,International Journal of Public Health,temperature,FULLTEXT_REVIEW,temperature,objective_or_verifiable,time_series,yes,likely_extractable,eligible,unclear_effect_extractability,high,"Time-series DLNM of daily temperature and hospital admissions; mental disease admissions are eligible psychiatric-service outcome, but abstract reports no mental-specific RR/95% CI, only qualitative statement that extreme heat increased mental EHA risk. Full text must provide numeric mental-specific estimate and uncertainty.","Extract mental disease-specific RR and 95% CI for 29°C and 34°C versus disease-specific optimum temperature. | Confirm mental disease admissions include eligible psychiatric outcomes (e.g., depression, anxiety, psychiatric service use). | Verify adjustment for time trends, seasonality, day-of-week, and other temporal confounders. | Obtain lag structure and cumulative risk window used for mental disease outcomes.",none_identified,deepseek-v4-pro,deepseek-v4-pro,0258a34b-4857-47b8-a16a-504da24434f4,1690,1825,3515,2026-09-16T17:31:27Z,strict-inc-v1.0
D0020700,Seasonal variations in psychiatry outpatient service utilization in a tertiary health care center in subtropical arid regions of northwestern India,2024,Indian Journal of Psychiatry,temperature,NARRATIVE_ONLY,temperature,objective_or_verifiable,descriptive,no,not_extractable,eligible,descriptive_or_predictor_only,high,Abstract describes retrospective seasonal variation in psychiatric outpatient utilization; analysis is Pearson correlations/chi-square without a credible counterfactual or reported adjusted hazard effect.,,none_identified,deepseek-v4-pro,deepseek-v4-pro,1f0fe207-b063-4cb5-b90d-18cd8dd3f0f8,1739,2883,4622,2026-09-16T17:31:42Z,strict-inc-v1.0
D0020751,"Association Between Extreme Heat and Outpatient Visits for Mental Disorders: A Time-Series Analysis in Guangzhou, China.",2024,GeoHealth,temperature,META_ELIGIBLE,temperature,objective_or_verifiable,time_series,yes,likely_extractable,eligible,eligible,high,"Time-series study with objectively defined heatwaves (daily mean temperature percentiles/durations) and outpatient visits for mental disorders from insurance claims; quasi-Poisson GLMs estimate heatwave risks and cumulative effects, satisfying causal meta-analysis inclusion.",,none_identified,deepseek-v4-pro,deepseek-v4-pro,623194c8-ea93-4f6c-a37b-2d5f319ff731,1694,1668,3362,2026-09-16T17:31:29Z,strict-inc-v1.0
D0020776,"Variable and dynamic associations between hot weather, thermal comfort, and individuals' emotional states during summertime",2024,BMC psychology,temperature,FULLTEXT_REVIEW,temperature,objective_or_verifiable,panel_fixed_effects,yes,unclear,eligible,unclear_effect_extractability,medium,"EMA repeated-measures design with objective climate-modeled weather and negative affect outcome, but abstract reports only that comfort predicted affect and variance explained; no hazard-specific effect size or uncertainty is stated. Full text must confirm extractable adjusted hazard effect.",Report adjusted coefficients/effect sizes with confidence intervals for objective temperature or humidity on negative affect. | Confirm within-person temporal variation is modeled with fixed or mixed effects for a credible counterfactual. | Clarify whether objective weather has a direct effect on negative affect independent of thermal comfort. | Verify that an extractable quantitative mental-health outcome effect for the climate hazard is provided.,none_identified,deepseek-v4-pro,deepseek-v4-pro,47e2d297-bb59-4477-9ece-93e4661a4788,1690,3267,4957,2026-09-16T17:31:48Z,strict-inc-v1.0
D0020934,Population-level effects of Hurricane Sandy on adolescent health,2024,Journal of Affective Disorders,cyclone,FULLTEXT_REVIEW,cyclone,objective_or_verifiable,quasi_experimental,yes,likely_extractable,eligible,unclear_effect_extractability,medium,"Abstract reports a difference-in-differences analysis of Hurricane Sandy exposure (FEMA-defined) on adolescent sadness/suicidality using pre/post district data, but states no mental-health outcomes were associated and gives no quantitative estimate or uncertainty for mental health; full text needed to confirm extractable null/adjusted effects.","Confirm whether adjusted mental-health effect estimates and uncertainty for sadness/suicidality are reported, even if null. | Verify FEMA exposure measure is objectively defined (e.g., disaster declaration or affected districts) and not self-report. | Check difference-in-differences specification, baseline comparability/pre-trends, and handling of repeated cross-sectional data. | Assess whether overlapping YRBS datasets or district-level aggregation create duplicate estimates.",none_identified,deepseek-v4-pro,deepseek-v4-pro,1b46864d-0d7d-466a-b1ab-0012a505896d,1743,2606,4349,2026-09-16T17:31:42Z,strict-inc-v1.0
D0020997,Suicide deaths associated with climate change-induced heat anomalies in Australia: a time series regression analysis,2024,BMJ mental health,temperature,META_ELIGIBLE,temperature,objective_or_verifiable,time_series,yes,reported_with_uncertainty,eligible,eligible,high,"Time-series regression using gridded temperature anomalies and national suicide mortality reports attributable suicide count with 95% CI, satisfying objective exposure, temporal design, eligible outcome, and extractable effect.",Verify heat anomaly exposure definition and whether model fully adjusts for seasonality and long-term trends.,none_identified,deepseek-v4-pro,deepseek-v4-pro,5ba82c44-b5cd-44cf-b765-3aab44384fbd,1728,1882,3610,2026-09-16T17:31:35Z,strict-inc-v1.0
D0021000,Generalizability of Heat-related Health Risk Associations Observed in a Large Healthcare Claims Database of Patients with Commercial Health Insurance,2024,Epidemiology,temperature,FULLTEXT_REVIEW,temperature,objective_or_verifiable,case_crossover,yes,unclear,eligible,unclear_effect_extractability,medium,"Objective heat exposure, case-crossover design, and mental/behavioral disorder encounters are eligible, but the abstract reports only the ratio of incidence rate ratios comparing datasets (rIRR), not a heat-specific effect estimate with uncertainty for mental health. Full text must confirm extractable heat effect estimates.","Verify dataset-specific heat-mental health rate ratios and 95% CIs are reported. | Confirm case-crossover effect estimates for mental/behavioral disorders, not only ratio of IRRs. | Check whether actual heat effect estimates for OLDW and CA populations can be extracted. | Confirm mental/behavioral disorder encounters qualify as psychiatric service use.",none_identified,deepseek-v4-pro,deepseek-v4-pro,eafd585e-2ae0-42d4-8bea-bd833456aa96,1797,1429,3226,2026-09-16T17:31:34Z,strict-inc-v1.0
D0021032,"Examining the non-linear association between ambient temperature and mental health of elderly adults in the community: evidence from Guangzhou, China",2024,BMC public health,temperature,FULLTEXT_REVIEW,temperature,objective_or_verifiable,panel_fixed_effects,yes,unclear,eligible,unclear_effect_extractability,medium,"Fixed-effects study of ambient temperature and elderly mental health in Guangzhou. Objective temperature and mental-health symptoms are mentioned, but abstract reports only significance and a U-shaped pattern without numeric effect sizes or uncertainty, so quantitative extractability must be verified in full text.","Confirm fixed-effects estimation uses repeated within-unit mental health measures over time, not a single cross-section. | Verify objective temperature source, spatial linkage, and temporal resolution. | Confirm mental-health outcome is an eligible measure of psychological distress, depression, or related symptom scale. | Extract adjusted effect sizes and uncertainty for high/low temperature compared with 20-25°C.",none_identified,deepseek-v4-pro,deepseek-v4-pro,9439c54a-e9f7-4620-9075-8f31d7fd5aad,1668,2934,4602,2026-09-16T17:31:55Z,strict-inc-v1.0
D0021082,"[""Is there a Link Between Heat Waves and Mental Health Emergencies in the Emergency Department?""].",2024,Psychiatrische Praxis,temperature,FULLTEXT_REVIEW,temperature,objective_or_verifiable,unclear,unclear,unclear,eligible,unclear_effect_extractability,medium,Retrospective analysis of psychiatric ED visits over 2015-2022 compared with local temperature plausibly examines temperature and psychiatric service use. However the abstract provides no quantitative hazard effect or uncertainty and does not specify the analytic design/counterfactual.,"Confirm whether time-series or equivalent design with local temperature data was used, including control for trends, seasonality, and confounding. | Verify that effect estimates (e.g., rate ratio/incidence rate ratio) with confidence intervals for heatwave or temperature on psychiatric ED visits are reported. | Establish that exposure variation is objectively measured from local meteorological data and linked temporally to visits. | Assess whether the analysis uses adequate pre-exposure baseline or within-unit temporal counterfactual beyond simple heatwave vs non-heatwave period comparisons.",none_identified,deepseek-v4-pro,deepseek-v4-pro,b3177bbc-da58-4eab-a7a3-7240b3cb0b3a,1693,2096,3789,2026-09-16T17:31:44Z,strict-inc-v1.0
D0021197,Predicting Post-Disaster Post-Traumatic Stress Disorder Symptom Trajectories: The Role of Pre-Disaster Traumatic Experiences,2024,International Journal of Environmental Research and Public Health,cyclone,NARRATIVE_ONLY,cyclone,ineligible,post_event_only,no,not_extractable,eligible,descriptive_or_predictor_only,high,"Abstract examines pre-Katrina trauma as a predictor of PTSD trajectories among Hurricane Katrina survivors, not an objectively measured hurricane exposure effect. It reports trajectory classes and covariate-adjusted associations but lacks any hazard counterfactual or hazard-specific effect.",,none_identified,deepseek-v4-pro,deepseek-v4-pro,0e71b1c5-4cf2-44f7-b434-2f194c32fd59,1745,2883,4628,2026-09-16T17:31:58Z,strict-inc-v1.0
D0021230,2023 Wildfires in Canada: Living in Wildfire Regions in Alberta and Nova Scotia Doubled the Odds for Residents to Experience Likely Generalized Anxiety Disorder Symptoms,2024,Journal of Clinical Medicine,wildfire,NARRATIVE_ONLY,wildfire,objective_or_verifiable,cross_sectional,no,reported_with_uncertainty,eligible,cross_sectional,high,"Cross-sectional online survey during 2023 wildfires comparing likely GAD in residents of wildfire-impacted versus non-impacted regions. No pre-exposure baseline, temporal variation, or credible counterfactual; reported OR (2.4, 95% CI 1.3-4.3) is an association only, not an extractable causal hazard effect.",,none_identified,deepseek-v4-pro,deepseek-v4-pro,b9db4cfb-6601-4639-acca-cddd6d084bae,1702,1152,2854,2026-09-16T17:31:42Z,strict-inc-v1.0
D0021236,"Short-term effects of temperature-related indices on emergency ambulance dispatches due to mental and behavioral disorders in Shenzhen, China",2024,Frontiers in Public Health,temperature,META_ELIGIBLE,temperature,objective_or_verifiable,time_series,yes,reported_with_uncertainty,eligible,eligible,high,Time-series analysis of 2013-2020 ambulance dispatch and meteorological data using DLNM; objective Humidex exposure; psychiatric service use outcome; reports cumulative RR with 95% CI.,,none_identified,deepseek-v4-pro,deepseek-v4-pro,24e2c70b-77f4-4f19-a13f-b83fd53649ed,1826,721,2547,2026-09-16T17:31:39Z,strict-inc-v1.0
D0021251,Examining recurrent hurricane exposure and psychiatric morbidity in Medicaid-insured pregnant populations.,2024,PLOS mental health,cyclone,META_ELIGIBLE,cyclone,objective_or_verifiable,quasi_experimental,yes,reported_with_uncertainty,eligible,eligible,high,Uses objective HIP-WI hurricane exposure and difference-in-difference plus GEE for county-level variation; psychiatric morbidity includes eligible PMAD/SMI outcomes; reports RRs with 95% CIs.,,none_identified,deepseek-v4-pro,deepseek-v4-pro,d9448d52-cb33-461e-9fab-65020b745f73,1733,2082,3815,2026-09-16T17:31:57Z,strict-inc-v1.0
D0021270,"Climate change anxiety, hurricane exposure, and climate change actions and attitudes: results from a representative, probability-based survey of US Gulf Coast residents",2024,The Lancet Planetary Health,cyclone,FULLTEXT_REVIEW,cyclone,objective_or_verifiable,unclear,unclear,unclear,eligible,unclear_effect_extractability,medium,"Abstract reports hurricane exposure associations with actions and climate-anxiety associations with attitudes/actions, but no quantitative hazard effect on an eligible mental-health outcome (PTSD or climate anxiety). Longitudinal cohort and pre-hurricane recruitment suggest plausibility, but hazard-specific estimate and counterfactual are unresolved.","Verify whether the SEM reports coefficients for hurricane exposure predicting climate change anxiety or PTSD symptoms, not only actions. | Confirm hurricane exposure was objectively measured via meteorological/geographic data rather than self-report. | Confirm whether mental health outcomes were measured at baseline/pre-hurricane and follow-up waves. | Verify whether reported SEM paths include a temporal counterfactual or pre-event baseline for causal identification. | Check whether adjusted hazard effects with confidence intervals are extractable for at least one eligible mental-health outcome.",unclear,deepseek-v4-pro,deepseek-v4-pro,8b5b90af-d241-436b-8c5a-c428835bff1e,2040,3269,5309,2026-09-16T17:32:12Z,strict-inc-v1.0
D0021291,Association of Psychiatric Emergency Visits and Warm Ambient Temperature during Pregnancy: A Time-Stratified Case-Crossover Study,2024,Environmental Health Perspectives,temperature,META_ELIGIBLE,temperature,objective_or_verifiable,case_crossover,yes,reported_with_uncertainty,eligible,eligible,high,"Time-stratified case-crossover using ~206,000 psychiatric ED visits and objective daily ambient temperature by zip code reports IRR with 95% CI for multiple eligible mental health outcomes, satisfying all criteria.",,none_identified,deepseek-v4-pro,deepseek-v4-pro,9ceb6c77-6f20-4681-85b0-94089b95840b,1972,1038,3010,2026-09-16T17:31:49Z,strict-inc-v1.0
D0021354,Crisis response in Texas youth impacted by Hurricane Harvey: A difference-in-differences analysis,2024,Journal of Affective Disorders,cyclone,FULLTEXT_REVIEW,cyclone,objective_or_verifiable,quasi_experimental,yes,likely_extractable,eligible,unclear_effect_extractability,high,"Difference-in-differences study of Hurricane Harvey exposure and youth crisis text outcomes. Exposure uses area code and county disaster declarations, outcomes are eligible mental health crises, and pre/post exposed/unexposed comparison provides a counterfactual. Abstract reports significant differences but no numeric effect size or uncertainty, so full text is needed for extractable estimates.","Verify full text reports adjusted DID estimates with uncertainty (e.g., beta/OR/IRR and 95% CI) for eligible outcomes. | Confirm exposure assignment using county disaster declaration and texter area code is objectively defined and analyzed. | Assess whether parallel trends assumption is tested and supported for the DID design. | Check whether spillover effects to control group are addressed and how this affects causal interpretation. | Confirm Crisis Text Line outcomes are classified as mental health service use or symptom-specific measures.",none_identified,deepseek-v4-pro,deepseek-v4-pro,a168e21d-7135-4f30-bd1e-e5cfdf416272,1755,3321,5076,2026-09-16T17:32:15Z,strict-inc-v1.0
D0021360,"Private vs. public emergency visits for mental health due to heat: An indirect socioeconomic assessment of heat vulnerability and healthcare access, in Curitiba, Brazil",2024,Science of the Total Environment,temperature,META_ELIGIBLE,temperature,objective_or_verifiable,time_series,yes,reported_with_uncertainty,eligible,eligible,high,Uses daily mean temperature from stations and psychiatric emergency department visits over 2017-2021 with distributed-lag non-linear quasi-Poisson models. Reports cumulative relative risks and attributable fractions with confidence intervals for heat effects on mental health service use.,,none_identified,deepseek-v4-pro,deepseek-v4-pro,bc14bf82-e2a4-47e5-89a7-6666a72622b3,1819,452,2271,2026-09-16T17:31:44Z,strict-inc-v1.0
D0021394,"Effect of heatwaves on daily hospital admissions in Portugal, 2000–18: an observational study",2024,The Lancet Planetary Health,temperature,META_ELIGIBLE,temperature,objective_or_verifiable,time_series,yes,reported_with_uncertainty,eligible,eligible,high,"Daily county-level time-series over 19 years uses objective EHF heatwave exposure and negative binomial models; reports a mental diseases/disorders hospital admission increase of 23.0% (95% CI 21.1–24.8), an eligible psychiatric service-use outcome with uncertainty.",Confirm mental diseases and disorders category corresponds to psychiatric admissions. | Confirm the mental health effect is adjusted for temporal confounders and at county level.,none_identified,deepseek-v4-pro,deepseek-v4-pro,bd31606e-6457-4366-bb80-23da2bf84b46,2057,2128,4185,2026-09-16T17:32:05Z,strict-inc-v1.0
D0021410,Floods and cause-specific mortality in the UK: a nested case-control study,2024,BMC Medicine,flood,FULLTEXT_REVIEW,flood,objective_or_verifiable,unclear,unclear,reported_with_uncertainty,eligible,unclear_design,medium,"Objective flood index from Dartmouth Flood Observatory and suicide mortality are eligible; abstract reports lag-specific OR with 95% CI. However, the nested case-control design's counterfactual is not described (no within-unit temporal variation, matching criteria, or causal identification), so full text is needed to verify credible design and effect extractability.",Verify whether the nested case-control uses individual-level time-varying flood exposure with clear temporal ordering and lag structure. | Determine whether the matched design includes controls sampled from the same underlying cohort and time period to avoid selection bias. | Assess whether confounding adjustment is sufficient and whether a credible counterfactual is established. | Confirm the suicide outcome is based on cause-specific death registry and exposure precedes outcome. | Check whether effect estimates for eligible mental health outcomes are reported with uncertainty and from adjusted models.,none_identified,deepseek-v4-pro,deepseek-v4-pro,5855c722-b18d-477c-9e32-49046762811a,1767,3039,4806,2026-09-16T17:32:18Z,strict-inc-v1.0
D0021520,Short-term changes in mental health help-seeking behaviors following exposure to multiple social stressors and a natural disaster,2024,Social Science & Medicine,cyclone,FULLTEXT_REVIEW,cyclone,objective_or_verifiable,time_series,unclear,unclear,eligible,unclear_effect_extractability,medium,"Uses Crisis Text Line time series to examine help-seeking after 2020 events including Hurricane Laura; outcome eligible and exposure objective. Abstract only reports median volume difference for Hurricane Laura (+1 to +7 conversations) and ARIMA estimates for COVID/election, not a hurricane-specific adjusted effect with uncertainty; unclear whether concurrent stressors are controlled.","Whether ARIMA or adjusted models report a Hurricane Laura-specific effect estimate with standard errors, confidence intervals, or p-values. | How the analysis isolates hurricane effects from concurrent COVID-19, social unrest, and election stressors. | Whether Crisis Text Line conversation volume is classified as psychiatric service use or help-seeking outcome eligible for the meta-analysis. | Whether the 2019 comparison period provides a credible pre-event counterfactual for Hurricane Laura.",none_identified,deepseek-v4-pro,deepseek-v4-pro,8276f878-bb95-4031-b990-2c958e12ff8c,1729,3772,5501,2026-09-16T17:32:23Z,strict-inc-v1.0
D0021534,Effects of seasonality in emergency admissions for mental disorders: Two years of clinical experience,2024,International Journal of Psychiatry in Clinical Practice,temperature,FULLTEXT_REVIEW,temperature,unclear,unclear,unclear,unclear,eligible,multiple_issues,medium,"Abstract reports significant association between heatwaves and psychiatric ED admissions but lacks explicit heatwave measurement, adjusted temporal counterfactual, and any quantitative effect with uncertainty.",Confirm heatwave exposure uses objective meteorological data with defined thresholds and dates. | Confirm analytic method employs time-series/regression with temporal comparison and adjustment for seasonality/confounders. | Confirm mental-health ED admissions are coded as eligible psychiatric outcomes and not all-cause visits. | Confirm reported effect is a hazard-specific estimate with confidence interval or standard error.,none_identified,deepseek-v4-pro,deepseek-v4-pro,55e6b0c6-e26f-494c-a6a7-a4a38835360c,1633,2252,3885,2026-09-16T17:32:07Z,strict-inc-v1.0
D0021544,"Association between heat and hospital admissions in people with disabilities in South Korea: a nationwide, case-crossover study",2024,The Lancet Planetary Health,temperature,META_ELIGIBLE,temperature,objective_or_verifiable,case_crossover,yes,reported_with_uncertainty,eligible,eligible,high,"Nationwide case-crossover study with objective daily mean temperature exposure and ED admissions. Reports OR for mental disorder admissions associated with heat (1.89, 95% CI 1.18–3.00), an eligible psychiatric service use outcome, with uncertainty.",,none_identified,deepseek-v4-pro,deepseek-v4-pro,6c21ffbc-c028-49b7-9053-b260bc51a9ce,2005,909,2914,2026-09-16T17:31:54Z,strict-inc-v1.0
D0021745,Psychotropic Medication Prescriptions and Large California Wildfires,2024,JAMA Network Open,wildfire,META_ELIGIBLE,wildfire,objective_or_verifiable,time_series,yes,reported_with_uncertainty,eligible,eligible,high,Interrupted time-series with 6-week pre/post baseline around 25 large wildfires; objective wildfire exposure; psychotropic prescriptions (psychiatric service use) eligible; reports RRs with 95% CIs.,,none_identified,deepseek-v4-pro,deepseek-v4-pro,cfe1a97d-bc4f-4749-aa4d-9b73145bed51,1922,2934,4856,2026-09-16T17:32:18Z,strict-inc-v1.0
D0021857,Increased suicide mortality and reduced life expectancy associated with ambient heat exposure,2024,American Journal of Preventive Medicine,temperature,META_ELIGIBLE,temperature,objective_or_verifiable,case_crossover,yes,reported_with_uncertainty,eligible,eligible,high,"Time-stratified case-crossover study of ambient heat and suicide mortality in China. Objective temperature exposure, eligible suicide outcome, and quantitative effect with 95% CI reported (80.7% increase; attributable fraction 31.7%, 95% CI 18.0-43.2%).",,none_identified,deepseek-v4-pro,deepseek-v4-pro,61520d52-2084-4059-a322-dd2f88c7f9a3,1761,622,2383,2026-09-16T17:31:53Z,strict-inc-v1.0
D0021905,"The relationship between hot temperatures and hospital admissions for psychosis in adults diagnosed with schizophrenia: A case-crossover study in Quebec, Canada",2024,Environmental Research,temperature,META_ELIGIBLE,temperature,objective_or_verifiable,case_crossover,yes,reported_with_uncertainty,eligible,eligible,high,"Case-crossover study with objectively measured temperature from NASA Daymet and hospital admissions for psychosis as psychiatric service use. Reports lag-specific OR 1.040 (95% CI 1.008-1.074), satisfying causal design and extractable effect.",,none_identified,deepseek-v4-pro,deepseek-v4-pro,de859ce1-3f1d-4044-8bc7-07fc40795d3d,1799,1176,2975,2026-09-16T17:32:01Z,strict-inc-v1.0
D0021930,Heatwave characteristics complicate the association between PM2.5 components and schizophrenia hospitalizations in a changing climate: Leveraging of the individual residential environment,2024,Ecotoxicology and Environmental Safety,temperature,EXCLUDE,temperature,objective_or_verifiable,case_crossover,yes,reported_with_uncertainty,eligible,wrong_exposure,high,"Main exposure is PM2.5 components (air pollution), not a registered climate hazard; heatwave is examined as an effect modifier/context for PM2.5-schizophrenia associations, so no eligible hazard effect is estimated.",,none_identified,deepseek-v4-pro,deepseek-v4-pro,c0fbc123-9b9a-425c-babe-a2d27c0d3f87,1923,3675,5598,2026-09-16T17:32:25Z,strict-inc-v1.0
D0021946,[The impact of the Ahr Valley flood on the health of the local population - an analysis based on SHI routine data].,2024,"Bundesgesundheitsblatt, Gesundheitsforschung, Gesundheitsschutz",flood,FULLTEXT_REVIEW,flood,objective_or_verifiable,longitudinal_with_prebaseline,unclear,likely_extractable,eligible,unclear_effect_extractability,medium,"Abstract supports objective flood exposure, ICD-10 F diagnoses as mental-health outcome, and a longitudinal pre/post design using Q3 2020 and Q3 2021 routine data. However it reports only significant increases, not numeric prevalence rate ratios with uncertainty, and the single-region two-quarter counterfactual needs full-text verification.","Does full text report numeric prevalence rate ratios or risk differences with confidence intervals for F diagnoses? | Does full text specify whether the design includes an unaffected control region or formal adjustment for temporal trends? | Does full text confirm the Ahr Valley 2021 flood is the objectively defined exposure used in analysis? | Does full text report a hazard-specific mental-health effect rather than only broad F diagnoses combined? | Does full text account for age, sex, seasonality, or other confounding in the pre/post comparison?",none_identified,deepseek-v4-pro,deepseek-v4-pro,056d29ec-8fa0-409d-98bb-b26059f79522,1704,3145,4849,2026-09-16T17:32:25Z,strict-inc-v1.0
D0022009,Aging and emotional well-being after disasters: Vulnerability and resilience,2023,The Gerontologist,cyclone,NARRATIVE_ONLY,cyclone,self_report_only,longitudinal_with_prebaseline,no,not_extractable,eligible,multiple_issues,high,"Abstract reports age differences in post-hurricane depression/PTSD while controlling for self-reported hurricane-related adversities; no hurricane hazard effect or uncertainty is reported. Exposure is self-report, and the analysis is a predictor/moderation analysis rather than a causal hazard effect.",,none_identified,deepseek-v4-pro,deepseek-v4-pro,88ed1881-86fd-4dbd-836e-d65cfd5027c0,1755,5446,7201,2026-09-16T17:32:52Z,strict-inc-v1.0
D0022030,Impact of heatwaves on depression and anxiety in India: A time-series analysis.,2025,Bioinformation,temperature,FULLTEXT_REVIEW,temperature,objective_or_verifiable,time_series,yes,likely_extractable,eligible,unclear_effect_extractability,medium,"Time-series analysis of daily heatwave exposure and depression/anxiety admissions; objective meteorological exposure and eligible outcomes are clear, but abstract reports only qualitative 'modest but significant increases' without numeric effect sizes or uncertainty, so extractable adjusted effect requires full text.","Confirm a time-series model with reported effect estimates and uncertainty (e.g., RR, 95% CI) for heatwave-depression and heatwave-anxiety admissions. | Verify heatwave definition and meteorological data source and linkage to daily hospitalizations. | Check adjustment for seasonality, trend, day-of-week, and autocorrelation. | Assess whether subgroup results (women, older adults) include effect sizes and uncertainty.",none_identified,deepseek-v4-pro,deepseek-v4-pro,7349ffab-3424-46d5-9fc7-6f00082dab04,1496,1234,2730,2026-09-16T17:32:06Z,strict-inc-v1.0
D0022043,Assessing the impact of heatwaves on emergency visits for major depression and suicidal ideation in youth with attention-deficit/hyperactivity disorder.,2025,PLOS mental health,temperature,META_ELIGIBLE,temperature,objective_or_verifiable,time_series,yes,reported_with_uncertainty,eligible,eligible,high,"Retrospective study of 4,404 pediatric ED visits 2008-2021 uses objective heatwave exposure (Excess Heat Factor) and Poisson mixed-effects regression over daily time series; reports RRs with 95% CIs for MDD and suicidal behavior, satisfying causal meta-analysis criteria.",,none_identified,deepseek-v4-pro,deepseek-v4-pro,f2b9f898-05ca-48a8-ac42-f293c6c33b93,1728,2459,4187,2026-09-16T17:32:20Z,strict-inc-v1.0
D0022163,"Climate resilience adaptation and psychiatric emergency services utilization during extreme heat in Boston, MA: a difference-in-differences analysis",2026,Environment International,temperature,FULLTEXT_REVIEW,temperature,objective_or_verifiable,quasi_experimental,unclear,unclear,eligible,unclear_effect_extractability,medium,"Abstract reports only intervention/adaptation interaction effects (heat events with vs without advisories; before vs after plan), not a direct adjusted hazard-effect estimate. Full text must establish a main heat-effect estimate.","Verify whether a direct adjusted effect of extreme heat events on psychiatric emergency service utilization (IRR with 95% CI) is reported separately. | Check whether the DID identifies heat versus non-heat days, not only policy interaction terms. | Confirm whether pre-policy baseline heat effect and full model specification are provided.",none_identified,deepseek-v4-pro,deepseek-v4-pro,dd731d2a-e3c8-4b8d-99cd-6b627b354524,1724,2465,4189,2026-09-16T17:32:23Z,strict-inc-v1.0
D0022176,Combined effect of heat and outdoor O3 pollution on emergency department visits in Florida,2026,Environmental Research,temperature,FULLTEXT_REVIEW,temperature,objective_or_verifiable,time_series,yes,likely_extractable,eligible,unclear_effect_extractability,high,"Time-series study estimates heat and O3 effects on ED visits; mental health is a category but abstract reports only all-cause effect (0.65% per 1°C) and states mental health impacts qualitatively, so mental-health-specific quantitative effect is not extractable from abstract.",Verify mental-health-specific ED visit effect estimate and CI for heat index | Confirm mental health ED category definition and outcome coding | Assess adjustment for O3 and time-varying confounders | Check lag and model specifications for heat effects on mental health,none_identified,deepseek-v4-pro,deepseek-v4-pro,a6179802-c42f-4954-b0dc-9a76d3110520,1758,1997,3755,2026-09-16T17:32:18Z,strict-inc-v1.0
D0022188,The toll of the cyclone: mental health impacts of tropical cyclones in coastal communities of India,2025,BMC public health,cyclone,META_ELIGIBLE,cyclone,objective_or_verifiable,panel_fixed_effects,yes,likely_extractable,eligible,eligible,medium,Objective cyclone landfall/inland penetration exposure; district-year panel with ARDL fixed effects; mental disorder medicine sales as psychiatric service use; reports adjusted 144% contemporaneous and 173% lagged effects.,,none_identified,deepseek-v4-pro,deepseek-v4-pro,e57ffee0-b979-43f4-8386-129759822d95,1700,5745,7445,2026-09-16T17:32:56Z,strict-inc-v1.0
D0022203,Prenatal exposure to heat stress and postpartum depressive symptoms in the MADRES cohort in urban Los Angeles,2026,Environmental Research,temperature,FULLTEXT_REVIEW,temperature,objective_or_verifiable,unclear,unclear,reported_with_uncertainty,eligible,unclear_design,medium,Prospective cohort with objective residential WBGT and CES-D postpartum depressive symptoms; reports trimester-specific adjusted percent change with CI. However abstract does not establish that seasonal/spatial temperature variation and DLM provide a credible counterfactual or specify confounders; full text needed.,"Verify whether DLM/trimester models exploit within-person temporal variation and adjust for seasonality, time trends, and individual confounders. | Confirm multivariable models include relevant confounders such as maternal age, SES, season of birth, and prior mental health. | Check whether residential WBGT assignment is independent of individual risk factors conditional on covariates. | Assess attrition/selection from 275 participants and exposure contrast across trimesters.",none_identified,deepseek-v4-pro,deepseek-v4-pro,203786b1-14a4-41f8-b57e-416cd4080f70,1795,4563,6358,2026-09-16T17:32:54Z,strict-inc-v1.0
D0022222,Cumulative heat exposure and mental health in older Chinese adults with social isolation mediation,2025,Scientific reports,temperature,FULLTEXT_REVIEW,temperature,objective_or_verifiable,unclear,unclear,unclear,eligible,unclear_design,medium,"Objective cumulative heat exposure and mental health outcome are eligible, but abstract only reports significant association from OLS and mediation; it does not specify whether models exploit within-unit temporal variation, adjust for pre-exposure outcomes, or provide estimable coefficients/CIs. Full text must confirm fixed effects/panel design and extractable effect.","Does the analysis include individual fixed effects or within-person temporal contrasts? | Are mental health outcomes measured using validated instruments for depression, anxiety, or wellbeing? | Is cumulative heat exposure assigned to residential location over time and does it vary within individuals? | Are adjusted hazard-specific coefficients reported with standard errors or confidence intervals? | How is the sample selection of individuals with previous heat exposure defined and does it bias counterfactual?",none_identified,deepseek-v4-pro,deepseek-v4-pro,c52bb472-3128-43b6-b8c2-c97047968783,1634,2391,4025,2026-09-16T17:32:32Z,strict-inc-v1.0
D0022223,"Hurricane María and prenatal maternal mental health: Variations in stress, social support, and depression across disaster recovery periods in Puerto Rico",2026,Environmental Research,cyclone,NARRATIVE_ONLY,cyclone,objective_or_verifiable,cross_sectional,no,reported_with_uncertainty,eligible,cross_sectional,high,"Compares independent groups of pregnant participants assessed before vs after Hurricane María at 28 weeks gestation; each participant appears measured once, so no within-person pre/post or credible counterfactual. Regression reports stress/depression differences but design is repeated cross-sectional, not eligible for causal meta-analysis.",,none_identified,deepseek-v4-pro,deepseek-v4-pro,7e6129b2-3f52-469d-8b7e-05dccf2d0a1e,1825,2241,4066,2026-09-16T17:32:30Z,strict-inc-v1.0
D0022292,"Climate-Related Heat Stress and Psychological Outcomes in Self-Employed Delivery Workers: Evidence from Brasília, Brazil.",2025,International journal of environmental research and public health,temperature,FULLTEXT_REVIEW,temperature,objective_or_verifiable,unclear,unclear,reported_with_uncertainty,eligible,unclear_design,medium,"Objective station temperature paired with twice-daily EMA stress/mood in 30 workers over 15 days; betas and CIs reported. However abstract does not state whether regressions used within-person fixed effects or otherwise isolated temporal exposure variation, so counterfactual is unresolved.","Verify models include participant fixed effects or equivalent within-person estimator | Check control for time-of-day, day-of-week, and temporal trend | Confirm stress and mood scales are validated measures of psychological distress or subjective wellbeing | Assess whether humidity-temperature collinearity affects temperature effect estimates",unclear,deepseek-v4-pro,deepseek-v4-pro,06a663b1-7436-4237-8da8-de75ce21d889,1688,2866,4554,2026-09-16T17:32:38Z,strict-inc-v1.0
D0022308,"Depression, Anxiety, and PTSD Among Southern California Residents After the January 2025 Los Angeles Wildfires",2025,Disaster medicine and public health preparedness,wildfire,NARRATIVE_ONLY,wildfire,self_report_only,cross_sectional,no,reported_with_uncertainty,eligible,cross_sectional,high,"Single post-event cross-sectional survey (N=739) 2-3 months after wildfires comparing self-reported evacuation status; no pre-event outcome and no credible counterfactual, despite adjusted odds ratios.",,none_identified,deepseek-v4-pro,deepseek-v4-pro,afd6570b-fc74-4210-aa53-af529cfa38fa,1634,1818,3452,2026-09-16T17:32:31Z,strict-inc-v1.0
D0022392,[Heat and Mental Health: Discrepancy Between Expert Opinion and Documented Primary Care Diagnostics - Findings from 560 General and Pediatric Practices in Germany].,2025,Psychiatrische Praxis,temperature,NARRATIVE_ONLY,temperature,objective_or_verifiable,descriptive,no,reported_with_uncertainty,eligible,descriptive_or_predictor_only,high,"Abstract compares aggregate practice counts of depression, anxiety, and stress disorders in hot vs cooler years using Wilcoxon tests. This is an exploratory, unadjusted between-year comparison with no credible counterfactual; authors note finer temporal resolution and adjustment are needed.",,none_identified,deepseek-v4-pro,deepseek-v4-pro,84a8cd6c-45f5-40c8-b47a-0be6053e914b,1779,2354,4133,2026-09-16T17:32:41Z,strict-inc-v1.0
D0022421,"Changes in Admissions to the Adult Inpatient Mental Health Service of Lismore Base Hospital, Northern New South Wales, Following the 2022 Floods",2025,The Australian journal of rural health,flood,NARRATIVE_ONLY,flood,objective_or_verifiable,descriptive,no,likely_extractable,eligible,descriptive_or_predictor_only,high,"Simple pre/post comparison of psychiatric admissions 12 months before vs after the 2022 Lismore floods, with p-values but no control for secular trends, seasonality, or individual exposure; lacks credible counterfactual for causal flood effect.",,none_identified,deepseek-v4-pro,deepseek-v4-pro,583f83df-5e1c-4e3f-8ac5-ff6f8a27bf81,1744,4417,6161,2026-09-16T17:33:05Z,strict-inc-v1.0
D0022434,Effect of ambient temperature and thermal comfort indices on emergency visits for psychotic and mood disorders: a case-crossover study in a French suburban area,2025,Psychiatry Research,temperature,META_ELIGIBLE,temperature,objective_or_verifiable,case_crossover,yes,reported_with_uncertainty,eligible,eligible,high,"Time-stratified case-crossover uses objective ambient temperature/thermal indices and emergency visits for mood/psychotic disorders, a psychiatric service-use outcome. Reports adjusted percent changes with significance/FDR.",,none_identified,deepseek-v4-pro,deepseek-v4-pro,7c421245-8d32-4ecf-8393-574f9efcb3b6,1723,1424,3147,2026-09-16T17:32:33Z,strict-inc-v1.0
D0022469,Living through the heat: How urban children and young people experience and envision healthier cities.,2025,PLOS global public health,temperature,NARRATIVE_ONLY,temperature,objective_or_verifiable,cross_sectional,no,likely_extractable,eligible,cross_sectional,medium,"Abstract describes online surveys during heatwave and non-heatwave periods but not within-person temporal variation; likely independent cross-sectional samples comparing exposure groups, without credible counterfactual for causal effect.",,none_identified,deepseek-v4-pro,deepseek-v4-pro,7b3d1263-cfda-4b81-81a0-aaba4c29f8bc,1659,3458,5117,2026-09-16T17:32:56Z,strict-inc-v1.0
D0022494,"Short-term variations in summer temperatures and mental health-related emergency department visits in Ontario, Canada",2025,Environmental Epidemiology,temperature,META_ELIGIBLE,temperature,objective_or_verifiable,case_crossover,yes,reported_with_uncertainty,eligible,eligible,high,"Time-stratified case-crossover study of daily summer ambient/apparent temperature and mental health ED visits. Conditional logistic regression reports OR per 5°C with 95% CIs for an eligible psychiatric service use outcome, satisfying all criteria.",,none_identified,deepseek-v4-pro,deepseek-v4-pro,4503f9cd-6420-430a-88ed-38ef48419a07,1788,742,2530,2026-09-16T17:32:27Z,strict-inc-v1.0
D0022560,"The effect of climate extremes on disability, depression, and cognitive decline in middle-aged and older Chinese adults under different healthy lifestyle",2025,Journal of global health,temperature,FULLTEXT_REVIEW,multiple,objective_or_verifiable,longitudinal_with_prebaseline,unclear,unclear,eligible,unclear_effect_extractability,medium,"Longitudinal cohort uses temperature/precipitation extreme indices and time-dependent Cox/mixed models with depression outcome, but abstract reports only interaction p-values and no effect sizes or uncertainty; full text must confirm temporal counterfactual and extractable adjusted effects.",Verify quantitative hazard-specific effect estimates (HR/coefficient) with confidence intervals for extreme temperature/precipitation and depression. | Confirm exposure indices are objective and assigned by location/time rather than self-report. | Confirm models use within-person temporal variation or a credible quasi-experimental counterfactual with adjustment. | Confirm depression was measured with a validated scale and effect is extractable for mental health outcome.,none_identified,deepseek-v4-pro,deepseek-v4-pro,aab1060a-a1a5-4eab-989f-7e5835ac2bd7,1762,2366,4128,2026-09-16T17:32:47Z,strict-inc-v1.0
D0022610,Association of heatwave exposure and multimorbidity with depression trajectories among older adults: evidence from the China Health and Retirement Longitudinal Study,2025,"The journals of gerontology. Series A, Biological sciences and medical sciences",temperature,NARRATIVE_ONLY,temperature,objective_or_verifiable,descriptive,no,not_extractable,eligible,descriptive_or_predictor_only,medium,"Longitudinal CHARLS data are used, but the abstract only describes latent growth curve trajectory identification, machine-learning prediction of trajectory class, and multinomial logistic regression; it reports no quantitative hazard effect size or uncertainty, and does not establish a within-unit temporal exposure counterfactual or pre-exposure baseline for the heatwave-depression effect.",,none_identified,deepseek-v4-pro,deepseek-v4-pro,74803b85-c616-4831-b3af-c0aeeec4aa09,1709,3925,5634,2026-09-16T17:33:06Z,strict-inc-v1.0
D0022614,Association of fine particulate matter and wet-bulb globe temperature with depression incidence in a community-based longitudinal study,2025,Scientific Reports,temperature,FULLTEXT_REVIEW,temperature,objective_or_verifiable,longitudinal_with_prebaseline,unclear,unclear,eligible,unclear_effect_extractability,medium,"Abstract reports WBGT from Geo-AI and incident depression in a longitudinal cohort, but only reports PM HRs; no WBGT-specific estimate or uncertainty and unclear whether WBGT exposure was time-varying or baseline.",Does full text report WBGT-specific adjusted HR and 95% CI for depression? | Is WBGT modeled as time-varying or baseline-only exposure? | Are WBGT estimates adjusted for PM to isolate heat effects? | Does the design include within-unit temporal variation in WBGT exposure?,none_identified,deepseek-v4-pro,deepseek-v4-pro,dda59313-6da5-4d2c-ac62-170ad5fb6363,1633,3702,5335,2026-09-16T17:33:06Z,strict-inc-v1.0
D0022659,Prescribing patterns of psychotropic medications among people living with dementia after disasters.,2025,Innovation in aging,cyclone,NARRATIVE_ONLY,cyclone,objective_or_verifiable,post_event_only,no,reported_with_uncertainty,eligible,no_pre_event_baseline,high,"Abstract compares exposed and unexposed counties for 12 months after hurricane landfall using Medicare claims; no pre-event outcome or credible counterfactual is described, making the design a single post-event exposed/unexposed comparison. Although IRR with CI is reported, it cannot support causal meta-analysis.",,none_identified,deepseek-v4-pro,deepseek-v4-pro,a56a7050-8634-4d27-9b07-04aaa1e8866b,1663,2059,3722,2026-09-16T17:32:47Z,strict-inc-v1.0
D0022664,The risk of hospitalization associated with foehn winds and temperature in the mountainous region of Switzerland,2025,Environmental Epidemiology,temperature,FULLTEXT_REVIEW,temperature,objective_or_verifiable,time_series,yes,unclear,eligible,unclear_effect_extractability,medium,"Case-time series of daily temperature and hospitalizations includes mental health causes and reports overall heat-foehn interaction estimates with uncertainty, but the abstract does not report a mental-health-specific hazard effect or uncertainty, so extractability is unresolved.",Verify mental health hospitalization outcome definition and diagnostic codes. | Confirm mental-health-specific temperature and foehn interaction effect estimate with confidence interval is reported. | Check adjustment for confounders and seasonal/long-term trends in case-time series. | Confirm daily temperature exposure is objectively measured at study locations.,unclear,deepseek-v4-pro,deepseek-v4-pro,947de386-6894-4c8b-8e32-64598e23a52d,1749,996,2745,2026-09-16T17:32:39Z,strict-inc-v1.0
D0022760,High temperature and mental health in 3.3 million adults living in Barcelona metropolitan area: a 12-year time series analysis of primary care data,2025,Environment International,temperature,FULLTEXT_REVIEW,temperature,objective_or_verifiable,time_series,yes,likely_extractable,eligible,unclear_effect_extractability,medium,"Time-series DLNM with objective Meteocat temperature and eligible anxiety/depression outcomes; abstract reports effect magnitudes but no uncertainty, so full text must confirm CIs/adjusted estimates.","Confirm effect estimates include 95% confidence intervals or standard errors. | Verify model covariates and distributed lag non-linear model specification. | Confirm outcome definitions for anxiety/depression diagnoses, prescriptions, and sick leave.",none_identified,deepseek-v4-pro,deepseek-v4-pro,80c1155f-8123-428b-a9ea-f0c00e13160e,1714,3169,4883,2026-09-16T17:33:03Z,strict-inc-v1.0
D0022794,Flooding and Cognitive Health among Middle-Aged and Older Adults in Thailand: A Case Study of Resilient City Policy in Bangkok,2025,Annals of Global Health,flood,EXCLUDE,flood,objective_or_verifiable,panel_fixed_effects,yes,not_extractable,ineligible,wrong_outcome,high,"Primary outcome is cognitive health (memory, calculation, orientation), not an eligible mental-health outcome. Depressive symptoms are only mentioned as associated with resilient city policy, not as a flooding effect.",,none_identified,deepseek-v4-pro,deepseek-v4-pro,83ccdff6-d04f-4709-b3ce-4a0966a13931,1726,1171,2897,2026-09-16T17:32:44Z,strict-inc-v1.0
D0022800,Increased antidepressant prescriptions following the 2018 Japan floods: a longitudinal analysis using the national health insurance database,2025,European journal of psychotraumatology,flood,META_ELIGIBLE,flood,objective_or_verifiable,quasi_experimental,yes,reported_with_uncertainty,eligible,eligible,high,"Difference-in-differences analysis of national insurance claims compared antidepressant prescriptions before and after the 2018 Japan floods between government-designated disaster victims and non-victims, reporting adjusted Ratio of Odds Ratios with 95% CIs.",,none_identified,deepseek-v4-pro,deepseek-v4-pro,8b595d8f-b4fe-42e9-ac06-86e8933d9270,1841,908,2749,2026-09-16T17:32:42Z,strict-inc-v1.0
D0022851,Optimism and language proficiency predict incidence of and remission from PTSD among climate migrants,2025,"Psychological Trauma: Theory, Research, Practice, and Policy",cyclone,NARRATIVE_ONLY,cyclone,unclear,post_event_only,no,not_extractable,eligible,descriptive_or_predictor_only,high,"All participants are Hurricane Maria survivors followed 2020-2023; Cox models identify predictors of PTSD incidence/remission. No pre-event baseline, unexposed comparison, or hazard variation; hurricane trauma is only one individual predictor. This is a predictor analysis without a causal hazard effect.",,none_identified,deepseek-v4-pro,deepseek-v4-pro,34bb8067-7493-4263-9a6c-6fd49caa4279,1742,2824,4566,2026-09-16T17:33:03Z,strict-inc-v1.0
D0022909,"Increases in suicides and overdoses during the 2023 wildfires in Maui, Hawai‘i",2025,JAMA: Journal of the American Medical Association,wildfire,FULLTEXT_REVIEW,wildfire,objective_or_verifiable,time_series,unclear,unclear,eligible,unclear_effect_extractability,medium,Abstract reports an adjusted 46% increase for combined suicide and overdose deaths but no effect size with uncertainty for the eligible suicide-only outcome; suicide rate was only described as significantly higher for Maui than non-Maui. Full text must provide suicide-specific adjusted estimate and modeling details.,Suicide-only adjusted effect for August 2023 relative to other months with effect size and confidence interval or standard error. | Adjustment variables and time-series model used to estimate the August 2023 deviation. | Exposure definition: objective assignment of Maui and non-Maui counties to wildfire-affected month. | Whether primary effects for suicide can be separated from overdose deaths.,none_identified,deepseek-v4-pro,deepseek-v4-pro,7df21f6f-b725-4600-9f81-2089138bca90,1827,3892,5719,2026-09-16T17:33:20Z,strict-inc-v1.0
D0022921,Temporal variation in the association between heatwave and mortality from mental disorders: population-based evidence from a megacity of China,2025,Journal of global health,temperature,FULLTEXT_REVIEW,temperature,objective_or_verifiable,case_crossover,yes,likely_extractable,eligible,unclear_effect_extractability,medium,"Original population-based case-crossover study of heatwave and mental disorder mortality; exposure objective and design has temporal counterfactual. Suicide is an eligible outcome, but abstract reports no hazard-ratio/CI and does not explicitly state an extractable adjusted effect. Full text must confirm suicide-specific estimates and uncertainty.",Verify heatwave definition and objective meteorological exposure source. | Confirm time-stratified case-crossover control selection and adjustment. | Confirm suicide-specific effect estimates with confidence intervals for heatwave components. | Clarify whether total mental disorder mortality includes only eligible outcomes or if only suicide-specific estimates are extractable. | Verify temporal variation model yields extractable period-specific hazard estimates and uncertainty.,none_identified,deepseek-v4-pro,deepseek-v4-pro,51ee898b-f5a8-47dd-a9a6-dddca5cba92a,1742,3664,5406,2026-09-16T17:33:20Z,strict-inc-v1.0
D0022927,Severe flooding and cause-specific hospitalisation among older adults in the USA: a retrospective matched cohort analysis,2025,The Lancet Planetary Health,flood,META_ELIGIBLE,flood,objective_or_verifiable,case_crossover,yes,reported_with_uncertainty,eligible,eligible,medium,"Satellite flood maps provide objective exposure; case-crossover matching by ZIP and day-of-year supplies temporal counterfactual; conditional quasi-Poisson reports mental health-related hospitalisation effect among higher Black proportion areas (3.0%, 95% CI -0.3 to 6.5) during flood.",,none_identified,deepseek-v4-pro,deepseek-v4-pro,c729a669-30c9-4ca4-9284-af60b319d08f,1954,4402,6356,2026-09-16T17:33:28Z,strict-inc-v1.0
D0022928,"Adolescent psychological health, temporal discounting, and climate distress under increased flood exposure in Bangladesh: a mixed-methods cross-sectional study",2025,The Lancet Planetary Health,flood,NARRATIVE_ONLY,flood,objective_or_verifiable,cross_sectional,no,reported_with_uncertainty,eligible,cross_sectional,high,"Abstract explicitly describes a cross-sectional, mixed-methods study comparing adolescents in high-flood-risk Barisal versus low-flood-risk Dhaka. No temporal or pre-post counterfactual, so despite adjusted ORs with CIs, the design is unsuitable for causal meta-analysis.",,none_identified,deepseek-v4-pro,deepseek-v4-pro,ee7ee136-8b37-4d18-8bda-2f3108e03f3c,1758,741,2499,2026-09-16T17:32:50Z,strict-inc-v1.0
D0022941,"Daytime, nighttime, and day-night compound heatwaves and the risk of depression: A Chinese nationwide cohort",2025,Environmental Pollution,temperature,FULLTEXT_REVIEW,temperature,objective_or_verifiable,longitudinal_with_prebaseline,yes,unclear,eligible,unclear_effect_extractability,medium,"Objective temperature-defined heatwaves and repeated CES-D depression measures fit the target, but the abstract lacks numeric adjusted effect sizes/uncertainty and exact model specification; full text needed to confirm extractable quantitative estimates.","Reported numeric adjusted odds ratios with 95% confidence intervals for daytime, nighttime, and compound heatwave-depression associations. | Model specification: random intercepts vs fixed effects and adjustment for individual, wave, and city covariates. | Exposure timing and lag window for heatwave definitions relative to depression measurement waves. | Confirmation of objective temperature data source and city-specific thresholds. | Handling of repeated outcome measures and missing data.",none_identified,deepseek-v4-pro,deepseek-v4-pro,c2399659-40a3-421b-9cbe-46299745af04,1764,4552,6316,2026-09-16T17:33:34Z,strict-inc-v1.0
D0022943,"Linkages between socioeconomic inequalities, pro-environmental behaviours, climate change concerns and experiences, and wellbeing outcomes in England",2025,Sustainable Environment,temperature|flood,NARRATIVE_ONLY,multiple,objective_or_verifiable,cross_sectional,no,not_extractable,eligible,cross_sectional,high,"Abstract describes cross-sectional analysis of 2018/19 Understanding Society wave with area-level flood and temperature change exposure; no within-unit temporal variation or pre-event baseline, so cannot support causal hazard effect. Hazard-wellbeing link reported only as no association, no extractable quantitative effect.",,none_identified,deepseek-v4-pro,deepseek-v4-pro,8060e24d-52f6-40fa-8b78-ee5fa412eb25,1642,1663,3305,2026-09-16T17:33:05Z,strict-inc-v1.0
D0022987,"Health Impacts of Acute Wildfire Smoke Exposure on the Active-Duty Military Population at Joint Base Lewis-McChord, Washington, USA",2025,Journal of Occupational and Environmental Medicine,wildfire,FULLTEXT_REVIEW,wildfire,objective_or_verifiable,case_crossover,yes,unclear,eligible,unclear_effect_extractability,medium,"Time-stratified case-crossover with objective PM2.5 thresholds and behavioral health ED visits fits design/outcome, but abstract reports only 'increased odds' without numeric effect or uncertainty; full text must provide hazard-specific behavioral health OR/CI.","Confirm behavioral health ED visits include mental health/psychiatric diagnoses, not solely substance use. | Report adjusted odds ratios and confidence intervals for behavioral health ED visits by PM2.5 threshold and lag. | Verify exposure classification identifies wildfire smoke days specifically (not ambient PM2.5 from all sources). | Confirm conditional logistic regression adjusted for temperature and other confounders as stated.",none_identified,deepseek-v4-pro,deepseek-v4-pro,0d4f562b-331d-49b4-82d4-b4850fc70c49,1601,1758,3359,2026-09-16T17:33:05Z,strict-inc-v1.0
D0022997,Flooding and elevated prenatal depression in rural Bangladesh: A mixed methods study,2025,Plos Global Public Health,flood,NARRATIVE_ONLY,flood,objective_or_verifiable,cross_sectional,no,reported_with_uncertainty,eligible,cross_sectional,high,"Abstract explicitly states a cross-sectional survey of 881 pregnant women; flood exposure and EPDS depression were measured concurrently with no pre-exposure baseline or temporal counterfactual. Despite objective water level/remote sensing data and adjusted prevalence ratios, single-wave cross-sectional design is unsuitable for causal meta-analysis.",,none_identified,deepseek-v4-pro,deepseek-v4-pro,9cd104a8-679e-487d-a12a-20fa274b7f9f,1707,1724,3431,2026-09-16T17:33:09Z,strict-inc-v1.0
D0023011,When climate crisis hits home: mental health of elderly with type 2 diabetes amidst floods in Brazil,2025,Diabetology and Metabolic Syndrome,flood,NARRATIVE_ONLY,flood,unclear,cross_sectional,no,reported_with_uncertainty,eligible,cross_sectional,high,"Cross-sectional post-flood comparison of directly vs non-directly impacted elderly; no pre-event outcome or temporal hazard variation, so cannot support causal hazard effect despite adjusted ORs.",,none_identified,deepseek-v4-pro,deepseek-v4-pro,c6f4e44e-ad29-4ac3-8193-9f8673333800,1748,1067,2815,2026-09-16T17:33:04Z,strict-inc-v1.0
D0023031,"Preliminary Report on Symptoms of Anxiety, Depression, and PTSD Following Severe Flooding in Brazil: A Longitudinal Perspective",2025,Disaster Medicine and Public Health Preparedness,flood,NARRATIVE_ONLY,flood,objective_or_verifiable,post_event_only,no,not_extractable,eligible,no_pre_event_baseline,high,"Abstract describes 64 flood-affected adults assessed during the flood and one month later. There is no pre-flood baseline or unaffected comparison, so the study cannot estimate a flood effect; it reports symptom progression and predictors only.",,none_identified,deepseek-v4-pro,deepseek-v4-pro,eddf61dc-3fea-4910-92b8-5eb2d2718984,1653,1579,3232,2026-09-16T17:33:11Z,strict-inc-v1.0
D0023052,A Case-Crossover Study of Extreme Heat and Psychiatric Emergency Encounters Among Vulnerable Pregnant People,2025,Paediatric and Perinatal Epidemiology,temperature,FULLTEXT_REVIEW,temperature,objective_or_verifiable,case_crossover,yes,unclear,eligible,unclear_effect_extractability,medium,"Time-stratified case-crossover using gridded ambient temperature and psychiatric emergency encounters is highly relevant, but the abstract reports only 'no evidence of an association' without an adjusted effect size or uncertainty measure, so full text is needed to confirm extractable quantitative estimates.","Verify the reported adjusted odds ratio and 95% CI for extreme heat and psychiatric emergency encounters. | Confirm time-stratified case-crossover matching by day-of-week and month with control dates. | Confirm exposure is objective gridded daily temperature at the 95th percentile, not self-reported. | Confirm outcome is psychiatric emergency service use, not all emergency visits. | Assess whether the two study periods 2005-2009 and 2017-2021 introduce overlapping or duplicated encounters.",none_identified,deepseek-v4-pro,deepseek-v4-pro,6ebf1ba8-9b65-4af4-980c-a514a3cd2dc3,1773,1752,3525,2026-09-16T17:33:15Z,strict-inc-v1.0
D0023100,Analysis of the global trends and causes of self-harm due to high temperature: a global level ecological study,2025,Environmental Health and Preventive Medicine,temperature,NARRATIVE_ONLY,temperature,objective_or_verifiable,descriptive,no,not_extractable,eligible,descriptive_or_predictor_only,high,"Abstract reports decomposition/trend analysis of GBD heat-related self-harm mortality and a panel model of national indicators, not an original hazard effect estimate; no temperature effect on self-harm or counterfactual is reported.",,none_identified,deepseek-v4-pro,deepseek-v4-pro,e3fe3b05-7847-432f-b760-6599a47fcaaa,1711,3580,5291,2026-09-16T17:33:34Z,strict-inc-v1.0
D0023153,Psychiatric Disorders Mediate the Association between Floods and Dementia: A Prospective Cohort Study in the UK Biobank.,2025,"Environment & health (Washington, D.C.)",flood,NARRATIVE_ONLY,flood,objective_or_verifiable,post_event_only,no,not_extractable,eligible,no_pre_event_baseline,high,"Prospective cohort compares cumulative flood exposure over 8 years before baseline to incident outcomes; no pre-exposure mental-health outcome or within-unit temporal variation, so exposed/unexposed comparison is not a credible counterfactual. Abstract reports only dementia HR, not a flood-psychiatric disorder effect.",,none_identified,deepseek-v4-pro,deepseek-v4-pro,2d2d8d47-e639-4866-a2fb-8688378a946a,1699,4084,5783,2026-09-16T17:33:47Z,strict-inc-v1.0
D0023214,Does Feeling Safe Mean Being Free From Distress? Assessment of the Co-Existing Trajectories of Posttraumatic Stress Disorder and Feelings of Safety in Children Following a Natural Disaster,2025,Stress and Health,cyclone,NARRATIVE_ONLY,cyclone,objective_or_verifiable,post_event_only,no,not_extractable,eligible,descriptive_or_predictor_only,high,"Longitudinal post-typhoon cohort with only 3/15/27-month post-event waves and no pre-event outcome; latent growth mixture modeling identifies PTSD/safety trajectories and baseline predictors, not a hazard effect. Lacks counterfactual and extractable effect, so narrative-only.",,none_identified,deepseek-v4-pro,deepseek-v4-pro,8a50cee1-e8d7-46ee-8f14-b3727b77412a,1712,3061,4773,2026-09-16T17:33:36Z,strict-inc-v1.0
D0023226,"Emergency department mental health presentations in bushfire-, flood-, storm-, drought-, and COVID-19-affected areas: Analysis of growth models between 2017 and 2021",2025,Australian and New Zealand journal of public health,wildfire|flood|drought,NARRATIVE_ONLY,multiple,objective_or_verifiable,descriptive,no,not_extractable,eligible,descriptive_or_predictor_only,high,"Abstract reports linear growth trends in mental-health ED presentations across areas classified by exposure to fires, floods, storms, droughts and COVID-19; no isolated registered hazard effect, credible counterfactual, or uncertainty is reported. This is descriptive trajectory analysis rather than causal hazard-effect estimation.",,none_identified,deepseek-v4-pro,deepseek-v4-pro,3b98db00-e0fb-4af4-a98a-2b9c0bc53853,1656,2295,3951,2026-09-16T17:33:30Z,strict-inc-v1.0
D0023314,Hospitalization risks associated with floods in a multi-country study.,2025,Nature water,flood,META_ELIGIBLE,flood,objective_or_verifiable,time_series,yes,reported_with_uncertainty,eligible,eligible,high,"Multi-community daily time-series with objective flood days and quasi-Poisson distributed lag models reports mental disorder hospitalization RR 1.11 (95% CI 0.98-1.25), meeting causal meta-analysis criteria.",,none_identified,deepseek-v4-pro,deepseek-v4-pro,891b4d65-cb73-4624-b867-b3ec60b88213,1749,1855,3604,2026-09-16T17:33:24Z,strict-inc-v1.0
D0023319,"The impact of climate shocks exposure to depressive and suicidal ideations among female population in Kilifi rural areas, Kenya",2025,eBioMedicine,temperature|drought,NARRATIVE_ONLY,multiple,unclear,cross_sectional,no,reported_with_uncertainty,eligible,cross_sectional,medium,"Study compares informal-settlement women vs rural controls using 2SLS, but abstract reports no pre-exposure baseline, time-series, panel, or within-unit variation in climate shocks; treatment/control is defined by amenities rather than hazard exposure, so design appears cross-sectional post-exposure comparison without credible counterfactual.",,none_identified,deepseek-v4-pro,deepseek-v4-pro,3ba917f8-3429-4ab8-9f77-ec8285b977a4,1786,2284,4070,2026-09-16T17:33:31Z,strict-inc-v1.0
D0023343,The mediating role of thyroid hormone in the association between heatwave exposure and depression severity,2025,Environment International,temperature,FULLTEXT_REVIEW,temperature,objective_or_verifiable,time_series,unclear,reported_with_uncertainty,eligible,unclear_design,medium,"Objective heatwave exposure and depression severity outcome are eligible, and effect with CI is reported. However, abstract does not specify adjustment for temporal trends, seasonality, or confounders, so credible counterfactual is unresolved.","Verify whether the mixed-effect logistic regression adjusted for long-term time trends, seasonality, and day-of-week. | Confirm whether the non-heatwave comparison uses time-stratified or case-crossover design to control for temporal confounding. | Check if air pollution, humidity, or other meteorological confounders were controlled and whether repeated admissions were modeled with patient random effects. | Confirm depression severity (mild/moderate/severe) is based on standard diagnostic criteria and discharge diagnoses.",none_identified,deepseek-v4-pro,deepseek-v4-pro,537d103a-64f2-4d2c-a416-0f809d0a71fa,1772,3361,5133,2026-09-16T17:33:41Z,strict-inc-v1.0
D0023456,"The association between hot days and substance-related suicides: a time-stratified case-crossover analysis in British Columbia, Canada",2025,Environmental Health: A Global Access Science Source,temperature,META_ELIGIBLE,temperature,objective_or_verifiable,case_crossover,yes,reported_with_uncertainty,eligible,eligible,high,"Time-stratified case-crossover uses objective hot-day temperature exposure and population suicide outcomes; conditional logistic regression reports OR with 95% CI (e.g., 1.19 [1.11, 1.29] for attempts), satisfying temporal counterfactual and extractable hazard effect.",,none_identified,deepseek-v4-pro,deepseek-v4-pro,77d37a0e-1221-4a7c-b402-72f5bfd1ab32,1858,1352,3210,2026-09-16T17:33:19Z,strict-inc-v1.0
D0023479,Urban heat island impacts on mental health in middle-aged and older adults,2025,Environment International,temperature,EXCLUDE,temperature,objective_or_verifiable,other_eligible,unclear,reported_with_uncertainty,eligible,wrong_exposure,high,"The exposure is summer urban heat island (UHI) intensity, an urbanization-attributable manufactured temperature metric, not a registered naturally occurring ambient temperature hazard. Thus the study does not meet the exposure domain even though it reports HRs for eligible mental health outcomes.",,none_identified,deepseek-v4-pro,deepseek-v4-pro,fd106519-0456-4256-8ccb-3400bb13b95e,1724,2366,4090,2026-09-16T17:33:31Z,strict-inc-v1.0
D0023533,"The Association between Multiple Environmental Exposures and Symptoms of Generalized Anxiety Disorder in a Prospective, US-Based Cohort Study",2025,Environmental Health Perspectives,temperature,META_ELIGIBLE,temperature,objective_or_verifiable,longitudinal_with_prebaseline,yes,reported_with_uncertainty,eligible,eligible,medium,"Prospective cohort with GAD symptoms measured in 2013 and 2017; temperature predicted by spatiotemporal models (objective). Longitudinal GEE reported a 12-month average temperature OR of 1.05 (95% CI 1.03-1.07) for GAD symptoms, providing an extractable hazard-specific effect.",,none_identified,deepseek-v4-pro,deepseek-v4-pro,5205c407-4db7-49ca-8cd0-06913623fdf0,2036,4157,6193,2026-09-16T17:33:53Z,strict-inc-v1.0
D0023539,"Effect of ‘losses’ and other secondary stressors on the association between flooding and psychological health outcomes: A cross-sectional study in Bongaigaon District, India",2025,Journal of Biosocial Science,flood,NARRATIVE_ONLY,flood,unclear,cross_sectional,no,reported_with_uncertainty,eligible,cross_sectional,high,"Abstract explicitly describes a cross-sectional household survey 6-7 months post-flood with flooded-versus-unflooded and severity comparisons, lacking a pre-event baseline or credible quasi-experimental counterfactual.",,none_identified,deepseek-v4-pro,deepseek-v4-pro,c77d960f-bbd5-4fc6-9c14-e50ae9298d02,1986,1270,3256,2026-09-16T17:33:25Z,strict-inc-v1.0
D0023556,Identifying factors associated with mental health status following climate-related disasters: a nationwide longitudinal panel study in Korea,2025,Epidemiology and Health,cyclone,NARRATIVE_ONLY,multiple,self_report_only,post_event_only,no,not_extractable,eligible,descriptive_or_predictor_only,high,"Abstract reports predictors of post-disaster depression/anxiety/PTSD using a damage severity gradient and affected-unaffected comparison; no pre-event mental health measure or credible counterfactual is described, so unsuitable for causal hazard-effect estimation.",,none_identified,deepseek-v4-pro,deepseek-v4-pro,e9f932fc-6983-4b4f-9664-88ff64845aa7,1740,4798,6538,2026-09-16T17:34:05Z,strict-inc-v1.0
D0023582,Fine Particulate Matter from 2020 California Wildfires and Mental Health-Related Emergency Department Visits,2025,JAMA Network Open,wildfire,META_ELIGIBLE,wildfire,objective_or_verifiable,time_series,yes,reported_with_uncertainty,eligible,eligible,medium,"Daily ED visit counts and wildfire-specific PM2.5 over the 2020 California wildfire season; abstract reports lagged cumulative relative risks with 95% CIs, indicating a time-series analysis of objective exposure and eligible psychiatric service use outcomes.",,none_identified,deepseek-v4-pro,deepseek-v4-pro,ea42a066-cd9f-4b90-9254-6f138bd68efe,2235,4322,6557,2026-09-16T17:34:07Z,strict-inc-v1.0
D0023590,"The impact of different types of extreme temperature events on mental disorders: A case-crossover study in Anhui Province, China",2025,Environmental Research,temperature,META_ELIGIBLE,temperature,objective_or_verifiable,case_crossover,yes,reported_with_uncertainty,eligible,eligible,high,"Case-crossover study with objectively measured extreme heat/cold and outpatient mental disorder diagnoses. Reports OR 2.23 (95% CI 2.16-2.30) for heat and OR 1.95 (95% CI 1.89-2.01) for cold, with depression, anxiety, and schizophrenia outcomes.",,none_identified,deepseek-v4-pro,deepseek-v4-pro,ea1924f9-d077-4120-a573-ac73e6228a80,1870,699,2569,2026-09-16T17:33:28Z,strict-inc-v1.0
D0023620,Double disparities of the excess risks and costs of extreme temperatures on hospitalization between Medical Aid and non-Medical Aid populations in South Korea,2025,International Journal of Epidemiology,temperature,FULLTEXT_REVIEW,temperature,unclear,case_crossover,yes,unclear,unclear,unclear_effect_extractability,medium,"Case-crossover study of temperature and ED hospitalization reports overall all-cause heat/cold effects with uncertainty. Mental disease admissions are mentioned only as a subgroup with prominent disparities, not as a mental-health-specific quantitative effect. Full text must confirm an eligible mental-health outcome estimate is extractable.","Confirm mental-disorder-specific hospitalization effect estimates and uncertainty, not only all-cause ED admissions. | Confirm objective ambient temperature exposure data source and spatiotemporal linkage. | Confirm case-crossover time-stratified control selection and distributed lag nonlinear model specification. | Confirm mental disease admissions subgroup definition and outcome coding.",none_identified,deepseek-v4-pro,deepseek-v4-pro,1114141f-1c07-455a-8d20-6f58b278daa9,1814,2165,3979,2026-09-16T17:33:45Z,strict-inc-v1.0
D0023695,The association between outdoor ambient temperature and depression and mania: An ecological momentary assessment study,2025,Journal of Affective Disorders,temperature,META_ELIGIBLE,temperature,objective_or_verifiable,other_eligible,yes,reported_with_uncertainty,eligible,eligible,high,Original quantitative study; objective ambient temperature from smartphone geolocation; repeated EMA depressive symptoms; mixed-effects regression with coefficient and 95% CI; within-person temporal exposure variation.,,none_identified,deepseek-v4-pro,deepseek-v4-pro,36df55d6-6157-4692-ab6b-6b34b45f8561,1757,3697,5454,2026-09-16T17:34:06Z,strict-inc-v1.0
D0023731,Back-to-Back Climate shocks and the mental health crisis: A Texas-sized surge in depression and anxiety ER visits,2025,American Journal of Emergency Medicine,temperature|cyclone|drought,NARRATIVE_ONLY,multiple,objective_or_verifiable,descriptive,no,not_extractable,eligible,descriptive_or_predictor_only,high,"Abstract describes a time-series random forest feature-importance analysis of weather variables and ED visits; it reports seasonal patterns, associations, and predictors but no quantitative hazard effect with uncertainty or credible causal counterfactual. This is predictor/descriptive analysis, not an extractable hazard effect.",,none_identified,deepseek-v4-pro,deepseek-v4-pro,c203b3ba-47ab-4542-af5e-d9ad212528eb,1704,2297,4001,2026-09-16T17:33:50Z,strict-inc-v1.0
D0023765,Individual effects and interactions between ultrafine particles and extreme temperatures on hospital admissions of high burden diseases,2025,Environment International,temperature,FULLTEXT_REVIEW,temperature,objective_or_verifiable,case_crossover,yes,unclear,eligible,unclear_effect_extractability,medium,"Case-crossover with objective temperature and psychiatric service-use outcome (depression hospitalizations). Abstract reports extreme heat/cold effects for overall HBD and only IHD/kidney among subtypes, not a depression-specific temperature effect with uncertainty. Full text needed for depression-specific extractable estimate.","Confirm depression hospitalization was a defined outcome and provide its diagnostic coding. | Provide adjusted risk/odds ratios and 95% CIs for extreme heat and cold on depression admissions specifically. | Verify temperature effect estimates are mutually adjusted for UFPs, criteria pollutants, and time-varying confounders. | Confirm exposure windows and conditional logistic regression conditioned on individual case timing. | Check whether depression-specific temperature results are reported in subtype tables or interactions.",none_identified,deepseek-v4-pro,deepseek-v4-pro,c3e1f42d-901e-46fc-86aa-d1730e3c981e,1739,1820,3559,2026-09-16T17:33:49Z,strict-inc-v1.0
D0023862,El Niño-driven flooding and mental health symptomology among adolescents and young adults in Peru,2025,Global Mental Health,flood,NARRATIVE_ONLY,flood,objective_or_verifiable,post_event_only,no,likely_extractable,eligible,no_pre_event_baseline,high,"Abstract compares 2016 mental health between communities that did or did not experience flooding 2013-2016, a single post-event affected-versus-unaffected comparison with no pre-event mental health baseline. Matching and quasi-Poisson regression do not provide a credible causal counterfactual for flood effects.",Whether a pre-flood baseline mental health measure (before 2013) was used as a counterfactual | Whether mental health outcome was measured at multiple time points allowing within-unit temporal comparison,none_identified,deepseek-v4-pro,deepseek-v4-pro,086db935-3113-4757-9708-9dd358259bf2,1609,1848,3457,2026-09-16T17:33:49Z,strict-inc-v1.0
D0023870,Mental health disparities among maternal populations following heatwave exposure in North Carolina (2011–2019): a matched analysis,2025,The Lancet Regional Health - Americas,temperature,META_ELIGIBLE,temperature,objective_or_verifiable,case_crossover,yes,reported_with_uncertainty,eligible,eligible,high,"Matched analysis compares ED psychiatric visits during heatwave vs matched non-heatwave periods at ZCTA level, reports RR and CI for maternal mental health outcomes. Objective heatwave exposure, eligible psychiatric service use, temporal counterfactual.",,none_identified,deepseek-v4-pro,deepseek-v4-pro,32224961-5a85-4118-96fe-cfff52953201,1868,1790,3658,2026-09-16T17:33:48Z,strict-inc-v1.0
D0023885,More than a feeling: A global economic valuation of subjective wellbeing damages resulting from rising temperatures.,2025,PloS one,temperature,META_ELIGIBLE,temperature,objective_or_verifiable,time_series,yes,reported_with_uncertainty,eligible,eligible,medium,"Original quantitative study uses objective daily land surface temperature and subjective wellbeing from nationally representative surveys across 160 countries over 13 years; reports significant 0.5% wellbeing loss per exceptional hot day, with temporal temperature variation.",,none_identified,deepseek-v4-pro,deepseek-v4-pro,a9e54fd7-c6a4-43c2-95ea-05a100081334,1597,2330,3927,2026-09-16T17:33:56Z,strict-inc-v1.0
D0023899,"Flooding, Sociospatial Risk, and Population Health",2025,Demography,flood|cyclone,META_ELIGIBLE,flood,objective_or_verifiable,quasi_experimental,yes,reported_with_uncertainty,eligible,eligible,high,"Repeated cross-sectional pre/post Hurricane Harvey surveys linked to objective flood inundation; difference-in-differences models estimate flood effects on psychological distress and unhealthy mental health days, reporting significant adjusted effects.",,none_identified,deepseek-v4-pro,deepseek-v4-pro,a74889d7-fc50-48c1-9009-81816d1fc0bd,1638,3075,4713,2026-09-16T17:34:04Z,strict-inc-v1.0
D0023903,Impact of heat exposure on health outcomes among older adults in India: an analysis across ten states.,2025,International journal of environmental health research,temperature,NARRATIVE_ONLY,temperature,objective_or_verifiable,cross_sectional,no,likely_extractable,eligible,cross_sectional,high,"Uses LASI-Wave I only, a single cross-sectional survey with NOAA climate data and PSM/ordered probit; no temporal or pre-post exposure variation or credible counterfactual, so association is cross-sectional.",,none_identified,deepseek-v4-pro,deepseek-v4-pro,8ceea327-1003-41c3-9652-2610e0aa29da,1545,1655,3200,2026-09-16T17:33:51Z,strict-inc-v1.0
D0023906,Association of ambient temperatures with suicide attempts and violence with the future projections under climate change scenarios: a nationwide time-stratified case-crossover study in South Korea,2025,BMC public health,temperature,FULLTEXT_REVIEW,temperature,objective_or_verifiable,case_crossover,yes,likely_extractable,eligible,unclear_effect_extractability,medium,"Time-stratified case-crossover uses objective outdoor temperature and includes suicide attempts, an eligible mental health outcome. However, abstract reports attributable fractions and positive associations without explicit uncertainty/CI for the temperature-suicide attempt effect, so quantitative extractability is not fully resolved.","Report adjusted effect estimates and uncertainty (e.g., CIs) for ambient temperature and suicide attempts specifically. | Confirm suicide attempt analysis is separate from violence, which is not an eligible mental health outcome. | Provide exact case-crossover effect estimates and attributable fraction calculations with uncertainty.",unclear,deepseek-v4-pro,deepseek-v4-pro,57d31429-84e4-4ba3-876d-8c367ec03ca6,1756,1164,2920,2026-09-16T17:33:47Z,strict-inc-v1.0
D0023943,Temperature Exposure and Psychiatric Symptoms in Adolescents From 2 European Birth Cohorts,2025,JAMA Network Open,temperature,NARRATIVE_ONLY,temperature,objective_or_verifiable,cross_sectional,no,reported_with_uncertainty,eligible,cross_sectional,medium,"CBCL internalizing/externalizing/attention outcomes were measured at a single adolescent assessment per participant with no pre-exposure mental-health baseline or within-unit outcome variation, so the DLNM associations lack a credible counterfactual despite objective residence-based temperature exposure.",,none_identified,deepseek-v4-pro,deepseek-v4-pro,0989a828-1c9e-4bbc-b036-82534dd91e52,2108,5926,8034,2026-09-16T17:34:42Z,strict-inc-v1.0
D0024000,Neighborhood Disadvantage and the Association of Hurricanes Sandy and Harvey With Veterans' Mental Health,2025,JAMA Network Open,cyclone|flood,FULLTEXT_REVIEW,cyclone,objective_or_verifiable,unclear,unclear,reported_with_uncertainty,eligible,unclear_design,medium,"Retrospective cohort uses FEMA-defined hurricane exposure and VHA acute mental health visits, but abstract does not specify whether Cox models used within-person pre/post exposure variation or only post-event flooded/assistance gradients. Exact overall hurricane HR and CIs are not reported, only subgroups.","Confirm whether Cox models used time-varying hurricane exposure with a pre-hurricane baseline within-person counterfactual. | Report exact overall hurricane exposure HR and CIs for acute mental health visits, not only neighborhood disadvantage or subgroup estimates. | Define the reference group for flooded/individual assistance HRs and whether exposure is hurricane vs flood damage. | Describe adjustment for pre-existing trends or baseline mental health to support causal counterfactual. | Provide effect estimates for both Sandy and Harvey cohorts overall and by exposure definition.",unclear,deepseek-v4-pro,deepseek-v4-pro,bd12deef-1e7c-41e8-afee-a7ea618b69ad,2182,4501,6683,2026-09-16T17:34:32Z,strict-inc-v1.0
D0024057,"Use of emergency services in response to a flood: an account of the aftermath of the May 2023 flood in Romagna, Italy",2025,Emergency Medicine Journal,flood,NARRATIVE_ONLY,flood,objective_or_verifiable,post_event_only,no,reported_with_uncertainty,eligible,no_pre_event_baseline,high,Retrospective cohort comparing ED mental-health visits in flood-affected vs non-affected areas over 14 weeks post-flood. No pre-flood baseline or within-unit temporal exposure variation; affected/unaffected post-event comparison alone is not a credible counterfactual. Reports OR 1.40 (95% CI 1.17-1.75) for mental health ED visits but design unsuitable for causal meta-analysis.,,none_identified,deepseek-v4-pro,deepseek-v4-pro,325aa40d-80cf-4000-8dd8-851c66d4d480,1899,1764,3663,2026-09-16T17:34:02Z,strict-inc-v1.0
D0024084,Heatwave-related variations in psychiatric consultations and admissions: a time-series analysis.,2026,Frontiers in psychiatry,temperature,FULLTEXT_REVIEW,temperature,objective_or_verifiable,time_series,yes,unclear,eligible,unclear_effect_extractability,high,"Original time-series ARIMA with objective meteorological heatwave exposure and eligible psychiatric service use, but abstract does not report a quantitative heatwave effect with uncertainty; only model fit/AIC improvements are described.","Confirm full text reports quantitative heatwave coefficients/effect sizes with confidence intervals or standard errors for consultations and admissions. | Verify ARIMA model output includes uncertainty for exogenous heatwave/temperature terms, not only AIC/BIC fit statistics. | Confirm heatwave index definition and meteorological source are objectively verifiable and temporally matched to daily counts. | Check whether effects are pooled across 2013, 2018, 2023 or year-specific and extractable for meta-analysis.",none_identified,deepseek-v4-pro,deepseek-v4-pro,2632a0d5-5ad0-4a8d-97bf-c5919ae5e5c2,1636,1651,3287,2026-09-16T17:34:04Z,strict-inc-v1.0
D0024105,"Changes in susceptibility to heat on suicide mortality within summer in Japan, 1973–2020: A two-stage time-series analysis",2026,Psychiatry Research,temperature,META_ELIGIBLE,temperature,objective_or_verifiable,time_series,yes,reported_with_uncertainty,eligible,eligible,high,"Two-stage time-series analysis using daily maximum, mean, and minimum temperatures (objective) and 383,115 suicide deaths; DLNM plus meta-regression yields RRs with CIs for heat versus minimum temperature, satisfying the target.",,none_identified,deepseek-v4-pro,deepseek-v4-pro,636f1127-22d8-47cf-ac7f-2c308328775a,1784,910,2694,2026-09-16T17:33:57Z,strict-inc-v1.0
D0024106,Latent transition of posttraumatic reactions' co-existent patterns in adolescents following a devastating flood: A longitudinal study.,2026,Journal of health psychology,flood,NARRATIVE_ONLY,flood,objective_or_verifiable,post_event_only,no,not_extractable,eligible,no_pre_event_baseline,high,"Two-wave assessments following a devastating flood with no pre-event baseline, unexposed comparison, or flood exposure variation; latent transition analysis of posttraumatic patterns cannot estimate a flood effect.",,none_identified,deepseek-v4-pro,deepseek-v4-pro,642e7c5f-2845-45cd-957d-2da4181a32aa,1515,1349,2864,2026-09-16T17:34:02Z,strict-inc-v1.0
D0024153,Heat-Related Mental Health Hospitalizations in Italy:A Global Sensitivity Analysis Approach to Evaluate Generalized Additive Model Assumptions,2026,Risk analysis : an official publication of the Society for Risk Analysis,temperature,FULLTEXT_REVIEW,temperature,unclear,time_series,yes,likely_extractable,eligible,unclear_exposure_measurement,medium,"Abstract supports an original time-series DLNM-GAM analysis of high temperatures and psychiatric hospitalizations in 21 Italian cities, with RR close to 2 and uncertainty. However, it never states how temperature exposure was measured, so objective/externally verifiable exposure is not confirmed. Full text must establish objective meteorological exposure and extractable adjusted estimates.","Confirm temperature exposure is objective/verifiable from weather stations or gridded meteorological data, not self-report. | Verify DLNM-GAM adjusted for confounders and provides extractable RR/CI for mental health hospitalizations. | Extract numeric cumulative effect and uncertainty at high temperature thresholds.",none_identified,deepseek-v4-pro,deepseek-v4-pro,c7bb5915-f984-4585-8e87-7220a8407be9,1732,2507,4239,2026-09-16T17:34:15Z,strict-inc-v1.0
D0024163,The Lethal Connection: Investigating the Relationship of Drought Conditions on Firearm and Nonfirearm Suicides Among U.S. Adults.,2026,GeoHealth,drought,META_ELIGIBLE,drought,objective_or_verifiable,time_series,yes,reported_with_uncertainty,eligible,eligible,high,"Uses objective Evaporative Demand Drought Index and suicide mortality over county-months 2000-2018. GAMs estimate IRRs and ARDs with 95% CIs for worsening/improving drought, indicating temporal exposure variation and extractable quantitative effects.",,none_identified,deepseek-v4-pro,deepseek-v4-pro,28f5d25d-0e1a-4e13-9347-f6b5fa5b64c4,1790,1820,3610,2026-09-16T17:34:09Z,strict-inc-v1.0
D0024211,Temporal dynamics of teen crisis help-seeking following hurricanes: A structural topic model analysis.,2026,PLOS digital health,cyclone,NARRATIVE_ONLY,cyclone,objective_or_verifiable,descriptive,no,not_extractable,eligible,descriptive_or_predictor_only,high,"STM of crisis text topics describes topic proportions across time since hurricane landfall; no causal hazard effect or credible counterfactual is reported, only descriptive temporal trajectories.",,none_identified,deepseek-v4-pro,deepseek-v4-pro,8a46d882-f2c0-43b8-be79-5865e138e572,1701,1553,3254,2026-09-16T17:34:08Z,strict-inc-v1.0
D0024218,"Warm season hourly temperature and psychiatric emergencies: A case-crossover study of a vulnerable population in Boston, 2005-2019.",2026,"Environmental epidemiology (Philadelphia, Pa.)",temperature,META_ELIGIBLE,temperature,objective_or_verifiable,case_crossover,yes,reported_with_uncertainty,eligible,eligible,high,"Time-stratified case-crossover study using objectively estimated hourly ambient temperature and psychiatric ED visits; reports cumulative heat effect with 95% CI (e.g., 1.13-fold at 99th percentile), satisfying causal design and extractable quantitative estimate.",,none_identified,deepseek-v4-pro,deepseek-v4-pro,68003370-bf06-4994-93df-58e13923dafa,1691,666,2357,2026-09-16T17:33:58Z,strict-inc-v1.0
D0024219,Heat Exposure and Hospital Admissions for Mental Health Disorders in a Changing Climate,2026,Journal of the American Academy of Child and Adolescent Psychiatry,temperature,META_ELIGIBLE,temperature,objective_or_verifiable,case_crossover,yes,reported_with_uncertainty,eligible,eligible,high,Case-crossover time-series of hospital admissions for mental health disorders using daily ambient temperature; conditional logistic regression with lag-distributed non-linear models reports RR with 95% CI for high temperature versus MMT.,,none_identified,deepseek-v4-pro,deepseek-v4-pro,208d6159-978a-49ba-b49d-f7d682018e42,1857,805,2662,2026-09-16T17:34:02Z,strict-inc-v1.0
D0024227,Feasibility of Integrating Wearable Devices and Ecological Momentary Assessment for Real-Time Environmental Exposure Estimation: Proof-of-Concept Study.,2026,JMIR formative research,temperature,FULLTEXT_REVIEW,temperature,objective_or_verifiable,unclear,unclear,unclear,eligible,unclear_effect_extractability,medium,"Pilot proof-of-concept with N=7; GPS-linked objective ambient temperature and EMA emotional states. Abstract reports feasibility targets and exploratory bivariate associations only; no quantitative temperature effect with uncertainty or within-person analytic strategy/counterfactual, so full text needed.","Verify a within-person repeated-measures or time-series analytic strategy using GPS-linked temperature variability and adjustment for time-varying confounders. | Confirm the emotional states EMA measures an eligible mental health/affect outcome and is not just momentary mood or feasibility compliance. | Confirm full text reports a temperature-specific quantitative effect estimate with uncertainty, not only air pollution or combined environmental exposures. | Check whether temperature is modeled as a primary hazard exposure and whether the study has sufficient power/design for causal inference beyond proof-of-concept.",none_identified,deepseek-v4-pro,deepseek-v4-pro,0befbda5-714f-4775-b6b4-da55899d986a,1689,4078,5767,2026-09-16T17:34:40Z,strict-inc-v1.0
D0024244,Impact of meteorological factors on suicide risk: Insights from a generalized additive model analysis,2026,Acta Psychologica,temperature,META_ELIGIBLE,temperature,objective_or_verifiable,time_series,yes,reported_with_uncertainty,eligible,eligible,high,"Daily suicide counts and objective meteorological DTR over 2016-2022 analyzed with GAM time-series; reports per 1°C DTR cumulative 3.24% (95% CI 1.19-5.33) increase, satisfying objective temperature hazard, eligible suicide outcome, temporal counterfactual, and extractable effect.",,none_identified,deepseek-v4-pro,deepseek-v4-pro,26b3e71e-19dc-4d5d-9626-f068c98d5102,1706,1395,3101,2026-09-16T17:34:13Z,strict-inc-v1.0
D0024294,Short-term effects of heat and air pollutants on ten acute health events: evidence from a multi-exposure case-crossover analysis in Wisconsin,2026,International Journal of Environmental Health Research,temperature,FULLTEXT_REVIEW,temperature,objective_or_verifiable,case_crossover,yes,unclear,eligible,unclear_effect_extractability,high,"Case-crossover study uses objective heat index and includes mental health events among ten acute outcomes, but abstract only reports NO2 effect on mental health (RR≈1.18), not a heat index-specific effect for mental health. Full text needed to extract hazard effect and uncertainty.",Does the full text report a heat index effect estimate and uncertainty for mental health events? | Are mental health events defined as eligible psychiatric service use? | Are heat index estimates adjusted for co-occurring air pollutants? | Is the time-stratified case-crossover analysis individual-level with adequate control for temporal confounding?,none_identified,deepseek-v4-pro,deepseek-v4-pro,b03f309c-86f1-4662-9953-0fd606a1b585,1693,1803,3496,2026-09-16T17:34:17Z,strict-inc-v1.0
D0024344,Emergency Department Burden of Mental Health and Substance Misuse After Hurricane Helene: Insights From Rural Appalachia,2026,American journal of public health,cyclone,META_ELIGIBLE,cyclone,objective_or_verifiable,time_series,yes,reported_with_uncertainty,eligible,eligible,medium,"Original ED surveillance study comparing post-Hurricane Helene periods to same calendar periods in 2023, reporting IRRs with 95% CIs for anxiety and other mental health visits; temporal pre/post counterfactual and extractable effect.",,none_identified,deepseek-v4-pro,deepseek-v4-pro,5e02e578-1e8c-4cb6-baa6-c6660dba0638,1750,4022,5772,2026-09-16T17:34:45Z,strict-inc-v1.0
D0024390,"Extreme Ambient Temperature and Differential Risk of Mental Disorder-Related Emergency Department Visit by Disorder, Sex and Age: A Case-Time Series Analysis in Korea",2026,Journal of Korean medical science,temperature,META_ELIGIBLE,temperature,objective_or_verifiable,time_series,yes,reported_with_uncertainty,eligible,eligible,high,"Case-time series analysis of national ED visits using ambient temperature at extreme percentiles reports RR with CI for anxiety and other mental disorder visits. Satisfies objective temperature exposure, temporal design, and eligible psychiatric service use outcome.",,none_identified,deepseek-v4-pro,deepseek-v4-pro,3eb68631-8044-450d-9563-2f1d989b88f6,1870,1474,3344,2026-09-16T17:34:18Z,strict-inc-v1.0
D0024401,Modification of temperature-morbidity associations by social determinants of health,2026,medRxiv,temperature,FULLTEXT_REVIEW,temperature,objective_or_verifiable,case_crossover,yes,unclear,unclear,unclear_effect_extractability,medium,"Temperature case-crossover with objective ZIP-code exposure is eligible in design, but abstract reports only a qualitative 'increased mental health risks among those living alone' and gives quantitative ORs only for kidney injury; mental-health-specific effect/uncertainty is not shown.",Whether any of the seven health outcomes is an eligible mental-health outcome and how it was defined. | Whether mental-health-specific cumulative ORs and 95% CIs for temperature are reported. | Whether mental-health effect modification by living alone/SDoH is reported with quantitative uncertainty. | Whether mental-health outcomes are defined by ED discharge codes rather than only described as 'mental health risks'.,none_identified,deepseek-v4-pro,deepseek-v4-pro,9ab7eaad-0ef0-47fb-9aeb-1caee6de2516,1813,1495,3308,2026-09-16T17:34:19Z,strict-inc-v1.0
D0024414,"impact of flood on maternal health in rural Hyderabad, Pakistan: A mixed-methods study",2026,African journal of reproductive health,flood,NARRATIVE_ONLY,flood,unclear,cross_sectional,no,reported_with_uncertainty,eligible,no_pre_event_baseline,high,"Stress outcome comes from post-flood survey comparing flood-exposed women with no pre-flood mental health measure; pre/post facility records cover maternity services, not stress. Single post-event comparison cannot establish causal effect.",Whether any pre-flood mental health outcome was collected for the same women | Whether flood exposure was objectively classified rather than self-reported,none_identified,deepseek-v4-pro,deepseek-v4-pro,71067759-b760-4333-9c52-472031f3a1d1,1749,2175,3924,2026-09-16T17:34:28Z,strict-inc-v1.0
D0024528,"Housing displacement, employment disruption, and mental health after the 2023 maui wildfires",2026,JAMA Psychiatry,wildfire,NARRATIVE_ONLY,wildfire,objective_or_verifiable,cross_sectional,no,reported_with_uncertainty,eligible,cross_sectional,high,"Abstract explicitly states a multiarm, propensity-weighted cross-sectional study comparing adults in burn zones, outside burn zones, and unexposed counties after the 2023 Maui wildfires. This is a single post-event exposed/unexposed comparison with no pre-event baseline or temporal counterfactual, so not credible for causal meta-analysis.",,none_identified,deepseek-v4-pro,deepseek-v4-pro,87236856-8e7b-4134-b297-99decfa20411,1939,1200,3139,2026-09-16T17:34:16Z,strict-inc-v1.0
D0024538,Within-summer variation in the heat-related emergency department visits among older adults in South Korea: a population-based case-crossover study,2026,The Lancet Regional Health - Western Pacific,temperature,FULLTEXT_REVIEW,temperature,objective_or_verifiable,time_series,yes,unclear,unclear,unclear_effect_extractability,medium,"Abstract reports all-cause ED visits with temperature RR and CI; mental disorders-related ED visits are mentioned only as a subgroup for within-summer variation. No mental-health-specific hazard effect or uncertainty is reported, so full text needed.",Confirm mental-health-specific ED visit effect estimate with CI or SE. | Confirm objectively measured ambient temperature exposure and lag specification. | Confirm time-series/case-crossover design with temporal counterfactual. | Confirm adjusted model and extractable effect size for psychiatric service use.,none_identified,deepseek-v4-pro,deepseek-v4-pro,8be65359-a8e1-4fa5-acea-3ce1c2d3a095,1755,1229,2984,2026-09-16T17:34:19Z,strict-inc-v1.0
D0024545,Mental health impacts of climate-related hazards among farmers: evidence from a community-based study,2026,Journal of Occupational Medicine and Toxicology,flood|drought,NARRATIVE_ONLY,multiple,objective_or_verifiable,cross_sectional,no,reported_with_uncertainty,eligible,cross_sectional,high,Abstract states a community-based cross-sectional survey of 346 farmers. Compares high vs low climate-hazard exposure areas and flood frequency with DASS-21 outcomes; aORs are cross-sectional associations with no pre-exposure baseline or credible counterfactual.,,none_identified,deepseek-v4-pro,deepseek-v4-pro,f4aebd48-4cc1-4c5b-8add-fda6a6e265e8,1872,1832,3704,2026-09-16T17:34:25Z,strict-inc-v1.0
D0024569,"[Association between temperature, duration of sunshine and suicidal mortality in Germany (2015-2023)].",2026,Der Nervenarzt,temperature,NARRATIVE_ONLY,temperature,objective_or_verifiable,descriptive,no,not_extractable,eligible,descriptive_or_predictor_only,high,The abstract reports only concurrent correlations between monthly temperature/sunshine and suicide counts and explicitly states findings do not establish causality; no credible counterfactual or adjusted effect estimate is provided.,,none_identified,deepseek-v4-pro,deepseek-v4-pro,2ddf838c-eedc-4937-bc58-10722aa71d49,1694,1681,3375,2026-09-16T17:34:24Z,strict-inc-v1.0
D0024574,Independent and interactive effects of wet bulb globe temperature and air pollution exposures on suicide mortality,2026,Environment International,temperature,META_ELIGIBLE,temperature,objective_or_verifiable,case_crossover,yes,reported_with_uncertainty,eligible,eligible,high,"Case-crossover study of 7,551 suicide cases assigns objective daily max WBGT from ECMWF; reports OR 1.05 (95% CI 1.01-1.10) per 5°C for suicide, satisfying eligible hazard, outcome, design, and extractable effect.",,none_identified,deepseek-v4-pro,deepseek-v4-pro,736aa8b0-a7df-41e1-8402-588890b21508,1829,1468,3297,2026-09-16T17:34:23Z,strict-inc-v1.0
D0024576,The association between extreme weather events and depression risk in postmenopausal women: cross-sectional and longitudinal evidence from the China Health and Retirement Longitudinal Study (CHARLS),2026,Menopause,temperature|drought,NARRATIVE_ONLY,multiple,unclear,unclear,no,reported_with_uncertainty,eligible,multiple_issues,medium,Cross-sectional GLM and longitudinal Cox with only baseline 2011 exposure predicting incident depression provide no within-unit temporal exposure variation or credible quasi-experimental counterfactual. Objective exposure source not explicitly stated. Quantitative OR/HR reported but causal design unsuitable.,,none_identified,deepseek-v4-pro,deepseek-v4-pro,be75e51a-2855-47d0-b366-16b4ca4a8147,2060,5620,7680,2026-09-16T17:35:10Z,strict-inc-v1.0
D0024586,"Correlation between heat exposure and perinatal depression - A spatial case-crossover study from Bangladesh, Lesotho, Mozambique, and Nepal",2026,Science of the Total Environment,temperature,META_ELIGIBLE,temperature,objective_or_verifiable,case_crossover,yes,reported_with_uncertainty,eligible,eligible,high,"Time-stratified case-crossover uses NASA temperature, PHQ-9 perinatal depression, and DLNM reporting cumulative ORs with 95% CIs for temperature percentiles.",,none_identified,deepseek-v4-pro,deepseek-v4-pro,9b343a10-1ca2-41b1-be86-37bea6b2ad73,1706,1452,3158,2026-09-16T17:34:30Z,strict-inc-v1.0
D0024664,"Separate and combined associations of heatwaves, air pollution, green spaces, and blue spaces with depressive symptoms: a national cohort study.",2026,Archives of public health = Archives belges de sante publique,temperature,FULLTEXT_REVIEW,temperature,objective_or_verifiable,longitudinal_with_prebaseline,unclear,unclear,eligible,unclear_effect_extractability,medium,"Longitudinal cohort with heatwave exposure and depressive symptoms outcomes suggests eligibility, but abstract lacks numeric effect estimates/uncertainty and does not explicitly state extractable adjusted effect.","Verify heatwave exposure was objectively measured from meteorological data and linked to participant location/time. | Confirm depressive symptom onset was assessed with a validated instrument and baseline symptom status was established. | Check whether the analysis uses within-person temporal variation or time-to-event models with pre-exposure outcome. | Extract heatwave-specific effect size and confidence interval, adjusted for confounders. | Assess overlap with other CHARLS heat-depression publications.",none_identified,deepseek-v4-pro,deepseek-v4-pro,10712b87-d30e-43e7-b44a-e8bc0b07ecfb,1644,3346,4990,2026-09-16T17:34:50Z,strict-inc-v1.0
D0024687,Temperature extremes contribute to suicide-related help-seeking through multiple pathways: Evidence from crisis hotline data (2019–2023),2026,Plos Mental Health,temperature,META_ELIGIBLE,temperature,objective_or_verifiable,time_series,yes,reported_with_uncertainty,eligible,eligible,high,"Time-series of crisis hotline calls using distributed lag nonlinear models with minimum temperature extremes; reports PRs and 95% CIs for suicide-related help-seeking, an eligible psychiatric service use/suicidality outcome.",,none_identified,deepseek-v4-pro,deepseek-v4-pro,f29e7698-a79f-4a5e-837d-c865eb14dc74,1721,2572,4293,2026-09-16T17:34:43Z,strict-inc-v1.0
D0024700,Quantifying the spatiotemporal associations of flooding on mental health using telehealth call data.,2026,International journal of environmental health research,flood,FULLTEXT_REVIEW,flood,objective_or_verifiable,time_series,unclear,unclear,eligible,unclear_effect_extractability,medium,"Interrupted time series of daily mental health calls vs flood risk/2015-16 floods is plausible, with eligible service-use outcome and objective flood exposure; but abstract reports only elevated IRR without numeric estimate or uncertainty and does not explicitly confirm pre-flood baseline or adjustment details.","Verify daily call time series includes pre-flood baseline period before 2015/2016 floods for interrupted time series. | Confirm flood risk/flooded area classification uses external flood maps or recorded flood extent, not self-report. | Confirm adjusted IRR estimates and confidence intervals are reported for flood risk/proximity categories. | Confirm mental health helpline calls meet eligible psychiatric service use outcome definition. | Confirm confounders and pre-existing trends are adjusted in GLM/ITS models.",none_identified,deepseek-v4-pro,deepseek-v4-pro,2997edb9-ef5e-43e5-b9a2-71c6d4d5db2b,1629,2993,4622,2026-09-16T17:34:47Z,strict-inc-v1.0
D0024756,Ambient temperature and the variability between neighbouring days impacts in-patient hospitalizations in the United Kingdom.,2026,Communications medicine,temperature,META_ELIGIBLE,temperature,objective_or_verifiable,time_series,yes,reported_with_uncertainty,eligible,eligible,high,"Daily hospital admissions linked to UK Biobank with ambient temperature at 1x1 km; reports mental disorders hospitalization OR 1.08 (95% CI 1.00-1.16) during cold season using lagged daily temperature, indicating temporal exposure variation and extractable effect.",,none_identified,deepseek-v4-pro,deepseek-v4-pro,9db2c606-3cb3-487e-b6c5-a688cdaf985d,1784,2191,3975,2026-09-16T17:34:43Z,strict-inc-v1.0
D0024790,Longitudinal effects of bushfire harm on adolescent mental health,2026,Australian and New Zealand Journal of Psychiatry,wildfire,NARRATIVE_ONLY,wildfire,self_report_only,longitudinal_with_prebaseline,no,not_extractable,eligible,self_report_exposure_only,high,"Exposure is self-reported bushfire harm ('167 participants reported bushfire harm'), not objectively measured/verifiable; compares harmed vs unexposed peers without credible counterfactual. Thus ineligible for causal meta-analysis.",,potential_overlap,deepseek-v4-pro,deepseek-v4-pro,0a840149-9e84-4521-a73b-af66dd35f6ef,1709,2691,4400,2026-09-16T17:34:46Z,strict-inc-v1.0
D0024793,"Mental health burdens, typhoon and structural health inequities: evidence from a global perspective",2026,Global health action,cyclone,FULLTEXT_REVIEW,cyclone,unclear,panel_fixed_effects,unclear,unclear,eligible,unclear_effect_extractability,medium,"Multinational panel study evaluates typhoon exposure on mental disorder prevalence/incidence/DALYs using year-on-year difference models, but abstract reports only directional associations without effect sizes or uncertainty. Full text must confirm objective exposure source, baseline/counterfactual, and extractable quantitative hazard-specific estimates.","Confirm typhoon exposure is based on objective meteorological/disaster databases rather than self-report. | Verify the panel/year-on-year difference model includes a pre-exposure baseline and controls for temporal confounding. | Extract numerical effect estimates with confidence intervals or p-values for typhoon effects on mental disorder burden. | Confirm mental disorder outcomes include predefined eligible conditions (e.g., depression, anxiety, PTSD, suicide). | Establish that structural equation modelling does not rely only on cross-sectional mediation paths.",none_identified,deepseek-v4-pro,deepseek-v4-pro,25ceae83-bd5f-491d-892a-4502d961a996,1704,3241,4945,2026-09-16T17:34:52Z,strict-inc-v1.0
D0024804,"Urban Exposures, Frailty, and Mental Illness in World Trade Center Health Program Responders",2026,medRxiv,temperature,FULLTEXT_REVIEW,temperature,objective_or_verifiable,unclear,unclear,unclear,eligible,unclear_effect_extractability,medium,"Prospective cohort with annual temperature and repeated PTSD/depression measures is plausible, but the abstract reports only exposure-mixture effect sizes; temperature-specific coefficients and uncertainty, and within-person counterfactual, are not specified. Full text must confirm hazard-specific extractable effects.","Verify temperature-specific coefficients and CIs for PTSD and depression are reported (not only mixture effects). | Verify the model uses within-person temporal temperature variation or another credible counterfactual. | Confirm temperature exposure is objective (e.g., ambient monitor/modeled data) rather than self-report. | Confirm repeated mental-health outcomes are measured with validated tools across multiple time points. | Check whether adjusted models control for confounding and whether temperature effect is distinguishable from PM2.5/greenness.",none_identified,deepseek-v4-pro,deepseek-v4-pro,8323b54c-e804-48c7-8522-34316bc4ea2f,1909,3512,5421,2026-09-16T17:35:00Z,strict-inc-v1.0
D0024811,Associations between wildfire smoke exposure and health-related quality of life: findings from the Lovelace Smokers Cohort,2026,Respiratory Research,wildfire,FULLTEXT_REVIEW,wildfire,objective_or_verifiable,unclear,unclear,unclear,eligible,unclear_design,medium,"Abstract supports objectively modeled wildfire smoke PM2.5/BC exposure and SF-36 mental health component, but does not establish whether participants had repeated outcome measures, pre-exposure baseline, or within-unit temporal variation versus cross-sectional exposure contrasts. Effect estimates and uncertainty are not shown in the abstract.","Confirm repeated measures of SGRQ/SF-36 per participant across multiple time points with varying wildfire smoke exposure, not a single cross-sectional survey. | Confirm analytic model includes participant fixed effects or equivalent within-person temporal comparison and adjustment for time-varying confounders. | Confirm wildfire smoke PM2.5 and black carbon estimates are externally derived and not self-reported. | Confirm mental health component effect sizes and 95% CIs are reported for wildfire smoke PM2.5 and black carbon. | Check for potential overlapping publications from the Lovelace Smokers Cohort using the same wildfire smoke and mental health data.",unclear,deepseek-v4-pro,deepseek-v4-pro,cb7a9280-cfc8-4c1e-850d-9f71eee2ffa5,1726,2519,4245,2026-09-16T17:34:51Z,strict-inc-v1.0
D0024837,Daytime and nighttime heatwave intensity and acute care utilization for mental and neurological disorders in California,2026,Environmental Research Health,temperature,FULLTEXT_REVIEW,temperature,objective_or_verifiable,case_crossover,yes,likely_extractable,eligible,unclear_effect_extractability,medium,"Time-stratified case-crossover with objective heatwave indices and acute care utilization for mental disorders is eligible, but the abstract gives only comparative P-values and attributable fractions without exact effect sizes and confidence intervals, so quantitative hazard effect with uncertainty cannot be confirmed.","Obtain exact daytime and nighttime heatwave effect estimates with 95% CIs for mental disorder acute care utilization. | Confirm mental disorder outcomes are reported separately from neurological disorder outcomes. | Verify case-crossover time strata, lag, and adjustment for confounders. | Confirm whether attributable fraction estimates include uncertainty and are extractable.",unclear,deepseek-v4-pro,deepseek-v4-pro,4d956205-b37e-4b57-b866-9d43e2d2ecc1,1658,2469,4127,2026-09-16T17:34:52Z,strict-inc-v1.0
D0024965,Psychological distress and somatic symptoms after natural disaster: Differential vulnerability among older adults,1990,Psychology and Aging,flood,FULLTEXT_REVIEW,flood,unclear,longitudinal_with_prebaseline,yes,unclear,eligible,unclear_effect_extractability,medium,"Panel study with pre-flood baseline and post-flood outcomes supports a longitudinal pre/post design and eligible depressive/anxiety outcomes, but the abstract reports only that flood exposure was 'related to increases' without numeric estimates or uncertainty, so effect extractability is unresolved.","Verify flood exposure is objectively defined and varies across participants or over time, not solely self-reported. | Confirm analytic model uses pre-flood baseline and provides adjusted estimates for depressive/anxiety outcomes. | Extract quantitative effect sizes and confidence intervals or p-values for flood exposure effects. | Check that mental-health outcomes are reported separately from somatic symptoms.",none_identified,deepseek-v4-pro,deepseek-v4-pro,80e2ad91-8e57-4f14-8976-cca7563f00a5,1551,3589,5140,2026-09-16T17:35:06Z,strict-inc-v1.0
D0024999,An Australian disaster: The 1983 bushfires,1990,International Journal of Mental Health,wildfire,NARRATIVE_ONLY,wildfire,objective_or_verifiable,post_event_only,no,not_extractable,eligible,descriptive_or_predictor_only,high,"Abstract describes frequency, etiology, and natural history of PTSD in 469 intensely exposed firefighters after 1983 bushfires; no pre-event baseline, comparison group, or quantitative hazard effect with uncertainty is reported. Topic relevant but design unsuitable for causal meta-analysis.",,none_identified,deepseek-v4-pro,deepseek-v4-pro,bba713cf-8c54-41e7-bf82-e8d7b96897c6,1514,3475,4989,2026-09-16T17:35:05Z,strict-inc-v1.0
D0025020,Buffalo Creek Survivors in the Second Decade: Comparison with Unexposed and Nonlitigant Groups,1990,Journal of Applied Social Psychology,flood,NARRATIVE_ONLY,flood,objective_or_verifiable,post_event_only,no,unclear,eligible,no_pre_event_baseline,high,Post-event comparison of flood survivors vs nonexposed sample with no pre-event baseline or temporal variation. Abstract reports higher anxiety/depression in survivors but no quantitative effect; exposed/unexposed single post-event comparison is unsuitable for causal meta-analysis.,,none_identified,deepseek-v4-pro,deepseek-v4-pro,b435879e-ce91-417e-b3e6-0418c4ba13e4,1559,2576,4135,2026-09-16T17:34:59Z,strict-inc-v1.0
D0025319,A test of the social support deterioration model in the context of natural disaster,1993,Journal of Personality and Social Psychology,flood,FULLTEXT_REVIEW,flood,unclear,longitudinal_with_prebaseline,unclear,likely_extractable,eligible,unclear_exposure_measurement,high,"Prospective longitudinal pre/post flood study measuring depression, but abstract does not state how disaster exposure/stress was measured (objective vs self-report) and gives no quantitative hazard effect estimate.","Specify how disaster exposure/stress was operationalized and whether based on objective flood exposure (e.g., verified damage, flood depth) or self-report | Report direct effect of flood/disaster exposure on depression with coefficient and standard error/confidence interval | Clarify whether all participants experienced the same severe flood or exposure severity varied | Confirm pre-flood depression measured and used as baseline in analyses | Report mediation path coefficients for social support and disaster stress to depression",none_identified,deepseek-v4-pro,deepseek-v4-pro,58daef85-d400-4c42-afce-9957057c98a7,1544,2274,3818,2026-09-16T17:35:06Z,strict-inc-v1.0
D0025857,Received and perceived social support in times of stress: A test of the social support deterioration deterrence model,1996,Journal of Personality and Social Psychology,cyclone,NARRATIVE_ONLY,cyclone,unclear,post_event_only,no,not_extractable,eligible,no_pre_event_baseline,high,"Only two postdisaster waves (12/24 months after Hugo, 6/28 after Andrew) in disaster victims; no predisaster baseline or unaffected comparison. Abstract tests social support mediation, not a hazard effect with a credible counterfactual.",,none_identified,deepseek-v4-pro,deepseek-v4-pro,70ba79a9-babb-4e4f-a0cf-d6542800bbf4,1564,2471,4035,2026-09-16T17:35:08Z,strict-inc-v1.0
D0025982,"Distress, elevated cortisol, cognitive deficits, and illness following a natural disaster",1997,Journal of Environmental Psychology,cyclone,NARRATIVE_ONLY,cyclone,unclear,post_event_only,no,not_extractable,eligible,no_pre_event_baseline,high,"Post-hurricane cross-sectional comparison of harmed, threatened, and remote students assessed only 36-120 days after the event. No pre-event baseline or credible counterfactual; affected-versus-unaffected gradient alone cannot support causal inference. Psychological distress was measured, but no extractable causal hazard effect.",,none_identified,deepseek-v4-pro,deepseek-v4-pro,9ce27505-4951-489d-8115-f6759d88c4cb,1551,2576,4127,2026-09-16T17:35:09Z,strict-inc-v1.0
D0026165,Children's predisaster functioning as a predictor of posttraumatic stress following Hurricane Andrew,1998,Journal of Consulting and Clinical Psychology,cyclone,NARRATIVE_ONLY,cyclone,self_report_only,longitudinal_with_prebaseline,no,not_extractable,eligible,self_report_exposure_only,high,"Exposure is measured via children's self-reported hurricane-related experiences, not objective or externally verifiable variation; PTS outcomes are only post-event and no credible unexposed counterfactual is described.",,none_identified,deepseek-v4-pro,deepseek-v4-pro,7118a81d-5354-41e9-9f9e-23f7b7f12306,1625,3451,5076,2026-09-16T17:35:21Z,strict-inc-v1.0
D0026833,The effects of an acute stressor on depressive symptoms among older adults: The moderating effects of social support and age,2000,Research on Aging,flood,FULLTEXT_REVIEW,flood,unclear,longitudinal_with_prebaseline,unclear,likely_extractable,eligible,unclear_exposure_measurement,medium,"Abstract reports pre/post flood depression with prior depression control, but flood exposure source is undescribed (possibly self-reported flood loss), so objective/verifiable measurement cannot be confirmed. No effect size or uncertainty reported.","Verify flood exposure was objectively measured or externally verifiable, not self-reported loss only | Confirm spring 1992 depression is a true pre-flood baseline and whether unexposed comparison exists | Extract adjusted effect estimate and uncertainty for flood exposure on depression | Clarify if flood loss and social support loss are distinct exposures",unclear,deepseek-v4-pro,deepseek-v4-pro,d6bbb0f4-048b-4432-9309-b1be9febc5d0,1621,1697,3318,2026-09-16T17:35:04Z,strict-inc-v1.0
D0026957,Symptoms of acute stress disorder and posttraumatic stress disorder following exposure to disastrous flooding,2001,Journal of Trauma and Dissociation,flood,NARRATIVE_ONLY,flood,self_report_only,post_event_only,no,not_extractable,eligible,self_report_exposure_only,high,"Self-reported flood-related threat/loss exposure; exposed-only follow-up with initial survey 1-3 months post-flood and no pre-event baseline, no comparison group.",,none_identified,deepseek-v4-pro,deepseek-v4-pro,47ef0e96-bfa9-4146-847d-49995ec34237,1568,2239,3807,2026-09-16T17:35:10Z,strict-inc-v1.0
D0027673,Psychosocial correlates of wildfire disaster: Post disaster adult reactions,2003,Fire Technology,wildfire,NARRATIVE_ONLY,wildfire,objective_or_verifiable,cross_sectional,no,not_extractable,eligible,no_pre_event_baseline,high,"Single post-disaster cross-sectional comparison of wildfire victims versus matched non-victims at 1.5 months post-fire; no pre-event outcome or credible counterfactual, and only significant symptom differences are reported without quantitative effect estimates or uncertainty.",,none_identified,deepseek-v4-pro,deepseek-v4-pro,91847190-8243-4095-87af-377634007997,1527,1183,2710,2026-09-16T17:35:00Z,strict-inc-v1.0
D0028557,Climate and happiness,2005,Ecological Economics,temperature,FULLTEXT_REVIEW,temperature,objective_or_verifiable,unclear,unclear,likely_extractable,eligible,unclear_design,medium,"Panel of 67 countries links objective temperature/precipitation to self-reported happiness, an eligible wellbeing outcome, but abstract does not confirm country fixed effects or within-unit temporal identification, and no effect size/uncertainty is given; full text needed to establish credible counterfactual and extractable temperature-specific estimates.","Whether country fixed effects and/or year fixed effects are included to isolate within-country temporal temperature variation. | Whether the happiness outcome is individual-level or country-level average and how it is measured. | Whether temperature-specific adjusted coefficients with standard errors/confidence intervals are reported separately from precipitation. | Time period, frequency, and source of temperature exposure data. | Whether precipitation variables are drought indices or just wet/dry months, and whether they are treated as separate exposures.",none_identified,deepseek-v4-pro,deepseek-v4-pro,33b0160f-3b68-415f-871e-ea7cae9ac321,1602,5293,6895,2026-09-16T17:35:45Z,strict-inc-v1.0
D0028892,Short communication: Prospective evidence for a reciprocal relationship between sense of control and depressive symptoms following a flood,2006,Stress and Health: Journal of the International Society for the Investigation of Stress,flood,FULLTEXT_REVIEW,flood,unclear,longitudinal_with_prebaseline,unclear,likely_extractable,eligible,multiple_issues,medium,"Prospective cohort with pre-flood baseline and depressive symptoms, but abstract does not specify whether flood exposure was objectively verified and provides no hazard effect estimate or uncertainty; path analysis suggests reciprocal associations but lacks extractable flood-specific coefficient.",Verify flood exposure was objectively measured or externally verifiable rather than self-reported. | Confirm prospective cohort includes pre-flood baseline and post-flood follow-up for depressive symptoms. | Establish whether a direct flood effect on depressive symptoms is reported with coefficient and standard error or confidence interval. | Determine whether the path model provides an adjusted hazard-specific effect suitable for meta-analysis.,none_identified,deepseek-v4-pro,deepseek-v4-pro,b1367369-16b7-43a5-b42f-ee4be05e5203,1611,3631,5242,2026-09-16T17:35:29Z,strict-inc-v1.0
D0029057,"Psychological aspects of moulds: concerning extreme cases, inundation in the Somme valley",2006,Revue Francaise d'Allergologie et d'Immunologie Clinique,flood,NARRATIVE_ONLY,flood,objective_or_verifiable,cross_sectional,no,not_extractable,eligible,cross_sectional,high,"Cross-sectional post-flood study comparing evacuated, inundated, and unharmed groups; no pre-event baseline or credible counterfactual. Reports differences in stress, anxiety, insomnia, and depression but not a causal hazard effect.",,none_identified,deepseek-v4-pro,deepseek-v4-pro,492f1e23-13b7-4abe-b4f3-05ec80065a45,1708,1086,2794,2026-09-16T17:35:03Z,strict-inc-v1.0
D0029552,"Cold summer weather, constrained restoration, and the use of antidepressants in Sweden",2007,Journal of Environmental Psychology,temperature,FULLTEXT_REVIEW,temperature,objective_or_verifiable,time_series,yes,unclear,eligible,unclear_effect_extractability,medium,"Time-series ARIMA study of objective monthly temperature and SSRI dispensing. Abstract reports a negative association net of trends, seasonality, and controls, but no numeric effect estimate or uncertainty, so full text is needed to confirm extractable adjusted effects.","Report numeric coefficient and standard error/confidence interval for July temperature on SSRI dispensing. | Confirm monthly mean temperature is objective meteorological data and not self-reported exposure. | Confirm ARIMA model adjusts for trends, seasonality, and autocorrelation to support a temporal counterfactual. | Confirm SSRI dispensing counts represent psychiatric medication or service use as an eligible outcome.",none_identified,deepseek-v4-pro,deepseek-v4-pro,c20d5adc-cdef-4dc0-9ded-4fc19013ee44,1575,1574,3149,2026-09-16T17:35:09Z,strict-inc-v1.0
D0029678,A Thai community's anniversary reaction to a major catastrophe,2007,Stress and Health: Journal of the International Society for the Investigation of Stress,flood,NARRATIVE_ONLY,flood,objective_or_verifiable,post_event_only,no,not_extractable,eligible,no_pre_event_baseline,high,"Longitudinal post-flood study with five waves over 12 months in four differently affected areas. No pre-flood baseline; area severity gradient and symptom score trajectories are descriptive, not a credible causal flood effect estimate.",,none_identified,deepseek-v4-pro,deepseek-v4-pro,4fdf18ec-a9d8-43d4-96da-3b3dd4fb66d0,1652,3068,4720,2026-09-16T17:35:31Z,strict-inc-v1.0
D0030595,Natural disasters and the oldest-old: A psychological perspective on coping and health in late life,2009,"Lifespan perspectives on natural disasters: Coping with Katrina, Rita, and other storms",cyclone,FULLTEXT_REVIEW,cyclone,objective_or_verifiable,longitudinal_with_prebaseline,yes,unclear,eligible,unclear_effect_extractability,medium,"Pre/post hurricane assessments of self-reported health and well-being suggest a possible longitudinal natural experiment, but the abstract reports only comparable results without a quantitative hazard effect or uncertainty.",Whether full text reports quantitative pre-post wellbeing/mental health effect sizes with confidence intervals or p values | Whether exposure was objectively defined or measured at the individual level | Whether the outcome is a valid mental health or subjective wellbeing measure | Whether the analysis includes a control for time trends or comparison group | Whether an adjusted effect is extractable,none_identified,deepseek-v4-pro,deepseek-v4-pro,fe0c4102-39e8-48fd-a5ea-ba3aadb12a14,1610,5212,6822,2026-09-16T17:35:54Z,strict-inc-v1.0
D0030670,Hurricane Katrina’s impact on the Mississippi Gulf Coast: General self-efficacy’s relationship to PTSD prevalence and severity,2009,Psychological Services,cyclone,NARRATIVE_ONLY,cyclone,self_report_only,cross_sectional,no,not_extractable,eligible,cross_sectional,high,"Single-wave post-event survey of Hurricane Katrina survivors; hurricane impact is self-reported or post-hoc, with no pre-event baseline or unaffected comparator. Only correlations/regressions among survivors, so unsuitable for causal hazard effect extraction.",,none_identified,deepseek-v4-pro,deepseek-v4-pro,6af9bb56-4506-4ea3-9833-a1b211d3702c,1559,1190,2749,2026-09-16T17:35:13Z,strict-inc-v1.0
D0030991,Valuing flood disasters using the life satisfaction approach,2009,Journal of Public Economics,flood,FULLTEXT_REVIEW,flood,objective_or_verifiable,unclear,unclear,unclear,eligible,unclear_design,low,"Life satisfaction is an eligible outcome and flood is a registered hazard; abstract uses combined cross-section and time-series data but does not specify fixed effects, pre-exposure baseline, or other credible counterfactual, and reports no numerical effect or uncertainty.","Verify flood exposure is based on objective disaster records matched to country-year or finer geography. | Verify design includes country/region fixed effects, time trends, or pre-flood baseline rather than only post-event affected/unaffected comparison. | Confirm adjusted flood effect on life satisfaction and its SE/CI/p-value are reported. | Confirm life satisfaction is measured with a standard subjective wellbeing item and effect is person-level.",none_identified,deepseek-v4-pro,deepseek-v4-pro,73914191-0937-471c-b8a3-95268dea1fc2,1500,4396,5896,2026-09-16T17:35:48Z,strict-inc-v1.0
D0030992,Quantifying the costs of drought: New evidence from life satisfaction data,2009,Journal of Population Economics,drought,META_ELIGIBLE,drought,objective_or_verifiable,panel_fixed_effects,yes,likely_extractable,eligible,eligible,high,"Rainfall-matched drought exposure is objective and life satisfaction is an eligible wellbeing outcome. Fixed-effect models provide within-unit temporal counterfactual, and the abstract reports a quantitative drought effect (A$18,000 equivalent) that is extractable.",,none_identified,deepseek-v4-pro,deepseek-v4-pro,5e42a26b-e241-46e4-974f-2b9dd4073c12,1503,1303,2806,2026-09-16T17:35:17Z,strict-inc-v1.0
D0032089,Valuing the Welfare Cost of Forest Fires: a Life Satisfaction Approach,2011,Kyklos,wildfire,FULLTEXT_REVIEW,wildfire,objective_or_verifiable,quasi_experimental,yes,likely_extractable,eligible,unclear_effect_extractability,medium,"Plausible quasi-experimental IV study linking regional forest fires to life satisfaction; exposure objective and outcome eligible. Abstract lacks uncertainty metrics for fire effects and does not fully describe panel/temporal counterfactual, so meta-eligibility requires full text verification.","Verify whether the design is a panel or repeated cross-section with regional and year fixed effects and whether the precipitation instrument satisfies relevance/exogeneity. | Confirm whether life satisfaction is measured before or after fire season to establish temporal ordering. | Obtain hazard effect coefficients with standard errors or confidence intervals, not only significance or monetary willingness-to-pay. | Confirm fire data are objective administrative records and time-varying at regional level.",none_identified,deepseek-v4-pro,deepseek-v4-pro,ec020adb-0967-4742-8976-42add941bd9e,1652,3337,4989,2026-09-16T17:35:42Z,strict-inc-v1.0
D0032400,"Stability, change, and the stability of change in daily workplace affect",2011,Journal of Organizational Behavior,cyclone,FULLTEXT_REVIEW,cyclone,objective_or_verifiable,unclear,unclear,unclear,eligible,unclear_effect_extractability,medium,"Daily affect is an eligible subjective wellbeing/affect outcome and the hurricane is an objective event interrupting a 21-day diary, suggesting possible longitudinal pre/post exposure. However, the abstract reports no hurricane-specific quantitative effect size or uncertainty, so effect extractability is unresolved.",Confirm whether analyses include pre-hurricane baseline days and a credible within-person temporal counterfactual. | Check whether a hurricane-specific quantitative effect on daily affect with uncertainty is reported. | Verify hurricane exposure is coded from objective landfall timing/impact rather than self-reported disruption. | Confirm outcome measures positive/negative affect or subjective wellbeing.,none_identified,deepseek-v4-pro,deepseek-v4-pro,b1a0c2c7-e59a-4172-a820-874d5f7981f9,1623,2593,4216,2026-09-16T17:35:34Z,strict-inc-v1.0
D0032410,The influence of the weather on affective experience: An experience sampling study,2011,Journal of Individual Differences,temperature,FULLTEXT_REVIEW,temperature,objective_or_verifiable,panel_fixed_effects,yes,not_extractable,eligible,unclear_effect_extractability,high,"Objective hourly temperature from a weather station and repeated momentary affect measures over 14 days support a repeated-measures panel design with an eligible affect outcome. However, the abstract reports only direction (weak relation) without a quantitative estimate or uncertainty, so full text is needed for an extractable hazard effect.","Full text must report a quantitative temperature-affect coefficient with standard error or confidence interval. | Full text must confirm the estimate reflects within-person temporal weather variation, not only between-person differences.",none_identified,deepseek-v4-pro,deepseek-v4-pro,c1713ffe-a94f-461e-96ea-8f6434350151,1641,2536,4177,2026-09-16T17:35:35Z,strict-inc-v1.0
D0033219,Trustworthiness processing and psychobiological responses to natural disaster-induced distress in adolescents,2012,"Journal of Aggression, Maltreatment & Trauma",cyclone,NARRATIVE_ONLY,cyclone,objective_or_verifiable,post_event_only,no,unclear,eligible,no_pre_event_baseline,high,"Abstract reports a single post-event comparison of Hurricane Katrina-exposed adolescents to matched controls, with no pre-event baseline or credible temporal counterfactual. This exposed/unexposed post-event design is unsuitable for causal meta-analysis.",,none_identified,deepseek-v4-pro,deepseek-v4-pro,cc261f48-430a-42e8-9216-5d80a42db7d1,1553,1372,2925,2026-09-16T17:35:23Z,strict-inc-v1.0
D0033399,"The impact of extreme heat on morbidity in Milwaukee, Wisconsin",2012,Climatic Change,temperature,META_ELIGIBLE,temperature,objective_or_verifiable,time_series,yes,likely_extractable,eligible,eligible,medium,"Time-series GAM of daily hospital admissions 1989-2005 with objective meteorological temperature; self-harm admissions explicitly among causes affected and percent increase per degree above threshold was quantified, so an adjusted mental-health effect is extractable.",Verify self-harm hospital admissions model estimate and uncertainty are reported separately. | Confirm self-harm definition matches target self-harm outcome.,none_identified,deepseek-v4-pro,deepseek-v4-pro,2d5e8061-3e38-444d-8993-0d399e463313,1645,1456,3101,2026-09-16T17:35:24Z,strict-inc-v1.0
D0034270,Has the suicide rate risen with the 2011 Queensland floods?,2013,Journal of Loss and Trauma,flood,FULLTEXT_REVIEW,flood,objective_or_verifiable,longitudinal_with_prebaseline,yes,unclear,eligible,unclear_effect_extractability,medium,"Abstract compares post-flood suicide rates to an 11-year pre-flood baseline in two affected areas, supporting a human quantitative flood-suicide study, but reports only 'no significant increase' without numeric rates, effect size, or uncertainty; full text needed to extract a quantitative estimate.","Verify exact post-flood and pre-flood suicide counts/rates for Ipswich and Toowoomba (Jan-Jun comparisons). | Confirm reported effect estimate, confidence intervals, or p-value for pre-post difference. | Check whether secular trends or other confounders were adjusted for in analysis. | Confirm whether both locations are pooled or reported separately and extractable.",none_identified,deepseek-v4-pro,deepseek-v4-pro,d608b810-0be4-4874-b1da-8e5b684031bb,1521,3259,4780,2026-09-16T17:35:44Z,strict-inc-v1.0
D0034422,"Associations between air temperature and daily suicide counts in Astana, Kazakhstan",2013,Medicina Lithuania,temperature,META_ELIGIBLE,temperature,objective_or_verifiable,time_series,yes,reported_with_uncertainty,eligible,eligible,high,"Daily suicide counts and air temperature over 2005-2010 analyzed with negative binomial time-series regression; adjusted apparent temperature effects reported as % change with 95% CI, satisfying causal meta-analysis criteria.",,none_identified,deepseek-v4-pro,deepseek-v4-pro,5749757b-f589-48a9-a423-639cafaeaa78,1684,826,2510,2026-09-16T17:35:19Z,strict-inc-v1.0
D0034457,Incremento de la temperatura ambiental y su posible asociación al suicidio en Baja California Sur (BCS) 1985-2008,2013,Salud Mental,temperature,FULLTEXT_REVIEW,temperature,objective_or_verifiable,time_series,unclear,unclear,eligible,unclear_effect_extractability,medium,"Objective maximum temperature is linked to suicide rates over 1985-2008 using GLMs, an eligible time-series design and outcome. However, the abstract reports only correlation p-values and model fit, without adjusted hazard coefficients or confidence intervals; effect extractability remains unclear.","Verify whether GLMs report adjusted temperature coefficients with standard errors or confidence intervals for suicide rates. | Confirm time-series models account for long-term trends, seasonality, and temporal autocorrelation. | Extract a quantitative temperature-suicide effect estimate suitable for meta-analysis.",none_identified,deepseek-v4-pro,deepseek-v4-pro,75e56500-2290-427a-9ca0-3b92b1cacd16,1877,2341,4218,2026-09-16T17:35:36Z,strict-inc-v1.0
D0035528,The impact of recent heat waves on human health in California,2014,Journal of Applied Meteorology and Climatology,temperature,FULLTEXT_REVIEW,temperature,objective_or_verifiable,time_series,yes,likely_extractable,eligible,unclear_effect_extractability,medium,"Abstract supports objective daily temperature exposure, time-series hospital morbidity, and mental health as a significant disease category, but reports only overall 7% admission increase with no mental-health-specific effect size or uncertainty.","Does full text report a mental-health-specific quantitative effect estimate and uncertainty, not just significance? | Confirm mental-health hospital admissions definition and whether they represent eligible psychiatric service use. | Verify the time-series/canonical-correlation design yields a credible temporal counterfactual and adjusted effect. | Check whether mental-health effect is separately estimable from overall morbidity.",none_identified,deepseek-v4-pro,deepseek-v4-pro,00d72de3-8178-444b-9e29-745ee5c368a2,1672,2546,4218,2026-09-16T17:35:41Z,strict-inc-v1.0
D0036911,"Spatial correlation analysis of elderly suicides and Urban Heat Island Effects: An ecological study in Taipei, 2000-2008",2016,Taiwan Journal of Public Health,temperature,FULLTEXT_REVIEW,temperature,objective_or_verifiable,unclear,unclear,reported_with_uncertainty,eligible,unclear_design,medium,"Abstract reports an adjusted RR for UHIE and elderly suicides using GAMM, but does not clearly establish within-unit temporal exposure variation or a credible counterfactual. The spatial/temporal ecological model may be non-causal, so full text is needed to confirm design.",Confirm UHIE intensity varies over time within townships and is modeled as a time-varying exposure rather than only a spatial correlation. | Verify GAMM includes township-level random or fixed effects and temporal terms to control for secular trends. | Obtain confidence intervals or standard errors for the reported RR=1.0549 and confirm adjusted model details. | Confirm UHIE is defined as an ambient temperature-based heat metric separate from the air temperature confounder.,none_identified,deepseek-v4-pro,deepseek-v4-pro,85a708b1-72ae-4dbf-a9ea-b2c8368c0f4a,1612,6045,7657,2026-09-16T17:36:19Z,strict-inc-v1.0
D0037187,Does hurricane risk affect individual well-being? Empirical evidence on the indirect effects of natural disasters,2016,Ecological Economics,cyclone,FULLTEXT_REVIEW,cyclone,objective_or_verifiable,unclear,unclear,likely_extractable,eligible,unclear_design,medium,"Abstract combines several survey waves and storm data but does not specify whether hurricane risk varies within countries over time, whether fixed effects or other controls form a credible counterfactual, or whether hazard-specific estimates with uncertainty are reported.",Verify exposure is objective hurricane risk and its temporal/spatial unit | Confirm design uses within-country temporal variation or a credible quasi-experimental counterfactual | Confirm adjustment for confounders and use of fixed effects or equivalent | Confirm quantitative effect estimates with uncertainty for happiness/life satisfaction | Confirm eligible subjective wellbeing outcomes and population/sample details,none_identified,deepseek-v4-pro,deepseek-v4-pro,67048be8-da28-4a4e-8b74-3494e6fb3865,1526,1780,3306,2026-09-16T17:35:39Z,strict-inc-v1.0
D0037332,"Well-being, life satisfaction and capabilities of flood disaster victims",2016,Environmental Impact Assessment Review,flood,NARRATIVE_ONLY,flood,self_report_only,cross_sectional,no,unclear,eligible,cross_sectional,high,Compares flood victims with a representative sample cross-sectionally; life satisfaction is eligible but exposure is past or expected future flooding with no pre-event baseline or temporal counterfactual.,,none_identified,deepseek-v4-pro,deepseek-v4-pro,21632c01-cdbf-41f4-ba1d-ac9e727a740a,1466,983,2449,2026-09-16T17:35:31Z,strict-inc-v1.0
D0037663,Measuring impacts of extreme weather events using the life satisfaction approach,2016,Ecological Economics,flood,FULLTEXT_REVIEW,flood,objective_or_verifiable,unclear,unclear,likely_extractable,eligible,unclear_effect_extractability,medium,"Objective NUTS3 flood events and life satisfaction outcome are eligible, but abstract gives pooled storm/hail+flood effect without flood-specific magnitude/uncertainty and does not explicitly confirm pre-event panel fixed-effects counterfactual.","Confirm analytic design uses individual/region fixed effects or other within-unit temporal variation with pre-event life satisfaction baselines. | Extract flood-specific effect size and standard error/CI, not pooled with storm/hail events. | Verify flood exposure is objectively defined at NUTS3 region-year level and not self-reported. | Confirm life satisfaction is measured on an 11-point scale as a continuous subjective wellbeing outcome. | Check for sample overlap with other studies using German SOEP 2000-2011 and NUTS3 flood events.",unclear,deepseek-v4-pro,deepseek-v4-pro,4613f071-8115-44e1-8f9d-2e4759163404,1513,5983,7496,2026-09-16T17:36:27Z,strict-inc-v1.0
D0037729,The social cost of the Black Saturday bushfires,2017,Australian Journal of Social Issues,wildfire,FULLTEXT_REVIEW,wildfire,unclear,unclear,unclear,likely_extractable,eligible,unclear_design,medium,"Abstract describes a quantitative study of Black Saturday bushfires on life satisfaction with a WTP estimate, but does not specify exposure measurement, design, counterfactual, or uncertainty. Full text needed to verify objective exposure, pre-event baseline, and extractable adjusted effect.","Verify exposure was measured objectively (e.g., fire perimeter mapping) rather than self-reported affectedness. | Verify design includes longitudinal or pre-event life satisfaction data or another credible counterfactual. | Verify adjusted effect size and uncertainty for life satisfaction are reported. | Confirm the identification strategy supports a causal interpretation of the bushfire effect.",unclear,deepseek-v4-pro,deepseek-v4-pro,e7258d44-8d10-4f7d-957c-bf8d8f8adf45,1605,1602,3207,2026-09-16T17:35:42Z,strict-inc-v1.0
D0038831,"Forest fire danger, life satisfaction and feelings of safety: Evidence from Australia",2017,International Journal of Wildland Fire,wildfire,FULLTEXT_REVIEW,wildfire,objective_or_verifiable,unclear,unclear,unclear,eligible,unclear_design,medium,"Objective FFDI exposure and life satisfaction outcome are eligible, but abstract only reports associations and does not specify whether HILDA panel is used with within-person temporal variation/fixed effects or another causal counterfactual, nor report adjusted coefficients with uncertainty.","Confirm analysis uses longitudinal HILDA waves with individual fixed effects or equivalent within-person temporal variation in FFDI. | Confirm life satisfaction regression includes a baseline/pre-exposure measure or panel structure, not a single cross-section. | Report the adjusted coefficient and standard error/CI for FFDI on life satisfaction, not only sign and significance. | Clarify whether the WTP estimate is accompanied by uncertainty and derived from the life satisfaction effect. | Verify FFDI is matched at individual location and time and not a self-reported exposure.",none_identified,deepseek-v4-pro,deepseek-v4-pro,9a0d3a34-228b-4f6f-b14b-3ed99ee3cb92,1606,2100,3706,2026-09-16T17:35:51Z,strict-inc-v1.0
D0039154,THE IMPACT OF PERCEIVED BACKGROUND RISK ON BEHAVIORAL HEALTH: EVIDENCE FROM HURRICANE KATRINA,2018,Economic Inquiry,cyclone|flood,FULLTEXT_REVIEW,cyclone,objective_or_verifiable,quasi_experimental,yes,likely_extractable,eligible,unclear_effect_extractability,medium,"Abstract uses Hurricane Katrina as a natural experiment, comparing mental health days in nondamaged storm-surge areas before/after versus hurricane-impervious areas. Outcomes and design appear eligible, but no uncertainty/CI for the 18.8% effect is reported, so full text must confirm extractable adjusted estimates with standard errors.","Reported standard errors or confidence intervals for the poor mental health days effect (18.8%) | Model includes pre-Katrina baseline and post-Katrina periods with comparison areas | Outcome measure is poor mental health days or similar eligible mental health outcome | Exposure is objective storm-surge/hurricane area, not self-reported",none_identified,deepseek-v4-pro,deepseek-v4-pro,e983e375-2a39-43b2-811f-39575963b74c,1528,2672,4200,2026-09-16T17:35:58Z,strict-inc-v1.0
D0039823,Before and after a natural disaster: Disruption in emotion component of place-identity and wellbeing,2018,Journal of Environmental Psychology,wildfire,FULLTEXT_REVIEW,wildfire,objective_or_verifiable,unclear,unclear,unclear,eligible,unclear_effect_extractability,medium,"Original quantitative before/after wildfire study with wellbeing outcome and objective fire exposure. Abstract reports only change in place-identity-wellbeing association, not a direct hazard effect on wellbeing with uncertainty; full text must establish extractable effect.","Determine whether the same 656 respondents were followed before and after the fire or whether waves are independent samples. | Verify whether the article reports a direct quantitative effect of fire exposure on wellbeing (e.g., mean difference, regression coefficient) with uncertainty. | Confirm wellbeing measure reflects eligible subjective wellbeing/mental health rather than place-specific wellbeing. | Assess whether any control group or adjustment for secular trends is used to support a causal counterfactual. | Clarify whether exposure is based on objective fire proximity/extent and not self-reported exposure.",none_identified,deepseek-v4-pro,deepseek-v4-pro,dc8c4e7c-b72c-4467-a1ca-7dd6ef85684e,1586,5922,7508,2026-09-16T17:36:37Z,strict-inc-v1.0
D0039867,Three-year longitudinal study of perceptions of competence and well-being among youth exposed to disasters,2018,Applied Developmental Science,cyclone,NARRATIVE_ONLY,cyclone,unclear,descriptive,no,not_extractable,eligible,descriptive_or_predictor_only,high,"Longitudinal study of disaster exposure and youth competence/well-being; abstract reports growth trajectories, age effects, oil spill stress interaction, and PTSD association, but no hurricane-specific effect estimate with uncertainty or credible counterfactual.",,none_identified,deepseek-v4-pro,deepseek-v4-pro,27d3f6d3-3bb0-472c-900a-bb4b99343249,1601,2435,4036,2026-09-16T17:36:00Z,strict-inc-v1.0
D0040256,"Quantifying the impacts of temperature variability on hospitalizations for schizophrenia: A time series analysis in Hefei, China",2019,Science of the Total Environment,temperature,META_ELIGIBLE,temperature,objective_or_verifiable,time_series,yes,reported_with_uncertainty,eligible,eligible,high,"Time-series with objectively measured temperature variability and schizophrenia hospitalizations (psychiatric service use), DLNM controlling for seasonal/trend terms, RR 1.023 (95% CI 1.008–1.039) and attributable risk reported.","Confirm schizophrenia hospitalizations are classified as psychiatric service use per protocol. | Verify DLNM adjustment for mean temperature, humidity, seasonality, and long-term trends supports causal temporal counterfactual.",none_identified,deepseek-v4-pro,deepseek-v4-pro,4a751625-2f49-4cf3-bc3a-ae2c2aa1e2be,1837,1381,3218,2026-09-16T17:35:49Z,strict-inc-v1.0
D0040675,An evaluation and monetary assessment of the impact of flooding on subjective well-being across genders in Vietnam,2019,Climate and Development,flood,FULLTEXT_REVIEW,flood,unclear,unclear,unclear,unclear,eligible,multiple_issues,medium,"Abstract indicates quantitative flood-SWB study but does not state whether flood exposure is objective/self-reported, the design/counterfactual, pre-flood baseline, or effect uncertainty; full text needed to assess causal credibility.","Verify whether flood exposure is measured via objective records/maps or self-reported experience and how variation is quantified. | Determine study design: panel/longitudinal with pre-flood outcome vs cross-sectional or repeated cross-section. | Identify counterfactual/comparison and adjustment strategy (e.g., fixed effects, DiD, time since flood). | Confirm whether effect estimates include standard errors/confidence intervals or equivalent uncertainty. | Check SWB instrument validity and temporal alignment of outcome with flood exposure.",none_identified,deepseek-v4-pro,deepseek-v4-pro,03df2c31-2e62-490b-b2f2-b803e43c7714,1618,3042,4660,2026-09-16T17:36:06Z,strict-inc-v1.0
D0042761,A 43-Million-Person Investigation into Weather and Expressed Sentiment in a Changing Climate,2020,One Earth,temperature,FULLTEXT_REVIEW,temperature,objective_or_verifiable,unclear,unclear,unclear,eligible,unclear_effect_extractability,medium,"Objective meteorological exposure and large social-media sentiment outcome are plausible, but abstract reports no quantitative effect size/uncertainty and does not specify identification strategy, so hazard-specific extractable effect cannot be confirmed.",Does full text report a quantitative effect estimate and uncertainty for extreme temperature on expressed sentiment? | Is identification based on within-user temporal weather variation or another credible quasi-experimental design? | Is the sentiment outcome a validated measure of affect/subjective well-being rather than an informal proxy? | Are extreme temperatures measured objectively from meteorological data and clearly the main exposure? | Are adjusted models and clustered standard errors reported?,none_identified,deepseek-v4-pro,deepseek-v4-pro,45b802ec-2912-475f-a9a6-f94c08c8066e,1465,2493,3958,2026-09-16T17:36:06Z,strict-inc-v1.0
D0042792,Seasonal variation of relationship between climate and suicide attempts,2020,Chronobiology in Medicine,temperature,FULLTEXT_REVIEW,temperature,unclear,time_series,unclear,likely_extractable,eligible,unclear_effect_extractability,medium,"Weekly ER suicide attempt visits regressed on temperature variables over 617 weeks, suggesting a time-series design. However abstract reports only direction of association, no numeric estimate or uncertainty, so effect extractability is unresolved.","Confirm climate exposure source is objective and externally verifiable (e.g., weather station data). | Extract season-specific regression coefficients and uncertainty for diurnal temperature range and maximum temperature. | Verify adjustment for temporal trends, seasonality, autocorrelation, and air pollution. | Confirm model accounts for overdispersion/autocorrelation in weekly count data.",none_identified,deepseek-v4-pro,deepseek-v4-pro,d9bce66c-cd99-40b7-bb12-334a9287ca18,1601,1872,3473,2026-09-16T17:36:01Z,strict-inc-v1.0
D0043180,Understanding the impacts of water scarcity and socio-economic demographics on farmer mental health in the Murray-Darling Basin,2020,Ecological Economics,temperature|drought,FULLTEXT_REVIEW,multiple,objective_or_verifiable,panel_fixed_effects,yes,likely_extractable,unclear,unclear_effect_extractability,medium,"Longitudinal panel with objective rainfall/allocation/temperature and farmer mental health, but abstract reports only 'significantly worse' without effect size/CI and does not specify the mental health instrument; full text needed to confirm extractable adjusted estimates.","Confirm the mental health outcome instrument and whether it maps to an eligible outcome (e.g., depression, distress, MHI-5). | Obtain hazard-specific effect estimates with confidence intervals/standard errors for drought/water allocation/temperature. | Verify that panel model identifies within-farmer temporal variation and not only between-area comparisons. | Confirm objective exposure definitions/sources for rainfall, water allocations, and temperature thresholds. | Check adjustment covariates and whether reported effects are adjusted.",none_identified,deepseek-v4-pro,deepseek-v4-pro,1fec524c-2c3c-4c00-a7c4-2cbaf6577c7d,1609,4474,6083,2026-09-16T17:36:28Z,strict-inc-v1.0
D0043225,Early Rainfall Shocks and Later-Life Outcomes: Evidence from Colombia,2020,World Bank Economic Review,drought|flood,FULLTEXT_REVIEW,multiple,objective_or_verifiable,quasi_experimental,yes,likely_extractable,eligible,unclear_effect_extractability,medium,"Abstract indicates an objective, quasi-experimental birth-cohort design using exogenous variation in extreme drought/flood rainfall shocks in utero and reports a mental illness outcome. However it reports only direction ('more likely'), not effect size or uncertainty, so full text must confirm an extractable adjusted quantitative effect.","Confirm serious mental illness is measured as an eligible mental-health outcome using validated self-report or diagnostic/service data. | Verify the adjusted quantitative effect estimate and uncertainty for mental illness (e.g., OR, coefficient, CI). | Confirm rainfall shocks are defined from objective or externally verifiable meteorological data for drought/flood. | Verify identification strategy and specification provide a credible counterfactual across birth cohorts/locations.",none_identified,deepseek-v4-pro,deepseek-v4-pro,8598f230-bda3-4d2e-842c-ee3c9c742a29,1512,3640,5152,2026-09-16T17:36:21Z,strict-inc-v1.0
D0043703,Mental health problems in wake of disaster: A gendered perspective,2020,Rupkatha Journal on Interdisciplinary Studies in Humanities,flood,NARRATIVE_ONLY,flood,objective_or_verifiable,cross_sectional,no,not_extractable,eligible,cross_sectional,high,"The abstract explicitly describes a cross-sectional survey comparing high flood-affected and unaffected women after the Kosi flood, with no pre-event baseline or credible counterfactual. Group differences in anxiety, depression, and PTSD are reported but cannot support a causal hazard effect.",,none_identified,deepseek-v4-pro,deepseek-v4-pro,3503008f-03d2-40f3-9280-792e2626bde4,1707,1582,3289,2026-09-16T17:36:01Z,strict-inc-v1.0
D0043970,Evaluating wildfire exposure: Using wellbeing data to estimate and value the impacts of wildfire,2021,Journal of Economic Behavior & Organization,wildfire,META_ELIGIBLE,wildfire,objective_or_verifiable,panel_fixed_effects,yes,likely_extractable,eligible,eligible,medium,"Longitudinal individual fixed-effects study using nationally representative wellbeing data; estimates effect of residential proximity to the 2009 Black Saturday wildfires on life satisfaction, reporting a significant monetised effect and indicating an extractable adjusted estimate.",,none_identified,deepseek-v4-pro,deepseek-v4-pro,8b3b1822-c5e0-46c9-a4b0-573c3eae1aa2,1541,4274,5815,2026-09-16T17:36:32Z,strict-inc-v1.0
D0044027,Natural hazard risk and life satisfaction – Empirical evidence for hurricanes,2021,Ecological Economics,cyclone,FULLTEXT_REVIEW,cyclone,objective_or_verifiable,unclear,unclear,likely_extractable,eligible,unclear_effect_extractability,medium,"Objective time-varying hurricane risk from wind field and life satisfaction are eligible, but abstract reports only significance, no coefficient/CI, and does not clearly state within-zip temporal identification.","Verify reported quantitative hurricane-risk effect size and uncertainty. | Confirm regression uses within-zip temporal variation through zip-code fixed effects. | Confirm life satisfaction outcome is measured with validated wellbeing scale. | Confirm exposure is objective modelled hurricane risk, not perceived or self-reported risk.",unclear,deepseek-v4-pro,deepseek-v4-pro,70c68943-c079-42f1-b62e-a41e1d15f741,1525,3067,4592,2026-09-16T17:36:21Z,strict-inc-v1.0
D0044689,The ecology of unsheltered homelessness: Environmental and social-network predictors of well-being among an unsheltered homeless population,2021,International Journal of Environmental Research and Public Health,temperature,FULLTEXT_REVIEW,temperature,unclear,unclear,unclear,unclear,eligible,unclear_effect_extractability,low,"Fixed-effects regression and emotional well-being outcome are mentioned, but the abstract reports winter/cold-season associations only for general health, not for an eligible mental-health outcome, and does not confirm objective ambient-temperature measurement or a panel counterfactual.",Whether ambient temperature or an explicit hazard-specific weather variable was objectively measured and analyzed. | Whether emotional well-being/mental health outcome was regressed on temperature/season with an estimable coefficient and uncertainty. | Whether the fixed-effects design is within-person/longitudinal with repeated outcome and exposure measures. | Whether a quantitative temperature/season effect on emotional well-being is reported and extractable. | Whether general health findings are not the only hazard-related effect.,unclear,deepseek-v4-pro,deepseek-v4-pro,ce562bf6-49e9-49e6-8260-255070fa16e1,1652,3672,5324,2026-09-16T17:36:30Z,strict-inc-v1.0
D0045069,Mental health and health-related quality of life in victims of the 2013 flood disaster in Germany – A longitudinal study of health-related flood consequences and evaluation of institutionalized low-threshold psycho-social support,2021,International Journal of Disaster Risk Reduction,flood,NARRATIVE_ONLY,flood,objective_or_verifiable,post_event_only,no,not_extractable,eligible,no_pre_event_baseline,high,"Longitudinal 3-wave study of flood-affected beneficiaries after the 2013 flood, but no pre-event baseline or unaffected counterfactual; evaluates psycho-social support effects, not a hazard effect on mental health.",,none_identified,deepseek-v4-pro,deepseek-v4-pro,528873f6-ac55-4699-b357-10f670d4e1a6,1657,2214,3871,2026-09-16T17:36:14Z,strict-inc-v1.0
D0046046,Emergency mental health calls to first responders following a natural disaster: Examining the effects from Hurricane Harvey,2021,International Journal of Academic Medicine,cyclone,FULLTEXT_REVIEW,cyclone,objective_or_verifiable,time_series,unclear,unclear,eligible,unclear_effect_extractability,medium,"Abstract examines mental health calls to police and EMS before and after Hurricane Harvey, an eligible psychiatric service use outcome, and reports a statistically significant increase but no quantified hazard effect, model, or uncertainty. Full text is needed to confirm credible interrupted time-series design and extractable adjusted estimate.",Confirm statistical model accounts for seasonality and trend using daily or weekly counts as an interrupted time series. | Verify pre-exposure baseline period is sufficient and includes comparable months from prior year. | Obtain quantitative hazard effect estimate and confidence interval for mental health calls. | Confirm mental health call definitions and outcome categories are coherent and not double counted. | Check whether effects are disaggregated by active storm and poststorm periods with uncertainty.,none_identified,deepseek-v4-pro,deepseek-v4-pro,a995fe23-4eda-4e1f-8554-02928f619c29,1676,2685,4361,2026-09-16T17:36:24Z,strict-inc-v1.0
D0046555,Direct Shock Experience vs. Tangential Shock Exposure: Indirect Effects of Flood Shocks on Well-Being and Preferences,2022,World Bank Economic Review,flood,FULLTEXT_REVIEW,flood,objective_or_verifiable,unclear,unclear,unclear,eligible,unclear_effect_extractability,medium,"Satellite-based flood exposure and subjective well-being are eligible, but abstract reports no quantitative effect or uncertainty and does not specify panel estimator/baseline; full text needed to confirm extractable adjusted hazard effect.",Confirm regression/panel model exploits within-household temporal variation in satellite flood exposure. | Verify presence and timing of pre-flood subjective well-being measures for baseline. | Confirm extractable adjusted flood effect with uncertainty (coefficient/CI). | Confirm subjective well-being measure is an eligible mental health/subjective wellbeing instrument. | Examine whether analysis separates objective flood proximity from self-reported direct shock experience and handles confounding.,none_identified,deepseek-v4-pro,deepseek-v4-pro,4441f606-130c-4573-9ad1-1e4a0c114a5d,1542,2029,3571,2026-09-16T17:36:20Z,strict-inc-v1.0
D0047550,The 2021 Western North American heat dome increased climate change anxiety among British Columbians: Results from a natural experiment,2022,Journal of Climate Change and Health,temperature,NARRATIVE_ONLY,temperature,objective_or_verifiable,cross_sectional,no,reported_with_uncertainty,eligible,cross_sectional,high,"Two independent cross-sectional online surveys before and after the 2021 heat dome (n=439 and n=420); no within-person temporal exposure variation or concurrent unexposed control, so pre/post difference is not a credible counterfactual despite multivariable adjustment.",,none_identified,deepseek-v4-pro,deepseek-v4-pro,c5291cd4-2367-448b-9a2f-54e40e7ec74a,1752,3216,4968,2026-09-16T17:36:34Z,strict-inc-v1.0
D0048197,Analyzing Events' Impacts on Mental Health Using Tweets,2022,Proceedings 2022 IEEE Wic ACM International Joint Conference on Web Intelligence and Intelligent Agent Technology Wi Iat 2022,cyclone,FULLTEXT_REVIEW,multiple,objective_or_verifiable,unclear,unclear,unclear,unclear,unclear_effect_extractability,medium,"Abstract mentions before/during/after tweet-based mental-health assessment around cyclones and a bomb blast but reports no numeric effect or uncertainty; full text needed to verify cyclone-specific estimates, valid outcome, and counterfactual.","Confirm the mental-health outcome from tweets maps to an eligible outcome and is measured with a validated method. | Report cyclone-specific effect estimates (e.g., pre vs during/after) with quantitative uncertainty. | Establish a credible pre-event baseline or counterfactual rather than only descriptive AUC values. | Clarify whether exposure is based on objective event timing/location and not self-report. | Confirm an extractable adjusted effect can be calculated for meta-analysis.",none_identified,deepseek-v4-pro,deepseek-v4-pro,abc53163-08f8-476e-887a-3c4658410d45,1585,2445,4030,2026-09-16T17:36:27Z,strict-inc-v1.0
D0048894,Does drought risk depress expected well-being?,2022,Applied Economics Letters,drought,FULLTEXT_REVIEW,drought,objective_or_verifiable,panel_fixed_effects,yes,likely_extractable,eligible,unclear_effect_extractability,medium,"Original panel-type study uses geo-referenced time/region-varying drought risk and individual/time/zip-code controls; expected life satisfaction is plausibly eligible. However abstract reports only statistical significance without a quantitative effect size or uncertainty, so full text must confirm extractable adjusted effect.","Confirm drought risk indicator is an objective/externally verifiable drought index and its source. | Verify panel fixed-effects specification with pre-exposure individual observations and within-unit temporal variation. | Confirm expected future life satisfaction measure maps to subjective wellbeing/life satisfaction outcome. | Extract adjusted coefficient, standard error/CI, and sample size for drought risk effect. | Check whether poverty heterogeneity is the main estimate or subgroup only.",none_identified,deepseek-v4-pro,deepseek-v4-pro,18c6fdfb-adf7-45f0-a28b-83f78c0a3acf,1467,3271,4738,2026-09-16T17:36:37Z,strict-inc-v1.0
D0049094,Climate change and depressive disorders in middle-aged and older people in China: A quasi-experimental study,2023,Journal of Environmental Psychology,temperature,META_ELIGIBLE,temperature,objective_or_verifiable,quasi_experimental,yes,reported_with_uncertainty,eligible,eligible,high,"Quasi-experimental quantitative study of objectively measured temperature-related exposures (hot nights, cold spells) on depressive disorders in middle-aged/older Chinese adults; reports Excess Risk with 95% CIs, meeting all meta-analysis criteria.",,none_identified,deepseek-v4-pro,deepseek-v4-pro,73aa7110-1738-4411-967d-b3bf487738fb,1684,573,2257,2026-09-16T17:36:13Z,strict-inc-v1.0
D0049113,Exposure to wildfires and health outcomes of vulnerable people: Evidence from US data,2023,Economics and Human Biology,wildfire,FULLTEXT_REVIEW,wildfire,objective_or_verifiable,unclear,unclear,unclear,eligible,multiple_issues,medium,"Abstract claims causal effects of wildfires on older adults' psychological problems but does not describe the identification strategy or control counterfactual, and it reports only direction without a quantitative effect/uncertainty.","Verify the exact mental health outcome wording (e.g., days psychological problems) and its eligibility. | Specify identification strategy and whether pre-exposure baseline/control periods are used. | Confirm objective wildfire exposure definition using FIRESTAT (size/distance) and treatment timing. | Obtain quantitative effect estimate, standard error/CI for psychological problems outcome.",none_identified,deepseek-v4-pro,deepseek-v4-pro,d65a9bee-fe54-4285-a2b0-15c0e2aa93b1,1621,3076,4697,2026-09-16T17:36:38Z,strict-inc-v1.0
D0049195,The association between high ambient temperature and risk of hospitalization: a time-series study in eight ecological regions in Vietnam,2023,Environmental Research Health,temperature,FULLTEXT_REVIEW,temperature,objective_or_verifiable,time_series,yes,likely_extractable,eligible,unclear_effect_extractability,high,"Time-series study of ambient temperature and hospitalizations. Mental health disorders are an eligible psychiatric service-use outcome, but the abstract reports only non-significance without a quantitative mental-health effect or uncertainty, so extractability is unresolved.","Verify quantitative effect estimate and 95% CI for mental health disorder hospitalizations per 1°C above threshold. | Confirm mental health disorder definition/ICD codes qualify as psychiatric service use. | Confirm distributed lag model specification, threshold, and confounders for mental health analysis. | Confirm province-specific and pooled mental health estimates are reported.",none_identified,deepseek-v4-pro,deepseek-v4-pro,7cc6fee9-88b0-496c-9b39-bde02c339c27,1666,1454,3120,2026-09-16T17:36:28Z,strict-inc-v1.0
D0049507,"Impact of flooding on mental health and resilience of adolescents in Kerala, India",2023,International Journal of Disaster Risk Reduction,flood,NARRATIVE_ONLY,flood,unclear,cross_sectional,no,likely_extractable,eligible,cross_sectional,high,"Compares 50 flood-affected and 50 unaffected adolescents after the flood in a single post-event cross-section; no pre-event baseline or temporal counterfactual, so unsuitable for causal meta-analysis despite eligible mental health outcomes.",,none_identified,deepseek-v4-pro,deepseek-v4-pro,5a71acf8-74aa-4236-ae9e-7faad51e81a5,1629,1663,3292,2026-09-16T17:36:33Z,strict-inc-v1.0
D0049529,Does extreme temperature exposure take a toll on mental health? Evidence from the China Health and Retirement Longitudinal Study,2023,Environment and Development Economics,temperature,META_ELIGIBLE,temperature,objective_or_verifiable,panel_fixed_effects,yes,reported_with_uncertainty,eligible,eligible,high,"Uses NOAA-based cumulative heat/cold days with CHARLS panel and individual, city, and year fixed effects; depression outcome. Reports significant adjusted effects: heat 1.75%, cold 3.00%.",Confirm standard errors/confidence intervals for the 1.75% and 3.00% estimates. | Confirm depression outcome is measured with a validated instrument.,none_identified,deepseek-v4-pro,deepseek-v4-pro,381369b7-dd25-4386-8f83-77e7ff2bf4e1,1615,1847,3462,2026-09-16T17:36:37Z,strict-inc-v1.0
D0049619,How Does Travel Environment Affect Mood? A Study Using Geographic Ecological Momentary Assessment in the UK,2023,Leibniz International Proceedings in Informatics Lipics,temperature,FULLTEXT_REVIEW,temperature,objective_or_verifiable,unclear,unclear,unclear,eligible,unclear_design,medium,"Repeated EMA surveys and objective weather data are plausible, and happiness/stress are eligible outcomes, but the abstract reports associations without a clear within-person temporal counterfactual or quantitative effect with uncertainty. Full text must confirm the analytic design and hazard-specific estimates.","Does the model use within-person temporal variation in weather and mood, e.g., participant fixed effects or random intercepts with trip-level exposure? | Is apparent temperature estimated separately from green/blue space and other weather variables with reported coefficients and confidence intervals? | Are temperature exposures objectively assigned from spatially/temporally matched weather data rather than self-reported? | Does the study control for time-varying confounders and avoid purely cross-sectional between-person associations?",unclear,deepseek-v4-pro,deepseek-v4-pro,0a520b92-738c-4a54-8b94-b4c5fdd1bc27,1624,3369,4993,2026-09-16T17:36:58Z,strict-inc-v1.0
D0049818,Health care cost of floods: Evidence from Typhoon Morakot in Taiwan,2023,Journal of Asian Economics,cyclone|flood,FULLTEXT_REVIEW,flood,objective_or_verifiable,quasi_experimental,yes,unclear,eligible,unclear_effect_extractability,medium,"DID study using Typhoon Morakot flood and 3M NHI claims; mental illness outpatient costs are plausibly an eligible psychiatric service use outcome. Abstract reports aggregate costs and a relative mental-vs-physical increase but no mental-health-specific effect size or uncertainty, so full text is needed for extractable estimates.",Verify flood exposure definition and objective classification of affected vs unaffected areas. | Verify pre-flood baseline outcomes and parallel trends for the DID design. | Confirm mental health outcome includes specific eligible diagnoses or is measurable as psychiatric service use. | Locate mental-health-specific regression coefficients with standard errors or confidence intervals. | Check adjustment for confounding and whether uncertainty is reported for mental health effects.,none_identified,deepseek-v4-pro,deepseek-v4-pro,d819e703-2a68-4ddd-b967-c0bda0135de7,1611,2722,4333,2026-09-16T17:36:52Z,strict-inc-v1.0
D0050136,"Floods, Agricultural Production, and Household Welfare: Evidence from Tanzania",2023,Environmental and Resource Economics,flood,FULLTEXT_REVIEW,flood,objective_or_verifiable,quasi_experimental,yes,likely_extractable,eligible,unclear_effect_extractability,high,"Panel DID with satellite flood exposure and eligible life-satisfaction outcome suggests causal target, but abstract reports only a significant negative effect without coefficient, standard error, or CI, so quantitative effect extractability is unresolved.",Reported adjusted life satisfaction coefficient and standard error/confidence interval | Definition and timing of satellite flood exposure and affected villages/clusters | Pre-flood baseline life satisfaction measurement and parallel trends tests | DID specification and treatment of two successive floods,none_identified,deepseek-v4-pro,deepseek-v4-pro,2ea2ae14-e6fb-4b97-891d-a708b4410a22,1522,1870,3392,2026-09-16T17:36:41Z,strict-inc-v1.0
D0050139,Association between short-term ambient temperature variability and depressive symptoms: using staggered adoption of low-carbon city program in China as a quasi-natural experiment,2023,Air Quality Atmosphere and Health,temperature,META_ELIGIBLE,temperature,objective_or_verifiable,quasi_experimental,yes,reported_with_uncertainty,eligible,eligible,high,Cohort study links objectively measured city-level daily temperature variability with CES-D depressive symptoms; random effects and difference-in-difference models provide temporal/quasi-experimental counterfactuals; report coefficients with CIs.,,none_identified,deepseek-v4-pro,deepseek-v4-pro,3b39cbf4-4628-46a9-b4c8-90e79a1685a8,1712,2138,3850,2026-09-16T17:36:47Z,strict-inc-v1.0
D0050577,A treatment-effect model to quantify human dimensions of disaster impacts: the case of Hurricane Maria in Puerto Rico,2023,Natural Hazards,cyclone,FULLTEXT_REVIEW,cyclone,objective_or_verifiable,quasi_experimental,yes,unclear,eligible,unclear_effect_extractability,medium,"Panel treatment-effect model for Hurricane Maria with suicide among outcomes and pre-event counterfactual, but abstract reports no suicide-specific effect or uncertainty; full text needed.","Does full text report a suicide-specific treatment effect with standard error/confidence interval? | Is Hurricane Maria exposure objectively coded at municipality level (e.g., wind, track, damage)? | Are pre-event outcomes (2012-2016) used as counterfactual baseline? | Is suicide analyzed separately rather than only in an aggregated human impacts index?",none_identified,deepseek-v4-pro,deepseek-v4-pro,51af74ea-e8c3-4cde-aba6-3def202140de,1600,1752,3352,2026-09-16T17:36:46Z,strict-inc-v1.0
D0051069,Projections of Temperature-Related Suicide under Climate Change Scenarios in Japan,2023,Environmental Health Perspectives,temperature,FULLTEXT_REVIEW,temperature,objective_or_verifiable,case_crossover,yes,likely_extractable,eligible,unclear_effect_extractability,medium,"Abstract describes a time-stratified case-crossover estimating temperature-suicide associations from 1973-2015 Japan, but reports only future projected net changes, not the historical adjusted temperature effect or uncertainty. Full text needed to confirm extractable observed hazard estimate.","Reported historical temperature-suicide association estimate (e.g., RR or % change per temperature increment) with 95% CI | Confirmation that case-crossover analysis adjusted for potential confounders and used time-stratified referent periods | Exact specification and location of the observed effect estimate, not just projected scenario results",none_identified,deepseek-v4-pro,deepseek-v4-pro,d6d52062-79b2-4632-8738-131284c096af,1727,3656,5383,2026-09-16T17:37:06Z,strict-inc-v1.0
D0051821,The role of trait mindfulness in moderating climate distress during wildfire season,2024,Plos Climate,wildfire,FULLTEXT_REVIEW,wildfire,unclear,longitudinal_with_prebaseline,unclear,unclear,eligible,unclear_design,medium,"Pre-post cohort of 501 adults before/after 2021 wildfire season reported significant climate distress increase. Exposure is temporal season only; no objective individual/area wildfire variation or comparison group, and no effect size/CI shown. Causal counterfactual and hazard-specific estimate unresolved.",Whether individual or area-level wildfire exposure was objectively measured and varied across participants. | Whether design includes a control group or adjusts for secular trends beyond simple pre-post. | Whether climate distress measure is validated and corresponds to an eligible climate anxiety/psychological distress outcome. | Whether a quantitative wildfire effect estimate with uncertainty/CI is reported and extractable. | Whether pre-post change is specifically attributable to wildfire season rather than other temporal factors.,none_identified,deepseek-v4-pro,deepseek-v4-pro,bf0c1b75-a034-4cf1-b2fa-91628168609b,1622,2436,4058,2026-09-16T17:36:57Z,strict-inc-v1.0
D0052476,Daily temperature variability and mental health-related hospital visits in New York State,2024,Environmental Research,temperature,META_ELIGIBLE,temperature,objective_or_verifiable,case_crossover,yes,reported_with_uncertainty,eligible,eligible,high,"Case-crossover study with objective ZIP Code-level daily temperature range and hospital visit outcomes for mood, anxiety, adjustment, and schizophrenia disorders. Reports cumulative 16.0% increase in mood disorder visits (95% CI: 12.8, 19.2%), meeting all eligibility criteria.",,none_identified,deepseek-v4-pro,deepseek-v4-pro,4dd47cc6-4562-459b-8977-c6664e505561,1701,571,2272,2026-09-16T17:36:35Z,strict-inc-v1.0
D0052485,The stress-buffering effects of received social support on posttraumatic stress disorder among Hurricane Ike survivors,2025,Traumatology,cyclone,NARRATIVE_ONLY,cyclone,self_report_only,post_event_only,no,not_extractable,eligible,no_hazard_variation,high,"Abstract analyzes Hurricane Ike survivors using self-reported Ike-related stress and received social support to predict PTSD risk and recovery over three post-disaster waves. No objective or externally verifiable hazard exposure variation, no pre-event baseline or credible counterfactual, and no hazard-effect estimate are reported.",,none_identified,deepseek-v4-pro,deepseek-v4-pro,15fd6a59-828c-4a0e-b2c2-8c94685d9ca1,1697,2308,4005,2026-09-16T17:36:54Z,strict-inc-v1.0
D0052979,"Global climate change: Effects of future temperatures on emergency department visits for mental disorders in Beijing, China",2024,Environmental Research,temperature,FULLTEXT_REVIEW,temperature,objective_or_verifiable,time_series,yes,unclear,eligible,unclear_effect_extractability,medium,"Abstract reports a quasi-Poisson DLNM time-series of daily temperature and mental-disorder ED visits but presents only projected future burden, not the historical temperature effect size or uncertainty. Full text must confirm an extractable adjusted effect.","Confirm a historical quantitative temperature-mental disorder effect estimate with uncertainty (e.g., RR or % change and CI) for observed 2016-2018 data is reported. | Confirm the effect is not solely a future projection and the DLNM estimate is extractable. | Verify exposure source and mental disorder diagnostic categories.",none_identified,deepseek-v4-pro,deepseek-v4-pro,96a8f0df-de34-44ce-8fed-0cc89fff2920,1606,2635,4241,2026-09-16T17:37:01Z,strict-inc-v1.0
D0053008,Heatwaves and mental disorders: A study on national emergency and weather services data,2024,European Journal of Psychiatry,temperature,META_ELIGIBLE,temperature,objective_or_verifiable,time_series,yes,reported_with_uncertainty,eligible,eligible,high,"Original population-based time-series study uses objectively measured extreme temperature percentiles and quasi-Poisson regression to estimate RRs with CIs for psychiatric emergency visits, an eligible mental-health service use outcome.",,none_identified,deepseek-v4-pro,deepseek-v4-pro,68d168b7-4969-4625-9572-1849b8a1c05c,1892,2572,4464,2026-09-16T17:37:03Z,strict-inc-v1.0
D0053085,Short-term exposure to ambient temperature and the mortality burden of suicide in Japan,2024,Environmental Research Communications,temperature,META_ELIGIBLE,temperature,objective_or_verifiable,case_crossover,yes,reported_with_uncertainty,eligible,eligible,high,"Daily suicide counts and mean temperatures across 47 Japanese prefectures (1973-2015) analyzed with time-stratified case-crossover DLNM; reports attributable fraction 19.9% (95% eCI 18.8-20.9) for non-optimal temperature, satisfying objective exposure, credible counterfactual, and quantitative uncertainty.",,none_identified,deepseek-v4-pro,deepseek-v4-pro,e00fbee3-2d85-40f9-8af7-814cdef737bd,1674,736,2410,2026-09-16T17:36:42Z,strict-inc-v1.0
D0053294,Economic factors mediate the impact of drought on farmer suicides in India,2024,Global Environmental Change,drought,META_ELIGIBLE,drought,objective_or_verifiable,time_series,yes,reported_with_uncertainty,eligible,eligible,medium,"Abstract reports original temporal analysis of suicide occurrence showing droughts increase male farmer suicides by 19%, with insignificant impacts on other groups; drought is objective and suicide is eligible.",Verify drought exposure is based on an objective climatic index rather than self-report | Confirm time-series/panel regression uses suitable controls and reports confidence intervals or standard errors | Confirm suicide counts/rates come from administrative records and outcome is suicide | Confirm the 19% effect is adjusted for confounders and extractable,none_identified,deepseek-v4-pro,deepseek-v4-pro,c704089e-d703-4dbd-9270-573f2a621593,1559,3229,4788,2026-09-16T17:37:09Z,strict-inc-v1.0
D0053576,Relationship between the Temperature-humidity Index of Twenty-four Solar Terms and Depression,2024,Chinese General Practice,temperature,EXCLUDE,temperature,objective_or_verifiable,time_series,yes,likely_extractable,eligible,wrong_exposure,high,"Exposure is temperature-humidity index (Humidex), a composite of temperature and humidity, not a registered hazard in the strict list (ambient temperature alone). Time-series design and depression outcome would be eligible, but exposure is ineligible.",,none_identified,deepseek-v4-pro,deepseek-v4-pro,d342392a-1bdb-4d5f-a6c8-472c64da66aa,1710,2516,4226,2026-09-16T17:37:03Z,strict-inc-v1.0
D0053593,Ambient temperature and emergency department visits for mental disorder before and during the COVID-19 pandemic,2024,Nature Mental Health,temperature,FULLTEXT_REVIEW,temperature,objective_or_verifiable,time_series,yes,unclear,eligible,unclear_effect_extractability,medium,Abstract reports temperature associations with ED visits for mental disorders but lacks quantitative effect sizes/uncertainty; full text needed to confirm extractable adjusted estimates.,"Confirm quantitative effect estimates and confidence intervals are reported for temperature and ED visits | Verify time-series model controls for long-term trends, seasonality, and day-of-week | Confirm ambient temperature exposure is from objective weather station or reanalysis data | Confirm ED visit outcomes are defined for depression/anxiety and psychiatric service use",none_identified,deepseek-v4-pro,deepseek-v4-pro,4b50c127-6dfd-43ce-8d49-745cbcdc5edb,1612,2398,4010,2026-09-16T17:37:01Z,strict-inc-v1.0
D0053732,"A protective role of urban greenspace on the association between night-time heat and suicide in Seoul, South Korea",2024,Environmental Research Health,temperature,META_ELIGIBLE,temperature,objective_or_verifiable,case_crossover,yes,reported_with_uncertainty,eligible,eligible,high,"Original time-series case-crossover study of 14,693 suicides across 25 Seoul districts 2000–2020 using objective hot-night temperature indices (HNd, HNe), adjusting for daily mean temperature/humidity; reports RRs with 95% CIs for suicide, satisfying meta-eligibility.",,none_identified,deepseek-v4-pro,deepseek-v4-pro,7f665412-f67b-43b3-9cfb-a7531b354bb6,1749,1602,3351,2026-09-16T17:36:54Z,strict-inc-v1.0
D0053884,"DROUGHT and HOTTER TEMPERATURE IMPACTS on SUICIDE: EVIDENCE from the MURRAY-DARLING BASIN, AUSTRALIA",2024,Climate Change Economics,drought|temperature,FULLTEXT_REVIEW,multiple,objective_or_verifiable,panel_fixed_effects,yes,likely_extractable,eligible,unclear_effect_extractability,medium,"Panel fixed-effects Poisson of monthly suicide with drought and temperature is plausibly eligible, but abstract reports only direction (increased suicide) without numeric effect size or uncertainty; full text needed to extract adjusted estimates.","Confirm reported adjusted effect sizes (e.g., rate ratios/coefficients) with confidence intervals or standard errors for drought and temperature. | Confirm exposure definitions are objective/verifiable (e.g., drought index, meteorological temperature) and not self-reported. | Confirm fixed-effects model uses within-area temporal variation and adjusts for time-varying confounders. | Check suicide outcome is measured as counts/rates from administrative records. | Confirm separate hazard-specific estimates for drought and hotter temperature are extractable.",none_identified,deepseek-v4-pro,deepseek-v4-pro,fa899bfe-7bde-4ddf-83b1-9efc4e7bee0f,1579,2747,4326,2026-09-16T17:37:07Z,strict-inc-v1.0
D0054920,Impacts of hot and cold nights on mental disorders: A three-stage nationwide hospital-based time-series study with 1.2 million patients in China,2024,Global Transitions,temperature,META_ELIGIBLE,temperature,objective_or_verifiable,time_series,yes,likely_extractable,eligible,eligible,high,"Nationwide time-series study uses daily outpatient visits for mental disorders and objective temperature-derived hot/cold day/night indices. Distributed lag non-linear model estimated city-specific risks pooled by meta-analysis to obtain national effect estimates, with attributable fractions reported.",,none_identified,deepseek-v4-pro,deepseek-v4-pro,9893eb33-3997-41f2-8cb1-fe50e7a30a22,1687,1765,3452,2026-09-16T17:37:00Z,strict-inc-v1.0
D0055249,Screening for Mental Distress Following the 2022 Marche Floods in Italy: A Comparative Study Using the Kessler Distress Scale in Directly Affected Individuals and a Control Group,2025,Journal of Flood Risk Management,flood,NARRATIVE_ONLY,flood,unclear,cross_sectional,no,likely_extractable,eligible,cross_sectional,high,"Post-event cross-sectional survey comparing K6 distress prevalence in directly affected (n=392) and nonaffected controls (n=306); no pre-event baseline or temporal counterfactual, so affected-vs-unaffected comparison alone is not credible.",,none_identified,deepseek-v4-pro,deepseek-v4-pro,c5141af0-45bf-4571-a2c4-1de8b8effe81,1679,1779,3458,2026-09-16T17:37:00Z,strict-inc-v1.0
D0055274,Projecting the morbidity burden of mental and behavioral disorders associated with increasing humid heat in Shanghai,2025,Nature Mental Health,temperature,FULLTEXT_REVIEW,temperature,unclear,unclear,unclear,unclear,eligible,unclear_design,medium,"Abstract indicates empirical estimation of humid-heat-attributable MBD admissions and future projections, but does not specify exposure measurement, study design/counterfactual, or historical hazard-specific effect; full text needed.","Specify exposure definition/source (e.g., station-based temperature/humidity index) and temporal resolution. | Confirm original historical time-series or case-crossover design with within-unit temporal exposure variation. | Report historical hazard-outcome effect estimate (e.g., RR or % change) with uncertainty, not only projected burden. | Confirm MBD hospital admissions are from administrative/clinical records and include eligible mental disorders. | Describe counterfactual/baseline and adjustment for confounding/time trends.",none_identified,deepseek-v4-pro,deepseek-v4-pro,36d59f76-f5d0-4f91-b43b-bb0ff495e31d,1619,3323,4942,2026-09-16T17:37:22Z,strict-inc-v1.0
D0055310,Emergency department use for environmentally sensitive conditions among American Indian children exposed to air pollution and heat,2025,Environmental Research Health,temperature,FULLTEXT_REVIEW,temperature,objective_or_verifiable,case_crossover,yes,unclear,eligible,unclear_effect_extractability,medium,"Time-stratified case-crossover with objectively modeled temperature and PM2.5 and eligible mental-health ED outcomes. However, abstract reports a mood disorder OR for PM2.5 (PAE), not a registered hazard unless fire-attributed, and states EHEs generally not associated without reporting an EHE-specific mental-health OR/CI. Full text must establish an extractable temperature-specific effect.","Does full text report an EHE/temperature-specific OR and 95% CI for mood disorder or mental illness ED visits? | Is PM2.5 characterized as wildfire/fire-attributed smoke? If not, PAE-only mental effect is not an eligible hazard. | Does full text include EHE-only case-crossover estimates for mental health, separately from PM2.5? | Does full text report null EHE effects on mental health with uncertainty metrics?",unclear,deepseek-v4-pro,deepseek-v4-pro,6c448119-0626-4769-8195-2b08ed3dd9ac,1722,2933,4655,2026-09-16T17:37:20Z,strict-inc-v1.0
D0055512,"Predictors of mental health trajectories among adult survivors 10 years after Hurricane Katrina, 2005–2015",2025,Traumatology,cyclone,NARRATIVE_ONLY,cyclone,objective_or_verifiable,descriptive,no,not_extractable,eligible,descriptive_or_predictor_only,high,"Longitudinal cohort of Hurricane Katrina survivors used latent growth mixture modeling to identify mental health trajectories (resilience, recovery, chronic) and predictors of trajectory membership. No hazard effect or counterfactual is estimated; all participants were impacted by Katrina, making this descriptive/predictor analysis.",,none_identified,deepseek-v4-pro,deepseek-v4-pro,667d9307-d396-4960-afda-86d6693832be,1741,1556,3297,2026-09-16T17:37:08Z,strict-inc-v1.0
D0055609,Temperature and Mental Health: Evidence from Helpline Calls,2025,Journal of the Association of Environmental and Resource Economists,temperature,FULLTEXT_REVIEW,temperature,objective_or_verifiable,time_series,yes,likely_extractable,eligible,unclear_effect_extractability,medium,"Study uses objective temperature and helpline call volume as a mental health service-use outcome with day-to-day variation, but abstract reports only percentage increases without confidence intervals/standard errors, so uncertainty is not extractable from abstract.",Verify that helpline calls are a mental health or crisis counseling service outcome. | Confirm effect estimates report standard errors/confidence intervals or allow extraction. | Check that identification uses within-location daily temperature variation and appropriate controls.,unclear,deepseek-v4-pro,deepseek-v4-pro,dd039dbe-9c01-43cf-a8ed-de094f70a91b,1563,2428,3991,2026-09-16T17:37:18Z,strict-inc-v1.0
D0055739,Nonlinear Association between Summer Temperature Variability and Depressive Symptoms: Determination of Threshold Values,2025,Weather Climate and Society,temperature,META_ELIGIBLE,temperature,objective_or_verifiable,panel_fixed_effects,yes,reported_with_uncertainty,eligible,eligible,high,"Original dynamic cohort study quantifies summer temperature variability as city-level SD of daily average temperatures (objective exposure) and uses a panel threshold regression model with depressive symptoms from CES-D; reports threshold effect 0.331 (95% CI 0.053-0.610), satisfying causal meta-analysis criteria.",,none_identified,deepseek-v4-pro,deepseek-v4-pro,dc0f1de2-7a7c-4e5a-9669-780d5b7bebd1,1639,2152,3791,2026-09-16T17:37:18Z,strict-inc-v1.0
D0055802,The Hidden Cost of Prenatal Heat Stress Exposure: Evidence on Psychological Well-Being in China,2025,Economic Development and Cultural Change,temperature,FULLTEXT_REVIEW,temperature,unclear,unclear,unclear,likely_extractable,eligible,unclear_effect_extractability,medium,"Abstract reports a significant effect of prenatal extreme heat on adult depressive symptoms/subjective well-being but omits quantitative effect size, uncertainty, and identification design. Exposure measurement not explicitly stated. Full text must confirm objective temperature data and a credible counterfactual.","Objective/verifiable prenatal temperature exposure source and metric (e.g., weather station or gridded data). | Identification strategy and counterfactual (e.g., temporal/quasi-experimental variation, fixed effects). | Adjusted effect size with standard error or confidence interval for mental health outcomes. | Outcome measurement instruments for depressive symptoms and life satisfaction. | Whether the prenatal heat effect is hazard-specific and not conflated with other shocks.",none_identified,deepseek-v4-pro,deepseek-v4-pro,d856ec28-5e18-4b1a-a909-443546aabe12,1505,2068,3573,2026-09-16T17:37:20Z,strict-inc-v1.0
D0055810,The Impact of Eco-Anxiety and Extreme Weather Proximity on Young People’s Happiness and Life Satisfaction: A Natural Experiment,2025,Journal of Happiness Studies,flood,EXCLUDE,flood,ineligible,quasi_experimental,unclear,not_extractable,eligible,wrong_exposure,high,"Abstract frames flood proximity as a moderator of the eco-anxiety–well-being association, not as the main exposure. It reports no direct quantitative effect of flood exposure on happiness or life satisfaction, so no extractable hazard–outcome estimate is present.",,none_identified,deepseek-v4-pro,deepseek-v4-pro,f8909239-1ea1-4b2e-aa99-25f3ddb4307a,1612,3280,4892,2026-09-16T17:37:33Z,strict-inc-v1.0
D0056080,Association between Wildfire area and PM2.5 levels on the Prevalence of Mental disorders in Thailand,2025,Environmental Challenges,wildfire,FULLTEXT_REVIEW,wildfire,objective_or_verifiable,unclear,unclear,likely_extractable,eligible,unclear_design,medium,"Province-year panel with objective wildfire exposure and eligible outcomes, but abstract lacks specification of fixed effects, covariates, and confidence intervals; full text required to establish credible counterfactual and extractable adjusted effects.",Verify whether models include province fixed effects and year/time fixed effects or trend adjustment. | Check if covariates beyond exposure are adjusted for potential confounders. | Confirm confidence intervals are reported for prevalence ratios. | Clarify whether PM2.5 is wildfire-specific smoke or all-source ambient PM2.5. | Confirm mental disorder prevalence data source and consistent case definitions over years.,none_identified,deepseek-v4-pro,deepseek-v4-pro,fc392c2e-bce2-46f5-8d83-6bf673681a84,1690,5395,7085,2026-09-16T17:37:58Z,strict-inc-v1.0
D0056189,"Individual and combined effects of heatwaves, air pollution, green spaces, and blue spaces on depressive symptoms incidence",2025,Journal of Environmental Psychology,temperature,FULLTEXT_REVIEW,temperature,unclear,unclear,unclear,likely_extractable,eligible,unclear_design,medium,"Abstract reports CHARLS logistic regression showing heatwave associated with 4.2-14.0% depression increase but does not specify objective heatwave measurement, temporal design, or pre-exposure counterfactual. Full text needed to confirm.",Verify heatwave exposure is objectively measured from meteorological data and not self-reported. | Confirm longitudinal design with pre-exposure depressive symptom baseline and temporal ordering. | Confirm logistic regression includes confounder adjustment or panel/fixed effects for credible counterfactual. | Confirm hazard-specific adjusted effect and uncertainty are reported and extractable. | Ensure heatwave effect is isolated from air pollution/green-blue space rather than only interaction.,none_identified,deepseek-v4-pro,deepseek-v4-pro,cf1290b5-03aa-4f35-a760-735b061dc3d6,1681,2391,4072,2026-09-16T17:37:24Z,strict-inc-v1.0
D0056254,Impact of extreme weather events on mental health among older adults in China: A longitudinal study,2025,Sustainable Cities and Society,temperature,FULLTEXT_REVIEW,temperature,objective_or_verifiable,unclear,unclear,likely_extractable,unclear,unclear_effect_extractability,medium,"City-level extreme heat exposure is objective and mental health outcomes are relevant, but the abstract reports only a qualitative 'significant association' without effect size, uncertainty, or model specification (e.g., fixed effects). Full text must confirm an extractable adjusted hazard effect and credible temporal counterfactual.","Exact mental health measure and scale (e.g., CES-D depression score) and its coding. | Regression model specification and identification strategy (e.g., individual/city fixed effects, time trends). | Reported coefficient, standard error/CI, sample size for heat-mental health association. | Definition and source of city-level extreme heat events (threshold, duration). | Whether analyses adjust for time-varying confounders and use within-unit temporal variation.",none_identified,deepseek-v4-pro,deepseek-v4-pro,f351e96d-6f7d-4a10-a88b-97ec26b64ff8,1612,2488,4100,2026-09-16T17:37:27Z,strict-inc-v1.0
D0056506,Misfortune Seldom Comes Alone: Evidence from Typhoon Effects During COVID-19 Quarantines in the Philippines,2025,Asian Development Review,cyclone|flood,FULLTEXT_REVIEW,cyclone,unclear,unclear,unclear,likely_extractable,eligible,multiple_issues,medium,"Panel study of typhoon/flood effects on psychological distress is plausibly eligible, but abstract does not specify objective flood exposure, pre-event baseline/counterfactual, or quantitative hazard-specific estimates; full text needed.",Verify flood/typhoon exposure is objectively measured or externally verifiable rather than self-reported. | Confirm pre-typhoon baseline outcome and identification strategy for flooded vs nonflooded households. | Extract quantitative psychological distress hazard effect estimates with standard errors/confidence intervals. | Check whether reported effects are adjusted and include temporal variation relative to typhoon timing. | Assess possible overlap with other Philippines typhoon-flood panel studies.,unclear,deepseek-v4-pro,deepseek-v4-pro,869214b5-1e57-4798-b21a-70ef34e25068,1567,5908,7475,2026-09-16T17:38:02Z,strict-inc-v1.0
D0056559,Urban heat island and the risk of schizophrenia spectrum disorders in middle-aged and older adults,2025,Urban Climate,temperature,EXCLUDE,temperature,objective_or_verifiable,longitudinal_with_prebaseline,unclear,reported_with_uncertainty,ineligible,wrong_outcome,high,"Schizophrenia spectrum disorders and schizophrenia are not among the eligible mental-health outcomes; abstract reports only incident SSD/schizophrenia diagnoses and brain structure changes, so outcome is ineligible.",,none_identified,deepseek-v4-pro,deepseek-v4-pro,610e5ced-1e5e-4e2c-a512-ac67b42c3c54,1698,1883,3581,2026-09-16T17:37:22Z,strict-inc-v1.0
D0056643,"TEMPERATURE VARIATION, HEALTH, AND PRIVATE MEDICAL COSTS: EVIDENCE FROM CHINA",2025,Climate Change Economics,temperature,FULLTEXT_REVIEW,temperature,unclear,unclear,unclear,unclear,eligible,unclear_effect_extractability,medium,"Abstract reports mental health impairment from temperature variation but gives no quantitative mental-health effect or uncertainty, and does not clarify exposure source or analytic counterfactual.","Verify temperature exposure is objective/externally verifiable (e.g., meteorological data). | Confirm mental health outcome is an eligible measured construct reported separately from composite health depreciation. | Establish within-unit temporal temperature variation with fixed effects or equivalent counterfactual. | Identify a quantitative temperature-mental health effect with uncertainty or an extractable adjusted effect.",none_identified,deepseek-v4-pro,deepseek-v4-pro,8954009e-fa4f-45bc-8e8f-04425733cdeb,1574,3204,4778,2026-09-16T17:37:36Z,strict-inc-v1.0
D0056901,Temperature effects on people’s subjective well-being and their subjective adaptation: Empirical evidence from China,2025,Social Indicators Research,temperature,FULLTEXT_REVIEW,temperature,objective_or_verifiable,unclear,unclear,likely_extractable,eligible,multiple_issues,medium,"Panel survey 2010-2017 and SWB/temperature relationship are relevant, but abstract does not specify objective temperature source, within-unit design/counterfactual, or report quantitative effect and uncertainty.","Confirm daily temperature fluctuations are from objective meteorological data and merged by individual location/date. | Verify repeated SWB measures and within-individual temporal variation (e.g., panel fixed effects). | Confirm regression coefficient and uncertainty for temperature-SWB association or adjusted effect. | Check if design includes pre-exposure baseline or credible counterfactual for temperature variation.",none_identified,deepseek-v4-pro,deepseek-v4-pro,c9f09f18-9501-42ef-b799-56a9ce82e2ec,1580,4243,5823,2026-09-16T17:37:50Z,strict-inc-v1.0
D0057108,A National Study on the Impact of Wildfire Smoke on Cause-Specific Hospitalizations Among Medicare Enrollees with Alzheimer’s Disease and Related Dementias from 2006 to 2016,2025,Fire,wildfire,META_ELIGIBLE,wildfire,objective_or_verifiable,case_crossover,yes,reported_with_uncertainty,eligible,eligible,high,"Case-crossover study of objective modeled daily wildfire PM2.5 and depression/anxiety hospitalizations; conditional logistic regression reports rate ratio 0.94 (95% CI 0.90-0.99) for same-day depression, satisfying causal temporal counterfactual and extractable effect.",,none_identified,deepseek-v4-pro,deepseek-v4-pro,ec9a7954-650c-4b07-96c3-4dade47f0f34,1730,1621,3351,2026-09-16T17:37:22Z,strict-inc-v1.0
D0057380,"Hourly-scale associations between temperature change and emergency department visits for schizophrenia in Hefei, Anhui Province, China",2025,Chinese Journal of Disease Control and Prevention,temperature,META_ELIGIBLE,temperature,objective_or_verifiable,case_crossover,yes,reported_with_uncertainty,eligible,eligible,high,"Time-stratified case-crossover study using ERA5-Land ambient temperature as objective exposure and schizophrenia-related ED visits as psychiatric service use outcome. Reports quantitative temperature effect with CIs (e.g., 1.17%, 95% CI 0.42-1.92%), satisfying causal counterfactual and extractability criteria.",,none_identified,deepseek-v4-pro,deepseek-v4-pro,9a990785-fe0f-4726-b2d3-3d1564255746,1774,928,2702,2026-09-16T17:37:18Z,strict-inc-v1.0
D0057401,Thriving amidst adversity: Longitudinal psychological well-being and economic mobility in the puerto rican climate diaspora,2025,Applied Developmental Science,cyclone,NARRATIVE_ONLY,cyclone,unclear,descriptive,no,not_extractable,eligible,descriptive_or_predictor_only,high,"Growth mixture modeling identifies PWB/UEM trajectory classes among Hurricane Maria migrants and tests variation by hurricane trauma; no hazard effect, objective exposure variation, or credible counterfactual is reported, indicating descriptive/predictor analysis.",,none_identified,deepseek-v4-pro,deepseek-v4-pro,de38002e-0616-4dd8-b7d6-de4033fed53a,1591,2609,4200,2026-09-16T17:37:38Z,strict-inc-v1.0
D0057660,Examining individuals’ protective behavioral decision-making dynamics over repeated risks of heat waves in the American West,2025,Journal of Risk Research,temperature,EXCLUDE,temperature,unclear,longitudinal_with_prebaseline,unclear,not_extractable,ineligible,wrong_outcome,high,"Abstract focuses on protective behavioral decision-making constructs (risk perception, efficacy, negative affect, protective actions, negative experiences) over repeated heat waves, not an eligible mental-health or subjective wellbeing outcome. No hazard effect on mental health is estimated.",,none_identified,deepseek-v4-pro,deepseek-v4-pro,aa0bfbc8-440f-4b3e-88c5-18bc422e7045,1638,957,2595,2026-09-16T17:37:28Z,strict-inc-v1.0
D0057685,"Hawaiʻi crisis center contacts related to the 2023 Maui wildfires, with monthly pre- and post-fire analyses",2025,Journal of Public Mental Health,wildfire,FULLTEXT_REVIEW,wildfire,objective_or_verifiable,unclear,unclear,unclear,eligible,unclear_effect_extractability,medium,Original quantitative crisis-center contacts after 2023 Maui wildfires with mental health/suicidal outcome; title suggests monthly pre-post analysis but abstract reports only post-fire monthly proportions and no clear baseline comparison or hazard-specific effect with uncertainty.,"Confirm whether 2022 same-month data provide a pre-fire baseline or whether only 2023 fire-related contacts are analyzed. | Report comparative pre-post effect estimates with 95% CIs for mental health/suicidal crisis outcomes, not only monthly proportions. | Clarify how contacts were classified as fire-related and whether exposure is objectively defined (e.g., geographic/temporal). | Verify presence of a time-series or regression model adjusting for seasonality and secular trends. | Check if an extractable hazard effect (change in contact proportion/rate attributable to wildfire) is reported.",none_identified,deepseek-v4-pro,deepseek-v4-pro,f3b82d2e-8986-49f3-9e74-f819ac77cb79,1714,6684,8398,2026-09-16T17:38:24Z,strict-inc-v1.0
D0057798,Impact of hurricane maria on mental and physical health among puerto ricans: A matched difference-in-differences analysis,2025,Journal of Human Behavior in the Social Environment,cyclone,META_ELIGIBLE,cyclone,objective_or_verifiable,quasi_experimental,yes,reported_with_uncertainty,eligible,eligible,medium,Original DID study using BRFSS 2016-2018 estimates Hurricane Maria's effect on days of poor mental health among Puerto Ricans versus matched samples. Exposure is objectively verifiable; adjusted effect sizes and statistical significance are reported.,Confirm matched comparison group is unaffected by Hurricane Maria and DID assumptions hold. | Extract exact mental-health effect estimate with CI/SE for meta-analysis.,none_identified,deepseek-v4-pro,deepseek-v4-pro,7b0a8e99-4c58-4cc2-9ff8-971c80fc7a10,1690,2584,4274,2026-09-16T17:37:46Z,strict-inc-v1.0
D0058077,Impact of temperature on expressed sentiments in social media: Evidence from a Latin American country,2025,Environment and Development Economics,temperature,FULLTEXT_REVIEW,temperature,objective_or_verifiable,panel_fixed_effects,yes,likely_extractable,eligible,unclear_effect_extractability,high,"Abstract states non-linear fixed effects panel regressions show a negative causal association between extreme heat and sentiment, but no coefficient or uncertainty is reported. Need full text to verify quantitative effect and whether social-media sentiment counts as eligible subjective wellbeing/affect.",Report exact regression coefficients and confidence/standard errors for extreme heat on sentiment and profanity outcomes. | Confirm fixed effects panel uses within-unit temporal variation in objective temperature rather than cross-sectional variation. | Clarify whether social media sentiment/profanity outcome is measured as person-level subjective wellbeing/affect eligible for mental health outcome.,none_identified,deepseek-v4-pro,deepseek-v4-pro,113aca51-ab66-46fd-bb67-ffc22a3a3b45,1546,1853,3399,2026-09-16T17:37:40Z,strict-inc-v1.0
D0058932,The potential impact of urban overheating on depression symptoms among urban middle-aged and older adults: Evidence from China,2026,Urban Climate,temperature,META_ELIGIBLE,temperature,objective_or_verifiable,panel_fixed_effects,yes,likely_extractable,eligible,eligible,medium,"Longitudinal CHARLS panel with city-level objective UHI intensity, two-way fixed effects and IV; CES-D10 depression outcome; reports adjusted point estimates (0.44 and 1.05 per 1°C).","Verify UHI intensity is derived from objective weather/satellite data, not self-report. | Confirm standard errors/confidence intervals for FE and IV estimates. | Confirm temporal matching of annual UHI to CHARLS waves and sample restrictions. | Confirm CES-D10 coding and model covariates. | Confirm IV relevance/exogeneity and first-stage diagnostics for river density.",none_identified,deepseek-v4-pro,deepseek-v4-pro,63c7972c-8ea0-4c2d-9fc6-e9888db7b7e2,1644,5607,7251,2026-09-16T17:38:16Z,strict-inc-v1.0
D0058945,The mental health toll of heat stress in India,2026,Journal of Environmental Economics and Management,temperature,FULLTEXT_REVIEW,temperature,objective_or_verifiable,quasi_experimental,yes,unclear,eligible,unclear_effect_extractability,high,"Abstract supports objective heat exposure and eligible depression/anxiety outcomes with a quasi-experimental design, but reports only directional results and no quantitative effect size or uncertainty, so extractability must be verified in full text.",Confirm regression tables report coefficient and standard error/confidence interval for wet bulb temperature exposure on depression and anxiety. | Verify identification employs within-unit or quasi-random temporal/spatial variation rather than cross-sectional comparisons. | Confirm high-resolution climate exposure assignment and survey timing are objective and not self-reported. | Check sample structure across four WHO-SAGE waves and whether pre-exposure outcome or panel fixed effects are used. | Verify eligible mental health outcomes are measured consistently and effect estimates are adjusted for confounders.,none_identified,deepseek-v4-pro,deepseek-v4-pro,fff421b3-4e0d-4f58-9ea8-d8181fa5116e,1616,3043,4659,2026-09-16T17:37:54Z,strict-inc-v1.0
D0058948,The effects of home-country natural disasters on refugee mental health,2026,Population and Environment,flood,META_ELIGIBLE,flood,objective_or_verifiable,panel_fixed_effects,yes,likely_extractable,eligible,eligible,medium,"Longitudinal panel of refugees with six waves and fixed-effects regression; home-country natural disasters, concentrated in floods, as exposure; Kessler-6 psychological distress outcome; reports an adjusted effect size (0.019 SD increase). Abstract lacks uncertainty but indicates extractable adjusted effect.",,none_identified,deepseek-v4-pro,deepseek-v4-pro,3900a8be-b157-4bd7-9663-2f0aa44ed15f,1606,4813,6419,2026-09-16T17:38:12Z,strict-inc-v1.0
D0058951,The mental health impact of the 2025 Los Angeles wildfires among adolescents,2026,Environmental Epidemiology,wildfire,NARRATIVE_ONLY,wildfire,self_report_only,longitudinal_with_prebaseline,no,unclear,eligible,self_report_exposure_only,high,"Abstract states exposure is self-reported wildfire-related stressors (worry, fear, feeling anxious/stressed/depressed, loved one lost home) rather than objectively measured or externally verifiable wildfire variation; despite pre/post adjustment, this does not meet causal hazard-effect criteria.",,none_identified,deepseek-v4-pro,deepseek-v4-pro,115258c5-f319-4b77-b5d8-5f34124eaa99,1621,1528,3149,2026-09-16T17:37:39Z,strict-inc-v1.0
D0058980,Association between urban climate physical risk and depressive symptoms in middle-aged and older adults,2026,Urban Climate,temperature|drought,META_ELIGIBLE,multiple,objective_or_verifiable,longitudinal_with_prebaseline,yes,reported_with_uncertainty,eligible,eligible,medium,"Longitudinal CHARLS cohort (N=6134) without baseline depressive symptoms linked to NOAA meteorological data; exposures include extreme temperature and drought. Cox models with time-varying exposures report HRs with CIs for depressive symptoms, supporting objective hazard variation, eligible outcome, temporal exposure variation, and extractable adjusted effects.",,none_identified,deepseek-v4-pro,deepseek-v4-pro,bd33e23e-6aab-441b-b34c-0c7564224e94,1676,3551,5227,2026-09-16T17:38:04Z,strict-inc-v1.0
D0059043,Impact of Prenatal Stress on Autonomic Nervous System Functioning and Psychopathology Risk in Early Childhood: The Harvey Mom Study,2026,Infant and Child Development,cyclone,EXCLUDE,cyclone,self_report_only,post_event_only,no,not_extractable,ineligible,wrong_outcome,high,"Outcomes are infant autonomic nervous system activity (RSA, HR) and parent-reported child behavioural problems; neither is an eligible mental-health outcome (depression, anxiety, distress, PTSD, suicide, etc.).",,none_identified,deepseek-v4-pro,deepseek-v4-pro,b7241008-28ff-4737-af39-a1edc4849653,1606,4458,6064,2026-09-16T17:38:15Z,strict-inc-v1.0
D0059164,When income buffers extreme weather: Impacts on women’s mental health in informal settlements,2026,Plos Climate,temperature|drought|flood,NARRATIVE_ONLY,multiple,self_report_only,longitudinal_with_prebaseline,unclear,likely_extractable,eligible,self_report_exposure_only,high,"Abstract states surveys 'captured experiences' of heat, cold, drought, heavy rain, and flooding, indicating self-reported exposure only. This lacks objectively measured hazard variation required for meta-analysis, despite longitudinal design and eligible depression/anxiety outcomes.",Confirm whether weather exposures were objectively measured from external meteorological data rather than self-reported experiences.,none_identified,deepseek-v4-pro,deepseek-v4-pro,fa53202c-34ab-4517-abf0-43478ebc79fb,1639,2247,3886,2026-09-16T17:37:52Z,strict-inc-v1.0
D0059237,A Hybrid Dynamic Bayesian Network for Flood-Driven Health Vulnerability: Integrating Local Knowledge and Spatial Data,2026,Pure and Applied Geophysics,flood,NARRATIVE_ONLY,flood,objective_or_verifiable,cross_sectional,no,not_extractable,eligible,cross_sectional,high,Abstract describes a single-wave mixed-methods study of 150 women with PHQ-9 measured during/after 2023-2024 floods and exposure variation by flood duration. It reports an association between flood duration and depression severity but no pre-event mental-health outcome or quasi-experimental counterfactual; DBN simulation is not an empirical causal estimate. Post-event exposure gradient alone is not credible.,,none_identified,deepseek-v4-pro,deepseek-v4-pro,63c66db3-9061-4451-a45b-0819dbe98ae3,1650,2827,4477,2026-09-16T17:38:01Z,strict-inc-v1.0
D0059312,"Local Social Capital, Disaster Housing Damage, and Mental Health: Insights from Hurricane Harvey",2026,Society and Mental Health,cyclone,FULLTEXT_REVIEW,cyclone,unclear,quasi_experimental,unclear,likely_extractable,eligible,unclear_exposure_measurement,medium,"Abstract describes repeated cross-sectional pre/post Hurricane Harvey and home damage but does not state whether damage is objective/verified or self-report, nor reports hazard-effect estimates; full text needed.","Verify housing damage is objectively measured or externally verified (e.g., FEMA, assessor) rather than self-reported. | Confirm the analysis estimates the effect of hurricane/damage exposure on psychological distress/poor mental health days. | Confirm pre-event baseline and parallel trends/temporal counterfactual for repeated cross-section. | Extract adjusted hazard effect with uncertainty (coefficient, SE/CI).",none_identified,deepseek-v4-pro,deepseek-v4-pro,6c7ad219-2444-4bec-915f-406ac74ac2aa,1530,3609,5139,2026-09-16T17:38:16Z,strict-inc-v1.0
D0059408,Ambient temperature and mental health hospital admissions in Cyprus during 2000-2019,2026,Environmental Research Health,temperature,META_ELIGIBLE,temperature,objective_or_verifiable,case_crossover,yes,reported_with_uncertainty,eligible,eligible,high,"Case-crossover study of ambient temperature and mental health hospital admissions, using national ICD-10 admissions and daily temperature/humidity. Found 18% increase per 5°C (95% CI 8-29%) for 7-day moving average, including schizophrenia. This is a credible within-unit temporal design with an eligible objective exposure and extractable effect with uncertainty.",,none_identified,deepseek-v4-pro,deepseek-v4-pro,8466d663-b7da-4132-8079-2ca1bd2476a1,1694,740,2434,2026-09-16T17:37:46Z,strict-inc-v1.0
D0059529,Heat exposure and physical-mental health outcomes among older adults in India: Findings from the Longitudinal Aging Study (LASI) Wave-I,2026,Plos Climate,temperature,NARRATIVE_ONLY,temperature,objective_or_verifiable,cross_sectional,no,likely_extractable,eligible,cross_sectional,high,"Uses LASI Wave-I single-wave cross-sectional data matched to NOAA heat exposure; no within-unit temporal or quasi-experimental counterfactual. Depressive symptoms are eligible, but design is cross-sectional association only.",,unclear,deepseek-v4-pro,deepseek-v4-pro,102b29e6-9214-43e8-a211-6a75db8ca7fa,1676,2187,3863,2026-09-16T17:38:04Z,strict-inc-v1.0
D0059552,Wildfire-sourced fine particulate matter and mental disorders in children and adolescents,2026,Nature Mental Health,wildfire,META_ELIGIBLE,wildfire,objective_or_verifiable,time_series,yes,reported_with_uncertainty,eligible,eligible,high,"Daily time-series of wildfire-specific PM2.5 and mental-health ED visits across 845 communities; reports lagged effect with CI (1.4%, 1.4-1.5% per 1 µg/m3), satisfying temporal variation and extractable estimate.",,none_identified,deepseek-v4-pro,deepseek-v4-pro,279bd93d-dd7e-4899-bec5-8b48e514ae83,1728,1765,3493,2026-09-16T17:38:00Z,strict-inc-v1.0
D0059580,"Adapting to the heat of the moment: A mobile experience sampling study on the dynamics of heat stress, appraisals, affect, and behaviour",2026,Journal of Environmental Psychology,temperature,FULLTEXT_REVIEW,temperature,objective_or_verifiable,panel_fixed_effects,unclear,unclear,eligible,unclear_effect_extractability,medium,"Uses meteorological heat and longitudinal EMA with within-person models, but abstract reports only heat→threat appraisal and affect/behaviour links; no heat-specific effect on an eligible mental-health outcome (affect) with uncertainty is shown.","Verify whether heat stress is modelled as a predictor of affect or another eligible mental health outcome, not only threat appraisal. | Confirm reported coefficient and uncertainty for heat exposure on an eligible outcome. | Check within-person temporal adjustment and control for time-varying confounders. | Assess sample overlap with other reports.",unclear,deepseek-v4-pro,deepseek-v4-pro,26fb2493-0211-498e-97ef-c2c03c800101,1634,3360,4994,2026-09-16T17:38:22Z,strict-inc-v1.0
D0059771,"Socio-ecological factors associated with eco-anxiety following the 2023 wildfires among Northern and Indigenous youth in the Northwest Territories, Canada: Cross-sectional findings",2026,Cambridge Prisms: Global Mental Health,wildfire,NARRATIVE_ONLY,wildfire,unclear,cross_sectional,no,likely_extractable,eligible,cross_sectional,high,"Abstract explicitly describes a single-wave cross-sectional survey of 290 adolescents after the 2023 wildfires, analysed with structural equation modelling. This design lacks temporal or quasi-experimental counterfactual variation, so it cannot support a causal hazard effect despite relevant wildfire exposure and eco-anxiety outcome.",,none_identified,deepseek-v4-pro,deepseek-v4-pro,5117ca1d-4083-4fe4-b38e-456217fff774,1679,1527,3206,2026-09-16T17:38:02Z,strict-inc-v1.0
D0059838,Happiness on wheels: What makes cyclists happy?,2026,International Journal of Sport and Exercise Psychology,cyclone,EXCLUDE,multiple,objective_or_verifiable,panel_fixed_effects,unclear,unclear,eligible,wrong_exposure,medium,"Exposure is issuance of weather warnings (thunderstorm, rainstorm, tropical cyclone signal), not actual measured tropical cyclone or other registered natural hazard. Abstract lacks objective natural hazard exposure; warning signals are administrative forecasts, not climate hazard variation.",,none_identified,deepseek-v4-pro,deepseek-v4-pro,3fffa956-abf0-4288-964a-65f95ebf8452,1664,5931,7595,2026-09-16T17:38:56Z,strict-inc-v1.0
D0059992,Exploring the effect of average daily temperature on acute episodes of psychiatric disorders in Shenzhen based on distributional lag nonlinear model,2026,Chinese Journal of Disease Control and Prevention,temperature,META_ELIGIBLE,temperature,objective_or_verifiable,time_series,yes,reported_with_uncertainty,eligible,eligible,high,"Daily meteorological temperature data and emergency psychiatric episodes over 2013-2022 were analyzed with DLNM, providing temporal exposure variation and quantitative RR/CRR estimates with P<0.05.",,none_identified,deepseek-v4-pro,deepseek-v4-pro,9623b540-2a51-4f26-bc86-adc7456a0f0b,1727,1459,3186,2026-09-16T17:38:06Z,strict-inc-v1.0
D0060628,Social Involvement as a Mediator of Disaster‐Induced Stress,1987,Journal of Applied Social Psychology,flood,FULLTEXT_REVIEW,flood,unclear,longitudinal_with_prebaseline,unclear,unclear,eligible,unclear_exposure_measurement,medium,"Longitudinal reinterview with pre-flood baseline and depression outcome is promising, but abstract does not show objective flood exposure, credible counterfactual, or quantitative hazard effect/uncertainty; dioxin co-exposure must be separated.","Verify whether flood exposure was measured objectively (e.g., geocoded flood extent) rather than self-reported personal/indirect disaster exposure. | Confirm same individuals have pre-flood baseline measures for depression/alcohol outcomes and whether comparators include unexposed/less exposed groups. | Establish that flood-specific effects are reported separately from dioxin/chemical exposure. | Extract quantitative effect sizes and uncertainty for eligible mental-health outcomes.",none_identified,deepseek-v4-pro,deepseek-v4-pro,33226011-6fa5-4b50-bb9c-3550a6aa8289,1630,3283,4913,2026-09-16T17:38:29Z,strict-inc-v1.0
D0060733,Emotional Distress in Fifth-Grade Children Ten Months after a Natural Disaster,1986,Journal of the American Academy of Child Psychiatry,flood,NARRATIVE_ONLY,flood,objective_or_verifiable,post_event_only,no,not_extractable,eligible,no_pre_event_baseline,high,"Post-event comparison of flooded versus nonflooded children 10 months after disaster, with no pre-exposure outcome or credible counterfactual; only a group difference is stated without quantitative hazard effect or uncertainty.",,none_identified,deepseek-v4-pro,deepseek-v4-pro,57f1a10c-ab57-4bcf-b508-81aaf22d4c12,1546,1027,2573,2026-09-16T17:38:09Z,strict-inc-v1.0
D0060999,Psychological distress following a natural disaster: A one‐year follow‐up of 98 flood victims,1983,Journal of Community Psychology,flood,NARRATIVE_ONLY,flood,objective_or_verifiable,post_event_only,no,not_extractable,eligible,no_pre_event_baseline,high,"Exposed-only 98 flood victims; mental status was reported retrospectively after the flood for both pre-disaster and post-disaster states, so no true pre-event baseline or credible counterfactual; abstract reports significance only without extractable effect.",,none_identified,deepseek-v4-pro,deepseek-v4-pro,3a434e37-69f4-4657-b138-82dde84f30c2,1621,1904,3525,2026-09-16T17:38:21Z,strict-inc-v1.0
D0064533,Life change and illness: Illness behavior of males in the recovery period of a natural disaster,1978,Journal of Health and Social Behavior,flood,NARRATIVE_ONLY,flood,self_report_only,post_event_only,no,not_extractable,eligible,no_pre_event_baseline,high,"Single post-event interview of 91 men compared those whose housing flooded vs not, with no pre-event mental-health baseline; an exposed/unexposed post-event comparison cannot provide a credible counterfactual. Exposure and outcomes were self-reported.",,none_identified,deepseek-v4-pro,deepseek-v4-pro,fd0d59f8-2377-458c-80ff-34db3c2e55be,1581,2179,3760,2026-09-16T17:38:24Z,strict-inc-v1.0
D0066021,Association of meteorological factors with suicide,2003,Acta Psychiatrica Scandinavica,temperature,FULLTEXT_REVIEW,temperature,objective_or_verifiable,unclear,unclear,likely_extractable,eligible,unclear_design,medium,"Abstract supports objective temperature exposure from weather stations and suicide outcome over 6 years, suggesting temporal variation, but does not specify time-series method, seasonality/trend adjustment, or quantitative effect/uncertainty. Full text needed to confirm credible counterfactual and extractable estimate.","Verify whether the analysis uses a daily time-series or case-crossover design with within-region temporal exposure variation. | Confirm adjustment for seasonality, long-term trends, autocorrelation, and sociodemographic/geographic confounders. | Extract adjusted odds ratio/relative risk and 95% CI for high-temperature exposure on suicide risk. | Confirm temperature exposure definition (threshold/continuous) and model specification.",none_identified,deepseek-v4-pro,deepseek-v4-pro,41ef7fd3-d3b8-4c75-9d77-95c4671de8e2,1553,2704,4257,2026-09-16T17:38:32Z,strict-inc-v1.0
D0067207,The impact of wildfires on mental health of residents in a rural area of Greece. A case control population based study,2011,European Psychiatry,wildfire,NARRATIVE_ONLY,wildfire,unclear,cross_sectional,no,not_extractable,eligible,cross_sectional,high,"Cross-sectional case-control study after 2007 wildfire comparing 'damnified' victims with controls; no pre-event baseline or temporal exposure variation. Only p-values for group differences reported, no hazard effect size or uncertainty.",,none_identified,deepseek-v4-pro,deepseek-v4-pro,ac879b15-c120-4113-81aa-574fe79df56b,1703,1523,3226,2026-09-16T17:38:18Z,strict-inc-v1.0
D0067736,Influence of compensation satisfaction on change of health-related quality of life after a flood,2010,European Neuropsychopharmacology,flood,NARRATIVE_ONLY,flood,objective_or_verifiable,longitudinal_with_prebaseline,no,not_extractable,eligible,descriptive_or_predictor_only,high,"Single flood cohort has pre-event and post-event HRQOL/depression/PTSD data, but abstract analyzes compensation satisfaction as predictor of change and reports no flood hazard effect estimate; no hazard exposure variation or credible counterfactual for flood effect.",,unclear,deepseek-v4-pro,deepseek-v4-pro,aebf6e49-2940-4ca3-8e76-2bd412704e06,2043,4059,6102,2026-09-16T17:38:50Z,strict-inc-v1.0
D0069890,Psychiatric disorders among adults seeking emergency disaster assistance after a wildland-urban interface fire,2007,Psychiatric Services,wildfire,NARRATIVE_ONLY,wildfire,self_report_only,post_event_only,no,not_extractable,eligible,descriptive_or_predictor_only,high,"Exposed-only post-event cohort recruited from relief centers. Outcomes measured only at 3-month follow-up with no pre-event outcome or unaffected comparator. Exposure is self-reported fire exposure/property damage/injury. Analysis reports prevalence and predictors of psychopathology, not a wildfire effect with a credible counterfactual.",,none_identified,deepseek-v4-pro,deepseek-v4-pro,2b8bcd04-1f54-4ee9-90bc-436feffd25c7,1710,1663,3373,2026-09-16T17:38:22Z,strict-inc-v1.0
D0069928,Pretrauma and posttrauma neurocognitive functioning and PTSD symptoms in a community sample of young adults,2007,The American Journal of Psychiatry,wildfire,NARRATIVE_ONLY,wildfire,objective_or_verifiable,longitudinal_with_prebaseline,no,not_extractable,eligible,descriptive_or_predictor_only,high,Abstract analyzes PTSD symptoms as predictors of neurocognitive change and pretrauma cognition as vulnerability factors in an exposed-only post-fire cohort; it does not estimate a fire hazard effect on mental health with a credible counterfactual or report an extractable hazard effect.,,none_identified,deepseek-v4-pro,deepseek-v4-pro,ef6c4407-7cc2-4dd0-9245-be530e0741a1,1729,4677,6406,2026-09-16T17:38:58Z,strict-inc-v1.0
D0070013,Swept away: Use of general medical and mental health services among veterans displaced by Hurricane Katrina,2007,The American Journal of Psychiatry,cyclone,FULLTEXT_REVIEW,cyclone,objective_or_verifiable,time_series,yes,unclear,eligible,unclear_effect_extractability,medium,"Abstract uses VA administrative data comparing post-Katrina service use to prior-year cohorts, providing objective cyclone exposure and a temporal counterfactual for psychiatric service use. But reported adjusted effect is for any outpatient services; abstract does not give mental-health-specific estimate or uncertainty, so full text is needed to confirm extractable psychiatric service-use effect.","Does full text report a separate adjusted effect with confidence intervals for mental health/substance use service use, not only any outpatient services? | Does the analysis include sufficient pre-event time points and adjust for seasonality/secular trends to support the counterfactual? | Is the mental-health service use outcome measured as psychiatric service use (eligible) and not just general medical? | Are exposure definitions based on affected region/date and not self-report, and are denominators comparable across years?",none_identified,deepseek-v4-pro,deepseek-v4-pro,040af40a-b512-436d-aa1b-37f7beca4720,1593,4102,5695,2026-09-16T17:38:54Z,strict-inc-v1.0
D0070197,The impact of hurricane sandy on mental health-related emergency departments visits,2014,Annals of Emergency Medicine,cyclone,META_ELIGIBLE,cyclone,objective_or_verifiable,longitudinal_with_prebaseline,yes,reported_with_uncertainty,eligible,eligible,medium,Hurricane Sandy is an objectively observed tropical cyclone; mental health-related ED visits are eligible psychiatric service use; pre-storm same-weekday baseline provides a temporal counterfactual; reports 28% decrease with 95% CI.,,none_identified,deepseek-v4-pro,deepseek-v4-pro,a865f799-c6f9-43b6-b47c-b89b890c9271,1815,2146,3961,2026-09-16T17:38:36Z,strict-inc-v1.0
D0071387,The reproduction of loss: Immediate and longer-term stressors and the mental health of Hurricane Ike survivors,2013,Comprehensive Psychiatry,cyclone,NARRATIVE_ONLY,cyclone,self_report_only,post_event_only,no,not_extractable,eligible,self_report_exposure_only,high,"Exposure is self-reported hurricane-related stressors (e.g., property loss, health problems, resource loss), not objectively measured or externally verifiable cyclone hazard variation. All three waves are postdisaster with no pre-event outcome baseline; path models link stressors to PTSD/depression rather than estimating a hazard effect.",,none_identified,deepseek-v4-pro,deepseek-v4-pro,ef30d398-cab3-42c4-80f6-157cf0aeb859,1894,1509,3403,2026-09-16T17:38:32Z,strict-inc-v1.0
D0071637,Mental health research for the 2011 flood affected people in Thailand,2013,Tropical Medicine and International Health,flood,NARRATIVE_ONLY,flood,self_report_only,cross_sectional,no,reported_with_uncertainty,eligible,cross_sectional,high,"Single post-flood cross-sectional questionnaire survey comparing affected vs non-affected people; flood exposure is self-reported and no pre-flood mental health outcome was measured, so no credible counterfactual for causal inference.",,none_identified,deepseek-v4-pro,deepseek-v4-pro,bb74bbbf-6848-4251-94ec-3f789628be5b,1746,1995,3741,2026-09-16T17:38:37Z,strict-inc-v1.0
D0072415,"Urban morbidity in summer: Ambulance dispatch data, periodicity and weather",2012,Central European Journal of Medicine,temperature,FULLTEXT_REVIEW,temperature,objective_or_verifiable,time_series,unclear,unclear,eligible,unclear_effect_extractability,medium,"Plausible time-series of ambulance calls and objective weather/air mass; psychiatric calls rose significantly with temperature, but abstract gives no hazard-specific effect size or confidence interval. Full text needed to confirm model adjustment, exposure definition, and extractable quantitative effect.","Does full text report a temperature-specific effect estimate with confidence intervals for psychiatric ambulance calls? | Does the multiple variable analysis adjust for temporal confounders such as time of day, day of week, and seasonality? | Are psychiatric disorder calls classified using a standardized diagnostic category that maps to psychiatric service use? | Is the exposure measured objectively at hourly or daily resolution and linked to call records?",none_identified,deepseek-v4-pro,deepseek-v4-pro,9b769340-d176-4bbe-91cf-a6f4af824224,1613,1977,3590,2026-09-16T17:38:38Z,strict-inc-v1.0
D0072865,Quality of life after a wildfire disaster in a rural area of Greece,2012,European Psychiatry,wildfire,NARRATIVE_ONLY,wildfire,objective_or_verifiable,cross_sectional,no,likely_extractable,eligible,cross_sectional,high,"Cross-sectional case-control study comparing wildfire victims to controls three years post-event. No pre-event baseline or temporal exposure variation, so exposed/unexposed single post-event comparison cannot support causal inference for meta-analysis.",,none_identified,deepseek-v4-pro,deepseek-v4-pro,1ac025e6-cdea-463c-9ffa-26255675b874,1690,1597,3287,2026-09-16T17:38:36Z,strict-inc-v1.0
D0072870,Long-term psychological effects of a wildfire disaster in Greece,2012,European Psychiatry,wildfire,NARRATIVE_ONLY,wildfire,objective_or_verifiable,cross_sectional,no,not_extractable,eligible,no_pre_event_baseline,high,"Wildfire victims vs controls were assessed at 6 months and 3 years post-disaster only; no pre-disaster baseline exists, so hazard effect cannot be separated from pre-existing differences. Abstract calls design cross-sectional and reports post-event differences, making causal meta-analysis unsuitable.",,none_identified,deepseek-v4-pro,deepseek-v4-pro,b4f806a1-2304-4bd7-9577-f09ad3e127cb,1712,3214,4926,2026-09-16T17:38:53Z,strict-inc-v1.0
D0073285,Trends in adolescent health needs following Hurricane Katrina: Analysis from high ground,2012,Journal of Adolescent Health,cyclone,FULLTEXT_REVIEW,cyclone,objective_or_verifiable,unclear,unclear,reported_with_uncertainty,eligible,unclear_design,medium,"Abstract reports before/during/after Hurricane Katrina comparison of GAPS screening data with adjusted OR for depression, but does not clarify whether the repeated cross-sectional design controlled for secular trends or used a credible counterfactual. Pre-post period comparison alone may not be causal; full text needed to verify design, exposure assignment, and adjustment.","Whether analyses used time-series/ITS methods or adjusted for underlying temporal trends and seasonality rather than simple period comparison. | How individual hurricane exposure was defined/assigned (e.g., direct hit, displacement, proximity) and whether exposure variation was objective. | Whether depression was measured with a validated instrument and what covariates were included in adjusted logistic models. | Whether the repeated cross-sectional data can support causal inference or includes a concurrent unaffected comparison group. | Whether depression effect estimates are based on individual-level longitudinal linkage or aggregated prevalence data.",none_identified,deepseek-v4-pro,deepseek-v4-pro,5bee1668-547a-46e8-9c8e-5a591f8d6273,2146,5122,7268,2026-09-16T17:39:20Z,strict-inc-v1.0
D0074346,Flood-related prenata maternal stress effects childhood anxiety symptomatology; The QF2011 Queensland flood study,2017,Journal of Paediatrics and Child Health,flood,NARRATIVE_ONLY,flood,unclear,post_event_only,no,not_extractable,eligible,no_pre_event_baseline,high,"Exposed-only pregnancy cohort with flood exposure gradient and child anxiety at age 4. No pre-event outcome or unexposed counterfactual; post-event gradient alone is not a credible causal design, and abstract lacks quantitative effect size/uncertainty.",,unclear,deepseek-v4-pro,deepseek-v4-pro,1a8d4376-1276-4526-aba7-7e649ba90a60,1664,3448,5112,2026-09-16T17:39:01Z,strict-inc-v1.0
D0074931,Seasonal variations in hospital admissions for mania: Examining for associations with weather variables over time,2016,Journal of Affective Disorders,temperature,FULLTEXT_REVIEW,temperature,objective_or_verifiable,time_series,unclear,unclear,eligible,unclear_effect_extractability,medium,"Danish register-based cohort with objectively measured meteorological variables and year-to-year temporal variation; mania admissions likely eligible as psychiatric service use, but abstract reports only qualitative associations without coefficients or uncertainty. Full text needed to confirm extractable temperature effect and credible time-series adjustment.","Confirm the regression reports a quantitative hazard-specific estimate with uncertainty for temperature and admissions for mania. | Check whether the linear regression adjusts for temporal trends, seasonality, and autocorrelation; otherwise temporal variation may not be a credible counterfactual. | Confirm that admissions for mania are coded as psychiatric service use (eligible outcome) rather than only a seasonal descriptive pattern. | Check whether temperature associations are separable from correlated weather variables such as sunshine and ultraviolet radiation.",none_identified,deepseek-v4-pro,deepseek-v4-pro,212c8d51-25f2-4cd0-b9b9-613ff3266746,1678,3457,5135,2026-09-16T17:39:01Z,strict-inc-v1.0
D0075705,Climate change but not unemployment explains the changing suicidality in Thessaloniki Greece (2000–2012),2016,Journal of Affective Disorders,temperature,FULLTEXT_REVIEW,temperature,objective_or_verifiable,time_series,unclear,unclear,eligible,unclear_effect_extractability,medium,"Abstract supports objective gridded temperature exposure and suicide outcomes over 13 years, but it reports only correlations/variance explained, not a temperature coefficient with uncertainty. Full text must confirm time-series model, temporal controls, and an extractable hazard effect.","Reported coefficient (e.g., per °C) and confidence interval/SE for temperature-suicide association. | Whether regression controls for temporal trends/autocorrelation and other confounders. | Whether annual suicide counts/rates and temperature are linked at same temporal unit and population. | Whether male suicide and female attempt effects can be extracted separately.",none_identified,deepseek-v4-pro,deepseek-v4-pro,717180e2-bd4f-449e-8778-7c5cf2932d26,1687,2116,3803,2026-09-16T17:38:47Z,strict-inc-v1.0
D0075764,"The impact of a natural disaster on physical and mental health: Offspring morbidity and crop loss as mediators of paternal testosterone, cortisol, and depression among Bolivian forager-farmers",2016,American Journal of Physical Anthropology,flood,NARRATIVE_ONLY,flood,self_report_only,cross_sectional,no,not_extractable,eligible,self_report_exposure_only,high,"Single-wave post-flood survey; exposure gradient is self-reported crop loss and child morbidity, not objective flood variation. No pre-event mental-health baseline or unexposed comparison, so reported p-values are damage-severity correlates rather than a hazard effect.",,none_identified,deepseek-v4-pro,deepseek-v4-pro,304b6dd3-61f9-47e2-bcc3-cc15cd1393ca,1742,3793,5535,2026-09-16T17:39:10Z,strict-inc-v1.0
D0076312,The Effect of Extreme Heat on Mental Health - Evidence from Australia,2015,International Journal of Epidemiology,temperature,META_ELIGIBLE,temperature,objective_or_verifiable,panel_fixed_effects,yes,reported_with_uncertainty,eligible,eligible,high,"Original panel study uses HILDA survey and gridded temperature; fixed effects quantify same-day extreme heat on mental wellbeing, with 95% CI reported. Meets all criteria.",,none_identified,deepseek-v4-pro,deepseek-v4-pro,09eaa499-7ab4-4d25-b70a-a323db37d7ff,1754,1171,2925,2026-09-16T17:38:45Z,strict-inc-v1.0
D0076777,No Uhthoff phenomenon due to ambient temperature in a large natural cohort of multiple sclerosis patients,2015,Multiple Sclerosis,temperature,FULLTEXT_REVIEW,temperature,objective_or_verifiable,panel_fixed_effects,yes,unclear,eligible,unclear_effect_extractability,medium,"Repeated assessments matched to objective weather data measure depression and likely use panel methods, but abstract reports only direction/P value for temperature-depression association, not an extractable coefficient/CI.","Does the full text report an adjusted coefficient and 95% CI for ambient temperature on depression score? | Is the two-item depression instrument validated and how is it scored? | Do models include patient-level random or fixed effects to isolate within-person temporal variation? | How is ambient temperature temporally matched to each assessment (daily/weekly/monthly)? | Is the depression-temperature association adjusted for seasonality, sunshine, and rainfall?",none_identified,deepseek-v4-pro,deepseek-v4-pro,2dff0434-6180-4d46-97ad-999ea041b86a,1793,6967,8760,2026-09-16T17:39:45Z,strict-inc-v1.0
D0077381,Childhood sleep patterns longitudinally predict later post-traumatic stress after Hurricane harvey,2019,Sleep Medicine,cyclone|flood,NARRATIVE_ONLY,cyclone,self_report_only,post_event_only,no,not_extractable,eligible,descriptive_or_predictor_only,high,"Longitudinal predictor study of pre-hurricane sleep and post-Harvey PTSD in 69 exposed youth; hurricane adversity is self-reported and only a covariate, with no hazard effect or counterfactual estimated.",,none_identified,deepseek-v4-pro,deepseek-v4-pro,f4c4fd64-0027-4bdf-9e8b-b50d4a98dc2e,2043,2053,4096,2026-09-16T17:39:00Z,strict-inc-v1.0
D0077400,Declines in mental health associated with air pollution and temperature variability in China,2019,Nature Communications,temperature,FULLTEXT_REVIEW,temperature,unclear,longitudinal_with_prebaseline,unclear,likely_extractable,eligible,unclear_effect_extractability,medium,"Two-wave survey links changes in mental health to environmental changes, including temperature; plausibly longitudinal with pre-baseline. However abstract reports only directional associations and a null mean-temperature finding without effect sizes/uncertainty, and exposure measurement/counterfactual are not explicit. Full text needed to verify hazard-specific estimates.","Verify temperature variability and mean temperature are derived from objective monitoring/reanalysis and exposure assignment. | Confirm same individuals surveyed in 2010 and 2014 and analytic model uses within-person changes or fixed effects. | Confirm hazard-specific adjusted effect sizes and confidence intervals for mean temperature and temperature variability. | Confirm mental health outcome instrument measures depression, distress, or subjective wellbeing. | Confirm mean temperature null result is reported with uncertainty (e.g., CI) rather than only p-value.",none_identified,deepseek-v4-pro,deepseek-v4-pro,94c92560-d875-4779-bfa4-ea1b04782f35,1543,3929,5472,2026-09-16T17:39:19Z,strict-inc-v1.0
D0077424,Extreme weather events and the onset of psychotic depression,2019,Neuropsychopharmacology,temperature,META_ELIGIBLE,temperature,objective_or_verifiable,case_crossover,yes,reported_with_uncertainty,eligible,eligible,medium,"Abstract describes longitudinal logistic regression across 7-day risk periods within patients, comparing extreme weather events to non-event periods; objective NOAA temperature extremes; reports OR=1.37 for temperature with p<0.0001; psychotic depression is a depression subtype.",,none_identified,deepseek-v4-pro,deepseek-v4-pro,ef98cbb6-9e29-4a24-9d26-85edf52879d4,2191,7980,10171,2026-09-16T17:41:38Z,strict-inc-v1.0
D0078035,Associations between ambient high temperatures and suicide mortality: a multi-city time-series study in China,2019,Environmental science and pollution research international,temperature,META_ELIGIBLE,temperature,objective_or_verifiable,time_series,yes,reported_with_uncertainty,eligible,eligible,high,"Multi-city time-series study uses objectively measured ambient temperature, distributed lag non-linear models, and pooled relative risks for suicide mortality. Reports RR 1.37 (95% CI 0.96-2.57), satisfying causal meta-analysis criteria.",,none_identified,deepseek-v4-pro,deepseek-v4-pro,de5f3dd2-47dd-40a6-8a67-b59c5e530464,1611,730,2341,2026-09-16T17:38:46Z,strict-inc-v1.0
D0078623,Toddler's stress regulation mediates the association between disaster-related prenatal maternal stress and early childhood anxiety: The QF2011 Queensland flood study,2019,Journal of Paediatrics and Child Health,flood,NARRATIVE_ONLY,flood,self_report_only,post_event_only,no,not_extractable,eligible,no_pre_event_baseline,high,"Cohort of flood-exposed pregnant women with child anxiety at 4 years; no pre-event outcome or unexposed counterfactual. Main tested exposure is maternal subjective stress (self-report), and abstract reports mediation/predictive associations, not a flood hazard effect with uncertainty.",,potential_overlap,deepseek-v4-pro,deepseek-v4-pro,3ac4ff1f-e0b3-4253-af04-c6d6eff59e8a,1736,3290,5026,2026-09-16T17:39:22Z,strict-inc-v1.0
D0078732,Short-term impacts of air temperature on hospitalizations for mental disorders in Lisbon,2019,Science of the Total Environment,temperature,FULLTEXT_REVIEW,temperature,objective_or_verifiable,time_series,yes,likely_extractable,eligible,unclear_effect_extractability,high,"Original time-series study using quasi-Poisson GAM with DLNM to estimate daily mean temperature effects on mental disorder hospitalizations in Lisbon. Objective exposure and eligible psychiatric service use; abstract reports significant high-temperature association but omits numeric effect estimate/uncertainty, preventing META_ELIGIBLE; full text must confirm extractable adjusted RR/CI.","Reported hazard-specific relative risk or percent change with 95% CI for high temperature at lag 0, 0-1, and 0-2 for mental disorder hospitalization. | Daily mean temperature is objective monitored meteorological data, not self-report or model projections. | Quasi-Poisson GAM+DLNM includes adjustment for time, seasonality, day of week, humidity, and air pollution and yields adjusted effect. | Outcome includes mental disorder hospitalizations with defined diagnostic codes and no restriction that undermines external validity.",none_identified,deepseek-v4-pro,deepseek-v4-pro,c4994b29-05a9-4d69-8701-c1170bebd6a8,1589,3002,4591,2026-09-16T17:39:18Z,strict-inc-v1.0
D0079328,5.52 Toddler Cortisol Profiles Predicts Early Childhood Anxiety in a Prenatally Stressed Cohort: The QF2011 Queensland Flood Study,2018,Journal of the American Academy of Child and Adolescent Psychiatry,flood,NARRATIVE_ONLY,flood,self_report_only,post_event_only,no,not_extractable,eligible,multiple_issues,high,"Abstract reports a mediation study of flood-related prenatal maternal stress (PNMS) using self-report questionnaires for objective hardship/subjective reactions; no pre-event outcome or unaffected comparison is described, and only mediation indices are reported, not a direct flood hazard effect on anxiety.",,none_identified,deepseek-v4-pro,deepseek-v4-pro,22313083-a871-4c4c-860e-ae47d47ee630,1864,2443,4307,2026-09-16T17:39:16Z,strict-inc-v1.0
D0079535,Impact of hurricane Maria on a cohort of systemic lupus erythematosus patients from Puerto Rico,2018,Arthritis and Rheumatology,cyclone,META_ELIGIBLE,cyclone,objective_or_verifiable,longitudinal_with_prebaseline,yes,reported_with_uncertainty,eligible,eligible,medium,"Original cohort study assessed SF-36 mental health before and after Hurricane Maria, using within-person pre/post exposure variation. Reports mental health component mean lower after (60.2 vs 65.2, p=0.011), providing quantitative effect and uncertainty. Exposure objectively defined as hurricane occurrence.",,none_identified,deepseek-v4-pro,deepseek-v4-pro,8846d63e-d658-49e8-aa8b-caaa8b28e0c0,1981,1950,3931,2026-09-16T17:39:11Z,strict-inc-v1.0
D0080090,Occupational exposures and psychological symptoms among fire fighters and police during a major wildfire: The carmel cohort study,2018,Occupational and Environmental Medicine,wildfire,NARRATIVE_ONLY,wildfire,self_report_only,post_event_only,no,not_extractable,eligible,self_report_exposure_only,high,"Exposure is self-reported occupational stressors (fear, risk perception, proximity), not objective/verifiable wildfire hazard; exposed-only post-event follow-up lacks pre-event baseline and credible counterfactual. Reported ORs are for stressors, not a hazard effect.",,unclear,deepseek-v4-pro,deepseek-v4-pro,3be44eac-31f9-46e4-8fe2-10c776841937,1743,2391,4134,2026-09-16T17:39:19Z,strict-inc-v1.0
D0080191,Developmental trajectories of anxiety symptoms following exposure to prenatal stress: The QF2011 Queensland flood study,2018,Journal of Paediatrics and Child Health,flood,NARRATIVE_ONLY,flood,self_report_only,post_event_only,no,not_extractable,eligible,multiple_issues,high,"Flood-exposed pregnancy cohort; exposure is maternal-reported flood-related PNMS (objective hardship, cognitive appraisal, subjective distress) and child anxiety outcomes measured only after birth, with no pre-event baseline/unexposed counterfactual. Mediation results do not provide a hazard effect with uncertainty.",,none_identified,deepseek-v4-pro,deepseek-v4-pro,28ccd17e-ec03-4611-a225-f21421961527,1667,4846,6513,2026-09-16T17:39:47Z,strict-inc-v1.0
D0081367,Expressions of Resilience: Social Media Responses to a Flooding Event,2021,Risk analysis : an official publication of the Society for Risk Analysis,flood,EXCLUDE,flood,objective_or_verifiable,time_series,unclear,not_extractable,ineligible,wrong_outcome,high,The study analyzes social media language expressions of emotion/resilience before/during/after a flood; these are not person-level mental-health or subjective-wellbeing outcomes required for inclusion.,,none_identified,deepseek-v4-pro,deepseek-v4-pro,72eedd0c-0d0f-4b56-8f21-66ca56356884,1606,1418,3024,2026-09-16T17:39:12Z,strict-inc-v1.0
D0081422,Impact of Heatwaves on use of health services (GP and Emergency department visits),2021,International Journal of Epidemiology,temperature,FULLTEXT_REVIEW,temperature,objective_or_verifiable,case_crossover,yes,unclear,eligible,unclear_effect_extractability,medium,"Objective heatwave exposure (Excess Heat Factor) with time-stratified case-crossover design; psychiatric service use is an eligible outcome and increased during severe/extreme heatwaves, but abstract reports no psychiatric-specific RR/CI, only overall and respiratory/heat-illness estimates.",Full text must report a quantitative effect estimate (RR and 95% CI) for psychiatric service use attributable to heatwaves. | Confirm psychiatric service use is analyzed as a distinct mental-health outcome with case-crossover estimates. | Verify time-stratified case-crossover control selection and confounder adjustment.,none_identified,deepseek-v4-pro,deepseek-v4-pro,39816842-a68b-4062-8238-4520cbbccd16,1765,1688,3453,2026-09-16T17:39:15Z,strict-inc-v1.0
D0081912,"Cardiometabolic conditions and their risk factors among adults in Puerto Rico before and after hurricane maría, 2015-2019",2021,Circulation,cyclone,NARRATIVE_ONLY,cyclone,objective_or_verifiable,descriptive,no,not_extractable,eligible,descriptive_or_predictor_only,medium,"Abstract contrasts prevalence of depressive symptoms and perceived stress before (2015) and after (2019) Hurricane Maria using two cross-sectional samples and a small returning subset, reporting prevalence differences with p-values rather than estimating a hazard effect with a credible counterfactual. This is descriptive pre/post prevalence, not causal.",,none_identified,deepseek-v4-pro,deepseek-v4-pro,ab90d7e4-e617-4cce-829d-145c1b7dba5e,2050,4342,6392,2026-09-16T17:39:47Z,strict-inc-v1.0
D0081914,Health care access and health indicators in puerto rico pre-and post-hurricane maria: Analysis of data from 2015-2018 behavioral risk factor surveillance system,2021,Circulation,cyclone,NARRATIVE_ONLY,cyclone,objective_or_verifiable,cross_sectional,no,not_extractable,eligible,cross_sectional,medium,Repeated cross-sectional BRFSS surveys pre/post Hurricane Maria with no within-person baseline or credible counterfactual; authors note compositional change from migration. Depression was listed as an outcome but no mental-health effect estimate is reported.,,none_identified,deepseek-v4-pro,deepseek-v4-pro,8cbf33f6-eb7f-4f46-8651-c2542b60702b,2022,4050,6072,2026-09-16T17:39:45Z,strict-inc-v1.0
D0082720,The Health of Firefighters Deployed to the Fort McMurray Fire: Lessons Learnt,2021,Frontiers in public health,wildfire,NARRATIVE_ONLY,wildfire,objective_or_verifiable,post_event_only,no,not_extractable,eligible,no_pre_event_baseline,high,"Cohort of firefighters recruited after wildfire with estimated PM2.5 exposure and post-event HADS anxiety/depression; no pre-fire baseline outcome. High-vs-low exposure mental health comparison is a post-event exposure gradient, so no credible counterfactual for causal meta-analysis.",,none_identified,deepseek-v4-pro,deepseek-v4-pro,661879c9-25c1-4773-9c32-9efdeb1d12c1,1817,3409,5226,2026-09-16T17:39:37Z,strict-inc-v1.0
D0083092,25.2 CLIMATE CHANGE AND HURRICANES: THE EFFECT OF HURRICANE-RELATED STRESS ON INFANT TEMPERAMENT,2020,Journal of the American Academy of Child and Adolescent Psychiatry,cyclone,NARRATIVE_ONLY,cyclone,objective_or_verifiable,cross_sectional,no,not_extractable,eligible,cross_sectional,high,"Single-wave post-event correlation study in 54 mother-infant dyads exposed to Hurricane Maria; no pre-event baseline or unexposed comparator; Spearman correlations only, no extractable hazard-effect estimate.",,none_identified,deepseek-v4-pro,deepseek-v4-pro,ca5497bb-02be-43e4-a625-a2b003be29d0,1952,4391,6343,2026-09-16T17:39:54Z,strict-inc-v1.0
D0083437,"Risk assessment of temperature and air pollutants on hospitalizations for mental and behavioral disorders in Curitiba, Brazil",2020,Environmental Health: A Global Access Science Source,temperature,META_ELIGIBLE,temperature,objective_or_verifiable,time_series,yes,reported_with_uncertainty,eligible,eligible,high,"Time-series study uses daily meteorological temperature and hospital admissions for mental/behavioral disorders in Curitiba, with GAM+DLNM; reports temperature RRs with 95% CIs, satisfying causal meta-analysis criteria.",,unclear,deepseek-v4-pro,deepseek-v4-pro,aaa1cf1a-4280-4732-a015-e7da055520d2,1816,1451,3267,2026-09-16T17:39:27Z,strict-inc-v1.0
D0084202,Anomalously warm temperatures are associated with increased injury deaths,2020,Nature Medicine,temperature,FULLTEXT_REVIEW,temperature,objective_or_verifiable,time_series,unclear,unclear,eligible,unclear_effect_extractability,medium,"Abstract reports a quantitative effect for all injury deaths combined, not a suicide-specific mental-health estimate. Suicide is named as a component, but no estimate or uncertainty for suicide alone is provided, so the eligible outcome effect is not extractable from the abstract.","Report suicide-specific effect estimate with uncertainty separately from other injury causes. | Confirm the spatio-temporal model adjusts for seasonality, long-term trends, and spatial confounding. | Verify suicide/intentional self-harm is classified separately from assault and unintentional injury deaths.",none_identified,deepseek-v4-pro,deepseek-v4-pro,5e639148-7e54-4ac5-bbe6-9b903d150e6c,1633,2214,3847,2026-09-16T17:39:37Z,strict-inc-v1.0
D0084682,Effects of Environmental and Socioeconomic Inequalities on Health Outcomes: A Multi-Region Time-Series Study,2022,International Journal of Environmental Research and Public Health,temperature,FULLTEXT_REVIEW,temperature,objective_or_verifiable,time_series,yes,unclear,eligible,unclear_effect_extractability,medium,"Time-series of objective meteorological data and administrative mental disorder outcomes is plausible, but abstract lacks mental-specific effect size/uncertainty; it reports only qualitative statement and numeric examples for cardiorespiratory outcomes.","Define mental disorder outcomes (ICD-10 codes) and confirm whether they include hospital admissions and/or deaths as psychiatric service use. | Report mental disorder-specific relative risk estimates with confidence intervals for extreme temperatures at lag 0. | Describe model adjustment for seasonality, long-term trends, and socioeconomic confounders. | Confirm exposure was measured objectively from meteorological data for each region. | Verify within-region daily temperature variation provides the temporal counterfactual.",none_identified,deepseek-v4-pro,deepseek-v4-pro,d8013c32-daf8-451c-b444-c3c7e5d2e7cf,1922,3132,5054,2026-09-16T17:39:49Z,strict-inc-v1.0
D0085488,"Impact of unseasonable flooding on women's food security and mental health in rural Sylhet, Bangladesh: a longitudinal observational study",2022,The Lancet Planetary Health,flood,FULLTEXT_REVIEW,flood,unclear,longitudinal_with_prebaseline,unclear,reported_with_uncertainty,eligible,unclear_exposure_measurement,medium,"Flood exposure was self-reported as greatly affected, while remote sensing was used to detect flood extent. Pre-flood depressive symptoms and ORs with p-values are reported, but objective exposure assignment and credible counterfactual need confirmation.",Verify whether flood exposure was assigned via remote sensing rather than self-reported affected status. | Confirm whether the affected/unaffected comparison uses a pre-flood depression baseline in a DiD or ANCOVA framework. | Check that the adjusted depression effect is flood-specific and not confounded by intervention or self-report.,potential_overlap,deepseek-v4-pro,deepseek-v4-pro,9db275bb-f3ef-4352-a0b3-2118e33b5d3c,1883,2903,4786,2026-09-16T17:39:46Z,strict-inc-v1.0
D0086622,Climate rather than economic variables might have caused increase in US homicide but not suicide rates during the Great Depression,2022,Psychiatry Research,temperature,FULLTEXT_REVIEW,temperature,objective_or_verifiable,time_series,unclear,unclear,eligible,unclear_effect_extractability,high,"Time-series of US 1900-1940 using objective climatic variables and suicide rates (eligible), but abstract reports climate effect only for homicide and no quantitative climate-suicide estimate or uncertainty, so full text must confirm extractable suicide effect.","Confirm time-series model includes suicide rate as outcome and climate variables as exposure with quantitative estimates and uncertainty. | Confirm extractable adjusted effect for climate-suicide association, not only homicide. | Verify climate exposure source is objective (e.g., temperature records) and not self-report. | Confirm temporal coverage and within-unit variation sufficient for causal time-series counterfactual.",unclear,deepseek-v4-pro,deepseek-v4-pro,a73a32f0-842f-439f-b35e-3e4119a97436,1664,2689,4353,2026-09-16T17:39:48Z,strict-inc-v1.0
D0089092,Religiosity and Social Support Predict Resilience in Older Adults After a Flood,2023,International journal of aging & human development,flood|cyclone,NARRATIVE_ONLY,flood,objective_or_verifiable,cross_sectional,no,not_extractable,eligible,cross_sectional,high,"Cross-sectional post-event comparison of three flood exposure groups; no pre-event baseline or credible counterfactual. Main aim is predicting resilience from religiosity/social support, and flood damage only reported as unrelated without a quantitative hazard effect.",,none_identified,deepseek-v4-pro,deepseek-v4-pro,037fbdae-e95f-41a6-89de-b97900ee7394,1576,2594,4170,2026-09-16T17:39:46Z,strict-inc-v1.0
D0089451,A CLOSER LOOK AT INDIRECT CAUSES OF DEATH AFTER HURRICANE MARIA USING A SEMIPARAMETRIC MODEL,2023,medRxiv,cyclone,FULLTEXT_REVIEW,cyclone,objective_or_verifiable,time_series,yes,unclear,eligible,unclear_effect_extractability,medium,"Objective Hurricane Maria exposure and suicide mortality are eligible, with a semiparametric time-series design adjusting for intra-annual variability and displacement. However, the abstract reports only 'no evidence' of excess suicide deaths without a suicide-specific quantitative effect or uncertainty, so extractability must be confirmed in full text.",Verify pre-hurricane baseline mortality and full time-series counterfactual specification | Extract suicide-specific excess mortality estimate with confidence intervals and displacement adjustment | Confirm suicide is estimated as a separate cause-specific outcome in the model | Check whether the preprint reports any overlapping or duplicate population data,none_identified,deepseek-v4-pro,deepseek-v4-pro,92842c71-e539-4023-b1f7-b880f763c4eb,1610,1838,3448,2026-09-16T17:39:40Z,strict-inc-v1.0
D0090450,The association between outdoor ambient temperature and depression and mania: an ecological momentary assessment study,2024,medRxiv,temperature,META_ELIGIBLE,temperature,objective_or_verifiable,longitudinal_with_prebaseline,yes,reported_with_uncertainty,eligible,eligible,high,"Longitudinal EMA with repeated depressive symptom measures and objective geolocation-based ambient temperature. Mixed-effects regression reports adjusted coefficient with 95% CI, using within-participant temporal variation in temperature. Depressive symptoms are an eligible mental-health outcome.",,none_identified,deepseek-v4-pro,deepseek-v4-pro,e4c0dda0-2e33-44a7-856f-456d9fa0ace7,1711,1341,3052,2026-09-16T17:39:37Z,strict-inc-v1.0
D0091220,Hurricane floods and quality of life among gynecological cancer patients in Puerto Rico: A retrospective cohort study,2024,Cancer Epidemiology Biomarkers and Prevention,cyclone|flood,NARRATIVE_ONLY,flood,self_report_only,post_event_only,no,reported_with_uncertainty,eligible,self_report_exposure_only,high,"Flood exposure is self-reported from a one-time retrospective interview; mental distress AORs compare post-hurricane exposed vs unexposed without baseline mental distress adjustment, so no credible causal counterfactual.",,none_identified,deepseek-v4-pro,deepseek-v4-pro,25458b77-c5c6-468b-8d1a-54eeb70f0883,1998,2494,4492,2026-09-16T17:39:50Z,strict-inc-v1.0
D0091748,The Association Between Outdoor Ambient Temperature and Depression and Mania: An Ecological Momentary Assessment Study,2024,BJPsych Open,temperature,META_ELIGIBLE,temperature,objective_or_verifiable,panel_fixed_effects,yes,reported_with_uncertainty,eligible,eligible,high,"EMA repeated-measures design with real-time geolocated ambient temperature and PHQ-8 depression scores; negative binomial mixed-effects models report IRRs and 95% CIs, satisfying objective exposure, temporal within-person variation, eligible outcome, and extractable effects.",,none_identified,deepseek-v4-pro,deepseek-v4-pro,fbc86f1f-8f7d-427c-bb8a-524c43a3b35e,1908,1661,3569,2026-09-16T17:39:45Z,strict-inc-v1.0
D0091891,"Immediate and delayed effects of environmental temperature on schizophrenia admissions in Liuzhou, China, 2013-2020: a time series analysis",2024,International journal of biometeorology,temperature,FULLTEXT_REVIEW,temperature,objective_or_verifiable,time_series,yes,likely_extractable,eligible,unclear_effect_extractability,medium,"Time-series DLNM of daily mean temperature and schizophrenia admissions; reports relative risks and lag effects but abstract lacks numeric effect estimates and uncertainty, so extractable quantitative hazard effect requires full text.","Reported relative risks and confidence intervals for temperature-schizophrenia admission associations. | Model adjustments for seasonality, long-term trends, and confounders. | Exposure source and temporal resolution of daily mean temperature. | Definition of schizophrenia admissions as psychiatric service use outcome.",none_identified,deepseek-v4-pro,deepseek-v4-pro,0e05e6e7-b056-4731-9ca0-9442b3506b7d,1719,2586,4305,2026-09-16T17:40:04Z,strict-inc-v1.0
D0091944,The impact of wildfires on mental health,2024,BMC Proceedings,wildfire,FULLTEXT_REVIEW,wildfire,objective_or_verifiable,panel_fixed_effects,yes,unclear,eligible,unclear_effect_extractability,medium,"Abstract reports panel fixed-effect estimates of wildfire-driven PM2.5 days on depression/anxiety probabilities, but gives point predictions without confidence intervals, standard errors, or exact p-values. Full text must confirm an extractable adjusted hazard effect with uncertainty.","Confirm two-way fixed effects are household and year with within-household variation in exposure. | Report standard errors/confidence intervals/p-values for PM2.5-day exposure effects. | Clarify whether depression/anxiety outcome is measured as binary household member self-report and its timing. | Verify wildfire-driven PM2.5 exposure is objectively measured from satellite data, not self-reported.",none_identified,deepseek-v4-pro,deepseek-v4-pro,1a65925a-75c0-42a5-ade7-40e0a2a27877,1954,3109,5063,2026-09-16T17:40:09Z,strict-inc-v1.0
D0093061,Association of short-term ambient environmental exposures with suicide and drug overdose deaths among U.S. veterans,2026,American journal of epidemiology,temperature,META_ELIGIBLE,temperature,objective_or_verifiable,case_crossover,yes,likely_extractable,eligible,eligible,high,"Case-crossover of U.S. veterans with objectively assigned ambient temperature at county of residence; conditional logistic regression reports an IQR increase in maximum temperature associated with 19% higher suicide mortality. Suicide is an eligible outcome, and the adjusted effect is explicitly extractable.",,none_identified,deepseek-v4-pro,deepseek-v4-pro,2756dd0e-f41a-4fc7-b04e-aa3fb4159a06,1679,4365,6044,2026-09-16T17:40:24Z,strict-inc-v1.0
D0093225,Extreme Heat and Mental Health Service Use Amongst Individuals with Pre-Existing Mental Health Conditions - A Time Series Population-Based Study,2026,SSRN,temperature,META_ELIGIBLE,temperature,objective_or_verifiable,time_series,yes,reported_with_uncertainty,eligible,eligible,high,"Time-series population-based study using daily 1km gridded temperature linked to >2m psychiatric admissions and community contacts. Conditional Poisson DLNM estimates extreme heat effect on mental health service use, reporting RR 1.06 (1.04-1.08) for admissions.",,none_identified,deepseek-v4-pro,deepseek-v4-pro,0f49843a-9b4e-4c27-930e-ce1f32fb9c73,1815,993,2808,2026-09-16T17:39:51Z,strict-inc-v1.0
D0093282,Investigating the Dynamic Coevolution of Coping Self-Efficacy and Posttraumatic Stress Symptoms after Hurricane Florence: An Empirical Test of Self-Regulation Shift Theory,2026,SSRN,cyclone,NARRATIVE_ONLY,cyclone,unclear,post_event_only,no,not_extractable,eligible,no_hazard_variation,high,"Analyzes coevolution of coping self-efficacy and PTSS among 81 Hurricane Florence survivors using six weeks EMA; no objective within-study hazard variation or counterfactual, and no hurricane effect estimate. Unsuitable for causal hazard meta-analysis.",,none_identified,deepseek-v4-pro,deepseek-v4-pro,bf9c37c8-0863-48ec-bff3-077532abe5a2,1731,1129,2860,2026-09-16T17:39:58Z,strict-inc-v1.0
D0093336,Mental Health Support Seeking Behaviour During Hot Weather: Daily Time-Series Regression Analysis of Almost 2 Million Calls Made to NHS Mental Health Hotlines in England,2026,SSRN,temperature,META_ELIGIBLE,temperature,objective_or_verifiable,time_series,yes,reported_with_uncertainty,eligible,eligible,high,"Daily time-series of 1,916,748 NHS mental health hotline calls linked to location-specific daily mean temperature using distributed lag non-linear models, controlling for trend, seasonality, and day-of-week. Reports relative risks with confidence intervals for temperature percentiles, satisfying an extractable quantitative hazard effect with temporal counterfactual.",,none_identified,deepseek-v4-pro,deepseek-v4-pro,26f97944-91af-466d-8139-63bb4195ccfa,1730,1144,2874,2026-09-16T17:39:58Z,strict-inc-v1.0
D0093420,"Long-term temperature exposure and depression incidence in the Nurses’ Health Study II, a U.S.-based prospective cohort",2026,Environment International,temperature,META_ELIGIBLE,temperature,objective_or_verifiable,longitudinal_with_prebaseline,yes,reported_with_uncertainty,eligible,eligible,medium,Prospective cohort with time-varying objectively modeled annual PRISM temperature linked to biennial addresses; incident clinician-diagnosed depression; adjusted Cox HR 1.06 per IQR (95% CI 1.02-1.08) reported.,,none_identified,deepseek-v4-pro,deepseek-v4-pro,22818dc4-d776-4735-9a2f-7a2a865e2b9f,1720,4619,6339,2026-09-16T17:40:38Z,strict-inc-v1.0
D0093501,Impact of Outdoor Environmental Exposome on Depressive Symptoms Among Children Aged 9–14 in China,2026,Environmental Science and Technology,temperature,FULLTEXT_REVIEW,multiple,objective_or_verifiable,longitudinal_with_prebaseline,unclear,unclear,eligible,unclear_effect_extractability,medium,"Longitudinal exposome-wide study with objectively assessed temperature among 20 exposures and depressive symptoms, but abstract reports no temperature-specific effect size or CI and does not clarify whether analysis uses within-unit temporal variation in temperature.",Verify whether temperature is analysed as a separate exposure with adjusted OR and 95% CI. | Confirm the analysis uses within-child temporal variation in temperature and depressive symptoms rather than pooled cross-sectional associations. | Check whether depressive symptoms were measured at both waves and temporally preceded by assigned temperature exposure. | Confirm the temperature association is adjusted for individual confounders and other environmental exposures.,none_identified,deepseek-v4-pro,deepseek-v4-pro,6175dd8e-0e99-4de4-81b8-43e87e90e05e,1708,4211,5919,2026-09-16T17:41:06Z,strict-inc-v1.0
D0093685,Differential Associations of Heat Metrics with Wellbeing across 13 Thai Provinces: The Role of Social Vulnerability in a Longitudinal Cohort of Older Adults,2026,medRxiv,temperature,META_ELIGIBLE,temperature,objective_or_verifiable,panel_fixed_effects,yes,reported_with_uncertainty,eligible,eligible,high,"Original longitudinal cohort linked to province-level meteorological data; uses within-province monthly heat variation in multilevel mixed-effects models to estimate effects on psychological distress and self-rated mental health, with β coefficients and 95% CIs reported.",,none_identified,deepseek-v4-pro,deepseek-v4-pro,7ab08fb6-075c-45b9-927e-c7caaf97f2f0,1759,979,2738,2026-09-16T17:39:57Z,strict-inc-v1.0
D0093999,Association between occupational heat exposure and mental health among informal workers in Tamil Nadu,2026,Indian Journal of Occupational and Environmental Medicine,temperature,NARRATIVE_ONLY,temperature,objective_or_verifiable,cross_sectional,no,not_extractable,eligible,cross_sectional,high,"Cross-sectional survey of 300 informal workers with WBGT-measured heat exposure and concurrent psychological distress. No temporal or quasi-experimental counterfactual; reported ORs are same-wave associations (e.g., HRI with distress), not a credible hazard effect on mental health.",,none_identified,deepseek-v4-pro,deepseek-v4-pro,f8a6d0c0-205d-4a16-937c-f709f831e176,1999,1223,3222,2026-09-16T17:40:00Z,strict-inc-v1.0
D0094363,Prenatal heat and air pollution exposure alter progesterone and child behavior: A longitudinal study,2025,Environmental Research,temperature,FULLTEXT_REVIEW,temperature,unclear,unclear,unclear,reported_with_uncertainty,unclear,unclear_exposure_measurement,medium,Prospective cohort reports beta/P for prenatal heat on child internalizing/externalizing. Abstract does not resolve whether heat used measured ambient temperature or only summer-month calendar proxy; outcome measure not confirmed as an eligible mental-health outcome; adjustment/identification strategy unclear.,"Verify heat exposure is objectively measured ambient temperature (e.g., station/gridded) rather than only summer-month calendar proxy. | Confirm the child behavior measure (internalizing/externalizing) includes depression/anxiety or another eligible mental-health outcome. | Assess adjustment/confounding and identification to estimate a credible heat effect separate from air pollution. | Confirm a heat-specific adjusted effect with uncertainty is extractable, not only interaction/moderation terms.",none_identified,deepseek-v4-pro,deepseek-v4-pro,41172ba1-4b94-42c9-89e2-d7f1b8145121,1710,3932,5642,2026-09-16T17:40:29Z,strict-inc-v1.0
D0094599,EXPANSE Urban Labs: a panel study to deepen understanding of healthy urban living environments,2025,SSRN,temperature,NARRATIVE_ONLY,temperature,self_report_only,longitudinal_with_prebaseline,unclear,likely_extractable,eligible,self_report_exposure_only,high,"The abstract clearly describes a time-varying association between perceived heat and depression. Exposure is self-reported perceived heat, not objectively measured temperature, so the study is unsuitable for the causal meta-analysis.",,none_identified,deepseek-v4-pro,deepseek-v4-pro,dce59202-d992-4965-81b1-888ff82a460a,1790,2310,4100,2026-09-16T17:40:11Z,strict-inc-v1.0
D0094613,Cumulative effects of severe childhood maltreatment and flood-related residential displacement on PTSD risk among pregnant women in southern Brazil,2025,SSRN,flood,NARRATIVE_ONLY,flood,unclear,cross_sectional,no,reported_with_uncertainty,eligible,cross_sectional,high,"Cross-sectional study of postpartum women after a 2024 flood; residential displacement vs not has no pre-event baseline or credible counterfactual. Although PTSD effects are quantified with uncertainty, design cannot support causal flood effect.",,none_identified,deepseek-v4-pro,deepseek-v4-pro,d6ceaeaa-aa3e-4dc5-b3fd-26562c25f1e6,1723,1789,3512,2026-09-16T17:40:09Z,strict-inc-v1.0
D0095370,Linking climate change to self-harm: A global study of over 200 countries from 1990 to 2020,2025,medRxiv,temperature,FULLTEXT_REVIEW,multiple,objective_or_verifiable,unclear,unclear,unclear,eligible,unclear_exposure_measurement,medium,"Abstract reports self-harm associations with 'climate change parameters' including greenhouse gas emission, temperature change, and PM2.5. It does not isolate objective ambient temperature as the registered hazard, nor report a hazard-specific quantitative effect with uncertainty or a clear counterfactual; full text must establish these.","Confirm ambient temperature is an objective, externally verifiable exposure and is modeled as a registered hazard, not only as part of composite climate/PM2.5 predictors. | Verify a hazard-specific effect estimate for a temperature measure with uncertainty (e.g., CI) is reported for self-harm. | Confirm within-country temporal variation is used with adequate confounding control and not merely cross-sectional/correlational GAM associations. | Check that outcome is measured as self-harm incidence rates and effect is extractable for meta-analysis.",none_identified,deepseek-v4-pro,deepseek-v4-pro,cb0fdcb1-599e-4838-a4ef-88b053566dec,1601,5682,7283,2026-09-16T17:40:49Z,strict-inc-v1.0
D0095528,Heat and Health Service Use: A Spatiotemporal Analysis,2025,medRxiv,temperature,FULLTEXT_REVIEW,temperature,objective_or_verifiable,panel_fixed_effects,yes,likely_extractable,eligible,unclear_effect_extractability,high,"Fixed-effects panel models use objectively measured weekly maximum temperature and heatwave events to estimate effects on mental health service use, a credible within-unit temporal design and eligible outcome. However, abstract reports only directional associations and no quantitative effect or uncertainty, so full text must confirm extractable adjusted estimates.","Full text must report quantitative hazard effect estimates and uncertainty for temperature/heatwave on mental health service use. | Full text must confirm mental health outcome is psychiatric service use (ED, inpatient) with defined case categories. | Full text must confirm fixed-effects panel model uses within-SA4 temporal variation and adjusts for time-varying confounders. | Full text must report separate acute and chronic heat exposure effect estimates for mental health outcomes.",none_identified,deepseek-v4-pro,deepseek-v4-pro,beb10289-fcb9-4240-a5a7-688a20a3e1c2,1715,1463,3178,2026-09-16T17:40:06Z,strict-inc-v1.0
D0095682,"Black Summer bushfires and psychological distress of young people: what mental health, economic, social, and community resources are risk and protective factors?",2025,medRxiv,wildfire,FULLTEXT_REVIEW,wildfire,unclear,unclear,unclear,unclear,eligible,unclear_effect_extractability,medium,"Prospective cohort of LSAC with K10 distress and bushfire exposure, but abstract reports only moderation results and no quantitative hazard effect with uncertainty; exposure measurement and counterfactual are unspecified.","Verify bushfire exposure was objectively or externally measured (e.g., geospatial fire data), not self-report. | Confirm pre-fire psychological distress (K10) was measured in earlier waves as a baseline. | Confirm a hazard-specific main effect of bushfire exposure on distress with uncertainty is reported. | Confirm analytic approach uses within-person temporal variation or a quasi-experimental counterfactual. | Check sample overlap and repeated-measures specification.",unclear,deepseek-v4-pro,deepseek-v4-pro,b39193bf-567f-4d8e-ab5c-c785dfd47940,1817,2659,4476,2026-09-16T17:40:24Z,strict-inc-v1.0
D0095693,Differential Associations of Daytime and Nighttime Heatwave Intensity with Hospitalizations for Mental and Neurological Disorders in California: Humid Nighttime Heatwaves as a Stronger Driver,2025,SSRN,temperature,META_ELIGIBLE,temperature,objective_or_verifiable,case_crossover,yes,reported_with_uncertainty,eligible,eligible,high,"Time-stratified case-crossover using gridMET temperature-based heatwave indices and California hospitalization records; reports 1.23% (95% CI 1.00-1.46%) increase in mental disorder hospitalizations per 1°C nighttime HWI, an eligible objective temperature exposure and psychiatric service use outcome.",,none_identified,deepseek-v4-pro,deepseek-v4-pro,875bb956-fd77-4189-8f53-4287853965b6,1961,896,2857,2026-09-16T17:40:05Z,strict-inc-v1.0
D0095700,Living through the heat: How urban children and young people experience and envision healthier cities,2025,medRxiv,temperature,NARRATIVE_ONLY,temperature,objective_or_verifiable,cross_sectional,no,not_extractable,eligible,cross_sectional,high,Abstract describes online surveys comparing heatwave and non-heatwave periods; no within-person pre-exposure baseline or panel/temporal design is reported. Logistic regression of self-reported symptoms cannot provide a credible causal counterfactual.,,none_identified,deepseek-v4-pro,deepseek-v4-pro,d0d7fe78-855f-4ee9-bbaa-132f9545f178,1725,3468,5193,2026-09-16T17:40:33Z,strict-inc-v1.0
D0096170,High Temperature and Mental Health in 3.3 Million Adults Living in Barcelona Metropolitan Area: A 12-Year Time Series Analysis of Primary Care Data,2025,SSRN,temperature,FULLTEXT_REVIEW,temperature,objective_or_verifiable,time_series,yes,likely_extractable,eligible,unclear_effect_extractability,high,"Time-series analysis of objective daily temperature and primary care anxiety/depression outcomes (diagnoses, prescriptions, sick leave). Abstract reports effect sizes but no confidence intervals or standard errors; full text must confirm uncertainty for meta-analysis.","Confirm confidence intervals or standard errors for temperature effects | Verify model adjustment for long-term trend, seasonality, day-of-week, holidays | Confirm the distributed lag non-linear model specification and lag period | Confirm exposure assignment (daily mean temperature from Meteocat) and spatial matching",none_identified,deepseek-v4-pro,deepseek-v4-pro,3e201792-b865-4604-ac6f-498297a9c2d6,1708,1629,3337,2026-09-16T17:40:14Z,strict-inc-v1.0
D0097011,"Association of Exposure to Humidex with Schizophrenia Admissions in Qingdao, China: A Time-Series Study",2025,Neuropsychiatric Disease and Treatment,temperature,META_ELIGIBLE,temperature,objective_or_verifiable,time_series,yes,reported_with_uncertainty,eligible,eligible,high,"Time-series DLNM of objectively measured humidex (temperature-humidity index) and schizophrenia admissions; reports RR with 95% CI and attributable fraction, satisfying eligible design and extractable effect.",,none_identified,deepseek-v4-pro,deepseek-v4-pro,43586ceb-bef1-4dc1-a0e3-4bfecb2b4e51,1686,1491,3177,2026-09-16T17:40:16Z,strict-inc-v1.0
D0097301,Cyclic time patterns of death from suicide in northern Finland,2004,Journal of Affective Disorders,temperature,FULLTEXT_REVIEW,temperature,objective_or_verifiable,time_series,yes,unclear,eligible,unclear_effect_extractability,medium,"Original time-series Poisson regression of suicides and local weather appears eligible, but abstract reports only 'no evidence' of meteorological effect without a quantitative hazard estimate or uncertainty; full text needed to confirm extractable adjusted temperature effect.","Does full text report an adjusted rate ratio/coefficient and CI/SE for temperature or weather exposure? | Are temperature/weather variables objectively measured and from local meteorological stations? | Does the Poisson time-series model control for long-term trend, seasonality, and autocorrelation? | Is the effect estimate based on daily suicide counts with population denominator?",none_identified,deepseek-v4-pro,deepseek-v4-pro,251f1ed3-5f37-4e2f-b7ef-bee0adb16ce6,1637,2771,4408,2026-09-16T17:40:35Z,strict-inc-v1.0
D0097311,Retrospective interrupted time-series evaluation of mental distress among transgender and gender diverse youth after Hurricane Ian (2022),2026,The Journal of LGBTQ+ Mental Health,cyclone,FULLTEXT_REVIEW,cyclone,objective_or_verifiable,time_series,yes,likely_extractable,eligible,unclear_effect_extractability,medium,"ARIMA interrupted time-series of Hurricane Ian with objective exposure and eligible mental health outcomes; reports percent change in text volume but no uncertainty or significance tests, so effect extractability is unresolved from abstract.","Verify percent-change estimates include confidence intervals, standard errors, or p-values. | Confirm ARIMA model specification and adjustment for seasonality/trend. | Confirm pre- and post-hurricane periods and handling of autocorrelation. | Check whether comparison states are truly unexposed and included in statistical inference.",none_identified,deepseek-v4-pro,deepseek-v4-pro,b6df5248-0d1f-4a4e-9349-ff5aed2891ee,1893,1419,3312,2026-09-16T17:40:20Z,strict-inc-v1.0
D0097341,Extreme temperatures: Gender differences in well-being,2025,Journal of Behavioral and Experimental Economics,temperature,FULLTEXT_REVIEW,temperature,objective_or_verifiable,unclear,unclear,unclear,eligible,unclear_effect_extractability,medium,"Plausible original study linking daily temperature to subjective well-being/affect, with objective temperature exposure and possible daily variation. Abstract lacks numeric hazard effect and uncertainty and does not explicitly state time/county fixed-effects counterfactual; requires full text to confirm extractability and design.","Confirm weather data source for daily temperatures and linkage to ATUS diary dates/counties. | Verify regression model includes time and county/individual fixed effects or otherwise credible temporal counterfactual. | Confirm outcome measures (fatigue, meaningfulness, well-being) are validated subjective wellbeing/affect items. | Extract quantitative hazard effect estimates and uncertainty for gender-specific temperature extremes.",none_identified,deepseek-v4-pro,deepseek-v4-pro,848fddc7-ddb6-4431-8b33-f0bc23ed434e,1518,3037,4555,2026-09-16T17:40:39Z,strict-inc-v1.0
D0097373,Katrina survivors relocated to Oklahoma: A tale of two cities,2008,Psychiatric Annals,cyclone,NARRATIVE_ONLY,cyclone,objective_or_verifiable,post_event_only,no,not_extractable,eligible,no_pre_event_baseline,high,"Single post-event assessment 17.3 months after Katrina; reports prevalence of PTSD/depression among relocated survivors, with no pre-event baseline or hazard-effect estimate. Descriptive post-event prevalence only.",,none_identified,deepseek-v4-pro,deepseek-v4-pro,a6f043d1-70aa-489f-8812-01eea9e9b149,1665,1304,2969,2026-09-16T17:40:23Z,strict-inc-v1.0
D0097466,Relative humidity and affective disorders,2002,International Journal of Psychiatry in Clinical Practice,temperature,EXCLUDE,unclear,objective_or_verifiable,time_series,unclear,unclear,eligible,wrong_exposure,high,"Main exposure is relative humidity, not a registered hazard; temperature is only a non-significant secondary parameter, so the study does not estimate an eligible hazard effect.",,none_identified,deepseek-v4-pro,deepseek-v4-pro,e1fc523c-2f59-440e-8e93-415163221c41,1605,1593,3198,2026-09-16T17:40:27Z,strict-inc-v1.0
D0097573,The impact of disaster on mental health: Prospective and retrospective analyses,1990,International Journal of Mental Health,flood,FULLTEXT_REVIEW,flood,unclear,unclear,unclear,unclear,eligible,multiple_issues,medium,"Title indicates prospective/retrospective analyses but abstract only reports exposed vs unexposed onset differences for depression, anxiety, PTSD; exposure measurement, pre-event baseline, analytic design, and quantitative effect estimates are unclear.","Verify whether flood exposure was objectively defined (e.g., residence in flooded area) or self-reported. | Verify availability of pre-flood mental health outcomes and whether within-person temporal variation was analyzed. | Verify analytic design and comparison group provide a credible counterfactual rather than a single post-event comparison. | Verify reported hazard-specific adjusted effect estimates with uncertainty (e.g., OR/RR and 95% CI).",none_identified,deepseek-v4-pro,deepseek-v4-pro,71234fc6-334c-4028-9a11-e3fecd4f7c11,1515,4811,6326,2026-09-16T17:41:01Z,strict-inc-v1.0
D0097635,Psychological distress of adolescents exposed to Hurricane Hugo,1994,Journal of Traumatic Stress,cyclone,NARRATIVE_ONLY,cyclone,self_report_only,cross_sectional,no,not_extractable,eligible,cross_sectional,high,"Single-wave survey one year post-Hugo; exposure and distress were self-reported concurrently, and dose-response association lacks any pre-event baseline or credible counterfactual.",,none_identified,deepseek-v4-pro,deepseek-v4-pro,445a17d9-005a-4b55-813f-6f62eccd7fb3,1562,1619,3181,2026-09-16T17:40:30Z,strict-inc-v1.0
D0097825,"Self‐efficacy mediates effects of exposure, loss of resources, and life stress on posttraumatic distress among trauma survivors",2009,Applied Psychology: Health and Well-Being,cyclone,NARRATIVE_ONLY,cyclone,unclear,post_event_only,no,not_extractable,eligible,no_pre_event_baseline,high,"Hurricane Katrina survivors were assessed for exposure/resource loss at 1 year and outcomes at 2 years post-disaster, with no pre-event baseline or unexposed comparator; abstract reports mediation effects and negligible direct exposure effects rather than a hazard-specific quantitative effect.",,none_identified,deepseek-v4-pro,deepseek-v4-pro,c645faab-dff0-4d6e-a049-4cab51e5f0eb,1687,2567,4254,2026-09-16T17:40:42Z,strict-inc-v1.0
D0097914,Emergency department visits for panic attacks and ambient temperature: A time‐stratified case‐crossover analysis,2020,Depression and Anxiety,temperature,META_ELIGIBLE,temperature,objective_or_verifiable,case_crossover,yes,reported_with_uncertainty,eligible,eligible,high,"Time-stratified case-crossover of ED visits for panic attacks in Seoul, using objective ambient temperature and conditional logistic regression; reports 2.2% (95% CI 0.7-3.8%) increase per 1°C. Panic attacks are an eligible anxiety outcome; design uses within-unit temporal exposure variation.",,none_identified,deepseek-v4-pro,deepseek-v4-pro,bd29a575-9bd1-480d-8964-7e95f21a9cc9,1656,828,2484,2026-09-16T17:40:29Z,strict-inc-v1.0
D0098057,Psychosocial correlates of fire disaster among children and adolescents,1994,Journal of Traumatic Stress,wildfire,NARRATIVE_ONLY,wildfire,objective_or_verifiable,post_event_only,no,not_extractable,eligible,no_pre_event_baseline,high,"Abstract describes a single post-event (6-week) comparison of wildfire victims vs matched non-victims with no pre-event outcome, so no credible counterfactual; only descriptive diagnostic frequencies are reported, not a quantitative hazard effect.",,none_identified,deepseek-v4-pro,deepseek-v4-pro,c01d3366-0329-4975-ad3f-8632989a324a,1569,1247,2816,2026-09-16T17:40:35Z,strict-inc-v1.0
D0098259,The effects of weather on depressive symptoms in patients after cardiac surgery,2023,"Psychology, Health & Medicine",temperature,FULLTEXT_REVIEW,temperature,objective_or_verifiable,panel_fixed_effects,unclear,unclear,eligible,unclear_effect_extractability,medium,"Prospective repeated-measures study links daily weather variables to SCL-90 depression/anxiety via mixed linear model. Objective exposure and eligible outcome are plausible, but the abstract gives no numeric adjusted effect sizes or uncertainty, so extractability is unresolved.",Verify weather variables are from objective meteorological sources linked by date and location. | Confirm mixed model includes repeated measures/panel structure and adjusts for seasonality or time trends. | Confirm adjusted coefficients with CIs/SEs or p-values are reported for temperature-mental health associations. | Confirm depression/anxiety outcomes are measured with validated SCL-90 subscales as continuous scores. | Confirm temperature-specific effect estimates are extractable separately from other weather variables.,unclear,deepseek-v4-pro,deepseek-v4-pro,a41ba6f9-e21f-4963-9f5f-16c21ac0ba34,1779,2361,4140,2026-09-16T17:40:50Z,strict-inc-v1.0
D0098379,Thinking clearly about climate change and mental health,2023,Australasian Psychiatry,temperature,FULLTEXT_REVIEW,temperature,objective_or_verifiable,unclear,unclear,unclear,eligible,unclear_effect_extractability,low,"Original aggregate US temperature-suicide analysis (1968-2004) with objective exposure and eligible outcome, but abstract reports only directional associations and does not specify time-series versus cross-sectional/ecological design, adjustment, or quantitative effect with uncertainty. Full text needed to confirm credible counterfactual and extractable estimates.","Was the analysis a within-unit time-series/panel or ecological cross-sectional comparison, and what exact regression model was used? | Did the model adjust for temporal trends, seasonality, and confounding; and what was the counterfactual? | Are numeric hazard effect estimates with standard errors or confidence intervals reported? | Is there a hazard-specific extractable effect for temperature on suicide, not just state-level average comparisons? | Does the article report the number of observations and level of aggregation for the 1968-2004 data?",none_identified,deepseek-v4-pro,deepseek-v4-pro,94d4c076-242b-4dcc-8823-5fce2e035652,1613,3428,5041,2026-09-16T17:41:02Z,strict-inc-v1.0
D0098419,No relevant impact of ambient temperature on disability measurements in a large cohort of patients with multiple sclerosis,2017,European Journal of Neurology,temperature,FULLTEXT_REVIEW,temperature,objective_or_verifiable,panel_fixed_effects,yes,unclear,eligible,unclear_effect_extractability,high,"Ambient temperature from historical weather data is objective; repeated clinical assessments include a depression QoL item; linear mixed models likely use within-person temporal variation. However abstract reports no coefficient or uncertainty for depression/mood, so effect is not extractable from abstract; full text required.",Report coefficient and 95% CI or SE for depression/mood item in temperature model | Confirm depression/mood item is a validated or standard mental health measure | Confirm linear mixed model includes patient-level random effects and adjusts for seasonality/time trends/confounders | Verify objective temperature matching resolution and exposure coding,none_identified,deepseek-v4-pro,deepseek-v4-pro,e9ad7881-aa58-40c4-a514-555d8824f008,1712,2556,4268,2026-09-16T17:40:55Z,strict-inc-v1.0
D0098516,Admission rates of bipolar depressed patients increase during spring/summer and correlate with maximal environmental temperature,2004,Bipolar Disorders,temperature,FULLTEXT_REVIEW,temperature,objective_or_verifiable,time_series,unclear,unclear,eligible,unclear_design,medium,"Abstract reports an 11-year time series of psychiatric admissions and meteorological temperature, with significant correlation but no effect size/uncertainty and no explicit adjustment for seasonality, trend, or autocorrelation; full text must verify a credible time-series model.","Verify temperature-admission association is modeled with time-series regression adjusting for seasonality, long-term trend, and autocorrelation. | Confirm whether a quantitative effect estimate (e.g., coefficient/IRR/RR) and uncertainty are reported for temperature. | Check that exposure is mean maximal monthly environmental temperature linked to admission dates/population. | Assess whether confounding by demographic, service, or secular factors was addressed. | Confirm outcome is psychiatric service use (admissions) for depression and effect is hazard-specific.",none_identified,deepseek-v4-pro,deepseek-v4-pro,d28b3635-c6d1-4682-9094-d9a1a3e4e3f2,1598,2929,4527,2026-09-16T17:41:00Z,strict-inc-v1.0
D0098756,The transformation of suicide fluctuation in Slovenia,2006,Archives of Suicide Research,temperature,FULLTEXT_REVIEW,temperature,objective_or_verifiable,time_series,unclear,unclear,eligible,unclear_effect_extractability,medium,"Abstract reports a significant correlation between suicide incidence and temperature but gives no coefficient, uncertainty, or details of the time-series model; full text needed to establish credible counterfactual and extractable effect.",Whether a formal time-series/regression model with controls for trend/seasonality was used rather than simple correlations. | Whether a numeric effect estimate and uncertainty for temperature-suicide association are reported. | Whether the temperature effect is estimated separately from sunny hours/adjusted for confounding. | Whether the null post-1994 result is based on a formal subgroup or interaction analysis.,none_identified,deepseek-v4-pro,deepseek-v4-pro,0aec7c80-073d-4c8c-99d6-989c88eebb21,1525,3989,5514,2026-09-16T17:41:10Z,strict-inc-v1.0
D0098759,"Temperature, health and wellbeing in Australia",2023,Journal of Behavioral and Experimental Economics,temperature,FULLTEXT_REVIEW,temperature,objective_or_verifiable,panel_fixed_effects,yes,unclear,eligible,unclear_effect_extractability,medium,"Uses 19-wave panel data with daily temperature and measures subjective wellbeing, an eligible outcome. However, the abstract states the temperature effect on subjective wellbeing is 'less robust' and reports no numeric estimate or uncertainty, so extractable quantitative effect must be confirmed in full text.",Does full text report a numeric coefficient and standard error or confidence interval for temperature on subjective wellbeing? | Does the panel model include individual fixed effects and time controls? | Is subjective wellbeing measured with a validated life satisfaction or wellbeing scale? | Are temperature effects on subjective wellbeing estimated separately from general health? | Is the analytic sample restricted to adult survey respondents with linked temperature data?,none_identified,deepseek-v4-pro,deepseek-v4-pro,4a169ed9-9021-418d-80bb-b5037fcff997,1546,1061,2607,2026-09-16T17:40:42Z,strict-inc-v1.0
D0098761,Climatic conditions and southern state hospital admission rates,1967,Journal of Clinical Psychology,temperature,NARRATIVE_ONLY,temperature,unclear,descriptive,no,not_extractable,eligible,descriptive_or_predictor_only,high,"Abstract reports monthly state hospital admission rates over 5 years and notes summer had the highest rate, but no measured hazard exposure, causal design, quantitative effect, or uncertainty is reported. This is a descriptive seasonal pattern without a hazard effect.",,none_identified,deepseek-v4-pro,deepseek-v4-pro,9efbe2a2-0323-4eab-ba7e-52e42fb0db7b,1486,1245,2731,2026-09-16T17:40:47Z,strict-inc-v1.0
D0098771,"Tendency and seasonality of suicide in Chihuahua, México. A retrospective analysis from 2008 to 2018",2021,Salud Mental,temperature,FULLTEXT_REVIEW,temperature,objective_or_verifiable,time_series,unclear,unclear,eligible,unclear_effect_extractability,medium,"Original time-series Poisson study uses objective environmental temperature to predict suicide counts; abstract reports a point estimate (1,028 suicides per 1°C) but no uncertainty and does not detail adjustment for trend/seasonality/confounding. Full text must confirm adjusted hazard effect extractability.","Verify the Poisson model adjusts for long-term trend, seasonality, and relevant confounders; report exact covariates. | Confirm temperature coefficient is an adjusted hazard effect and report standard error or 95% CI. | Confirm environmental temperature is objectively measured and temporally matched to suicide counts. | Clarify the effect scale and whether the 1,028 suicides per 1°C estimate is correctly reported.",none_identified,deepseek-v4-pro,deepseek-v4-pro,bc8254e2-541e-489f-916f-3468cdbcbf66,1744,2994,4738,2026-09-16T17:41:07Z,strict-inc-v1.0
D0098774,Influence of method on seasonal distribution of attempted suicides in Italy,2000,Neuropsychobiology,temperature,NARRATIVE_ONLY,temperature,objective_or_verifiable,descriptive,no,not_extractable,eligible,descriptive_or_predictor_only,high,"Abstract reports a descriptive seasonal distribution/spectral analysis of attempted suicides and correlations with temperature indicators, not a hazard-specific effect estimate with uncertainty; no explicit causal counterfactual or adjusted temperature effect.",,none_identified,deepseek-v4-pro,deepseek-v4-pro,12bc8f7f-c221-4cb3-a8fd-7b96f6979bc1,1651,2342,3993,2026-09-16T17:41:01Z,strict-inc-v1.0
D0098816,Daily weather only has small effects on wellbeing in the US,2020,Journal of Economic Behavior & Organization,temperature,FULLTEXT_REVIEW,temperature,objective_or_verifiable,time_series,unclear,unclear,eligible,unclear_effect_extractability,medium,Quantitative daily Gallup well-being data linked to temperature; subjective well-being is eligible. Abstract reports a small effect (0.3% income per 2°C) but no uncertainty and says non-robust to endogenous controls; design/counterfactual not explicitly stated.,"Verify daily temperature comes from objective weather/Agricultural Analytics records and is matched by date/location. | Confirm regression estimates use within-unit temporal weather variation (e.g., area/date fixed effects) rather than cross-sectional differences. | Confirm subjective wellbeing/positive emotions are measured with validated items and effect is temperature-specific. | Verify adjusted effect size and standard errors/confidence intervals are reported.",none_identified,deepseek-v4-pro,deepseek-v4-pro,b250bec4-1069-4869-b2e3-2a1f02a6730f,1551,3648,5199,2026-09-16T17:41:18Z,strict-inc-v1.0
D0098981,Association between daily environmental temperature and suicide mortality in Korea (2001–2005),2011,Psychiatry Research,temperature,META_ELIGIBLE,temperature,objective_or_verifiable,time_series,yes,reported_with_uncertainty,eligible,eligible,high,Daily time-series study using objective temperature and suicide mortality in Korea with a generalized additive model adjusting for trends and confounders; reports 1.4% increase per 1°C (95% CI 1.0–1.7%).,,none_identified,deepseek-v4-pro,deepseek-v4-pro,7c4dda83-2eed-4fe1-a176-b6719f67f6f1,1634,520,2154,2026-09-16T17:40:45Z,strict-inc-v1.0
D0098991,Seasonality and climatic associations with violent and nonviolent suicide: A population-based study,2008,Neuropsychobiology,temperature,FULLTEXT_REVIEW,temperature,objective_or_verifiable,time_series,yes,unclear,eligible,unclear_effect_extractability,medium,"Population-based SARIMA time-series with objective meteorological exposures including ambient temperature. Abstract states increasing ambient temperature predicted increasing violent suicide rates, but reports no quantitative effect size or uncertainty, so extractability cannot be confirmed from abstract.",Verify ambient temperature coefficient or rate ratio and confidence interval or standard error for violent suicide. | Confirm SARIMA model adjusts for seasonality and autocorrelation and isolates temperature effect from other weather variables. | Confirm exposure temporal resolution and suicide count construction for the temperature effect.,none_identified,deepseek-v4-pro,deepseek-v4-pro,c10b8d69-840c-4e1b-a9f5-7ee28e18c415,1649,1544,3193,2026-09-16T17:40:59Z,strict-inc-v1.0
D0099074,"Global warming possibly linked to an enhanced risk of suicide: Data from Italy, 1974-2003",2007,Journal of Affective Disorders,temperature,FULLTEXT_REVIEW,temperature,objective_or_verifiable,time_series,unclear,unclear,eligible,unclear_effect_extractability,medium,"Monthly temperature-suicide time-series over 30 years is plausible, but abstract reports only correlation/filter associations without quantitative effect sizes or uncertainty, so extractability and causal adjustment are unclear.","Report quantitative temperature-suicide coefficients or correlation coefficients with confidence intervals/standard errors | Specify adjustment for seasonality, long-term trends, and autocorrelation in monthly suicide and temperature series | Clarify exposure definition (temperature anomalies vs absolute monthly averages) and lag/seasonal windows | Confirm whether effect is hazard-specific for males/females and adjusted for confounders rather than raw correlations",none_identified,deepseek-v4-pro,deepseek-v4-pro,e853c37d-1781-4a84-90a4-715c59fa90ea,1685,1341,3026,2026-09-16T17:40:57Z,strict-inc-v1.0
D0099075,Seasonal admission rates in Texas mental hospitals,1968,Journal of Clinical Psychology,temperature,NARRATIVE_ONLY,temperature,objective_or_verifiable,descriptive,no,not_extractable,eligible,descriptive_or_predictor_only,high,"Abstract only describes seasonal admission patterns (increase in warm weather, decrease in cold) without a quantitative hazard effect, uncertainty, or credible counterfactual, so unsuitable for causal meta-analysis.",,none_identified,deepseek-v4-pro,deepseek-v4-pro,00b093b6-c131-4c48-bfff-34a4371355a0,1444,1888,3332,2026-09-16T17:41:07Z,strict-inc-v1.0
D0099159,"Synchronized annual rhythms in violent suicide rate, ambient temperature and the light-dark span",1994,Acta Psychiatrica Scandinavica,temperature,FULLTEXT_REVIEW,temperature,objective_or_verifiable,time_series,unclear,likely_extractable,eligible,unclear_effect_extractability,medium,"Belgium 1979-1987 suicide rates and ambient temperature suggest a time-series design, but abstract reports significant positive associations without numeric effect estimates or uncertainty. Full text needed to confirm extractable adjusted effect sizes and time-series counterfactual.","Verify reported numeric effect estimates and confidence intervals for violent suicide rate per temperature change. | Confirm time-series or regression model with temporal temperature variation and adjustment for seasonality/trends. | Check whether temperature or temperature change is the primary exposure and not confounded by sunlight/humidity. | Confirm violent suicide, not nonviolent suicide or homicide, is analyzed separately.",none_identified,deepseek-v4-pro,deepseek-v4-pro,1f6f44a7-b3e1-441c-abe8-ac2975f7b75a,1538,1426,2964,2026-09-16T17:41:03Z,strict-inc-v1.0
D0099192,"Suicide and meteorological factors in Huhhot, Inner Mongolia",1997,Crisis: The Journal of Crisis Intervention and Suicide Prevention,temperature,FULLTEXT_REVIEW,temperature,objective_or_verifiable,unclear,unclear,unclear,eligible,unclear_effect_extractability,medium,"Abstract reports higher suicide rates on extreme temperature days but gives no effect size, uncertainty, or model details; full text needed to confirm hazard-specific estimate and temporal counterfactual.","Whether daily temperature and pressure exposure came from objective meteorological records. | Whether suicide rates on extreme-temperature days are compared to non-extreme days within the same month. | Whether adjusted temperature-specific effect estimates with uncertainty (e.g., rate ratio, 95% CI) are reported. | Whether confounding by season, day-of-week, and long-term trends is addressed.",none_identified,deepseek-v4-pro,deepseek-v4-pro,429c0513-1bfb-4651-8a57-09c03a35fcb9,1453,1704,3157,2026-09-16T17:41:06Z,strict-inc-v1.0
D0099205,Higher environmental temperature and global radiation are correlated with increasing suicidality—A localized data analysis,2011,Chronobiology International,temperature,FULLTEXT_REVIEW,temperature,objective_or_verifiable,unclear,unclear,likely_extractable,eligible,unclear_design,medium,"Abstract reports an original human study using regional meteorological temperature and suicide/suicidality outcomes, with risk estimation for day of and day before suicide acts. However, it does not specify the analytic design, temporal counterfactual, adjustment, or whether hazard-specific effect estimates with uncertainty are reported. Full text must confirm causal design and extractable temperature effect.","Confirm study design (e.g., case-crossover, time-series) using within-unit temporal temperature variation. | Verify reported effect estimates and uncertainty for air temperature on suicide/suicidality separately from solar radiation. | Check adjustment for temporal confounders such as seasonality, day of week, and holidays. | Confirm exposure assignment uses regional meteorological data matched to event date/location. | Determine whether outcome includes suicide deaths, suicide attempts, or combined suicidality and its measurement.",none_identified,deepseek-v4-pro,deepseek-v4-pro,2bc4ca16-d6cf-4e7b-9e8d-ea1cfce60ff0,1611,1660,3271,2026-09-16T17:41:09Z,strict-inc-v1.0
D0099248,The effect of seasonal changes and climatic factors on suicide attempts of young people,2017,BMC Psychiatry,temperature,FULLTEXT_REVIEW,temperature,objective_or_verifiable,time_series,unclear,likely_extractable,eligible,unclear_effect_extractability,medium,"Abstract reports an association between objectively measured temperature and youth suicide attempts with seasonality removed, but no quantitative effect size or uncertainty given. Full text needed to confirm time-series model and extractable adjusted estimate.","Confirm daily/weekly time-series or case-crossover model with temporal exposure variation | Report coefficient, CI/SE for temperature-suicide attempt association by sex | Confirm objectively measured local meteorological data linked by date | Report exact outcome definition and case inclusion/denominator | Verify seasonality adjustment method and whether confounding by long-term trends is addressed",none_identified,deepseek-v4-pro,deepseek-v4-pro,9ac247af-eb9e-498c-9953-b754d244b2c4,1631,1499,3130,2026-09-16T17:41:11Z,strict-inc-v1.0
D0099265,The effects of temperature on dynamics of psychiatric outpatients,2020,Frontiers in Psychiatry,temperature,FULLTEXT_REVIEW,temperature,objective_or_verifiable,time_series,unclear,unclear,eligible,unclear_effect_extractability,medium,"Abstract states objective weather data and psychiatric outpatient counts over 2014-2019, suggesting a time-series analysis. However it reports only directional prediction and no hazard-specific coefficient with uncertainty, so effect extractability must be confirmed in full text.","Confirm model controls for long-term trend and seasonality to isolate temperature effect. | Report temperature coefficient(s) with standard error or confidence interval. | Specify temporal unit and lag structure of exposure. | Confirm psychiatric outpatient count is the mental health outcome. | Report adjusted effect size and uncertainty, not only predictive accuracy.",none_identified,deepseek-v4-pro,deepseek-v4-pro,36f0fc36-7278-4c0e-a9ad-53f50d9dce0f,1547,1630,3177,2026-09-16T17:41:14Z,strict-inc-v1.0
D0099299,Suicide rates and the association with climate: A population-based study,2006,Journal of Affective Disorders,temperature,FULLTEXT_REVIEW,temperature,objective_or_verifiable,time_series,yes,unclear,eligible,unclear_effect_extractability,high,"Nationwide time-series ARIMA of Taiwan 1997-2003 links ambient temperature to suicide, but abstract reports only direction of association without quantitative effect size or uncertainty, so full text is needed to confirm extractable adjusted estimate.","Verify ambient temperature data source and exposure definition. | Extract ARIMA coefficient/effect estimate with standard error, confidence interval, or p-value. | Confirm suicide mortality outcome definition and adjustment for trend and seasonality.",unclear,deepseek-v4-pro,deepseek-v4-pro,aabd3790-c9eb-40c4-8028-77295c2883c7,1614,2979,4593,2026-09-16T17:41:29Z,strict-inc-v1.0
D0099412,Individual and community reactions to the Kentucky floods: Findings from a longitudinal study of older adults,1994,Individual and community responses to trauma and disaster:  The structure of human chaos,flood,FULLTEXT_REVIEW,flood,unclear,unclear,unclear,unclear,unclear,unclear_effect_extractability,medium,"Abstract describes a prospective longitudinal study of flood impacts on mental/physical functioning but reports no effect estimates, exposure assignment, baseline timing, or named mental-health measure; full text needed.","Confirm objective flood exposure assignment (e.g., residence in inundated area) rather than self-report. | Verify timing of baseline assessment precedes 1981 flood and same individuals followed through 1984 flood. | Identify specific validated mental-health outcome measures (e.g., depression, anxiety, distress) and whether outcomes are reported. | Confirm extractable adjusted flood effect estimates with uncertainty are reported. | Confirm whether tornado/wind effects are separated from flood effects.",none_identified,deepseek-v4-pro,deepseek-v4-pro,1be77270-fbaa-43be-a7ed-dfb203fa5790,1658,2864,4522,2026-09-16T17:41:32Z,strict-inc-v1.0
D0099429,Temperature change dominates the suicidal seasonality in Taiwan: A time-series analysis,2012,Journal of Affective Disorders,temperature,META_ELIGIBLE,temperature,objective_or_verifiable,time_series,yes,reported_with_uncertainty,eligible,eligible,high,Time-series analysis of monthly suicide death rates in Taiwan using ARIMA/SARIMA with objectively measured monthly temperature increase as exposure; reports quantitative effects with p-values for an eligible mental-health outcome.,,none_identified,deepseek-v4-pro,deepseek-v4-pro,94c7717b-6e59-44f8-ad10-c15e7189880f,1721,1154,2875,2026-09-16T17:41:14Z,strict-inc-v1.0
D0099568,Temperature and admission rates to Pennsylvania State Mental Hospitals,1969,Journal of Clinical Psychology,temperature,FULLTEXT_REVIEW,temperature,objective_or_verifiable,time_series,unclear,unclear,eligible,unclear_effect_extractability,medium,"Abstract reports a statistically significant relationship between monthly temperature and mental hospital admission rates but gives no effect size, coefficient, or uncertainty; it does not state whether seasonal trends or other confounders were controlled. Full text must establish model, adjustment, and extractable effect.","Whether the analysis was a time-series regression or simple correlation and whether it adjusted for seasonality, long-term trends, and socioeconomic/cultural confounders. | Whether an effect size (e.g., correlation coefficient or regression coefficient) and its uncertainty/CI/SE are reported, not only p<.01. | Whether monthly temperature variation is used as a continuous exposure within a single population over time with a defined counterfactual. | Whether psychiatric admission rates are measured as the eligible mental-health outcome (psychiatric service use). | Whether effect estimate is extractable for meta-analysis.",none_identified,deepseek-v4-pro,deepseek-v4-pro,32606a93-064b-449a-8a41-83e0634df308,1482,2266,3748,2026-09-16T17:41:25Z,strict-inc-v1.0
D0099657,"Suicide and meteorological factors in São Paulo, Brazil, 1996-2011: A time series analysis",2017,Revista Brasileira de Psiquiatria,temperature,META_ELIGIBLE,temperature,objective_or_verifiable,time_series,yes,reported_with_uncertainty,eligible,eligible,high,"Time-series analysis of weekly meteorological data and suicides in São Paulo, 1996-2011; objective temperature exposure, eligible suicide outcome, distributed lag GAM with long-term trend control, and quantitative hazard effect reported with 95% CI.",,none_identified,deepseek-v4-pro,deepseek-v4-pro,bcce823b-1b4a-4700-ac00-0e86ebacdf6d,1686,538,2224,2026-09-16T17:41:08Z,strict-inc-v1.0
D0099833,The impact of weather on a Canadian post-secondary walk-in counseling program,2021,Journal of College Student Psychotherapy,temperature,FULLTEXT_REVIEW,temperature,objective_or_verifiable,time_series,unclear,unclear,eligible,unclear_effect_extractability,medium,"Plausible temporal study of counseling attendance and objectively measured weather (temperature, precipitation, daylight). Outcome is psychiatric service use and exposure variation is temporal. Abstract reports only null statistical relation without coefficients/uncertainty and does not specify model or confounders, so full text needed to verify extractable temperature effect.","Verify weather exposure source and temporal resolution (daily/weekly) and linkage to attendance counts. | Confirm counseling attendance is a mental-health service use outcome and not general health service use. | Identify statistical model and adjustment for confounders such as day of week, holidays, academic calendar, seasonality. | Report temperature effect size with uncertainty (e.g., coefficient, IRR, CI) and model fit. | Clarify whether analysis includes other weather variables or only temperature and whether null result is based on adjusted models.",none_identified,deepseek-v4-pro,deepseek-v4-pro,b130d6d3-d375-4985-8180-ff8ec3942050,1575,4490,6065,2026-09-16T17:41:50Z,strict-inc-v1.0
D0099894,Symptoms of chronic stress following a natural disaster and discovery of a human-made hazard,1992,Environment and Behavior,flood,NARRATIVE_ONLY,flood,unclear,post_event_only,no,not_extractable,eligible,no_pre_event_baseline,high,"Single-wave post-event comparison of 23 flood victims versus 27 controls 9 months after flood, with no pre-event baseline or credible counterfactual; flood victims reported less distress but no causal hazard-effect estimate.",,none_identified,deepseek-v4-pro,deepseek-v4-pro,a980129d-d7ee-4284-8940-df03dd58670b,1565,1906,3471,2026-09-16T17:41:26Z,strict-inc-v1.0
D0100058,The effects of weather on daily mood: A multilevel approach,2008,Emotion,temperature,FULLTEXT_REVIEW,temperature,objective_or_verifiable,panel_fixed_effects,yes,unclear,eligible,unclear_effect_extractability,medium,"Online daily diary linked to weather station data provides objective temperature exposure and repeated within-person affect measures. However, the abstract reports only qualitative main effects and small average effect size, without a numeric temperature coefficient or uncertainty, so extractable adjusted effects must be confirmed in full text.","Reported numeric coefficient and confidence/standard error for temperature effect on negative affect or another eligible mood outcome. | Confirmation of within-person temporal identification, such as person fixed effects or equivalent multilevel specification. | Temporal alignment and lag specification between daily weather station values and diary mood entries. | Outcome scale identity and psychometric validity for positive/negative affect.",none_identified,deepseek-v4-pro,deepseek-v4-pro,477be39e-82d0-47f4-9285-234c4a85d061,1583,1868,3451,2026-09-16T17:41:28Z,strict-inc-v1.0
D0100088,"Non-economic factors in violence: Evidence from organized crime, suicides and climate in Mexico",2019,Journal of Economic Behavior & Organization,temperature,FULLTEXT_REVIEW,temperature,unclear,unclear,unclear,unclear,eligible,unclear_effect_extractability,medium,Abstract indicates a quantitative temperature relationship with suicides in Mexico but reports no suicide-specific effect size or uncertainty and does not specify exposure source or design.,Verify suicide is measured as an outcome and how it is classified. | Verify objective temperature exposure source and temporal/spatial linkage. | Verify design uses within-area temporal variation with fixed effects or time-series identification. | Confirm temperature-suicide effect estimates with standard errors/confidence intervals are reported. | Check confounding adjustments and whether a pre-exposure baseline exists.,none_identified,deepseek-v4-pro,deepseek-v4-pro,c12c173c-2863-4a93-9bb8-ea99573425ad,1592,1674,3266,2026-09-16T17:41:26Z,strict-inc-v1.0
D0100180,Immune function and affective states following a natural disaster,2002,Psychological Reports,cyclone,NARRATIVE_ONLY,cyclone,objective_or_verifiable,post_event_only,no,not_extractable,eligible,no_pre_event_baseline,high,"Post-event only: 105 participants after Hurricane Andrew; negative affect compared between storm-damaged and less damaged neighborhoods. Damage-severity association without pre-event baseline or credible counterfactual; regression is for salivary IgA, not mental health. Not eligible for causal meta-analysis.",,none_identified,deepseek-v4-pro,deepseek-v4-pro,a4cd1403-c965-4a17-ba6a-c5a8182faf46,1504,3552,5056,2026-09-16T17:41:41Z,strict-inc-v1.0
D0100655,Environmental factors and admission rates in patients with major psychiatric disorders,1994,Chronobiology International,temperature,NARRATIVE_ONLY,temperature,objective_or_verifiable,descriptive,no,not_extractable,eligible,descriptive_or_predictor_only,high,"Monthly correlations between admission rates and environmental factors (temperature, humidity, etc.) are descriptive; only a photoperiod association is reported, no temperature-specific effect or uncertainty. Bivariate ecological correlations lack a credible counterfactual for causal meta-analysis.",,none_identified,deepseek-v4-pro,deepseek-v4-pro,4f248291-6754-4da6-a7c2-8e46ffd02e65,1515,3308,4823,2026-09-16T17:41:44Z,strict-inc-v1.0
D0102198,Influence of attitude and expectation on moods and symptoms during cold weather military training.,1989,"Aviation, space, and environmental medicine",temperature,FULLTEXT_REVIEW,temperature,objective_or_verifiable,unclear,unclear,unclear,eligible,unclear_design,medium,"Abstract reports 3-day cold-weather training with ambient temperature (-18 to 0 C) and POMS mood outcomes, but does not confirm within-soldier temporal exposure variation, separation of temperature from day/training effects, or a temperature effect estimate with uncertainty; only states temperature had no significant influence.",Confirm ambient temperature was objectively measured at daily/person level and varied within soldiers across repeated mood observations. | Confirm analytic design uses within-soldier temporal variation or panel/time-series structure and distinguishes temperature from day into training. | Report temperature-specific coefficients and confidence intervals/SE for POMS mood domains. | Clarify whether POMS mood domains align with eligible mental health/affect outcomes.,unclear,deepseek-v4-pro,deepseek-v4-pro,dbbfc978-2ba0-4300-9f84-ba63139e3000,1610,4225,5835,2026-09-16T17:41:56Z,strict-inc-v1.0
D0102199,Influence of attitude and expectation on moods and symptoms during cold weather military training,1989,Aviation Space and Environmental Medicine,temperature,FULLTEXT_REVIEW,temperature,objective_or_verifiable,unclear,unclear,unclear,eligible,unclear_design,medium,"Abstract reports 59 soldiers, objective ambient temperature, and POMS mood outcomes with a null temperature effect over 3 cold days. However, it does not specify within-unit repeated-measures design or report a numeric hazard effect/uncertainty, so full text is needed to verify credible temporal counterfactual and extractable adjusted estimate.","Whether mood and symptom outcomes were collected daily per soldier over the 3 training days and analyzed as repeated measures/within-unit temporal variation. | Whether ambient temperature was measured objectively and varied across analysis units/days. | The adjusted coefficient, standard error/confidence interval, and p-value for ambient temperature on eligible POMS mood domains. | Whether the model controlled for day into training and within-person repeated observations; if not, design may be cross-sectional. | Clarify whether outcome total mood disturbance/depression/tension is treated as an eligible mental health outcome.",none_identified,deepseek-v4-pro,deepseek-v4-pro,29d4e1ef-bb4b-4462-b704-ae5bd22a80ba,1609,4726,6335,2026-09-16T17:42:04Z,strict-inc-v1.0
D0102200,Influence of attitude and expectation on moods and symptoms during cold weather military training,1989,"Aviation, Space, and Environmental Medicine",temperature,FULLTEXT_REVIEW,temperature,objective_or_verifiable,unclear,unclear,unclear,eligible,unclear_effect_extractability,medium,"Abstract says air temperature was included as a predictor but reports only expectation and life-stress associations, not a temperature-specific mood/illness effect estimate or uncertainty. Full text needed to establish hazard effect extraction.",Reported effect estimate and uncertainty for air temperature on mood/psychological outcome. | Whether temperature exposure was objectively measured and varied within subjects across the 3 days. | Analytic model accounts for repeated measures and temporal confounders.,none_identified,deepseek-v4-pro,deepseek-v4-pro,4d950dd9-191a-4045-9881-415d61ef2b5d,1598,2155,3753,2026-09-16T17:41:35Z,strict-inc-v1.0
D0103128,Psychiatric admissions and climatic factors in the coastal regions of Israel,1973,Israel Annals of Psychiatry and Related Disciplines,temperature,FULLTEXT_REVIEW,temperature,objective_or_verifiable,time_series,unclear,unclear,eligible,unclear_design,medium,"Monthly psychiatric admissions and objectively measured meteorological variables over 1961-1970 suggest a time-series design, but the abstract calls the analysis crude with uncontrolled variables, reports only significant correlations without coefficients/uncertainty, and does not describe seasonal adjustment or a credible counterfactual. Full text must establish a hazard-specific adjusted effect.","Verify whether analyses adjust for seasonality, long-term trends, and autocorrelation. | Confirm whether a temperature-specific effect size with confidence interval/standard error is reported. | Check whether the design is a formal time-series/quasi-experimental analysis rather than simple ecological correlations. | Confirm whether psychiatric admissions data are complete and population-level over the period.",none_identified,deepseek-v4-pro,deepseek-v4-pro,55935208-bb4f-4317-ae6b-de863c55ce3b,1599,3902,5501,2026-09-16T17:41:56Z,strict-inc-v1.0
D0103129,Psychiatric admissions and climatic factors in the coastal regions of Israel,1973,Israel Annals of Psychiatry and Related Disciplines,temperature,FULLTEXT_REVIEW,temperature,objective_or_verifiable,time_series,unclear,unclear,eligible,unclear_effect_extractability,medium,"Abstract reports monthly psychiatric admissions compared with meteorological factors over 10 years and significant correlations with heat/radiation/temperature, but no numeric effect size or uncertainty and no adjustment for seasonality/trend; full text needed to confirm extractable time-series estimates.","Verify numeric correlation/regression coefficients with standard errors or confidence intervals for temperature/heat load and admissions. | Verify whether analyses adjust for seasonality, long-term trend, and autocorrelation. | Verify objective monthly meteorological exposure linkage to admission counts. | Confirm outcome is complete psychiatric admission counts and hazard-specific estimates are reported.",none_identified,deepseek-v4-pro,deepseek-v4-pro,7a19bf11-1ebc-409a-a79e-c07ded77cfff,1599,2928,4527,2026-09-16T17:41:45Z,strict-inc-v1.0
D0103130,Psychiatric admissions and climatic factors in the coastal regions of Israel,1973,Israel Annals of Psychiatry & Related Disciplines,temperature,FULLTEXT_REVIEW,temperature,objective_or_verifiable,time_series,unclear,unclear,eligible,unclear_effect_extractability,medium,"Objective meteorological exposure and psychiatric admissions are eligible, but abstract reports only seasonal peaks and p<.05 correlations without magnitudes or adjusted estimates; full text must confirm time-series analysis and extractable effect.","Verify whether time-series regression adjusted for seasonality/autocorrelation and other meteorological variables. | Confirm quantitative effect size and uncertainty (e.g., coefficient, SE/CI) for temperature or heat load on psychiatric admissions. | Ensure exposure was objective weather-station data and outcome definition supports psychiatric service use.",none_identified,deepseek-v4-pro,deepseek-v4-pro,e18dbb89-bf74-4902-8456-3d06b1344b2a,1529,1415,2944,2026-09-16T17:41:33Z,strict-inc-v1.0
D0103683,Health of a team competing in the 1990 World Solar Car Challenge.,1992,Journal of the Royal Society of Medicine,temperature,FULLTEXT_REVIEW,temperature,objective_or_verifiable,time_series,unclear,unclear,eligible,unclear_effect_extractability,medium,"Repeated daily NHP measures over 10 race days with ambient maximum/minimum temperature suggest a time-series/repeated-measures design with an eligible emotional-reactions outcome, but the abstract reports only 'significant correlations' without numeric coefficients or adjusted effect estimates; full text needed to confirm extractable hazard effect and credible temporal counterfactual.",Report correlation coefficients and p-values for maximum temperature and emotional reaction scores. | Analytic method for repeated daily measures and handling of correlated data/confounders. | Exposure source and measurement of minimum/maximum temperatures (objective weather data). | Sample size and number of daily observations per team member. | Whether reported associations are adjusted or simple unadjusted correlations.,none_identified,deepseek-v4-pro,deepseek-v4-pro,b92b4bbc-1c71-4d62-97ab-9e2827879a53,1622,7526,9148,2026-09-16T17:42:44Z,strict-inc-v1.0
D0104530,[Psychological and physical health of the July 1996 disaster victims: A comparative study between victims and non-victims.].,2000,Sante mentale au Quebec,flood,NARRATIVE_ONLY,flood,unclear,post_event_only,no,not_extractable,eligible,no_pre_event_baseline,high,"The abstract compares flood victims and non-victims only two years after the flood, measuring depression, anxiety, PTSD and wellbeing; this exposed/unexposed single post-event comparison has no pre-event outcome or credible counterfactual.",,none_identified,deepseek-v4-pro,deepseek-v4-pro,3ecc97a9-bd3e-4ff1-8128-124a93dcfebf,1611,1277,2888,2026-09-16T17:41:40Z,strict-inc-v1.0
D0104577,[Post-traumatic stress disorder. After the flood in Saguenay].,2000,Canadian family physician Medecin de famille canadien,flood,NARRATIVE_ONLY,flood,objective_or_verifiable,cross_sectional,no,reported_with_uncertainty,eligible,cross_sectional,high,"Cross-sectional post-flood telephone survey comparing PTSD/emotional distress prevalence in flooded vs control group; no pre-event baseline or temporal counterfactual, so unsuitable for causal meta-analysis.",,none_identified,deepseek-v4-pro,deepseek-v4-pro,bc3c5502-9889-4888-9984-900ce0215877,1701,816,2517,2026-09-16T17:41:35Z,strict-inc-v1.0
D0104578,Post-traumatic stress disorder. After the flood in Saguenay,2000,Canadian family physician Médecin de famille canadien,flood,NARRATIVE_ONLY,flood,objective_or_verifiable,cross_sectional,no,reported_with_uncertainty,eligible,cross_sectional,high,"Cross-sectional post-flood telephone survey comparing 62 flooded-area adults with 79 controls; no pre-event baseline or temporal counterfactual. PTSD and emotional distress ORs with CIs are reported, but design is a single post-event exposed/unexposed comparison, so not eligible for causal meta-analysis.",,none_identified,deepseek-v4-pro,deepseek-v4-pro,5bfcf1d2-82e7-4175-bc4d-040adebd9884,1630,1778,3408,2026-09-16T17:41:46Z,strict-inc-v1.0
D0104593,[Risk factors for post traumatic stress symptoms five years after the 1992 flood in the Vaucluse (France)].,2000,Revue d'epidemiologie et de sante publique,flood,NARRATIVE_ONLY,flood,self_report_only,cross_sectional,no,not_extractable,eligible,cross_sectional,high,"Single-wave telephone survey conducted 5 years post-flood in one affected municipality; individual exposure was retrospectively self-reported via questionnaire, with no pre-event outcome or temporal counterfactual. This is a cross-sectional exposed-only design unsuitable for causal hazard-effect estimation.",,none_identified,deepseek-v4-pro,deepseek-v4-pro,ebf20d4b-bd84-4071-9f08-ce9cecf80fb8,1673,1516,3189,2026-09-16T17:41:46Z,strict-inc-v1.0
D0104594,Risk factors for post traumatic stress symptoms five years after the 1992 flood in the Vaucluse (France),2000,Revue D Epidemiologie Et De Sante Publique,flood,NARRATIVE_ONLY,flood,self_report_only,cross_sectional,no,likely_extractable,eligible,self_report_exposure_only,high,"Five-year post-flood telephone survey with retrospective self-reported individual exposure and PTSD symptoms; no pre-event baseline or credible counterfactual, so unsuitable for causal meta-analysis.",,none_identified,deepseek-v4-pro,deepseek-v4-pro,562e26a4-029b-4666-8cb1-415290213942,1675,1571,3246,2026-09-16T17:41:49Z,strict-inc-v1.0
D0105139,Health impacts of flooding in Lewes: a comparison of reported gastrointestinal and other illness and mental health in flooded and non-flooded households.,2004,Communicable disease and public health,flood,NARRATIVE_ONLY,flood,unclear,post_event_only,no,reported_with_uncertainty,eligible,no_pre_event_baseline,high,"Historical cohort compares flooded vs non-flooded households after severe flooding. Psychological distress measured by GHQ-12 post-event only, with no pre-event baseline. This is an affected-versus-unaffected post-event comparison, not a credible counterfactual for flood mental-health effects. RR 4.1 [2.6, 6.4] is reported but design unsuitable for causal meta-analysis.",,none_identified,deepseek-v4-pro,deepseek-v4-pro,f78d7596-b38c-40d4-b9a1-b45a38f0f86c,1717,1865,3582,2026-09-16T17:41:54Z,strict-inc-v1.0
D0105140,Health impacts of flooding in Lewes: a comparison of reported gastrointestinal and other illness and mental health in flooded and non-flooded households.,2004,Communicable Disease and Public Health PHLS,flood,NARRATIVE_ONLY,flood,objective_or_verifiable,post_event_only,no,reported_with_uncertainty,eligible,no_pre_event_baseline,high,"Post-event comparison of flooded vs non-flooded households with GHQ-12 distress; no pre-flood baseline, so affected-versus-unaffected comparison alone is not a credible counterfactual.",,none_identified,deepseek-v4-pro,deepseek-v4-pro,fe00d054-2fd8-4bc4-9aa2-a76cd162784c,1719,1029,2748,2026-09-16T17:41:46Z,strict-inc-v1.0
D0105141,Health impacts of flooding in Lewes: a comparison of reported gastrointestinal and other illness and mental health in flooded and non-flooded households.,2004,Communicable disease and public health / PHLS,flood,NARRATIVE_ONLY,flood,unclear,post_event_only,no,reported_with_uncertainty,eligible,no_pre_event_baseline,high,"Post-flood telephone survey compares GHQ-12 psychological distress in flooded vs non-flooded households; no pre-event mental-health baseline or credible counterfactual. Flood-depth trend is an affected-only/post-event gradient, so design is unsuitable despite RR 4.1 [2.6, 6.4].",,none_identified,deepseek-v4-pro,deepseek-v4-pro,737e20e7-7fee-49b5-b9bf-e636bc56b178,1753,2398,4151,2026-09-16T17:42:00Z,strict-inc-v1.0
D0105180,[Influence of weather factors on suicidal hangings].,2005,Przeglad lekarski,temperature,FULLTEXT_REVIEW,multiple,objective_or_verifiable,time_series,unclear,unclear,eligible,unclear_effect_extractability,medium,"Abstract reports weather-suicide frequency associations in Cracow but only qualitative 'more frequency' statements; no quantitative effect size, uncertainty, or statistical model is given. Temperature is one of multiple weather factors. Full text needed to determine whether an extractable adjusted temperature hazard effect exists in a credible time-series design.","Confirm whether daily/weekly suicide counts and meteorological variables were analyzed with time-series regression adjusting for seasonality, trend, and autocorrelation. | Verify whether temperature-specific effects (e.g., hot, very frosty days) are reported as quantitative coefficients with confidence intervals, separate from pressure/wind/thunderstorm effects. | Confirm meteorological exposure data source and definitions for hot, sweltering, sultry, and very frosty days. | Determine if effect estimates are adjusted and extractable for at least one registered hazard (ambient temperature).",none_identified,deepseek-v4-pro,deepseek-v4-pro,0d0f2fe7-36bc-4414-8548-be011d72651b,1526,3158,4684,2026-09-16T17:42:12Z,strict-inc-v1.0
D0105181,Influence of weather factors on suicidal hangings,2005,Przeglad Lekarski,temperature,FULLTEXT_REVIEW,multiple,unclear,unclear,unclear,unclear,eligible,unclear_effect_extractability,medium,"Abstract describes association between weather factors (including temperature extremes) and suicide frequency over 1991-2002 but reports no quantitative effect sizes or uncertainty, and does not specify statistical model or exposure measurement. Full text needed to verify extractable hazard-specific estimates and time-series counterfactual.","Confirm meteorological exposure data are objective/verifiable (e.g., station-based). | Verify whether hot/cold temperature exposures are separately modelled with quantitative effect estimates and confidence intervals. | Confirm statistical model and adjustment for seasonality, time trends, and confounders. | Verify design is a time-series or case-crossover with a credible temporal counterfactual. | Confirm an extractable adjusted effect estimate for a registered climate hazard is reported.",none_identified,deepseek-v4-pro,deepseek-v4-pro,68546d70-edb7-494c-bfdb-beabe6b0479f,1525,2271,3796,2026-09-16T17:42:06Z,strict-inc-v1.0
D0105182,Influence of weather factors on suicidal hangings,2005,Przegla̧d lekarski,temperature,FULLTEXT_REVIEW,multiple,objective_or_verifiable,unclear,unclear,unclear,eligible,unclear_effect_extractability,medium,"Relevant suicide outcome and objective weather data over 1991-2002, but abstract reports only directional frequency patterns for multiple weather factors; no quantitative hazard-specific effect or uncertainty and temperature is not isolated.",Verify whether temperature is modelled as a distinct registered hazard with a quantitative effect estimate. | Confirm analytic design uses temporal or quasi-experimental counterfactual rather than descriptive frequencies. | Check reporting of adjusted effect size and uncertainty for temperature-suicide association. | Establish source and temporal resolution of meteorological exposure data.,none_identified,deepseek-v4-pro,deepseek-v4-pro,f2f5a224-fce6-4b2e-a52c-a005cdf63f6d,1528,3187,4715,2026-09-16T17:42:15Z,strict-inc-v1.0
D0105959,[Impact of the summer 2003 heat wave on the activity of two psychiatric emergency departments].,2009,Actas espanolas de psiquiatria,temperature,FULLTEXT_REVIEW,temperature,objective_or_verifiable,unclear,unclear,unclear,eligible,unclear_effect_extractability,medium,"Abstract reports a comparison of psychiatric emergency department activity during a 15-day heatwave vs rest of summer, but provides only directional/significance statements without quantitative effect sizes or confidence intervals and does not specify analytic model or control for temporal confounders. Full text needed to verify temporal design and extractable effects.","Verify heatwave definition and objective temperature exposure source (e.g., meteorological data). | Confirm analytic design is a time-series or other within-unit temporal comparison with controls for day-of-week, seasonality, or trend. | Extract quantitative effect estimates and uncertainty for eligible outcomes (psychiatric service use, anxiety disorders). | Check whether anxiety/alcohol/drug outcomes are patient-level mental-health outcomes or only emergency visit characteristics.",none_identified,deepseek-v4-pro,deepseek-v4-pro,979ec244-1ad4-4f53-94f5-9dd7e665ff8f,1649,4946,6595,2026-09-16T17:42:37Z,strict-inc-v1.0
D0105960,Impact of the summer 2003 heat wave on the activity of two psychiatric emergency departments,2009,Actas Espanolas De Psiquiatria,temperature,FULLTEXT_REVIEW,temperature,objective_or_verifiable,unclear,unclear,unclear,eligible,unclear_effect_extractability,medium,"Abstract describes an original emergency-department comparison of a heatwave period vs the rest of summer for psychiatric outcomes, with objective temperature exposure and eligible psychiatric service use/diagnosis outcomes. However, it reports mostly descriptive between-period differences and significance without quantitative effect estimates or uncertainty, so extractability is unresolved.",Verify whether time-series or regression models with temporal controls were used rather than simple period comparisons. | Confirm whether adjusted effect estimates with 95% CIs are reported for eligible psychiatric service-use outcomes. | Check whether heatwave exposure was objectively defined from meteorological data and exact dates. | Confirm which psychiatric outcomes are primary and extractable as hazard effects.,none_identified,deepseek-v4-pro,deepseek-v4-pro,ebac460a-2af8-4b19-80d3-2ec7a9000712,1652,2933,4585,2026-09-16T17:42:17Z,strict-inc-v1.0
D0105961,Impact of the summer 2003 heat wave on the activity of two psychiatric emergency departments,2009,Actas españolas de psiquiatría,temperature,FULLTEXT_REVIEW,temperature,objective_or_verifiable,unclear,unclear,unclear,eligible,unclear_effect_extractability,medium,Abstract reports only qualitative period comparisons of psychiatric emergency activity during a heat wave versus the rest of summer; no quantitative hazard effect or uncertainty is given and no adjusted/time-series model is stated. Full text needed to verify design and extractability.,"Verify whether the analysis used time-series or regression adjustment rather than raw period comparison. | Verify whether the heat wave period was defined using objective meteorological temperature data. | Verify whether quantitative effect estimates with uncertainty are reported for psychiatric service use or anxiety diagnoses. | Verify whether confounding by day-of-week, holidays, or other temporal factors was addressed.",none_identified,deepseek-v4-pro,deepseek-v4-pro,345cce56-a807-46b0-b43c-70385dd9cce2,1655,4759,6414,2026-09-16T17:42:35Z,strict-inc-v1.0
D0105962,Impact of the summer 2003 heat wave on the activity of two psychiatric emergency departments,2009,Actas Españolas de Psiquiatría,temperature,FULLTEXT_REVIEW,temperature,objective_or_verifiable,time_series,unclear,unclear,eligible,unclear_effect_extractability,medium,"Abstract compares psychiatric emergency outcomes during a 15-day heat wave with the rest of summer, a within-unit temporal design, but reports only directional/significance findings without numerical effect estimates or uncertainty. Full text needed to confirm extractable adjusted hazard effect.","Heat wave exposure definition and meteorological source/period verification. | Analytical method and adjustment for time-varying confounders (e.g., day of week, trend, autocorrelation). | Quantitative effect estimates and uncertainty for psychiatric service use or anxiety/diagnosis outcomes. | Comparability of heat-wave vs non-heat-wave summer days and handling of repeated days/sites.",none_identified,deepseek-v4-pro,deepseek-v4-pro,e4d687e4-97bc-4da8-9388-8c2ab1e53636,1681,3646,5327,2026-09-16T17:42:26Z,strict-inc-v1.0
D0106288,Psychological distress following wildfires disaster in a rural part of Greece: a case-control population-based study.,2011,International journal of emergency mental health,wildfire,NARRATIVE_ONLY,wildfire,unclear,cross_sectional,no,not_extractable,eligible,cross_sectional,high,"Cross-sectional case-control comparing wildfire-exposed to unexposed controls after the event, with no pre-event baseline or temporal/quasi-experimental counterfactual. Relevant mental health outcomes but design is unsuitable for causal meta-analysis.",,none_identified,deepseek-v4-pro,deepseek-v4-pro,d8bfdec6-e934-46e6-a1b6-59fc69d655d1,1581,1101,2682,2026-09-16T17:41:58Z,strict-inc-v1.0
D0106289,Psychological distress following wildfires disaster in a rural part of greece: A case-control population-based study,2011,International Journal of Emergency Mental Health,wildfire,NARRATIVE_ONLY,wildfire,unclear,cross_sectional,no,not_extractable,eligible,cross_sectional,high,"The abstract explicitly describes a cross-sectional case-control study comparing wildfire-exposed vs controls after the event. This is a single-wave post-event comparison with no pre-event baseline or temporal counterfactual, so it cannot support a causal hazard effect for the meta-analysis.",,none_identified,deepseek-v4-pro,deepseek-v4-pro,c4c560ab-a5f7-4ca3-b776-1fe827602843,1597,1165,2762,2026-09-16T17:42:02Z,strict-inc-v1.0
D0106290,Psychological distress following wildfires disaster in a rural part of Greece: a case-control population-based study.,2011,International journal of emergency mental health,wildfire,NARRATIVE_ONLY,wildfire,unclear,cross_sectional,no,not_extractable,eligible,cross_sectional,high,The abstract explicitly describes a cross-sectional case-control study comparing post-event exposed vs controls with no pre-exposure baseline or temporal counterfactual; it reports only group differences without a quantitative hazard effect and uncertainty.,,none_identified,deepseek-v4-pro,deepseek-v4-pro,3b468e43-e000-48be-9d01-06dc32fbd453,1581,1823,3404,2026-09-16T17:42:08Z,strict-inc-v1.0
D0106291,Psychological distress following wildfires disaster in a rural part of Greece: A case-control population-based study,2011,International Journal of Emergency Mental Health,wildfire,NARRATIVE_ONLY,wildfire,unclear,cross_sectional,no,not_extractable,eligible,cross_sectional,high,"Cross-sectional case-control study comparing wildfire-exposed and control groups after the event, with no pre-event baseline or credible temporal counterfactual. Eligible distress outcomes were measured, but the design is unsuitable for causal meta-analysis.",,none_identified,deepseek-v4-pro,deepseek-v4-pro,7ef4f893-e4b1-4f38-beec-5af4e07c5da7,1606,1195,2801,2026-09-16T17:42:07Z,strict-inc-v1.0
D0106616,"Associations between air temperature and daily suicide counts in Astana, Kazakhstan.",2013,"Medicina (Kaunas, Lithuania)",temperature,META_ELIGIBLE,temperature,objective_or_verifiable,time_series,yes,reported_with_uncertainty,eligible,eligible,high,"Daily suicide counts in Astana 2005-2010 analyzed with negative binomial regression against ambient apparent temperature, adjusting for month, year, weekends, holidays, wind, pressure, and humidity. Reports adjusted quantitative effects with 95% CIs (mean apparent temperature 2.1%, 95% CI 0.4-3.8; maximum apparent temperature 1.2%, 95% CI 0.1-2.3).",,none_identified,deepseek-v4-pro,deepseek-v4-pro,27900418-3dd1-4feb-9e9f-cb6a2b8a8ee2,1689,1051,2740,2026-09-16T17:42:07Z,strict-inc-v1.0
D0106617,"Associations between air temperature and daily suicide counts in Astana, Kazakhstan",2013,"Medicina (Kaunas, Lithuania)",temperature,META_ELIGIBLE,temperature,objective_or_verifiable,time_series,yes,reported_with_uncertainty,eligible,eligible,high,"Daily suicide counts in Astana were analyzed with negative binomial time-series regression, controlling for month, year, weekends, holidays, wind, pressure, and humidity. The abstract reports an adjusted effect: a 1°C increase in mean apparent temperature was associated with a 2.1% increase in suicide counts (95% CI, 0.4-3.8).",,none_identified,deepseek-v4-pro,deepseek-v4-pro,087c9b2b-6dfa-4bf5-925e-db78bfca4b78,1722,898,2620,2026-09-16T17:42:06Z,strict-inc-v1.0
D0107358,The association of adverse mental health effects with repeated exposure to disasters.,2018,Annals of clinical psychiatry : official journal of the American Academy of Clinical Psychiatrists,flood,EXCLUDE,flood,unclear,longitudinal_with_prebaseline,unclear,not_extractable,ineligible,wrong_outcome,high,"Abstract reports post-disaster psychopathology consisted mainly of alcohol use disorder that predated floods; PTSD and incident psychiatric disorders were nonexistent or rare. Alcohol use disorder is not an eligible mental-health outcome, and no extractable effect on an eligible outcome is shown.",,none_identified,deepseek-v4-pro,deepseek-v4-pro,bc8892a5-cf09-43b1-8aae-b7ef8343f6bc,1628,5602,7230,2026-09-16T17:42:59Z,strict-inc-v1.0
D0107359,The association of adverse mental health effects with repeated exposure to disasters,2018,Annals of Clinical Psychiatry Official Journal of the American Academy of Clinical Psychiatrists,flood,EXCLUDE,flood,objective_or_verifiable,longitudinal_with_prebaseline,unclear,not_extractable,ineligible,wrong_outcome,high,"The abstract reports post-disaster psychopathology consisted mainly of alcohol use disorder that predated the disasters, while disaster-related PTSD and incident psychiatric disorders were nonexistent or rare. Alcohol use disorder is not an eligible mental health outcome.",,none_identified,deepseek-v4-pro,deepseek-v4-pro,c9e6eca7-585d-45a5-9988-d3d7df99b602,1635,1367,3002,2026-09-16T17:42:15Z,strict-inc-v1.0
D0107360,The association of adverse mental health effects with repeated exposure to disasters,2018,Annals of clinical psychiatry : official journal of the American Academy of Clinical Psychiatrists,flood,FULLTEXT_REVIEW,flood,unclear,longitudinal_with_prebaseline,unclear,unclear,eligible,unclear_design,medium,"Abstract reports pre/post psychiatric assessments after repeated disasters including floods, but does not show a credible counterfactual or hazard-specific adjusted effect; exposure measurement is unspecified.",Confirm flood exposure was objectively measured or verified and not self-reported. | Establish whether repeated pre/post assessments provide a credible within-person counterfactual beyond cumulative flood-exposure gradient. | Confirm hazard-specific adjusted effect estimates with uncertainty for flood exposure are reported. | Confirm eligible mental health outcomes beyond alcohol use disorder are analyzed. | Verify non-flood disaster exposures are controlled or separated in flood effect estimates.,none_identified,deepseek-v4-pro,deepseek-v4-pro,eed15fb2-f1d4-4648-bf35-266c7e96d122,1636,4615,6251,2026-09-16T17:42:52Z,strict-inc-v1.0
D0107361,The association of adverse mental health effects with repeated exposure to disasters,2018,Annals of Clinical Psychiatry,flood,FULLTEXT_REVIEW,multiple,unclear,unclear,unclear,unclear,unclear,multiple_issues,low,"Abstract reports mixed disaster exposures (flood, tornado, dioxin, radioactive well water) and psychiatric outcomes dominated by alcohol use disorder; no flood-specific adjusted effect or uncertainty is shown, so full text must establish eligible outcome and extractable estimate.","Whether flood exposure is objectively measured and separated from other disaster exposures (tornado, dioxin, radioactive well water). | Whether eligible mental health outcomes (e.g., depression, anxiety, PTSD) are assessed and reported separately from alcohol use disorder. | Whether the analysis uses a credible within-person pre/post or unexposed counterfactual rather than only post-disaster dose-response. | Whether adjusted flood effect estimates with uncertainty are extractable. | Whether sample includes non-flood disasters and analysis controls for them or isolates flood effect.",unclear,deepseek-v4-pro,deepseek-v4-pro,1c813a6c-9267-4081-9112-0497d587a29d,1649,6258,7907,2026-09-16T17:43:10Z,strict-inc-v1.0
D0108093,Psychological effects of hurricane andrew on an elementary school population,1995,Journal of the American Academy of Child and Adolescent Psychiatry,cyclone,NARRATIVE_ONLY,cyclone,objective_or_verifiable,post_event_only,no,likely_extractable,eligible,no_pre_event_baseline,high,Abstract describes post-hurricane comparison of HI-IMPACT vs LO-IMPACT schools with PTS/TRF measured only at 8 and 32 weeks after Hurricane Andrew; no pre-event baseline for eligible outcomes. Exposed/unexposed post-event comparison is not a credible counterfactual.,,none_identified,deepseek-v4-pro,deepseek-v4-pro,bf65c719-1751-4cff-819f-99b6386917ed,1686,2289,3975,2026-09-16T17:42:29Z,strict-inc-v1.0
D0108705,L'état de stress post-traumatique: L'après-déluge au Saguenay,2000,Canadian Family Physician,flood,NARRATIVE_ONLY,flood,objective_or_verifiable,cross_sectional,no,reported_with_uncertainty,eligible,cross_sectional,high,"Cross-sectional telephone survey comparing flooded victims (n=62) with controls (n=79), measured 4 months post-flood. Reports ORs for PTSD and distress but lacks pre-event baseline or credible counterfactual; single post-event exposed/unexposed comparison.",,none_identified,deepseek-v4-pro,deepseek-v4-pro,204b1b25-ee25-4e80-b4cc-4ea6891f68a5,1633,589,2222,2026-09-16T17:42:13Z,strict-inc-v1.0
D0109090,A polar expedition in challenging circumstances: Experiences and reactions,2003,Tidsskrift for den Norske Laegeforening,temperature,NARRATIVE_ONLY,temperature,unclear,descriptive,no,not_extractable,eligible,descriptive_or_predictor_only,high,"Case series of four expeditioners with GHQ-30 and STAI measured before, during, and after an expedition; abstract reports qualitative themes and descriptive psychometric trajectories but no objective temperature exposure measure or hazard-specific causal effect.",,none_identified,deepseek-v4-pro,deepseek-v4-pro,9969f1a6-9536-4c98-bd49-b8e972a60e1e,1649,1864,3513,2026-09-16T17:42:28Z,strict-inc-v1.0
D0109324,Trauma and stress eight months after floods in 2002,2004,Psychiatrie,flood,NARRATIVE_ONLY,flood,objective_or_verifiable,post_event_only,no,unclear,eligible,no_pre_event_baseline,high,Affected vs unaffected groups compared once at 8 months post-flood; PTSD and IES-R outcomes. No pre-flood measurement or temporal counterfactual; single post-event comparison cannot estimate a causal hazard effect.,,none_identified,deepseek-v4-pro,deepseek-v4-pro,a40dc778-645b-42c8-8bc1-514c92a66811,1715,2064,3779,2026-09-16T17:42:29Z,strict-inc-v1.0
D0109325,Trauma and stress eight months after floods in 2002,2004,Psychiatrie,flood,NARRATIVE_ONLY,flood,objective_or_verifiable,cross_sectional,no,not_extractable,eligible,cross_sectional,high,"Single-wave post-flood cross-sectional comparison of affected (N=71) versus matched unaffected controls (N=67), no pre-flood mental health measures. PTSD prevalence did not differ significantly; IES-R scores were higher in affected subjects but no pre-event baseline or temporal counterfactual, so the design is unsuitable for causal meta-analysis.",,none_identified,deepseek-v4-pro,deepseek-v4-pro,a09b651d-729e-481d-85ae-80aaf8fed595,1766,1840,3606,2026-09-16T17:42:27Z,strict-inc-v1.0
D0109388,Relationships between metal stress and cerebrovascular diseases of colony after disaster,2004,Chinese Journal of Clinical Rehabilitation,flood,NARRATIVE_ONLY,flood,objective_or_verifiable,post_event_only,no,not_extractable,eligible,no_pre_event_baseline,high,"Abstract compares mental health (SCL-90) after flood among severe/slight disaster groups and a control group; no pre-flood mental health measurement is reported. This is an affected-versus-unaffected post-event comparison without a pre-event baseline, so the flood effect on mental health is not a credible causal estimate.",,none_identified,deepseek-v4-pro,deepseek-v4-pro,07b5bf57-d0d4-4762-8d93-e94cc12dd701,1833,1289,3122,2026-09-16T17:42:27Z,strict-inc-v1.0
D0109756,Sense of mastery as a moderator of longerterm effects of disaster impact on psychological distress,2006,People Under Extreme Stress,flood,NARRATIVE_ONLY,flood,self_report_only,post_event_only,no,not_extractable,eligible,no_pre_event_baseline,high,"First interviews occurred 12 months post-flood with no pre-event baseline; the sample is exposed-only and exposure is self-reported disaster trauma. Analyses test predictors/moderators of distress, not a flood hazard effect.",,none_identified,deepseek-v4-pro,deepseek-v4-pro,bed9632e-c94c-4e75-8a84-cd0e66a24056,1657,4061,5718,2026-09-16T17:42:53Z,strict-inc-v1.0
D0111329,Indoor environment and health effects in water-damaged homes after flooding,2012,10th International Conference on Healthy Buildings 2012,flood,NARRATIVE_ONLY,flood,self_report_only,cross_sectional,no,likely_extractable,eligible,cross_sectional,high,"Post-flood single-wave questionnaire survey comparing water-damaged and non-damaged homes; no pre-event baseline or within-unit temporal variation, so the exposed/unexposed post-event comparison is not a credible counterfactual.",,none_identified,deepseek-v4-pro,deepseek-v4-pro,cadf0fd8-b283-42fd-928c-4439b079491d,1574,2918,4492,2026-09-16T17:42:45Z,strict-inc-v1.0
D0112790,Effects of meteorological factors on higher mental functions and autonomic nervous system in southern population,2019,New Armenian Medical Journal,temperature,FULLTEXT_REVIEW,temperature,objective_or_verifiable,unclear,unclear,unclear,eligible,unclear_design,medium,"Repeated measures in two seasons with meteorological factors including temperature and anxiety outcome are plausible, but abstract only reports correlations and significant associations without a clear causal counterfactual or quantitative hazard-specific estimate.",Verify objective meteorological exposure source and spatial/temporal linkage to participant outcomes. | Confirm same individuals had repeated outcome measures over time and whether within-person variation was used. | Check whether analyses adjust for confounders and estimate a temperature/hazard effect rather than raw correlations. | Identify a hazard-specific effect size and uncertainty for anxiety (or other eligible outcome). | Determine whether the September heat wave was formally defined and used as an exposure contrast.,none_identified,deepseek-v4-pro,deepseek-v4-pro,799a6ef1-3c57-4bf8-a4f9-11ca0f3daa32,1662,3299,4961,2026-09-16T17:42:53Z,strict-inc-v1.0
D0113679,Impact of climate change on mental health Quantitative research,2026,Archives of Hellenic Medicine,temperature,FULLTEXT_REVIEW,temperature,unclear,unclear,unclear,unclear,eligible,multiple_issues,low,"Abstract reports a repeated survey of 120 Greek citizens measured once during high and once during low temperatures, with eligible outcomes (stress, anxiety, life satisfaction). It does not state whether temperature exposure was objectively measured, whether the analysis adjusted for seasonal/time confounders, or report quantitative effect sizes/uncertainty; only significance is noted. Full text is required to resolve these issues.","Verify exposure was objective temperature data (e.g., meteorological records) not self-reported. | Verify the statistical design adjusted for time-varying confounders (e.g., individual fixed effects). | Confirm extractable quantitative effect sizes and confidence intervals are reported. | Confirm the two temperature conditions provide credible temporal variation without confounding by season.",none_identified,deepseek-v4-pro,deepseek-v4-pro,a063a8f2-d6d3-42c0-a31a-58b7c8094391,1610,4104,5714,2026-09-16T17:43:00Z,strict-inc-v1.0
D0113680,Impact of climate change on mental health Quantitative research,2026,Archives of Hellenic Medicine,temperature,FULLTEXT_REVIEW,temperature,objective_or_verifiable,longitudinal_with_prebaseline,yes,likely_extractable,eligible,unclear_effect_extractability,medium,"Abstract reports a repeated within-person comparison of self-reported stress, anxiety, and life satisfaction across high- vs low-temperature periods in 120 Greek citizens, with statistically significant differences. It does not, however, report effect sizes or uncertainty estimates; full text must confirm extractable quantitative effects and design details.","Verify exact numeric effect sizes and uncertainty (CIs/p-values) for stress, anxiety, and life satisfaction comparisons are reported. | Confirm exposure is objectively measured high/low ambient temperature periods and not self-reported. | Confirm the same 120 participants completed both questionnaires and account for temporal order/seasonality confounders. | Verify whether adjusted estimates are available or if only unadjusted paired tests can be extracted as a hazard effect.",none_identified,deepseek-v4-pro,deepseek-v4-pro,8854900a-de08-4436-92fa-fd3b8a1337d1,1610,3761,5371,2026-09-16T17:43:06Z,strict-inc-v1.0
D0114913,Immune function and affective states following a natural disaster.,2002,Psychological reports,cyclone,NARRATIVE_ONLY,cyclone,unclear,post_event_only,no,not_extractable,eligible,no_pre_event_baseline,high,"Abstract reports a post-event comparison of students living in storm-damaged versus less damaged neighborhoods after Hurricane Andrew, with no pre-event negative affect measure. This is a damage-severity association without a credible counterfactual for a causal hazard effect.",,none_identified,deepseek-v4-pro,deepseek-v4-pro,bf19b2a9-ef53-44ce-99f1-2f47cbc71e47,1480,2400,3880,2026-09-16T17:42:51Z,strict-inc-v1.0
D0115136,Natural disaster and depression: a prospective investigation of reactions to the 1993 midwest floods.,2000,American journal of community psychology,flood,FULLTEXT_REVIEW,flood,unclear,longitudinal_with_prebaseline,yes,likely_extractable,eligible,unclear_effect_extractability,medium,"Prospective pre/post design with control group and depression outcomes is relevant, but abstract lacks numeric effect size and uncertainty and does not specify how flood exposure was objectively measured; full text needed to confirm extractable adjusted estimates.","Verify flood exposure was objectively measured or externally verifiable, not self-reported victim status. | Extract quantitative effect estimate and confidence interval/standard error for flood impact on depression. | Confirm predisaster assessment 1 year prior was used as baseline and control group was comparable. | Check whether flood impact gradient was objectively defined and not based on self-report. | Confirm adjusted models and covariate control are reported.",none_identified,deepseek-v4-pro,deepseek-v4-pro,8bfbdb05-c853-4f72-9b3d-3f8bd89927dc,1565,2896,4461,2026-09-16T17:42:57Z,strict-inc-v1.0
D0115503,Received and perceived social support in times of stress: a test of the social support deterioration deterrence model.,1996,Journal of personality and social psychology,cyclone,NARRATIVE_ONLY,cyclone,unclear,post_event_only,no,not_extractable,eligible,no_pre_event_baseline,high,"Post-disaster longitudinal samples of hurricane victims only, with waves 12/24 and 6/28 months after the event; no pre-event outcome or unaffected comparator, so no credible counterfactual for a hazard effect. Abstract focuses on social support mediation and reports no quantitative hazard effect with uncertainty.",,none_identified,deepseek-v4-pro,deepseek-v4-pro,1398bee1-19b5-4597-87a3-23be1583a046,1534,1590,3124,2026-09-16T17:42:44Z,strict-inc-v1.0
D0115865,Post-traumatic stress disorder in adolescents after a hurricane,1993,American Journal of Epidemiology,cyclone,NARRATIVE_ONLY,cyclone,unclear,cross_sectional,no,reported_with_uncertainty,eligible,cross_sectional,high,"Single-wave school-based survey conducted one year after Hurricane Hugo; no pre-event baseline or credible counterfactual, and exposure measurement is unresolved. Reports an adjusted OR but the design cannot support causal inference for the meta-analysis.",,none_identified,deepseek-v4-pro,deepseek-v4-pro,22fee2ec-1550-49d6-89e4-bd15cb060347,1655,1518,3173,2026-09-16T17:42:45Z,strict-inc-v1.0
D0115944,A test of the social support deterioration model in the context of natural disaster.,1993,Journal of personality and social psychology,flood,FULLTEXT_REVIEW,flood,unclear,longitudinal_with_prebaseline,unclear,likely_extractable,eligible,unclear_exposure_measurement,medium,"Prospective pre-flood/post-flood longitudinal study with depression outcome, but abstract calls exposure 'disaster exposure (stress)' without specifying objective measurement or reporting effect estimates/uncertainty. Full text must verify objective flood exposure and a hazard-specific direct effect.","Verify disaster exposure is objectively or externally measured (e.g., geocoded inundation, damage records) rather than self-reported stress or loss. | Report direct effect estimate of flood exposure on depression with standard errors or confidence intervals. | Clarify whether pre-flood depression serves as baseline control and how temporal trends are addressed. | Confirm within-sample variation in flood exposure or a credible counterfactual beyond simple pre-post change. | Check that a hazard-specific, non-mediation effect is extractable.",none_identified,deepseek-v4-pro,deepseek-v4-pro,4ad608b0-b0ca-4372-b36b-ff766023efe0,1526,2325,3851,2026-09-16T17:42:56Z,strict-inc-v1.0
D0116098,Children's reactions to a natural disaster: Symptom severity and degree of exposure,1991,Advances in Behaviour Research and Therapy,cyclone,NARRATIVE_ONLY,cyclone,self_report_only,cross_sectional,no,not_extractable,eligible,no_pre_event_baseline,high,"Single post-event cross-sectional survey collected about 3 months after Hurricane Hugo; anxiety and PTSD measured once and hurricane exposure graded by self-reported severity, home damage, and job loss. No pre-event baseline or credible temporal counterfactual, so unsuitable for causal meta-analysis.",,none_identified,deepseek-v4-pro,deepseek-v4-pro,56440550-cdc0-4b7f-b135-449e533127a4,1637,1702,3339,2026-09-16T17:42:54Z,strict-inc-v1.0
D0116347,Morbidity of Hurricane Elena,1988,Southern Medical Journal,cyclone,FULLTEXT_REVIEW,cyclone,objective_or_verifiable,longitudinal_with_prebaseline,unclear,likely_extractable,eligible,unclear_effect_extractability,medium,"Hurricane Elena pre/post ED log study with psychiatric service use outcome; abstract reports only a 'significant increase' but gives no counts, effect size, or uncertainty. Full text is needed to verify an extractable hazard effect and whether the short pre/post comparison is a credible counterfactual.","Report exact pre/post psychiatric ED counts or rates and statistical uncertainty (e.g., rate ratio, CI, p-value). | Clarify whether analysis adjusts for temporal trends, seasonality, or other confounders, or is raw before-after counts. | Confirm psychiatric outcome is service use/diagnosis and separable from trauma. | Define ED log capture period and completeness for one-week pre and two-week post. | Assess whether displacement/damage/evacuation affects comparability of pre/post periods.",unclear,deepseek-v4-pro,deepseek-v4-pro,971e02ac-667c-4d0d-9ce8-76ef9c4f093a,1463,2101,3564,2026-09-16T17:43:00Z,strict-inc-v1.0
D0116368,Prior experience as a moderator of disaster impact on anxiety symptoms in older adults.,1988,American journal of community psychology,flood,FULLTEXT_REVIEW,flood,unclear,longitudinal_with_prebaseline,yes,likely_extractable,eligible,unclear_effect_extractability,medium,"Panel pre/post flood study with preflood anxiety controlled and plausible temporal counterfactual, but abstract reports only 'modest flood effects' without quantitative effect size or uncertainty; full text needed for extractable adjusted estimates.",Verify flood exposure/impact was objectively measured or externally verified rather than self-reported personal impact only. | Confirm quantitative effect estimates and uncertainty for flood effects on trait anxiety and weather-specific distress are extractable. | Confirm preflood anxiety was measured before flooding with the same outcome scale and used as baseline control. | Check that effect estimates use within-person pre/post flood variation rather than only between-person flood impact severity.,none_identified,deepseek-v4-pro,deepseek-v4-pro,64f07635-5326-47a5-8cbb-aabf6a0ce677,1543,4678,6221,2026-09-16T17:43:33Z,strict-inc-v1.0
D0116398,The longitudinal course of posttraumatic morbidity. The range of outcomes and their predictors,1988,Journal of Nervous and Mental Disease,wildfire,NARRATIVE_ONLY,wildfire,unclear,post_event_only,no,not_extractable,eligible,no_pre_event_baseline,high,"All 469 firefighters were exposed to a bushfire disaster and followed for 25 months after the event; the abstract reports posttraumatic morbidity course and predictors without a pre-event outcome or unexposed counterfactual, so no hazard effect can be extracted.",,none_identified,deepseek-v4-pro,deepseek-v4-pro,db3cd208-3753-439f-bd02-440f6b8a5cb9,1507,2473,3980,2026-09-16T17:43:12Z,strict-inc-v1.0
D0119871,"Resource loss, resource gain, and mental health among survivors of Hurricane Katrina.",2010,Journal of traumatic stress,cyclone,NARRATIVE_ONLY,cyclone,unclear,longitudinal_with_prebaseline,no,not_extractable,eligible,descriptive_or_predictor_only,high,"Abstract tests resource loss/gain as predictors of posthurricane distress among 402 Katrina survivors, not a hurricane hazard effect. All participants experienced the same event; no hazard variation or credible counterfactual, so no extractable hazard effect.",,none_identified,deepseek-v4-pro,deepseek-v4-pro,d27ed678-6da9-4436-9fd7-d2a3ca00ad29,1535,4492,6027,2026-09-16T17:43:32Z,strict-inc-v1.0
D0119948,Intrusive thoughts and young children's knowledge about thinking following a natural disaster.,2010,"Journal of child psychology and psychiatry, and allied disciplines",cyclone,EXCLUDE,cyclone,unclear,post_event_only,no,not_extractable,ineligible,wrong_outcome,high,"Study measures children's intrusive thoughts and knowledge about thinking, not an eligible mental-health outcome (e.g., PTSD, depression, distress). Post-event hurricane-exposed vs control comparison only.",,none_identified,deepseek-v4-pro,deepseek-v4-pro,cf6a700d-6799-408e-b7df-d11e3c4f3ff7,1607,3110,4717,2026-09-16T17:43:19Z,strict-inc-v1.0
D0120213,Emotional and biological stress measures in Katrina survivors relocated to Oklahoma.,2010,American journal of disaster medicine,cyclone,NARRATIVE_ONLY,cyclone,objective_or_verifiable,cross_sectional,no,not_extractable,eligible,cross_sectional,high,"Single postdisaster assessment 20 months after Katrina comparing 34 relocated survivors with matched Oklahoma controls; no pre-event baseline or within-unit temporal variation, so exposed/unexposed single post-event comparison lacks a credible counterfactual.",,none_identified,deepseek-v4-pro,deepseek-v4-pro,09575c8b-79a1-42c9-b6b8-cb954b894bf5,1743,1771,3514,2026-09-16T17:43:11Z,strict-inc-v1.0
D0120775,Change of mental health status caused by flood in a Korean village: Prospective study over an eighteen-month period,2008,European Neuropsychopharmacology,flood,META_ELIGIBLE,flood,objective_or_verifiable,longitudinal_with_prebaseline,yes,reported_with_uncertainty,eligible,eligible,high,"Prospective cohort with pre-disaster mental-health measures in a village before a 2006 flood and follow-up after, reporting quantitative pre-post changes in PWI and SF-36 mental health with t, df, and p; qualifies as longitudinal pre/post with objectively verified flood exposure.",,none_identified,deepseek-v4-pro,deepseek-v4-pro,1e8b72e0-aa8f-46d3-b21a-4012518d7f85,2101,2539,4640,2026-09-16T17:43:18Z,strict-inc-v1.0
D0121868,Effect of heat stress on patients with COPD-a prospective telemedicine study on climate change,2013,American Journal of Respiratory and Critical Care Medicine,temperature,META_ELIGIBLE,temperature,objective_or_verifiable,panel_fixed_effects,yes,reported_with_uncertainty,eligible,eligible,medium,"Prospective repeated-measures telemedicine study of COPD patients with daily objective temperature exposure and daily subjective well-being outcome. Heat days vs normal temperature days within patients provide temporal counterfactual; subjective well-being difference reported as 3.7±1.2 vs 2.1±0.6, P<0.002, giving extractable quantitative effect with uncertainty.",,none_identified,deepseek-v4-pro,deepseek-v4-pro,2ec2cc89-65aa-4ebf-bfb9-30719c82a68d,1961,2460,4421,2026-09-16T17:43:21Z,strict-inc-v1.0
D0122204,A prospective study of the impact of floods on the mental and physical health of older adults.,2013,Aging & mental health,flood,NARRATIVE_ONLY,flood,self_report_only,longitudinal_with_prebaseline,no,likely_extractable,eligible,self_report_exposure_only,high,"Longitudinal pre/post flood study with baseline and eligible outcomes, but flood exposure ('personally affected', 'greater flood exposure') is self-reported via flood experience questionnaires; no objective/externally verifiable exposure stated. Self-reported exposure only makes causal hazard effect unsuitable for meta-analysis.",,none_identified,deepseek-v4-pro,deepseek-v4-pro,90806658-e5ce-487e-844b-d5a2ac60fc41,1696,3240,4936,2026-09-16T17:43:28Z,strict-inc-v1.0
D0122216,Posttraumatic stress disorder and use of psychiatric and alcohol related services: the effect of the 2004-2005 Florida hurricane seasons on veterans.,2013,Community mental health journal,cyclone,FULLTEXT_REVIEW,cyclone,objective_or_verifiable,unclear,unclear,likely_extractable,eligible,unclear_design,medium,"Abstract suggests pre-post change in mental health service use comparing hurricane-affected vs nonaffected counties (+28.0 vs -6.5%, p=0.001), but does not clearly describe pre-hurricane baseline, adjustment for confounding, or the counterfactual. Missing design details preclude META_ELIGIBLE.","Was there a pre-hurricane baseline period for both affected and nonaffected counties, and was the +28.0 vs -6.5% a difference-in-differences change? | Did analyses adjust for county-level differences, secular trends, or veteran characteristics? | How was county-level hurricane exposure objectively defined and verified? | Is the mental health service use effect reported with confidence intervals or standard errors and from an adjusted model? | Are alcohol-related visits an eligible mental-health/substance-use outcome or a secondary non-mental outcome?",none_identified,deepseek-v4-pro,deepseek-v4-pro,5e79a423-25b7-45af-8f6a-2297f47b6520,1646,3089,4735,2026-09-16T17:43:26Z,strict-inc-v1.0
D0122217,The course of posttraumatic stress symptoms and functional impairment following a disaster: what is the lasting influence of acute versus ongoing traumatic events and stressors?,2013,Social psychiatry and psychiatric epidemiology,cyclone,NARRATIVE_ONLY,cyclone,self_report_only,post_event_only,no,not_extractable,eligible,self_report_exposure_only,high,"Longitudinal post-hurricane study with three post-event interviews. Exposures are self-reported acute hurricane-related traumatic events/stressors and ongoing stressors, not objective or externally verifiable hurricane variation. No pre-event baseline or credible counterfactual for a registered hazard effect; reports associations of self-reported exposures with PTSS and functional impairment.",,none_identified,deepseek-v4-pro,deepseek-v4-pro,cbc9c023-51c6-4815-bd62-6598946bbc2c,1757,1562,3319,2026-09-16T17:43:13Z,strict-inc-v1.0
D0125768,"Short-term effects of ambient temperature and air pollution on mental health hospitalizations in Bern, Switzerland",2021,Environmental Epidemiology,temperature,META_ELIGIBLE,temperature,objective_or_verifiable,time_series,yes,reported_with_uncertainty,eligible,eligible,high,"Daily mental health hospitalizations and ambient temperature were analyzed with distributed lag quasi-Poisson regression, reporting a 4% (95% CI 2%-7%) increase per 10°C. Objective temperature exposure, eligible psychiatric service use outcome, and quantitative effect with uncertainty satisfy criteria.",,none_identified,deepseek-v4-pro,deepseek-v4-pro,26a92858-00f2-4cb2-86b1-fe9c47ec812b,1710,539,2249,2026-09-16T17:43:03Z,strict-inc-v1.0
D0127791,Assessing heat vulnerability across life-cycle: Differential impacts on human health,2024,Environmental Epidemiology,temperature,FULLTEXT_REVIEW,temperature,objective_or_verifiable,case_crossover,yes,unclear,eligible,unclear_effect_extractability,medium,"Objective heat exposure and time-stratified case-crossover design are clear, but the abstract reports only all-cause ED admission ORs. Mental diseases appear as a cause-specific outcome with elevated risk but no quantitative mental-health effect or uncertainty, so full text is needed for an extractable mental-health estimate.","Report heat OR and 95% CI specifically for mental disease ED admissions, not only all-cause ED admissions. | Confirm mental disease outcome definition and that it maps to an eligible mental-health condition. | Verify exposure definition, lags, and case-crossover control selection for the mental-health analysis. | Confirm the mental-health effect is adjusted and quantitatively extractable.",none_identified,deepseek-v4-pro,deepseek-v4-pro,d97c5c2f-0033-4e76-834c-9d86dccfcf6a,1733,1971,3704,2026-09-16T17:43:22Z,strict-inc-v1.0
D0127794,Health impacts of dry and moist heat in South Korea,2024,Environmental Epidemiology,temperature,FULLTEXT_REVIEW,temperature,objective_or_verifiable,case_crossover,yes,likely_extractable,eligible,unclear_effect_extractability,medium,"Objective dry/moist heatwave exposure and time-stratified case-crossover design are eligible, and mental disease ER hospitalization is an eligible psychiatric service use outcome. However, the abstract reports only that moist heatwave risk is higher for mental diseases without a mental-disease-specific quantitative effect and uncertainty, so full text is needed to confirm extractability.",Confirm mental disease outcome definition and whether it maps to an eligible psychiatric service use category. | Confirm a mental-disease-specific effect estimate with confidence intervals or standard errors is reported. | Confirm time-stratified case-crossover control sampling and distributed lag model specification. | Confirm dry versus moist heatwave exposure definitions and handling of humidity. | Check whether mental disease subgroup estimates are adjusted and sufficiently powered.,none_identified,deepseek-v4-pro,deepseek-v4-pro,fd91fc5f-36e8-4634-ad78-5c678d9b4d39,1678,926,2604,2026-09-16T17:43:11Z,strict-inc-v1.0
D0127800,Climate change during one year before birth predicted child mental problems at age four,2024,Environmental Epidemiology,temperature,FULLTEXT_REVIEW,temperature,objective_or_verifiable,other_eligible,unclear,unclear,eligible,unclear_effect_extractability,medium,"Objective ambient temperature from TReAD and caregiver-reported CBCL anxiety/depression outcomes are eligible, but abstract reports ORs without confidence intervals and does not describe adjustment for confounders or the counterfactual in the DLNM. Full text must establish adjusted hazard-specific estimates with uncertainty and credible temporal control.","Verify that adjusted ORs with confidence intervals or standard errors are reported for anxiety and depression outcomes. | Confirm DLNM adjusts for confounders such as seasonality, long-term trends, and individual characteristics. | Establish that caregiver-reported CBCL DSM-oriented anxiety/depression scales are validated mental-health measures. | Confirm ambient temperature exposure assignment using TReAD is objective and temporally resolved. | Determine if the analysis supports a credible counterfactual beyond cross-sectional associations.",none_identified,deepseek-v4-pro,deepseek-v4-pro,f389db63-dee1-41a0-8627-2e0237ebd5c7,1732,2200,3932,2026-09-16T17:43:25Z,strict-inc-v1.0
D0127802,"A protective role of urban greenspace on the association between night-time heat and suicide in Seoul, South Korea",2024,Environmental Epidemiology,temperature,META_ELIGIBLE,temperature,objective_or_verifiable,case_crossover,yes,reported_with_uncertainty,eligible,eligible,high,"Original case-crossover study with distributed lag model using objectively measured hot night indices; suicide outcome; reports RR with 95% CI (e.g., HNd RR 1.059, CI 1.017-1.103).",,none_identified,deepseek-v4-pro,deepseek-v4-pro,9d2e4d74-abf7-4159-bf06-66135cbe2fe3,1804,936,2740,2026-09-16T17:43:13Z,strict-inc-v1.0
D0127803,An evidence-based association between extreme temperatures and mental disorder: A time-series study of Taiwan,2024,Environmental Epidemiology,temperature,META_ELIGIBLE,temperature,objective_or_verifiable,time_series,yes,reported_with_uncertainty,eligible,eligible,high,Time-series study using 11 years of daily outpatient mental disorder visits and distributed lag non-linear model; objective extreme temperature percentiles; reports RR and 95% CI. Satisfies temporal counterfactual and extractable effect.,,none_identified,deepseek-v4-pro,deepseek-v4-pro,b674cad5-a607-459c-a26a-ed917fd31811,1773,1241,3014,2026-09-16T17:43:19Z,strict-inc-v1.0
D0128531,Developing high-resolution meteorological datasets to assess the short-term association between meteorological factors and green space and mental disorders,2022,Dissertation Abstracts International: Section B: The Sciences and Engineering,temperature,FULLTEXT_REVIEW,temperature,objective_or_verifiable,time_series,unclear,unclear,eligible,unclear_effect_extractability,medium,"Dissertation abstract reports lagged associations between objective meteorological exposures (temperature, heat index) and mental-disorder ED visits, but does not state the exact analytic design or provide numerical effect estimates with uncertainty.","Confirm analytic design is time-series or case-crossover with temporal exposure variation and a credible counterfactual. | Confirm exposure was assigned from objective gridded or downscaled meteorological data, not self-report. | Extract temperature- and heat-index-specific effect estimates with 95% CIs for mental-disorder ED visits. | Confirm outcomes are ED visits or admissions for diagnosed mental disorders, not self-reported symptoms. | Check for overlapping or duplicate publication from the same dissertation.",unclear,deepseek-v4-pro,deepseek-v4-pro,27483247-2b5b-4139-85c0-a310dd84af65,2244,2071,4315,2026-09-16T17:43:32Z,strict-inc-v1.0
D0128575,"The impact of meteorological factors on involuntary admission in Attica, Greece",2023,Psychiatriki,temperature,FULLTEXT_REVIEW,temperature,objective_or_verifiable,time_series,unclear,unclear,eligible,unclear_effect_extractability,medium,"Time-series study of 8 years using objective meteorological data and involuntary psychiatric admissions (eligible service use). Abstract reports direction/significance of temperature associations but no quantitative effect sizes or uncertainty, so extractability must be checked in full text. Exposure includes composite weather types; need verify hazard-specific temperature estimates and adjustment.","Verify extractable IRR/coefficient with CI for temperature (e.g., max temp) on involuntary admissions, including lag-specific estimates. | Confirm adjustment for seasonality, long-term trends, and autocorrelation in Poisson/negative binomial time-series models. | Determine whether a temperature-specific effect is reported separately from composite weather types/wind/humidity. | Confirm outcome counts are psychiatric service use (involuntary admissions) and all models use daily counts.",none_identified,deepseek-v4-pro,deepseek-v4-pro,20c608c4-5fed-43b8-8b9e-63a1556610b2,1813,1934,3747,2026-09-16T17:43:32Z,strict-inc-v1.0
D0128586,Impacts of high temperatures on cause-specific emergency department visits in North Carolina,2016,Dissertation Abstracts International: Section B: The Sciences and Engineering,temperature,FULLTEXT_REVIEW,temperature,objective_or_verifiable,time_series,unclear,likely_extractable,eligible,unclear_effect_extractability,medium,"Daily temperature and ED visits analyzed with Poisson regression suggest an objective time-series design, and mental illness ED visits are eligible psychiatric service use. However, the abstract reports only an inverse association for mental illness without a quantitative effect estimate or uncertainty, so full text is needed to extract a hazard-specific effect.","Reported rate ratio/relative risk and confidence interval for mental illness ED visits versus daily mean temperature. | Poisson models adjusted for seasonal/long-term trends, day of week, and other time-varying confounders. | Definition of the mental illness diagnosis group and whether it maps to psychiatric emergency visits. | Age- and sex-stratified mental illness temperature effect estimates extractable.",none_identified,deepseek-v4-pro,deepseek-v4-pro,2cc59502-c707-4256-a458-a7009a205d22,1813,1813,3626,2026-09-16T17:43:32Z,strict-inc-v1.0
D0128667,The population health impacts of large-scale disasters in Puerto Rico,2026,Dissertation Abstracts International: Section B: The Sciences and Engineering,cyclone,FULLTEXT_REVIEW,cyclone,unclear,unclear,unclear,unclear,eligible,unclear_design,low,"Dissertation combines quantitative pre/post Hurricane Maria prevalence study with self-reported exposure-predictor study and qualitative interviews. Abstract does not specify whether Study 1 uses multiple time points or a control group, nor does it report effect estimates/uncertainty. Full text must establish credible design and extractability.",Verify whether Study 1 uses multiple pre- and post-hurricane time points or an unexposed control group. | Confirm hurricane exposure in Study 1 is objectively defined (date/geographic impact) rather than self-reported experience. | Check whether Study 1 reports adjusted hazard-specific effect estimates with uncertainty. | Confirm psychiatric outcomes are limited to eligible mental-health categories. | Determine whether Study 2's self-reported unsanitary experiences can be separated or excluded.,none_identified,deepseek-v4-pro,deepseek-v4-pro,b5c133c6-5345-44f8-b94c-302f500e56bd,1672,5198,6870,2026-09-16T17:44:47Z,strict-inc-v1.0
D0128717,"Disaster, well-being, and sense of control: Testing a reciprocal path in the stress process model",2004,Dissertation Abstracts International Section A: Humanities and Social Sciences,flood,FULLTEXT_REVIEW,flood,unclear,unclear,unclear,unclear,eligible,multiple_issues,medium,"Prospective flood study with eligible outcomes but abstract does not specify objective exposure measurement, pre-event baseline/counterfactual, or report quantitative hazard effect; full text needed.","Verify flood exposure is objective/externally verifiable, not self-reported damage or perception. | Confirm pre-event baseline outcomes and temporal within-unit variation or quasi-experimental counterfactual. | Confirm hazard-specific adjusted effect and uncertainty are extractable.",none_identified,deepseek-v4-pro,deepseek-v4-pro,f44c715f-4b63-4120-9c6e-9feb17559b21,1655,1806,3461,2026-09-16T17:43:31Z,strict-inc-v1.0
D0128732,La evacuación por inundaciones y su impacto en la percepción de riesgo y el estrés postraumático,2015,Psicología y Salud,flood,NARRATIVE_ONLY,flood,self_report_only,cross_sectional,no,not_extractable,eligible,cross_sectional,high,"Cross-sectional survey of 79 high-risk flood zone residents comparing evacuated versus not evacuated groups; exposure status and outcomes are self-reported, with no pre-event baseline or objective flood measure, so no credible hazard-effect estimate is extractable.",,none_identified,deepseek-v4-pro,deepseek-v4-pro,477507ba-dc32-4b1b-8587-f13638883641,1651,1758,3409,2026-09-16T17:43:32Z,strict-inc-v1.0
D0128737,"The interaction of depression, anxiety and social support in predicting long-term distress in victims of hurricane andrew",1998,Dissertation Abstracts International: Section B: The Sciences and Engineering,cyclone,NARRATIVE_ONLY,cyclone,unclear,post_event_only,no,not_extractable,eligible,no_pre_event_baseline,high,"First assessment was about 3 months after Hurricane Andrew with no pre-event outcome; all participants were from severely impacted areas. Analyses are mediation of hurricane experience, not a hazard-effect estimate with a credible counterfactual.",,none_identified,deepseek-v4-pro,deepseek-v4-pro,5a951775-3e8b-4d64-a169-7c89ee5a5333,1658,1321,2979,2026-09-16T17:43:33Z,strict-inc-v1.0
D0128740,"Hurricane Katrina and youth anxiety: The role of parental anxiety, parental and youth attachment beliefs, and parenting behaviors",2007,Dissertation Abstracts International: Section B: The Sciences and Engineering,cyclone,NARRATIVE_ONLY,cyclone,unclear,longitudinal_with_prebaseline,no,not_extractable,eligible,descriptive_or_predictor_only,high,"Abstract reports a pre/post Hurricane Katrina study of youth anxiety/PTSD but only tests whether pre-Katrina anxiety and attachment beliefs predict or moderate post-Katrina outcomes; no hurricane exposure effect or uncertainty is reported, so no causal hazard estimate is extractable.",,none_identified,deepseek-v4-pro,deepseek-v4-pro,9019bfa6-511b-4b0b-8e7d-62debe8a963c,1728,2518,4246,2026-09-16T17:43:48Z,strict-inc-v1.0
D0128753,Long-term negative psychological effects of a flood on adolescents,2002,Polish Psychological Bulletin,flood,NARRATIVE_ONLY,flood,self_report_only,cross_sectional,no,not_extractable,eligible,self_report_exposure_only,high,"Single-wave cross-sectional survey 20 months post-flood; exposure variation is self-reported experiences/dangers/losses, with no pre-event baseline or credible counterfactual. Hierarchical regression cannot provide causal hazard effect.",,none_identified,deepseek-v4-pro,deepseek-v4-pro,cc1c47f1-66f9-49f2-872a-70e73c3b4411,1543,2511,4054,2026-09-16T17:43:44Z,strict-inc-v1.0
D0128755,Inondation au Québec. Étude longitudinale des effets à long terme sur la santé psychologique,2009,Revue Francophone du Stress et du Trauma,flood,NARRATIVE_ONLY,flood,objective_or_verifiable,post_event_only,no,not_extractable,eligible,no_pre_event_baseline,high,"Compares flood victims and non-victims at 8 years post-event; longitudinal changes within victims are described, but no pre-flood baseline or credible counterfactual is reported. Affected-versus-unaffected comparison alone cannot support a causal hazard effect.",,none_identified,deepseek-v4-pro,deepseek-v4-pro,abc8eeb1-f3d4-482f-a91b-c3a8d5f20473,1644,3645,5289,2026-09-16T17:43:59Z,strict-inc-v1.0
D0128764,"Variable and dynamic associations between hot weather, thermal comfort, and individuals’ emotional states during summertime",2024,BMC Psychology,temperature,FULLTEXT_REVIEW,temperature,objective_or_verifiable,panel_fixed_effects,unclear,unclear,eligible,unclear_effect_extractability,medium,"EMA study with objective climate-modeled weather and negative affect suggests repeated within-person temporal variation; however abstract reports only variance-explained and moderation, no quantitative temperature effect or uncertainty, so full text required.","Confirm exact analytic model for objective temperature on negative affect, including coefficients, CIs, and adjustment for time trends/confounders. | Confirm use of within-person temporal variation (e.g., fixed/random intercepts for participants) and exogenous short-term weather variation. | Verify negative affect measure is a validated mental health/subjective affect outcome and not only thermal comfort. | Report direct effect of objective temperature independent of thermal comfort, or state that it is null. | Describe sample, number of EMA observations, and missing data handling.",none_identified,deepseek-v4-pro,deepseek-v4-pro,7798c69f-e40a-46b2-8249-c38bf81bc970,1714,5277,6991,2026-09-16T17:44:18Z,strict-inc-v1.0
D0128792,Children's reactions to hurricane andrew: A forty-four month follow-up study,1998,Dissertation Abstracts International: Section B: The Sciences and Engineering,cyclone,NARRATIVE_ONLY,cyclone,unclear,post_event_only,no,not_extractable,eligible,no_pre_event_baseline,high,"Abstract describes an exposed-only longitudinal follow-up of children after Hurricane Andrew with repeated post-hurricane assessments but no pre-event outcome. It reports symptom persistence and predictors such as hurricane-related exposure severity, not a quantitative hazard effect with uncertainty.",,none_identified,deepseek-v4-pro,deepseek-v4-pro,4aaf86ab-c29b-475a-9c15-515d56d21fa9,1895,1700,3595,2026-09-16T17:43:44Z,strict-inc-v1.0
D0128794,Psychologiczne konsekwencje powodzi u dzieci i młodzieży,2000,Psychologia Wychowawcza,flood,NARRATIVE_ONLY,flood,self_report_only,post_event_only,no,not_extractable,eligible,multiple_issues,high,"Two post-flood waves compare children with self-reported home loss vs others after the 1997 Opole flood; no pre-flood outcome or credible counterfactual, and no quantitative effect with uncertainty is reported.",,none_identified,deepseek-v4-pro,deepseek-v4-pro,62aa0b4c-96e1-4d30-b600-e4d3b2b2f965,1583,2733,4316,2026-09-16T17:43:55Z,strict-inc-v1.0
D0128802,Identifying pathways to postdisaster smoking and alcohol consumption after a natural disaster: Findings from hurricane Katrina,2019,Dissertation Abstracts International: Section B: The Sciences and Engineering,cyclone,NARRATIVE_ONLY,cyclone,unclear,post_event_only,no,unclear,eligible,no_pre_event_baseline,medium,Post-event only cohort from Memphis and New Orleans at 9 and 18 months after Hurricane Katrina; no pre-event depression/PTSD outcomes reported. Affected/unaffected city comparison after the event lacks pre-event baseline or credible counterfactual. Depression/PTSD appear as mediators; no quantitative hazard effect with uncertainty in abstract.,,none_identified,deepseek-v4-pro,deepseek-v4-pro,9c8e3888-c733-43f4-a134-b148e00d694f,1692,5764,7456,2026-09-16T17:44:30Z,strict-inc-v1.0
D0128817,"The effect of Hurricane Katrina on mental health conditions in postpartum women: Hurricane experience, housing problems and coping with daily stress",2018,Dissertation Abstracts International: Section B: The Sciences and Engineering,cyclone|flood,NARRATIVE_ONLY,multiple,self_report_only,post_event_only,no,not_extractable,eligible,multiple_issues,high,"Prospective cohort interviewed only after Hurricane Katrina (6 weeks, 6 months, 12 months); no pre-event mental health baseline. Exposure is self-reported hurricane/flood experience and housing problems; no objective hazard variation or credible counterfactual; unsuitable for causal meta-analysis.",,unclear,deepseek-v4-pro,deepseek-v4-pro,6da10525-14de-4088-9b27-8d50424d9ab5,2094,1798,3892,2026-09-16T17:43:53Z,strict-inc-v1.0
D0128821,Cumulative trauma and the long-term health and recovery of disaster survivors,2024,Dissertation Abstracts International: Section B: The Sciences and Engineering,cyclone,NARRATIVE_ONLY,cyclone,self_report_only,post_event_only,no,not_extractable,eligible,descriptive_or_predictor_only,high,Dissertation on Hurricane Katrina survivors examines pre-disaster trauma as predictor of Katrina-related PTSD trajectories and qualitative resilience; no climate hazard effect with credible counterfactual or extractable hazard estimate.,,none_identified,deepseek-v4-pro,deepseek-v4-pro,87452fad-8658-4cdf-8584-d4a10f59003a,1777,1084,2861,2026-09-16T17:43:44Z,strict-inc-v1.0
D0128828,Psychological responses to drought in Northeastern Brazil: An exploratory study,2001,Dissertation Abstracts International: Section B: The Sciences and Engineering,drought,NARRATIVE_ONLY,drought,objective_or_verifiable,cross_sectional,no,likely_extractable,eligible,cross_sectional,high,"The study compares 102 residents of a drought area with 102 residents of a drought-free control city at a single time point using interviews. No pre-exposure outcome, temporal within-unit variation, or quasi-experimental counterfactual is reported; this is an exposed/unexposed single post-event cross-sectional comparison, unsuitable for causal meta-analysis.",,none_identified,deepseek-v4-pro,deepseek-v4-pro,30c1b29c-0d95-4e05-b52a-5fd3e38dad44,1724,1776,3500,2026-09-16T17:43:49Z,strict-inc-v1.0
D0128855,A longitudinal model of posttraumatic stress and posttraumatic growth in adults affected by hurricane Katrina,2022,Dissertation Abstracts International: Section B: The Sciences and Engineering,cyclone,NARRATIVE_ONLY,cyclone,objective_or_verifiable,post_event_only,no,not_extractable,eligible,no_hazard_variation,high,"Longitudinal path analysis of hurricane-exposed women only; no unexposed comparison, pre-event baseline, or exposure gradient. It models associations among PTSD, distress, and PTG rather than a hurricane effect.",,none_identified,deepseek-v4-pro,deepseek-v4-pro,ad8d22b2-d4bf-4170-93ac-460a65abda0f,1628,1956,3584,2026-09-16T17:43:53Z,strict-inc-v1.0
D0128882,Examination of the relationship between academic achievement and traumatic stress following Hurricane Katrina,2022,Dissertation Abstracts International Section A: Humanities and Social Sciences,cyclone,NARRATIVE_ONLY,cyclone,self_report_only,post_event_only,no,not_extractable,eligible,self_report_exposure_only,high,Abstract reports HURTE self-reported hurricane-related traumatic experiences only; PTSD measured post-Katrina without pre-event mental-health baseline; analyses link PTSD to academic achievement rather than estimating a hazard effect on mental health.,,unclear,deepseek-v4-pro,deepseek-v4-pro,55e6289c-f107-4906-a669-c77bbcf044a2,1674,2225,3899,2026-09-16T17:43:58Z,strict-inc-v1.0
D0128929,"Emotional distress trajectories of survivors of Hurricanes Katrina and Rita: Roles of predisaster distress, social functioning and disaster stress exposure",2010,Dissertation Abstracts International: Section B: The Sciences and Engineering,cyclone,FULLTEXT_REVIEW,cyclone,unclear,longitudinal_with_prebaseline,unclear,unclear,eligible,unclear_effect_extractability,medium,Abstract reports HLM trajectories of pre/post hurricane distress but no numeric hazard effect or uncertainty; exposure partly self-reported disaster stress. Full text must confirm objective hurricane exposure coding and extractable adjusted coefficients.,"Confirm hurricane occurrence is coded objectively (date/location) and is the main exposure. | Verify model includes pre-disaster baseline and accounts for time trends. | Check whether an adjusted coefficient/effect size with uncertainty for hurricane exposure on distress is reported. | Confirm self-reported disaster stress is a separate predictor, not the primary exposure.",none_identified,deepseek-v4-pro,deepseek-v4-pro,de2699d7-e420-48e4-9786-6f857a1363c5,1726,4183,5909,2026-09-16T17:44:18Z,strict-inc-v1.0
D0128953,Mental health outcomes of young adults amid COVID-19: Examining pre-pandemic and current factors,2024,Dissertation Abstracts International: Section B: The Sciences and Engineering,cyclone|wildfire,EXCLUDE,multiple,self_report_only,longitudinal_with_prebaseline,no,not_extractable,eligible,wrong_exposure,high,"Main exposure is COVID-19 pandemic, not a registered climate hazard; hurricane/wildfire exposure is a self-reported baseline predictor, and no climate-hazard effect is estimated.",,none_identified,deepseek-v4-pro,deepseek-v4-pro,322d7b34-75b1-47bb-9a63-7a071afeb656,2243,2452,4695,2026-09-16T17:44:00Z,strict-inc-v1.0
D0128955,Ambient exposures and population mental health in the U.S,2022,Dissertation Abstracts International: Section B: The Sciences and Engineering,temperature,FULLTEXT_REVIEW,temperature,objective_or_verifiable,case_crossover,yes,unclear,eligible,unclear_effect_extractability,medium,Abstract describes a case-crossover study of ambient temperature and psychiatric hospitalization but reports no numeric effect estimate or uncertainty; full text must confirm extractable quantitative temperature-specific adjusted effect.,"Report numeric estimate and confidence interval for cold-season ambient temperature and psychiatric hospitalization. | Confirm temperature exposure is objectively measured or modeled, not self-reported. | Provide temperature-specific adjusted effect distinct from PM2.5 and NO2. | Verify case-crossover temporal control and original Medicare human data. | Confirm outcome is psychiatric service use/hospitalization.",unclear,deepseek-v4-pro,deepseek-v4-pro,8f5d6a6e-4ecc-4c3f-91c2-bfda3cbb9bd2,2007,1969,3976,2026-09-16T17:43:55Z,strict-inc-v1.0
D0128964,Self-reported effects of a natural disaster on the health and well-being of working class males,1978,Crisis Intervention,flood,NARRATIVE_ONLY,flood,objective_or_verifiable,post_event_only,no,not_extractable,eligible,no_pre_event_baseline,high,"Abstract describes post-flood personal interviews comparing flooded men with non-flooded controls, but no pre-event mental-health baseline or credible counterfactual. Only descriptive distress duration is reported, not a flood-effect estimate with uncertainty for mental health.",,none_identified,deepseek-v4-pro,deepseek-v4-pro,f69e260f-c330-4ebf-becd-e019819cb33c,1569,1310,2879,2026-09-16T17:43:58Z,strict-inc-v1.0
D0128973,"Weathering the storm: The long-term consequences of Hurricane Katrina on mental health, mobility and recovery",2017,Dissertation Abstracts International Section A: Humanities and Social Sciences,cyclone,NARRATIVE_ONLY,cyclone,unclear,post_event_only,no,not_extractable,eligible,no_hazard_variation,high,"Sample is restricted to individuals highly affected by Hurricane Katrina; analyses concern mobility, household instability, and social support as predictors of mental health trajectories. No hurricane exposure contrast or pre-event baseline is described, so no extractable hazard effect.",,unclear,deepseek-v4-pro,deepseek-v4-pro,8eed0fb2-701a-488c-a974-fe80752560a9,1788,2267,4055,2026-09-16T17:44:07Z,strict-inc-v1.0
D0128977,Surviving the storm: An intersectional analysis of Hurricane Katrina’s effect on lingering physical and mental health disparities,2021,Dissertation Abstracts International: Section B: The Sciences and Engineering,cyclone,FULLTEXT_REVIEW,cyclone,objective_or_verifiable,unclear,unclear,unclear,eligible,unclear_design,medium,"Relevant cyclone and depression outcomes, but abstract does not specify whether mental-health outcomes were measured before and after Katrina, whether exposure has temporal variation, or whether it reports a hazard-specific adjusted effect with uncertainty; it focuses on race/sex disparities. Full text needed to establish design and extractability.",Whether mental health diagnoses are measured pre- and post-Katrina for the same individuals. | Whether Hurricane Katrina exposure is operationalized as an objective temporal shock or intensity gradient. | Whether models estimate an overall hazard effect on depression/negative emotional problems with uncertainty. | Whether adjusted mental-health effects can be extracted separately from race/sex interaction terms. | Whether a credible counterfactual for the hurricane effect exists beyond between-group disparity estimates.,unclear,deepseek-v4-pro,deepseek-v4-pro,8b4ef0f6-f2b0-4e63-ae48-5dbfa5187223,1685,3978,5663,2026-09-16T17:44:29Z,strict-inc-v1.0
D0129019,"Trajectories of psychological distress among low-income, female survivors of Hurricane Katrina",2012,Dissertation Abstracts International: Section B: The Sciences and Engineering,cyclone,NARRATIVE_ONLY,cyclone,self_report_only,descriptive,no,not_extractable,eligible,descriptive_or_predictor_only,high,"Longitudinal pre/post study of Katrina survivors, but uses LCGA to describe distress trajectories; hurricane-related stressors predict trajectory membership with no objective hazard variation or extractable hazard-effect estimate.",,unclear,deepseek-v4-pro,deepseek-v4-pro,e86f3941-b7fe-47a1-a875-50fecb562872,1679,3513,5192,2026-09-16T17:44:25Z,strict-inc-v1.0
D0129032,Situational and psychological predictors of coping responses and mental health outcomes among flood victims,1997,Dissertation Abstracts International: Section B: The Sciences and Engineering,flood,FULLTEXT_REVIEW,flood,unclear,longitudinal_with_prebaseline,unclear,unclear,eligible,unclear_effect_extractability,medium,"Prospective flood-victim study with pre-/post measures and psychopathology outcomes; abstract reports flood exposure predicting coping but not a direct hazard-specific mental-health effect with uncertainty, and exposure source/counterfactual are unclear; full text needed to confirm extractable effect.","Verify whether baseline is pre-flood and includes pre-exposure mental health outcome measures. | Determine whether flood exposure and losses are objectively measured or externally verifiable rather than self-reported. | Confirm whether the analysis estimates a direct effect of flood exposure on depression/anxiety outcomes with reported uncertainty. | Clarify the counterfactual: within-person pre-post, dose-response gradient, or comparator group. | Assess whether an adjusted hazard-specific effect on mental health is extractable from the structural model.",none_identified,deepseek-v4-pro,deepseek-v4-pro,3e94c5a7-c056-48f5-a3fd-d07d2b4a308d,1756,2854,4610,2026-09-16T17:44:19Z,strict-inc-v1.0
D0129106,Sex differences in the stress responses of children affected by Hurricane Katrina,2008,Dissertation Abstracts International: Section B: The Sciences and Engineering,cyclone,NARRATIVE_ONLY,cyclone,objective_or_verifiable,cross_sectional,no,unclear,eligible,cross_sectional,high,Post-event comparison of Hurricane Katrina-displaced youth versus matched controls with no pre-event outcome or within-unit temporal variation; unsuitable causal design.,,none_identified,deepseek-v4-pro,deepseek-v4-pro,435c4f5f-4c04-4596-b63a-4f87e61571d3,1688,1731,3419,2026-09-16T17:44:10Z,strict-inc-v1.0
D0129122,"Measuring exposure in natural disaster: A meta-analysis, an integrative data analysis, and a multi-wave longitudinal study of hurricane Katrina survivors",2013,Dissertation Abstracts International: Section B: The Sciences and Engineering,cyclone,NARRATIVE_ONLY,cyclone,unclear,post_event_only,no,not_extractable,eligible,no_pre_event_baseline,medium,"Abstract describes a four-wave longitudinal panel of Hurricane Katrina survivors examining disaster-related stressors/severity and mental health. No pre-event outcome or unexposed counterfactual is mentioned, and no numeric hazard effect or uncertainty is reported, so causal meta-analysis target is not supported.",Verify whether any wave predates Hurricane Katrina or includes a pre-event baseline mental health measure. | Check if exposure severity/stressors are objectively measured or externally verifiable rather than self-reported. | Confirm whether a quantitative hazard effect with uncertainty is extractable from the longitudinal models.,none_identified,deepseek-v4-pro,deepseek-v4-pro,79a729ef-217e-43d8-a2c2-bbbe1f4633ea,1646,4122,5768,2026-09-16T17:44:37Z,strict-inc-v1.0
D0129180,Difficultés et effets a-6 long terme d'une catastrophe en milieu rural: Étude combinant les approches qualitative et quantitative,2002,Revue Québécoise de Psychologie,flood,NARRATIVE_ONLY,flood,objective_or_verifiable,post_event_only,no,unclear,eligible,no_pre_event_baseline,high,"Cross-sectional comparison of flood-affected vs unaffected adults 3 years post-event; no pre-event baseline or temporal counterfactual, so causal inference is not supported.",,none_identified,deepseek-v4-pro,deepseek-v4-pro,541a605e-f723-4964-bd00-e578e0dc3423,1601,1426,3027,2026-09-16T17:44:09Z,strict-inc-v1.0
D0129517,"Associations between mortality, morbidity from injuries and meteorological factors in Hong Kong: A time-series study",2020,Dissertation Abstracts International: Section B: The Sciences and Engineering,temperature,META_ELIGIBLE,temperature,objective_or_verifiable,time_series,yes,reported_with_uncertainty,eligible,eligible,high,"Daily time-series used objective Hong Kong Observatory temperature and GAM/DLNM to estimate temperature-suicide mortality RR 1.59 (95% CI 1.33-1.91), meeting exposure, outcome, design, and extractable effect criteria.",,none_identified,deepseek-v4-pro,deepseek-v4-pro,79015e4d-dd2d-4984-8609-1dc297fc0798,2326,854,3180,2026-09-16T17:44:05Z,strict-inc-v1.0
D0129532,"Impact of emergency evacuations on skilled nursing facilities residents' health during 2009 floods in Fargo, North Dakota",2015,Dissertation Abstracts International: Section B: The Sciences and Engineering,flood,NARRATIVE_ONLY,flood,objective_or_verifiable,post_event_only,no,not_extractable,unclear,no_pre_event_baseline,high,"Abstract describes a post-event comparison of evacuated vs control SNFs during the 2009 flood, with no stated pre-event outcome or credible counterfactual; exposed/unexposed post-event comparison alone is not eligible. Mental health outcome (mood/negative statements) is also unclear.","Verify whether pre-flood MDS assessments were used for both evacuated and control residents. | Confirm whether the mental health outcome is a validated depression, anxiety, or distress measure. | Check if flood exposure itself, not only evacuation status, is analyzed with a credible counterfactual.",none_identified,deepseek-v4-pro,deepseek-v4-pro,b9e0f12d-dc94-46d8-81e4-9ce980f5de73,1815,2365,4180,2026-09-16T17:44:22Z,strict-inc-v1.0
D0129680,An SCL-90 evaluation in paratroopers before and after anti-flood rescue,2000,Chinese Mental Health Journal,flood,NARRATIVE_ONLY,flood,ineligible,longitudinal_with_prebaseline,no,not_extractable,eligible,no_hazard_variation,high,"Single group of 200 paratroopers assessed before and after one anti-flood rescue mission; no unexposed comparison, exposure gradient, or variation in flood exposure. Changes in SCL-90 scores are descriptive pre/post mission effects, not a flood hazard effect.",,none_identified,deepseek-v4-pro,deepseek-v4-pro,617cee23-57e5-4c15-83c1-6d299d1c1c42,1569,3676,5245,2026-09-16T17:44:37Z,strict-inc-v1.0
D0129871,The influence of weather on moods: An idiographic and nomothetic approach,2002,Dissertation Abstracts International: Section B: The Sciences and Engineering,temperature,FULLTEXT_REVIEW,temperature,objective_or_verifiable,time_series,unclear,unclear,eligible,unclear_effect_extractability,medium,"Repeated-measures study with archived weather and mood is plausible, but abstract reports only a range of weighted mean correlations (-.05 to .04) without exact temperature-specific estimates or uncertainty. Full text must establish isolated hazard effects and credible time-series controls.","Report exact temperature-specific effect sizes with standard errors, confidence intervals, or p-values. | Verify that temperature effects are isolated from humidity, solar radiation, and cloud variables. | Confirm time-series controls for temporal trends, seasonality, and autocorrelation. | Confirm the Mood Inventory sadness/happiness measures an eligible affect/wellbeing outcome. | Clarify whether extractable adjusted effects are reported for the temperature-mood pairs.",none_identified,deepseek-v4-pro,deepseek-v4-pro,8e819b81-75bf-4ea3-8168-6744775e6dfd,1836,6888,8724,2026-09-16T17:45:17Z,strict-inc-v1.0
D0129949,Utjecaj meteoroloških čimbenika na učestalost samoubojstava,2001,Socijalna Psihijatrija,temperature,FULLTEXT_REVIEW,temperature,objective_or_verifiable,unclear,unclear,unclear,eligible,unclear_effect_extractability,medium,"Abstract reports an ecological analysis of daily meteorological factors and 387 suicides in Split, Croatia, 1992-1996, finding no correlation with temperature but no effect estimates or uncertainty; design and counterfactual details are not stated.","Confirm whether design is a daily/weekly time-series or case-only analysis with meteorological exposure. | Verify whether model controls for seasonality, long-term trend, and autocorrelation. | Report temperature-specific effect estimate and confidence interval for suicide counts. | Define exposure window (same-day, lagged, or weather-change variable) and meteorological data source. | Check if any extractable quantitative effect is reported for temperature separate from other weather variables.",none_identified,deepseek-v4-pro,deepseek-v4-pro,527eeeb3-0d86-4035-a4c6-21a8381e5813,1537,1994,3531,2026-09-16T17:44:21Z,strict-inc-v1.0
