source_row,dedup_id,title,year,journal,candidate_topics,gpt_decision,gpt_reason,deepseek_decision,deepseek_reason,recommended_action
1,D0000010,"Psychological symptoms in older adults following natural disaster: Nature, timing, duration, and course",1989,Journals of Gerontology,flood,FULLTEXT_REVIEW,"The panel was interviewed before and after two floods and affect changed with personal loss and community destruction, but the abstract does not state how those exposure measures were obtained or report effect uncertainty.",FULLTEXT_REVIEW,"Prospective panel interviewed before and after two floods; flood exposure measured at individual/community levels; negative/positive affect are eligible outcomes. Abstract reports associations but no numeric effect size or uncertainty, so full text is needed to confirm extractable adjusted effects.",FULLTEXT_REVIEW
2,D0000042,Flood experience and posttraumatic trait anxiety in Appalachia,1989,Psychological Reports,flood,NARRATIVE_ONLY,Trait anxiety was measured once after the 1972 flood in an affected community and a nearby comparison community; no pre-event outcome or temporal counterfactual is described.,NARRATIVE_ONLY,"Abstract describes a single post-event comparison of flood-affected Buffalo Creek residents versus nearby Kopperston residents on trait anxiety, with no pre-flood outcome or within-unit temporal variation. Affected-versus-unaffected comparison alone is not a credible counterfactual for the causal meta-analysis.",DO_NOT_ADVANCE_MAIN_META
3,D0000074,"The aetiology of post-traumatic morbidity: Predisposing, precipitating and perpetuating factors",1989,The British Journal of Psychiatry,wildfire,NARRATIVE_ONLY,"Firefighters were first studied four months after the bushfire and followed only after exposure; disaster exposure and losses came from participant inventories, with no pre-event mental-health baseline.",NARRATIVE_ONLY,Assessed only at 4/11/29 months after bushfire with no pre-exposure outcome or unexposed comparison; degree of exposure/losses appears self-reported. This exposed-only post-event predictor analysis cannot support a causal hazard effect.,DO_NOT_ADVANCE_MAIN_META
4,D0000111,Morbidity of hurricane elena,1988,Southern Medical Journal,cyclone,FULLTEXT_REVIEW,"Emergency-department logs cover one week before and two weeks after Hurricane Elena and psychiatric visits increased, but the abstract gives neither a modeled temporal counterfactual nor an effect estimate with uncertainty.",FULLTEXT_REVIEW,"Abstract reports a significant increase in ED patients treated for psychiatric problems after Hurricane Elena versus a one-week pre-storm period, suggesting objective cyclone exposure, eligible psychiatric service use outcome, and a pre/post longitudinal baseline. However no quantitative effect size or uncertainty is reported, so extractability requires full-text confirmation.",FULLTEXT_REVIEW
5,D0000116,Prior experience as a moderator of disaster impact on anxiety symptoms in older adults.,1988,American journal of community psychology,flood,FULLTEXT_REVIEW,"The same adults were assessed before and after flooding and preflood symptoms were controlled, but the source of personal/community flood-impact measures and extractable uncertainty are not reported.",FULLTEXT_REVIEW,"Panel with pre/post flood design and anxiety outcomes; however abstract does not specify whether flood impact exposure was objective/verifiable or self-report, and lacks quantitative estimates with uncertainty.",FULLTEXT_REVIEW
6,D0000159,The longitudinal course of posttraumatic morbidity: The range of outcomes and their predictors,1988,Journal of Nervous and Mental Disease,wildfire,NARRATIVE_ONLY,"The study follows an exposed firefighter cohort over 25 post-bushfire months and analyzes morbidity trajectories and predictors, without a pre-event outcome or changing objective hazard exposure.",NARRATIVE_ONLY,"Exposed-only cohort of 469 firefighters followed 25 months after a bushfire disaster; no pre-event outcome or unexposed comparator, and abstract reports predictors/patterns rather than a hazard effect, so no credible counterfactual.",DO_NOT_ADVANCE_MAIN_META
7,D0000167,The aetiology of post-traumatic stress disorders following a natural disaster,1988,The British Journal of Psychiatry,wildfire,NARRATIVE_ONLY,"The longitudinal label refers to follow-up after bushfire exposure; the abstract gives no pre-event PTSD outcome and evaluates perceived threat, losses, and personal predictors.",NARRATIVE_ONLY,"Exposed firefighter cohort followed post-bushfire; no pre-event mental health outcome or unaffected comparison is described. Exposure intensity was assessed as a predictor but the abstract reports no quantitative hazard effect, only premorbid personality/history correlates of PTSD.",DO_NOT_ADVANCE_MAIN_META
8,D0000191,Posttraumatic Phenomena in a Longitudinal Study of Children Following a Natural Disaster,1987,Journal of the American Academy of Child and Adolescent Psychiatry,wildfire,NARRATIVE_ONLY,The exposed schoolchildren were followed only after the bushfire; the study describes prevalence over 18 months and predictors rather than an objective hazard effect with a counterfactual.,NARRATIVE_ONLY,"Abstract reports longitudinal post-bushfire prevalence stability and maternal predictors of posttraumatic phenomena, but no pre-event baseline, unexposed comparator, hazard effect estimate, or uncertainty. This is descriptive/predictor analysis, not a hazard effect for causal meta-analysis.",DO_NOT_ADVANCE_MAIN_META
9,D0000199,A longitudinal study of the psychological morbidity in children due to a natural disaster,1987,Psychological Medicine,wildfire,NARRATIVE_ONLY,Psychological morbidity was first measured two months after the bushfire and then followed in the exposed group; the comparison is post-event and no pre-event outcome baseline is described.,NARRATIVE_ONLY,"Abstract reports post-fire prevalence of child psychological morbidity at 2, 8, and 26 months and comparison to a selected group; no pre-event baseline or credible counterfactual is described, and no extractable hazard effect with uncertainty is reported.",DO_NOT_ADVANCE_MAIN_META
10,D0000370,The effect of disaster on the health and well-being of older women.,1985,International journal of aging & human development,flood,NARRATIVE_ONLY,A retrospective survey five years after the flood compares victims with controls and asks perceived flood effects; there is no prospectively measured pre-event mental-health outcome.,NARRATIVE_ONLY,Retrospective cohort survey five years after a major flood compares 122 female victims and 45 controls from the same communities. No pre-event outcome or credible counterfactual; this is a single post-event exposed/unexposed comparison.,DO_NOT_ADVANCE_MAIN_META
11,D0000510,Mortality and economic instability: Detailed analyses for Britain and comparative analyses for selected industrialized countries,1983,International Journal of Health Services,temperature,EXCLUDE,The study's primary explanatory focus is economic change and unemployment; unusually cold winter temperature is only one additional environmental factor in a broad mortality model.,EXCLUDE,"Title and abstract center on economic instability and unemployment as primary exposures; unusually cold winter temperatures are mentioned only as an additional environmental risk factor among alcohol/cigarette use, not the main climate-hazard exposure. Suicide mortality is eligible, but the hazard is non-primary.",DO_NOT_ADVANCE_MAIN_META
12,D0000601,Cyclone '78 in Sri Lanka--the mental health trail.,1981,The British journal of psychiatry : the journal of mental science,cyclone,NARRATIVE_ONLY,"The affected population was followed after the 1978 cyclone and morbidity was described through one year, with no pre-cyclone outcome or unaffected temporal counterfactual.",NARRATIVE_ONLY,"Post-disaster longitudinal follow-up of affected population only; no pre-cyclone outcome or unaffected comparison is described, and outcomes are reported as descriptive morbidity/prevalence rather than a quantitative hazard effect with uncertainty.",DO_NOT_ADVANCE_MAIN_META
13,D0000764,Cyclone Tracy and Darwin evacuees: On the restoration of the species,1977,The British Journal of Psychiatry,cyclone,NARRATIVE_ONLY,"Cyclone evacuees were assessed only after the event, and change was judged against a general-population control level rather than a measured pre-event or concurrent counterfactual.",NARRATIVE_ONLY,"Follows 675 Darwin evacuees after Cyclone Tracy with post-event GHQ assessments at initial, 10 weeks, and 14 months; no pre-event baseline or credible unexposed counterfactual, so course/predictor findings are descriptive rather than a hazard effect.",DO_NOT_ADVANCE_MAIN_META
14,D0000781,"The Brisbane floods, January 1974: their impact on health.",1976,The Medical journal of Australia,flood,NARRATIVE_ONLY,"Flooded and non-flooded families were interviewed during the year after the event, but no pre-event psychological outcome was measured and reported changes were retrospective.",NARRATIVE_ONLY,"Flooded vs non-flooded families were interviewed only in the 12 months after the 1974 Brisbane flood, with no pre-flood outcome baseline. This single post-event exposed/unexposed comparison does not provide a credible counterfactual for the causal meta-analysis.",DO_NOT_ADVANCE_MAIN_META
15,D0001122,Psychological distress and somatic symptoms after natural disaster: differential vulnerability among older adults.,1990,Psychology and aging,flood,FULLTEXT_REVIEW,"A panel was measured before and after the flood and flood exposure predicted increases in depression and anxiety, but the abstract omits the exposure source and effect estimates with uncertainty.",FULLTEXT_REVIEW,"Panel pre/post flood design suggests temporal counterfactual, but abstract reports no quantitative flood effect/uncertainty and does not specify objective individual flood exposure measurement.",FULLTEXT_REVIEW
16,D0001227,The impact of hurricane hugo and the san francisco earthquake on a sample of people with rheumatoid arthritis,1991,Arthritis Rheumatism,cyclone,FULLTEXT_REVIEW,"The ongoing cohort supplies pre-disaster ratings and a broader comparison sample, but Hurricane Hugo and an earthquake are combined and no hurricane-specific depression estimate or uncertainty is reported.",FULLTEXT_REVIEW,"Abstract reports significantly increased depression from pre- to post-disaster relative to an unaffected cohort, suggesting a quasi-experimental pre/post design, but it gives no quantitative effect size/CI and pools hurricane with earthquake; full text must confirm objective exposure and a hurricane-specific adjusted depression estimate.",FULLTEXT_REVIEW
17,D0001391,The effects of a natural disaster on child behavior: Evidence for posttraumatic stress,1993,American Journal of Public Health,flood,EXCLUDE,"The measured outcomes reported are aggressive behavior and enuresis; the abstract does not report an eligible measured mental-health outcome such as distress, depression, anxiety, or PTSD.",EXCLUDE,"Flood study with pre/post measurements, but outcomes are aggressive behavior and enuresis, not eligible mental-health outcomes; no PTSD, depression, anxiety, or distress measure reported in abstract.",DO_NOT_ADVANCE_MAIN_META
18,D0001404,Post-traumatic stress disorder in adolescents after a hurricane,1993,American Journal of Epidemiology,cyclone,NARRATIVE_ONLY,"Adolescents completed one survey a year after Hurricane Hugo, and the hurricane-exposure odds ratio is based on self-reported post-event exposure without a pre-event outcome.",NARRATIVE_ONLY,Single-wave cross-sectional survey conducted 1 year after Hurricane Hugo; no pre-event baseline or temporal counterfactual; exposure appears self-reported; adjusted OR not a credible hazard effect.,DO_NOT_ADVANCE_MAIN_META
19,D0001472,A test of the social support deterioration model in the context of natural disaster.,1993,Journal of personality and social psychology,flood,FULLTEXT_REVIEW,"Older adults were interviewed before and twice after a flood and disaster stress affected depression, but the abstract does not define the disaster-exposure measure or provide extractable effects and uncertainty.",FULLTEXT_REVIEW,"Prospective pre/post flood design with depression outcome is plausible, but abstract does not specify objective exposure measurement or report a quantitative hazard effect with uncertainty.",FULLTEXT_REVIEW
20,D0001539,Psychological distress of adolescents exposed to Hurricane Hugo,1994,Journal of Traumatic Stress,cyclone,NARRATIVE_ONLY,Students were surveyed once one year after Hurricane Hugo; exposure and distress were measured in the same post-event questionnaire with no pre-event outcome or credible temporal counterfactual.,NARRATIVE_ONLY,"Single-wave post-event survey of adolescents one year after Hurricane Hugo; exposure measured via self-administered questionnaire (self-report), no pre-event baseline or credible counterfactual; reports association only. Not eligible for causal meta-analysis.",DO_NOT_ADVANCE_MAIN_META
21,D0001554,"Predictors of posttraumatic stress symptoms among survivors of the Oakland/Berkeley, Calif., Firestorm",1994,American Journal of Psychiatry,wildfire,NARRATIVE_ONLY,Participants were recruited after the fire and followed for posttraumatic symptoms; fire contact and immediate reactions were self-reported and no pre-fire mental-health outcome was available.,NARRATIVE_ONLY,"Exposed-only follow-up of firestorm survivors recruited post-event; PTSD measured 7-9 months later with no pre-fire outcome. Variation in contact is self-reported, and analyses predict PTSD from symptoms/life events rather than estimate a hazard effect against a counterfactual.",DO_NOT_ADVANCE_MAIN_META
22,D0001664,Posttraumatic Stress Disorder in Adolescents after Hurricane Andrew,1995,Journal of the American Academy of Child and Adolescent Psychiatry,cyclone,NARRATIVE_ONLY,The telephone survey was conducted once six months after Hurricane Andrew and focused on prevalence and correlates; it has no pre-event outcome or quasi-experimental counterfactual.,NARRATIVE_ONLY,"Six-month post-hurricane cross-sectional telephone survey reporting PTSD prevalence and correlates by age and undesirable events; no pre-event baseline, unexposed counterfactual, or hazard-specific effect estimate with uncertainty. Design unsuitable for causal meta-analysis.",DO_NOT_ADVANCE_MAIN_META
23,D0001665,Psychological Effects of Hurricane Andrew on an Elementary School Population,1995,Journal of the American Academy of Child and Adolescent Psychiatry,cyclone,FULLTEXT_REVIEW,"High- and low-impact schools were assessed twice after Hurricane Andrew and pre/post school behavior records were compared, but the abstract does not establish a hazard-effect counterfactual for the mental-health scales or report uncertainty.",NARRATIVE_ONLY,"Relevant cyclone mental-health study, but PTS outcome is measured only at 8 and 32 weeks post-hurricane in HI- vs LO-impact schools; no pre-event PTS baseline or credible counterfactual. Disruptive behavior pre-post is not an eligible mental-health outcome.",ADJUDICATE_PRIORITY
24,D0001807,"Disaster related stresses, depressive signs and symptoms, and suicidal ideation among a multi-racial/ethnic sample of adolescents: A longitudinal analysis",1996,Child Psychology & Psychiatry & Allied Disciplines,cyclone,FULLTEXT_REVIEW,"The longitudinal analysis includes pre-hurricane depression and suicidal ideation and models post-hurricane ideation, but the hurricane-stress measure and effect uncertainty are not described.",NARRATIVE_ONLY,"Abstract uses self-reported 'hurricane generated stresses' as the exposure and describes all participants as exposed to Hurricane Andrew; no objective or externally verifiable hazard variation is used, so it cannot estimate a hazard effect.",ADJUDICATE_PRIORITY
25,D0002034,Children's predisaster functioning as a predictor of posttraumatic stress following Hurricane Andrew.,1998,Journal of consulting and clinical psychology,cyclone,NARRATIVE_ONLY,"Although anxiety was measured before Hurricane Andrew, the hazard contrast is children's self-reported hurricane-related experiences, with no external exposure linkage described.",NARRATIVE_ONLY,"Children self-reported hurricane-related experiences as exposure; PTS measured only postdisaster. Although predisaster anxiety exists, hazard variation is self-reported, so unsuitable for causal meta-analysis.",DO_NOT_ADVANCE_MAIN_META
26,D0002149,Suicide after natural disasters,1998,New England Journal of Medicine,flood|cyclone,META_ELIGIBLE,"Officially declared disasters define exposure; county suicide rates over 36 pre- and 48 post-event months are benchmarked against national rates, with flood- and hurricane-specific percentage changes and P values.",META_ELIGIBLE,"Uses U.S. federal disaster declarations as objective exposure; compares 36-month pre-disaster and 48-month post-disaster suicide rates in affected counties, with national rates as comparison. Reports flood and hurricane effects with p-values.",PRIORITY_FULLTEXT
27,D0002175,Post-disaster service provision following proactive identification of children with emotional distress and depression,1999,Australian and New Zealand Journal of Psychiatry,wildfire,NARRATIVE_ONLY,"Children were screened once six months after the bushfire; the paper reports prevalence and associations with self-reported traumatic experiences, without a pre-event outcome.",NARRATIVE_ONLY,"Single-wave post-disaster screening of 601 students 6 months after bushfire; prevalence and correlates of distress/depression only; no unexposed comparison, pre-event baseline, or objective hazard variation. Self-reported evacuation/perceptions are predictors, so no causal hazard effect extractable.",DO_NOT_ADVANCE_MAIN_META
28,D0002368,Natural disaster and depression: A prospective investigation of reactions to the 1993 Midwest floods,2000,American Journal of Community Psychology,flood,FULLTEXT_REVIEW,"The statewide sample was assessed before and after the 1993 floods with control-group comparisons, but the abstract describes only small rises and does not report an effect estimate with uncertainty.",FULLTEXT_REVIEW,"Prospective pre/post flood study with control group and depression outcomes, but abstract does not specify how flood victim/exposure status was assigned (objective vs self-report), and reported effects lack uncertainty. Full text needed to confirm causal design and extraction.",FULLTEXT_REVIEW
29,D0002593,Posttraumatic stress and depressive reactions among Nicaraguan adolescents after Hurricane Mitch,2001,American Journal of Psychiatry,cyclone,NARRATIVE_ONLY,Adolescents were evaluated once six months after Hurricane Mitch across cities and by reported experiences; the post-event exposure gradient lacks a pre-event outcome or credible temporal counterfactual.,NARRATIVE_ONLY,"Six months after Hurricane Mitch, 158 adolescents from three differentially exposed cities were assessed once, with no pre-event outcome. Severity followed a post-event dose-of-exposure pattern across cities, a design without a credible temporal counterfactual.",DO_NOT_ADVANCE_MAIN_META
30,D0002661,Childhood posttraumatic stress disorder and efforts to cope after Hurricane Floyd,2002,Behavioral Medicine,cyclone|flood,NARRATIVE_ONLY,"Children were assessed once six months after Hurricane Floyd, and the exposure contrast was a self-reported flooded home without a pre-event PTSD measure.",NARRATIVE_ONLY,Single-wave survey 6 months post-Hurricane Floyd in affected children; compares self-reported home flooding (flooded vs not) with PTSD symptoms. No pre-event baseline or credible counterfactual; reports prevalence and association only.,DO_NOT_ADVANCE_MAIN_META
31,D0002777,Immune function and affective states following a natural disaster.,2002,Psychological reports,cyclone,NARRATIVE_ONLY,"Students were assessed after Hurricane Andrew and compared by neighborhood damage in a single post-event analysis, with no pre-event affect outcome.",NARRATIVE_ONLY,"Post-event single-time comparison of negative affect between storm-damaged and less damaged neighborhoods after Hurricane Andrew; no pre-event baseline or temporal variation, so cannot estimate causal hazard effect. Damage-severity association only.",DO_NOT_ADVANCE_MAIN_META
32,D0002896,Assessment of exposure to a flood disaster in a mental-health study,2003,Journal of Exposure Analysis and Environmental Epidemiology,flood,NARRATIVE_ONLY,"The study is explicitly cross-sectional five years after the flood; cumulative reported stressors were map-validated, but no pre-event outcome or temporal counterfactual exists.",NARRATIVE_ONLY,Abstract explicitly describes a cross-sectional study 5 years post-flood with retrospective exposure interviews and concurrent PTSD symptoms; no pre-event outcome or credible counterfactual for causal meta-analysis.,DO_NOT_ADVANCE_MAIN_META
33,D0003060,Youth suicide and hurricane Andrew,2003,Journal of the American Academy of Child & Adolescent Psychiatry,cyclone,FULLTEXT_REVIEW,"The abstract only says youth suicides were examined before and after Hurricane Andrew and by proximity; it omits exposure source, analytic design, estimates, and uncertainty.",FULLTEXT_REVIEW,"Abstract states the study examined pre/post prevalence of youth suicides and proximity to Hurricane Andrew impact, but provides no effect estimate, uncertainty, or clear design. Outcome and objective exposure are plausible, but extractability and counterfactual cannot be confirmed from abstract.",FULLTEXT_REVIEW
34,D0003115,"The Course of PTSD, Major Depression, Substance Abuse, and Somatization After a Natural Disaster",2004,Journal of Nervous and Mental Disease,flood,NARRATIVE_ONLY,Survivors were diagnostically assessed at four and 16 months postflood; retrospectively classified predisaster disorders do not supply a prospectively measured pre-event outcome.,NARRATIVE_ONLY,"Flood survivors were assessed only at 4 and 16 months postdisaster; abstract reports prevalence, remission, and comorbidity predictors, with no pre-flood baseline, unexposed comparison, or flood-effect estimate with uncertainty.",DO_NOT_ADVANCE_MAIN_META
35,D0003383,Psychological and psychopathological reactions in Honduras following Hurricane Mitch: implications for service planning.,2005,Revista panamericana de salud publica = Pan American journal of public health,cyclone,NARRATIVE_ONLY,Respondents were assessed once two months after Hurricane Mitch; high/low area impact and reported traumatic events form only a post-event exposure gradient.,NARRATIVE_ONLY,"Single-wave cross-sectional survey two months after Hurricane Mitch compares high- vs low-impact areas, with no pre-event outcome or temporal counterfactual; reports post-event prevalence and group differences only.",DO_NOT_ADVANCE_MAIN_META
36,D0003415,Regional impact of Hurricane Isabel on emergency departments in Coastal Southeastern Virginia,2005,Academic Emergency Medicine,cyclone,FULLTEXT_REVIEW,"Administrative ED visits after Hurricane Isabel are compared with a six-month pre-landfall average, but no modeled counterfactual or uncertainty is reported for psychiatric visits.",NARRATIVE_ONLY,"Abstract reports descriptive ED psychiatric complaint counts before and after Hurricane Isabel (e.g., 13 average daily pre-landfall, 6 on landfall, 10 subsequent days) with percentage changes but no adjusted effect or uncertainty. No credible causal counterfactual for mental-health outcome.",ADJUDICATE_PRIORITY
37,D0003421,Use of mental health services after Hurricane Floyd in North Carolina,2005,Psychiatric Services,cyclone,FULLTEXT_REVIEW,"The study explicitly uses difference-in-differences with severely affected and unaffected counties, but the abstract reports significance without effect magnitudes or uncertainty.",FULLTEXT_REVIEW,"Difference-in-differences with pre-post data and affected vs unaffected counties provides plausible counterfactual. Outcomes are mental health service use. However abstract reports only statistical significance, not effect sizes or confidence intervals, and county classification source is unspecified, so quantitative extractability and exposure verification require full text.",FULLTEXT_REVIEW
38,D0003439,Associations of pre-trauma attributes and trauma exposure with screening positive for PTSD: Analysis of a community-based study of 2085 young adults,2006,Psychological Medicine,wildfire,NARRATIVE_ONLY,"Pre-fire mental health was available, but the hazard contrast consists of retrospectively reported fire experiences, threat, evacuation, and distress without external exposure linkage.",NARRATIVE_ONLY,"Post-bushfire study uses self-reported trauma experiences and reactions as exposure and assesses PTSD symptoms only after the fire, with no pre-event PTSD outcome or credible counterfactual.",DO_NOT_ADVANCE_MAIN_META
39,D0003445,"Inter-annual rainfall variations and suicide in New South Wales, Australia, 1964-2001",2006,International Journal of Biometeorology,drought,FULLTEXT_REVIEW,"Annual precipitation variation is related to suicide over decades and a 300-mm contrast is quantified, but the precipitation source and effect uncertainty are absent.",FULLTEXT_REVIEW,"Abstract reports a statistically significant association between annual precipitation and suicide, with an 8% effect per 300 mm decrease, but does not report uncertainty (CI/SE) or explicitly confirm an adjusted model controlling long-term trends noted as confounders. Full text must verify effect extractability and design.",FULLTEXT_REVIEW
40,D0003490,"Prevalence, risk factors and aging vulnerability for psychopathology following a natural disaster in a developing country",2005,International Journal of Geriatric Psychiatry,cyclone,NARRATIVE_ONLY,"This is a single post-Hurricane Mitch survey comparing reported exposure intensity and psychopathology, without a pre-event outcome or temporal counterfactual.",NARRATIVE_ONLY,"Single-wave post-hurricane cross-sectional survey; outcomes measured only after Hurricane Mitch, no pre-event baseline; high/low exposure comparison is a post-event damage gradient, not a credible counterfactual. Reports prevalence and risk-factor associations, not an extractable causal hazard effect.",DO_NOT_ADVANCE_MAIN_META
41,D0003717,Mental illness and suicidality after Hurricane Katrina,2006,Bulletin of the World Health Organization,cyclone,FULLTEXT_REVIEW,"Independent pre- and post-Katrina regional surveys show quantified prevalence differences, but the abstract does not establish an unaffected control or another credible counterfactual for secular change.",NARRATIVE_ONLY,"Compares two separate cross-sectional samples before and after Hurricane Katrina in the same area; no within-person pre-exposure outcome or contemporaneous control, so lacks credible counterfactual for causal effect.",ADJUDICATE_PRIORITY
42,D0003791,The health effects of flooding: Social research results from England and Wales,2006,Journal of Water and Health,flood,NARRATIVE_ONLY,Residents were interviewed after flooding and compared with at-risk but unflooded residents and the general population; no pre-event outcome was measured.,NARRATIVE_ONLY,"Post-event survey compares flooded residents with at-risk not flooded and general population; no pre-event baseline or credible counterfactual. Reports GHQ-12 prevalence and correlates, not a causal hazard effect.",DO_NOT_ADVANCE_MAIN_META
43,D0003905,An epidemiologic study of posttraumatic stress disorder in flood victims in Hunan China,2006,Canadian Journal of Psychiatry,flood,NARRATIVE_ONLY,The retrospective survey measures PTSD and flood severity once among flood victims; post-event flood-type and severity odds ratios lack a pre-event outcome or temporal counterfactual.,NARRATIVE_ONLY,"Retrospective post-flood survey of PTSD prevalence and risk factors among flood victims only; no pre-event baseline or unexposed comparison, and flood type/severity associations are within-exposed predictors rather than a flood effect with a credible counterfactual.",DO_NOT_ADVANCE_MAIN_META
44,D0003963,Population health effects of air quality changes due to forest fires in British Columbia in 2003: Estimates from physician-visit billing data,2006,Canadian Journal of Public Health,wildfire,FULLTEXT_REVIEW,"Monitored fire PM and weekly physician visits are compared with ten prior years, but the abstract gives no quantitative mental-illness estimate or uncertainty.",FULLTEXT_REVIEW,"Objective PM from monitoring; mental illness physician visits measured; compares weekly rates during fire weeks to 10-year historical baseline, but abstract only states no mental disorder effects were seen, with no numeric estimate or uncertainty for mental health.",FULLTEXT_REVIEW
45,D0004099,Morbidity and mortality during heatwaves in metropolitan Adelaide,2007,Medical Journal of Australia,temperature,META_ELIGIBLE,Administrative outcomes during heatwaves and non-heatwave periods are compared over many years; mental-health admissions increased 7% with a 95% confidence interval.,META_ELIGIBLE,"Case-series comparing heatwave vs non-heatwave periods in Adelaide; reports total mental health admissions increased 7% (95% CI 1%-13%), an eligible psychiatric service use outcome, with objective heatwave exposure and temporal control.",PRIORITY_FULLTEXT
46,D0004110,The August 2003 heat wave in France: effects on psychiatric disorders and suicidal behavior,2008,Presse Medicale,temperature,FULLTEXT_REVIEW,"Psychiatric emergencies during the 2003 heatwave are compared with 2002, but the abstract does not show a modeled temporal counterfactual or effect uncertainty.",NARRATIVE_ONLY,"Abstract compares emergency psychiatric consultations and diagnostic percentages between June-October 2002 and 2003, reporting only prevalence (e.g., suicidal behavior 12.3% vs 25%) and admission proportions without adjusted hazard effects or uncertainty; no credible counterfactual.",ADJUDICATE_PRIORITY
47,D0004267,Relationship between daily suicide counts and temperature in England and Wales,2007,British Journal of Psychiatry,temperature,FULLTEXT_REVIEW,"Daily temperature and suicide are analyzed with time-series regression and percentage effects are reported, but the abstract omits the temperature source, adjustment set, and uncertainty.",FULLTEXT_REVIEW,"Time-series regression of daily temperature and suicide in England/Wales reports hazard-specific effect sizes (3.8%, 5.0%, 46.9% heatwave) but the abstract gives no confidence intervals or standard errors, so extractability of uncertainty is unresolved.",FULLTEXT_REVIEW
48,D0004312,PSTD symptoms in children and adolscents 28 months after a floods: Age and gender differences,2007,Journal of Traumatic Stress,flood,NARRATIVE_ONLY,"Students were assessed once 28 months after the flood, and reported trauma exposure was correlated with PTSD symptoms without a pre-event outcome.",NARRATIVE_ONLY,"Cross-sectional survey of students 28 months after a flood predicting PTSD from degree of trauma exposure; no pre-event baseline or quasi-experimental design, so unsuitable for causal meta-analysis.",DO_NOT_ADVANCE_MAIN_META
49,D0004415,Psychiatric disorders among adults seeking emergency disaster assistance after a wildland-urban interface fire.,2007,"Psychiatric services (Washington, D.C.)",wildfire,NARRATIVE_ONLY,Relief seekers were enrolled within days of the fire and followed at three months; exposure items were self-reported and no pre-fire mental-health outcome existed.,NARRATIVE_ONLY,"Three-month follow-up of 357 adults seeking post-wildfire emergency relief; no pre-fire outcome or unexposed comparison. Self-reported fire-exposure, property damage, and injury used as predictors of probable depression/PTSD. Reports prevalence and screener, not a hazard effect.",DO_NOT_ADVANCE_MAIN_META
50,D0004473,"Post-traumatic stress disorder in children and adolescents one year after a super-cyclone in Orissa, India: Exploring cross-cultural validity and vulnerability factors",2007,BMC Psychiatry,cyclone,NARRATIVE_ONLY,Children were examined once one year after the cyclone across high- and low-exposure areas; this post-event area comparison lacks a pre-event outcome.,NARRATIVE_ONLY,"One-year post-cyclone cross-sectional clinical survey comparing high- vs low-exposure areas; reports PTSD prevalence and logistic predictors but has no pre-event outcome or credible counterfactual, only a post-event exposure gradient.",DO_NOT_ADVANCE_MAIN_META
51,D0004481,Predisaster trait anxiety and negative affect predict posttraumatic stress in youths after Hurricane Katrina,2007,Journal of Consulting and Clinical Psychology,cyclone,NARRATIVE_ONLY,"Predisaster traits and symptoms were available, but Katrina exposure is represented by the reported number of hurricane exposure events without external linkage.",EXCLUDE,"Abstract frames predisaster trait anxiety and negative affect, not hurricane exposure, as the main predictors; hurricane exposure events are only a covariate/secondary predictor, so the hazard is not the primary exposure and no extractable hazard effect is reported.",DO_NOT_ADVANCE_MAIN_META
52,D0004505,Swept away: Use of general medical and mental health services among veterans displaced by Hurricane Katrina,2007,American Journal of Psychiatry,cyclone,FULLTEXT_REVIEW,"Adjusted administrative comparisons use the same months in two prior years, but the abstract does not give a separate quantitative effect and uncertainty for mental-health service use.",FULLTEXT_REVIEW,"Hurricane Katrina exposure is objective and mental health service use is eligible, with pre-event 2003-2004 comparison providing temporal counterfactual. However abstract reports quantitative adjusted effect only for any outpatient services; mental-health-specific effect is directional but must be verified in full text.",FULLTEXT_REVIEW
53,D0004649,The effect of heat waves on mental health in a temperate Australian City,2008,Environmental Health Perspectives,temperature,FULLTEXT_REVIEW,"Long-term heatwave and threshold regressions adjust for season and trend, but the abstract gives a 7.3% mental-health admission increase without uncertainty.",FULLTEXT_REVIEW,Population time-series of Adelaide hospital admissions (1993-2006) uses objective ambient temperature and heat-wave periods with Poisson regression controlling season/trend; reports 7.3% increase in mental/behavioral admissions but lacks uncertainty estimates (CI/SE) needed for meta-analysis.,FULLTEXT_REVIEW
54,D0004714,A prospective study on changes in health status following flood disaster,2008,Psychiatry Investigation,flood,FULLTEXT_REVIEW,"Residents had pre-flood SF-36 data and were reassessed after the flood, but depression and PTSD appear measured only postflood and no flood-effect estimate with uncertainty is reported.",NARRATIVE_ONLY,"The abstract reports depression and PTSD only at 18-month follow-up; the pre-flood assessment was SF-36 general health, so no pre-event mental-health baseline. Thus post-flood prevalence and predictor associations are not a hazard effect with a credible counterfactual.",ADJUDICATE_PRIORITY
55,D0004721,Financial and social circumstances and the incidence and course of PTSD in Mississippi during the first two years after Hurricane Katrina,2008,Journal of Traumatic Stress,cyclone,NARRATIVE_ONLY,"Adults were interviewed after Katrina and PTSD onset/course was related to reported losses, events, and stressors; no pre-event mental-health outcome was measured.",NARRATIVE_ONLY,"Post-Katrina cross-sectional survey of 810 adults in affected Mississippi counties; PTSD prevalence/duration and determinants are based on self-reported hurricane-related traumatic events, financial loss, and social stressors. No unaffected comparison, pre-event outcome, or objective hazard variation; no credible counterfactual.",DO_NOT_ADVANCE_MAIN_META
56,D0004764,Unwanted intrusive thoughts and cognitive functioning in kindergarten and young elementary school-age children following Hurricane Katrina,2008,Journal of Clinical Child and Adolescent Psychology,cyclone,NARRATIVE_ONLY,"Children were surveyed once seven months after Katrina and compared with unaffected children, with no pre-event outcome.",EXCLUDE,"The study measures unwanted intrusive thoughts and cognitive functioning in children after Hurricane Katrina. Intrusive thoughts are not among the eligible mental-health outcomes, so the record is excluded for wrong outcome.",DO_NOT_ADVANCE_MAIN_META
57,D0004968,A preliminary investigation of family coping styles and psychological well-being among adolescent survivors of Hurricane Katrina,2008,Journal of Family Psychology,cyclone,NARRATIVE_ONLY,Displaced adolescents and matched nonaffected adolescents were compared after Katrina; there is no pre-event mental-health baseline and trauma experiences were reported retrospectively.,NARRATIVE_ONLY,"Post-event cross-sectional comparison of 50 Katrina-displaced adolescents vs 31 matched unaffected; no pre-event outcomes or credible counterfactual, so group differences in distress/depression cannot be interpreted as causal hazard effects.",DO_NOT_ADVANCE_MAIN_META
58,D0005018,Symptoms of depression and posttraumatic stress disorder in an outpatient population before and after Hurricane Katrina,2008,Depression and Anxiety,cyclone,FULLTEXT_REVIEW,"Different clinic patients were sampled in the month before and after Katrina; depression changed, but comparability, temporal control, and effect uncertainty are not established.",NARRATIVE_ONLY,"The abstract reports depression/PTSD scores for separate outpatient samples in the month before (n=76) and month after (n=80) Katrina; independent cross-sections, not within-person pre/post, so no credible counterfactual for a causal hurricane effect.",ADJUDICATE_PRIORITY
59,D0005286,Impact of childhood exposure to a natural disaster on adult mental health: 20-year longitudinal follow-up study,2009,The British Journal of Psychiatry,wildfire,NARRATIVE_ONLY,"Bushfire survivors and matched controls were assessed 20 years later, but the abstract does not report a pre-fire mental-health outcome; this is a long-term post-event comparison.",NARRATIVE_ONLY,"20-year follow-up comparing bushfire-exposed adults with matched controls reports adult psychiatric outcomes only after the event; no pre-event mental-health outcome or credible counterfactual is described, and no quantitative hazard effect with uncertainty is reported.",DO_NOT_ADVANCE_MAIN_META
60,D0005325,Hurricane Katrina and youth anxiety: The role of perceived attachment beliefs and parenting behaviors,2009,Journal of Anxiety Disorders,cyclone,NARRATIVE_ONLY,"All participants were Katrina-exposed and the analysis tests attachment and parenting as moderators of pre/post anxiety, without estimating variation in the hurricane hazard.",NARRATIVE_ONLY,"Abstract tests attachment/parenting as moderators of pre-to-post Katrina anxiety in 74 exposed youth; it does not report a hurricane effect estimate or uncertainty, only moderation of the pre-post anxiety relation, so this is predictor analysis without a hazard effect.",DO_NOT_ADVANCE_MAIN_META
61,D0005379,Postpartum mental health after Hurricane Katrina: A cohort study,2009,BMC Pregnancy and Childbirth,cyclone,NARRATIVE_ONLY,Postpartum outcomes were related to women's reported hurricane experiences; no external exposure linkage or pre-event mental-health baseline is described.,NARRATIVE_ONLY,"Hurricane exposure is assessed via self-reported experiences (life danger, family injury, property damage), not objective or externally verifiable hazard variation. Outcomes are eligible depression/PTSD, but the exposure measurement alone disqualifies for causal meta-analysis.",DO_NOT_ADVANCE_MAIN_META
62,D0005405,A Pre-/Post-Disaster Epidemiological Study of Mental Health Functioning in Vietnam's Da Nang Province Following Typhoon Xangsane.,2009,International perspectives in victimology,cyclone,FULLTEXT_REVIEW,"The same participants were assessed before and after Typhoon Xangsane, but only caseness prevalences are reported, without a hazard-effect estimate and uncertainty.",FULLTEXT_REVIEW,"Pre/post typhoon cohort with SRQ-20 mental health caseness qualifies for exposure, outcome, and longitudinal pre-event baseline, but abstract gives only pre/post prevalence (20.7% vs 27.1%) without a hazard-effect estimate or uncertainty. Full text must confirm an extractable quantitative pre-post effect and variance.",FULLTEXT_REVIEW
63,D0005406,Locus of control and psychopathology in relation to levels of trauma and loss: Self-reports of Peloponnesian wildfire survivors,2009,Journal of Traumatic Stress,wildfire,NARRATIVE_ONLY,Fire-area residents and adjacent controls supplied post-event self-reports only; no pre-fire mental-health outcome was measured.,NARRATIVE_ONLY,"Single-wave post-wildfire survey compares disaster-area and non-fire-damaged residents but examines locus-of-control-psychopathology correlations by trauma/loss, not a wildfire effect on mental health; no pre-event baseline or hazard effect estimate.",DO_NOT_ADVANCE_MAIN_META
64,D0005538,"PTSD in Vietnamese Americans following Hurricane Katrina: Prevalence, patterns, and predictors",2009,Journal of Traumatic Stress,cyclone|flood,NARRATIVE_ONLY,"The cohort existed before Katrina, but PTSD was assessed only afterward and related to reported floodwater exposure, property loss, and subjective trauma.",NARRATIVE_ONLY,"One-year post-Katrina assessment of 82 adults; no pre-event PTSD outcome is reported, exposure is retrospective self-report, and analysis is descriptive/predictor only without a credible counterfactual.",DO_NOT_ADVANCE_MAIN_META
65,D0005638,Combined effects of Hurricane Katrina and Hurricane Gustav on the mental health of mothers of small children,2011,Journal of Psychiatric and Mental Health Nursing,cyclone,NARRATIVE_ONLY,"Repeated mental-health data were available, but Katrina and Gustav severity was defined through reported injury, danger, and damage without external hazard linkage.",NARRATIVE_ONLY,"Hurricane exposure was assessed via self-reported questions about injury, danger, and damage, not objective or externally verifiable hazard variation, so a causal hazard effect cannot be extracted despite eligible mental health outcomes and longitudinal measures.",DO_NOT_ADVANCE_MAIN_META
66,D0005642,Emergency department patient presentations during the 2009 heatwaves in Adelaide,2010,Collegian,temperature,FULLTEXT_REVIEW,"ED presentations during two defined heatwaves are compared with periods before and after, but no quantitative mental-health result or uncertainty is reported.",FULLTEXT_REVIEW,"Original ED presentation data during heatwave versus non-heatwave periods; mental health is mentioned as affected but no mental-health-specific estimate, uncertainty, or statistical comparison is reported in the abstract. Full text needed to confirm objective heatwave source, outcome categories, and extractable effect.",FULLTEXT_REVIEW
67,D0005668,"Resource loss, resource gain, and mental health among survivors of Hurricane Katrina",2010,Journal of Traumatic Stress,cyclone,EXCLUDE,The explanatory variables are post-hurricane resource loss and gain; disaster exposure is controlled as a covariate rather than estimated as the main hazard effect.,NARRATIVE_ONLY,"Abstract reports a longitudinal predictor analysis of resource loss/gain and posthurricane psychological distress, not a hazard effect. Disaster exposure is only a covariate and no Hurricane Katrina effect estimate or uncertainty is reported.",DO_NOT_ADVANCE_MAIN_META
68,D0005770,After Hurricanes Katrina and Rita: Gender differences in health and religiosity in middle-aged and older adults,2010,Health Care for Women International,cyclone,NARRATIVE_ONLY,"The pre/post analysis reports gender differences and religiosity correlations, not an estimated hurricane effect on an eligible mental-health outcome.",FULLTEXT_REVIEW,"Abstract reports pre- and post-disaster SF-36 scores after Hurricanes Katrina/Rita, with SF-36 mental health scores measured, but it only describes changes in physical function/bodily pain and gender differences in mental health. No quantitative hurricane effect on mental health with uncertainty is reported, so full text must establish extractable hazard-specific mental-health effect.",ADJUDICATE_PRIORITY
69,D0005795,Trends in serious emotional disturbance among youths exposed to Hurricane Katrina,2010,Journal of the American Academy of Child & Adolescent Psychiatry,cyclone,NARRATIVE_ONLY,"Youth functioning was reported at two post-Katrina waves; the pre-hurricane prevalence is an external national estimate, not a measured cohort baseline.",NARRATIVE_ONLY,"Two post-hurricane survey waves only (18-27 months and 12-18 months later) with no pre-event outcome; no unexposed control or objective hazard variation. Analyses use self-reported hurricane-related stressors to predict SED trends, so no credible counterfactual for a hurricane effect.",DO_NOT_ADVANCE_MAIN_META
70,D0005807,Intrusive thoughts and young children's knowledge about thinking following a natural disaster,2010,Journal of Child Psychology and Psychiatry,cyclone,NARRATIVE_ONLY,"Children were surveyed once ten months after Katrina and compared with nonexposed children, with no pre-event outcome.",EXCLUDE,"The only measured outcomes are unwanted intrusive thoughts and their content/knowledge about thinking; these are not among eligible mental-health outcomes (depression, anxiety, distress, PTSD, suicide, wellbeing, etc.). No eligible outcome is reported. The design is also a single post-event exposed-vs-control survey without pre-event baseline.",DO_NOT_ADVANCE_MAIN_META
71,D0005830,"Children as bellwethers of recovery: Dysfunctional systems and the effects of parents, households, and neighborhoods on serious emotional disturbance in children after Hurricane Katrina",2010,Disaster Medicine and Public Health Preparedness,cyclone,NARRATIVE_ONLY,The analysis mainly uses the fourth post-Katrina wave and compares children with an external pre-Katrina cohort; no within-cohort pre-event outcome is described.,NARRATIVE_ONLY,"Cohort began January 2006 after Hurricane Katrina, with no pre-event mental-health outcome; analysis relies on fourth-wave data and an external pre-Katrina cohort comparison, so no credible counterfactual for causal hazard effect.",DO_NOT_ADVANCE_MAIN_META
72,D0005849,Hurricane Katrina experience and the risk of post-traumatic stress disorder and depression among pregnant women.,2010,American Journal of Disaster Medicine,cyclone,NARRATIVE_ONLY,PTSD and depression were compared by women's reported severe hurricane experiences after Katrina; no objective exposure linkage or pre-event outcome is given.,NARRATIVE_ONLY,"Prospective cohort recruited during or immediately after Hurricane Katrina; compares high versus low hurricane exposure groups with no pre-event mental health baseline, so post-event exposure gradient is not a credible counterfactual. Adjusted ORs are reported but design is unsuitable for causal meta-analysis.",DO_NOT_ADVANCE_MAIN_META
73,D0005869,The influence of several changes in atmospheric states over semi-arid areas on the incidence of mental health disorders,2011,International Journal of Biometeorology,temperature,FULLTEXT_REVIEW,"Administrative suicide attempts and psychotic attacks vary with meteorological states, including temperature, but exposure sources and an extractable temperature effect with uncertainty are absent.",EXCLUDE,"Abstract's main exposure is atmospheric states/desert winds (wind direction/speed), not a registered climate hazard. Temperature and humidity are mentioned only as weak (p<0.1) and no hazard-specific effect is extractable. DSH is eligible but the exposure fails the registered hazard requirement.",ADJUDICATE_PRIORITY
74,D0005875,Pre-hurricane perceived social support protects against psychological distress: A longitudinal analysis of low-income mothers,2010,Journal of Consulting and Clinical Psychology,cyclone,NARRATIVE_ONLY,"Pre/post distress was measured, but hurricane exposure is represented by reported stressors and the analysis primarily estimates social-support pathways.",NARRATIVE_ONLY,"The abstract examines pre-disaster perceived social support as a predictor of post-hurricane psychological distress via self-reported hurricane stressors. It does not estimate an objective hurricane exposure effect on distress, so no hazard effect or uncertainty is extractable.",DO_NOT_ADVANCE_MAIN_META
75,D0005954,The impact of Hurricane Katrina on the mental and physical health of low-income parents in New Orleans,2010,American Journal of Orthopsychiatry,cyclone,FULLTEXT_REVIEW,"Mental health changed from a baseline among Katrina-exposed parents, but hazard measurement and an extractable event effect with uncertainty are not specified.",FULLTEXT_REVIEW,"Abstract reports mental health changes among 392 Hurricane Katrina-exposed parents and associations of self-reported loss/stressors, but it does not confirm objective hurricane exposure variation, a pre-Katrina mental health baseline, credible counterfactual, or quantitative hazard effect with uncertainty. Full text needed to establish eligibility.",FULLTEXT_REVIEW
76,D0005997,Emotional and biological stress measures in Katrina survivors relocated to Oklahoma.,2010,American journal of disaster medicine,cyclone,NARRATIVE_ONLY,"Relocated Katrina survivors and matched controls were assessed 20 months after the event, with no pre-event mental-health outcome.",NARRATIVE_ONLY,Postdisaster cross-sectional comparison of relocated Katrina survivors and matched controls 20 months after event. No pre-event outcome or temporal/quasi-experimental counterfactual; exposed/unexposed single post-event comparison unsuitable for causal meta-analysis.,DO_NOT_ADVANCE_MAIN_META
77,D0006029,Loss of resources and hurricane experience as predictors of postpartum depression among women in Southern Louisiana,2010,Journal of Women's Health,cyclone|flood,NARRATIVE_ONLY,Depression at six and 12 months postpartum was related to a self-reported hurricane experience score; no pre-event outcome or external exposure linkage is described.,NARRATIVE_ONLY,"Exposure is a self-reported Hurricane Experience Score (witnessing death, flood contact, injury) and self-reported resource loss; no objective or verifiable hazard variation. Postpartum follow-up lacks pre-event outcome, so no credible counterfactual.",DO_NOT_ADVANCE_MAIN_META
78,D0006255,The burdens of social capital: How socially-involved people dealt with stress after Hurricane Katrina,2012,Social Science Research,cyclone,EXCLUDE,The study's explanatory focus is social capital and post-Katrina stress trajectories; the hurricane is the setting rather than the estimated primary exposure.,NARRATIVE_ONLY,"Abstract examines social capital as predictor of stress trajectories after Hurricane Katrina, not a hurricane exposure effect; no hazard exposure variation or hazard-specific estimate mentioned.",DO_NOT_ADVANCE_MAIN_META
79,D0006301,"Heat and health in Adelaide, South Australia: Assessment of heat thresholds and temperature relationships",2012,Science of the Total Environment,temperature,META_ELIGIBLE,Daily temperatures and administrative outcomes over 1993-2009 are modeled with pollution adjustment; mental-health admissions have an IRR of 1.034 with a 95% CI.,META_ELIGIBLE,Daily temperature time-series (1993-2009) with objective meteorological exposure; GEE estimates adjusted for ozone/PM10; reports mental-health hospital admission IRR 1.034 (95% CI 1.009-1.059) per 10°C increase in maximum temperature.,PRIORITY_FULLTEXT
80,D0006320,Five years later: Recovery from post traumatic stress and psychological distress among low-income mothers affected by Hurricane Katrina,2012,Social Science & Medicine,cyclone,FULLTEXT_REVIEW,"The same mothers were surveyed before and twice after Katrina, but the abstract reports trajectories and stressor predictors without a hazard-effect estimate and uncertainty.",FULLTEXT_REVIEW,"Longitudinal pre/post Hurricane Katrina cohort with pre-hurricane baseline and eligible PTSS/distress outcomes, but abstract lacks numeric effect sizes or uncertainty for hazard effects; full text must confirm extractable adjusted estimates and whether exposure is objective hurricane timing vs self-reported damage/trauma.",FULLTEXT_REVIEW
81,D0006400,Heat waves and cause-specific mortality at all ages,2011,Epidemiology,temperature,FULLTEXT_REVIEW,"A case-crossover design estimates extreme-heat mortality, including mental disorders and suicide, but no outcome-specific mental-health estimate or uncertainty is reported.",FULLTEXT_REVIEW,"Case-crossover study of objective ambient heat and cause-specific mortality in Catalonia. Suicide is an eligible mental-health outcome and is listed among increased causes, but the abstract reports no suicide-specific effect estimate or uncertainty; total-mortality and infant perinatal estimates only. Full text needed for suicide-specific effect.",FULLTEXT_REVIEW
82,D0006473,"Impacts of flood on health: epidemiologic evidence from Hanoi, Vietnam.",2011,Global health action,flood,NARRATIVE_ONLY,Households in more- and less-affected communes were interviewed once within a month of flooding; psychological problems were self-reported without a pre-event outcome.,NARRATIVE_ONLY,"Cross-sectional post-flood survey of 871 households in heavily vs less affected communes within 1 month after flood; no pre-event baseline or temporal counterfactual, only a post-event affected/unaffected comparison. This design is unsuitable for causal hazard effect estimation.",DO_NOT_ADVANCE_MAIN_META
83,D0006619,Respiratory and mental health effects of wildfires: An ecological study in Galician municipalities (north-west Spain),2011,Environmental Health: A Global Access Science Source,wildfire,FULLTEXT_REVIEW,"Affected and unaffected municipalities are compared across 12-month pre/post periods, but the abstract reports only a significant anxiolytic-hypnotic increase without magnitude or uncertainty.",FULLTEXT_REVIEW,"Wildfire exposure is classified objectively by municipality severity and outcomes include anxiolytic-hypnotic use before/after with time-series models, suggesting a credible design. However, the abstract reports only significance or higher consumption without numeric effect estimates or uncertainty, so quantitative extraction remains unresolved.",FULLTEXT_REVIEW
84,D0006742,Psychosocial impact of the summer 2007 floods in England.,2011,BMC public health,flood,NARRATIVE_ONLY,The population surveys measured floodwater exposure and mental symptoms after the 2007 floods only; adjusted post-event associations lack a pre-event outcome.,NARRATIVE_ONLY,"Single-wave population-based surveys after 2007 floods assess prevalence and risk factors using self-reported flood exposure and compare affected vs unaffected individuals post-event, without pre-event baseline or temporal variation.",DO_NOT_ADVANCE_MAIN_META
85,D0006771,Recovery from PTSD following Hurricane Katrina,2011,Depression and Anxiety,cyclone,NARRATIVE_ONLY,PTSD was assessed at two post-Katrina surveys and recovery was related to reported stressors; no pre-event outcome or changing hazard exposure exists.,NARRATIVE_ONLY,"Two-wave post-hurricane survey of affected residents analyzing PTSD recovery rates and correlates/predictors only; no objective hazard variation effect estimated. No pre-event outcome or unaffected comparison, and exposure predictors are self-reported.",DO_NOT_ADVANCE_MAIN_META
86,D0006775,"Economics of disaster risk, social vulnerability, and mental health resilience",2011,Risk Analysis,cyclone,FULLTEXT_REVIEW,"Negative-binomial and monthly time-series analyses report poor-mental-health effects with CIs, but the abstract does not state how individual hurricane exposure was assigned.",FULLTEXT_REVIEW,"Abstract reports hurricane exposure effects on poor mental health days with negative binomial and monthly time-series, plausibly causal, but does not confirm objective exposure assignment or a pre-event baseline/counterfactual.",FULLTEXT_REVIEW
87,D0006924,Examining the relation between the serotonin transporter 5-HTTPLR genotype x trauma exposure interaction on a contemporary phenotypic model of posttraumatic stress symptomatology: A pilot study,2013,Journal of Affective Disorders,cyclone,NARRATIVE_ONLY,Adults were interviewed once two to five months after Hurricane Ike; trauma exposure and PTSD were measured contemporaneously by self-report.,NARRATIVE_ONLY,"Single-wave post-event survey of Hurricane Ike-affected adults 2-5 months after disaster; analyses are gene x trauma exposure interactions with no pre-event baseline or unexposed counterfactual, so a hazard effect cannot be estimated.",DO_NOT_ADVANCE_MAIN_META
88,D0006976,Relationship between ambient temperature and humidity and visits to mental health emergency departments in Québec,2012,Psychiatric Services,temperature,FULLTEXT_REVIEW,"Poisson and generalized additive models estimate temperature-related ED incidence-rate ratios, but the abstract does not identify the temperature source or report estimates and uncertainty.",FULLTEXT_REVIEW,"Abstract reports Poisson/GAM time-series of emergency mental-health visits and ambient temperature/humidity, but omits exact IRRs/CIs and adjustment details (e.g., trends, seasonality, day-of-week), so causal effect is not fully extractable from abstract.",FULLTEXT_REVIEW
89,D0007029,Posttraumatic stress disorder and use of psychiatric and alcohol related services: The effect of the 2004–2005 Florida hurricane seasons on veterans,2013,Community Mental Health Journal,cyclone,META_ELIGIBLE,"Veterans in hurricane-affected and unaffected counties are compared around landfall using administrative data; mental-health service use changed +28.0% versus -6.5%, with p=0.001.",FULLTEXT_REVIEW,"Abstract reports mental health service use changes in hurricane-affected vs non-affected counties, but does not clearly describe pre-hurricane baseline, cohort selection, or adjustment; a before-after difference may exist, but cannot be confirmed from abstract.",FULLTEXT_REVIEW
90,D0007053,12-Month generic health status and psychological distress outcomes following an australian natural disaster experience: 2009 Black Saturday Wildfires,2013,Injury,wildfire,NARRATIVE_ONLY,Burn patients were followed only after the wildfire; pre-injury status was assessed retrospectively and hazard exposure did not vary during follow-up.,NARRATIVE_ONLY,"Cohort study of 2009 Black Saturday Wildfires burn patients with retrospective pre-injury and repeated post-injury measures. Abstract explicitly aims to describe outcomes; reports pre-post changes and levels of distress but no unexposed comparison or exposure gradient, so no credible counterfactual for a hazard effect.",DO_NOT_ADVANCE_MAIN_META
91,D0007062,Rate of prescription of antidepressant and anxiolytic drugs after cyclone Yasi in North Queensland,2012,Prehospital and Disaster Medicine,cyclone,FULLTEXT_REVIEW,"Post-Yasi prescriptions are compared with the same six months in the preceding year and control drugs, but no effect magnitude or uncertainty is reported.",FULLTEXT_REVIEW,"Abstract reports pre/post comparison of antidepressant/anxiolytic prescription rates after Cyclone Yasi versus same prior-year period, but lacks numerical effect sizes/uncertainty and does not describe adjustment, control series, or multiple time points. Full text needed to confirm credible counterfactual and extractable hazard-specific estimates.",FULLTEXT_REVIEW
92,D0007150,"Suicide and drought in New South Wales, Australia, 1970–2007",2012,PNAS Proceedings of the National Academy of Sciences of the United States of America,drought|temperature,META_ELIGIBLE,"A climatic drought index is modeled against suicides over 1970-2007 with seasonal, regional, and trend control; the rural-male effect is 15% with a 95% CI.",META_ELIGIBLE,"Uses a generalized additive model on 1970-2007 suicide data with an established climatic drought index, controlling for season, region, and long-term trends; reports adjusted RR 1.15 (95% CI 1.08-1.22) for rural males, satisfying objective exposure, temporal counterfactual, and extractable effect.",PRIORITY_FULLTEXT
93,D0007158,The course of posttraumatic stress symptoms and functional impairment following a disaster: What is the lasting influence of acute versus ongoing traumatic events and stressors?,2013,Social Psychiatry and Psychiatric Epidemiology: The International Journal for Research in Social and Genetic Epidemiology and Mental Health Services,cyclone,NARRATIVE_ONLY,Adults entered two to six months after Hurricane Ike and were followed post-event; acute exposures were reported traumatic events and stressors without a pre-event outcome.,NARRATIVE_ONLY,"Post-event cohort sampled 2-6 months after Hurricane Ike with no pre-event outcome. Hurricane exposure is self-reported traumatic events/stressors (e.g., death, property loss/damage), not objective or externally verified hazard variation. Compares exposure severity among affected respondents, so no credible counterfactual.",DO_NOT_ADVANCE_MAIN_META
94,D0007166,Effects of rumination on child and adolescent depressive reactions to a natural disaster: The 2010 Nashville flood,2013,Journal of Abnormal Psychology,flood,NARRATIVE_ONLY,"Depression was measured before and after the flood, but the reported analysis tests rumination pathways and self-reported flood stressors rather than an objective flood effect.",NARRATIVE_ONLY,Abstract reports a pre-post flood longitudinal study but analyzes rumination as predictor/moderator of depressive symptoms; it does not report a quantitative effect of the flood hazard on depression or uncertainty.,DO_NOT_ADVANCE_MAIN_META
95,D0007173,The effects of daily weather variables on psychosis admissions to psychiatric hospitals,2013,International Journal of Biometeorology,temperature,FULLTEXT_REVIEW,"ARIMA and time-series regression assess daily temperature and psychosis admissions, but the abstract omits meteorological sources, adjusted temperature estimates, and uncertainty.",FULLTEXT_REVIEW,"Original quantitative time-series study using objective daily meteorological data, including temperature, and psychiatric hospital admissions for psychosis. The abstract indicates ARIMA/time-series regression but reports only a qualitative conclusion of no clinically significant influence; no hazard-specific effect estimate or uncertainty is given.",FULLTEXT_REVIEW
96,D0007220,A positive relationship between ambient temperature and bipolar disorder identified using a national cohort of psychiatric inpatients,2013,Social Psychiatry and Psychiatric Epidemiology,temperature,META_ELIGIBLE,Bureau meteorological temperatures are linked to national psychiatric admissions; adjusted Poisson mixed models estimate relative risks across explicit temperature contrasts.,FULLTEXT_REVIEW,"Abstract supports objective daily temperature and psychiatric admissions for bipolar disorder as an eligible service-use outcome, but the GLMM Poisson description lacks explicit controls for trends/seasonality and no numerical RR/CI is provided; credible temporal counterfactual and extractable effect must be verified in full text.",FULLTEXT_REVIEW
97,D0007263,What can multiwave studies teach us about disaster research: An analysis of low‐income hurricane Katrina survivors,2012,Journal of Traumatic Stress,cyclone,NARRATIVE_ONLY,"Predisaster distress was available, but the hurricane contrast is a self-reported traumatic-stress exposure score without external hazard linkage.",FULLTEXT_REVIEW,"Longitudinal 3-wave predisaster/postdisaster study of Hurricane Katrina survivors; psychological distress is eligible, but abstract describes 'traumatic stress exposure' without clarifying whether exposure was objectively measured/verified or self-reported, and reports coefficients without uncertainty, so meta-eligibility cannot be confirmed.",ADJUDICATE_PRIORITY
98,D0007475,Emotional stress and heart rate variability measures associated with cardiovascular risk in relocated Katrina survivors,2012,Psychosomatic Medicine,cyclone,NARRATIVE_ONLY,"Relocated Katrina survivors and matched controls were assessed after the event only, with no pre-event mental-health outcome.",NARRATIVE_ONLY,"Post-event cross-sectional comparison of 34 relocated Katrina survivors and 34 matched controls with no pre-exposure mental-health measures, so it lacks a within-unit temporal counterfactual. Reports group differences in symptoms/HRV rather than a credible hazard effect for causal meta-analysis.",DO_NOT_ADVANCE_MAIN_META
99,D0007529,Physical and mental health consequences of Katrina on Vietnamese immigrants in New Orleans: A pre- and post-disaster assessment,2012,Journal of Immigrant and Minority Health,cyclone,FULLTEXT_REVIEW,"Identical individuals were measured shortly before and twice after Katrina, but the abstract reports significance without a mental-health effect estimate and uncertainty.",FULLTEXT_REVIEW,"Pre/post cohort of New Orleans Vietnamese immigrants before and after Hurricane Katrina, with SF-36 mental health outcomes. Abstract reports statistically significant declines but no quantitative effect sizes or uncertainty, so full text is needed to confirm extractable hazard effects.",FULLTEXT_REVIEW
100,D0007532,A prospective study of religiousness and psychological distress among female survivors of Hurricanes Katrina and Rita,2012,American Journal of Community Psychology,cyclone,EXCLUDE,"The study estimates religiousness, social resources, optimism, and purpose as predictors of post-disaster functioning while hurricane exposure is only a controlled covariate.",EXCLUDE,"Primary exposure is pre-disaster religiousness, not the hurricane hazard; hurricane exposure is only a covariate and no hazard effect estimate is reported.",DO_NOT_ADVANCE_MAIN_META
101,D0007551,"Posttraumatic stress disorder, depression, and alcohol and tobacco use in public health workers after the 2004 Florida hurricanes",2013,Disaster Medicine and Public Health Preparedness,cyclone,NARRATIVE_ONLY,A single post-hurricane questionnaire measured both hurricane exposure and PTSD/depression; no external exposure linkage or pre-event outcome is reported.,NARRATIVE_ONLY,"Post-event cross-sectional survey of Florida DOH workers; hurricane exposure and mental health outcomes were self-reported via questionnaires, with no pre-event baseline or credible counterfactual, so ORs are not causal hazard effects.",DO_NOT_ADVANCE_MAIN_META
102,D0007594,Immediate and longer‐term stressors and the mental health of Hurricane Ike survivors,2013,Journal of Traumatic Stress,cyclone,NARRATIVE_ONLY,All three assessments began 2-5 months after Hurricane Ike and model postdisaster stressor and symptom pathways without a pre-event outcome or external counterfactual.,NARRATIVE_ONLY,"Study follows Hurricane Ike survivors at three postdisaster waves and uses path analysis of self-reported immediate/longer-term stressors predicting PTSD/depressive symptoms; no objective hazard exposure variation and no pre-event baseline, so no hazard effect is estimated.",DO_NOT_ADVANCE_MAIN_META
103,D0007608,"Acute impacts of extreme temperature exposure on emergency room admissions related to mental and behavior disorders in Toronto, Canada",2014,Journal of Affective Disorders,temperature,META_ELIGIBLE,Daily climatic and psychiatric ER data were analyzed with an adjusted DLNM; high temperature produced RR 1.29 with a 95% CI.,META_ELIGIBLE,"Time-series study using Toronto climatic data 2002-2010 and Poisson DLNM to estimate RRs for mental/behavioral disorder ER visits by daily temperature percentiles. Reports adjusted RR 1.29 (95% CI 1.09-1.53) for high temperature, satisfying causal counterfactual, objective exposure, eligible psychiatric service use outcome, and extractable effect.",PRIORITY_FULLTEXT
104,D0007664,Assessment of the health impacts of the 2011 summer floods in Brisbane.,2013,Disaster medicine and public health preparedness,flood,NARRATIVE_ONLY,"This community survey compares self-reported household flood impact and mental health only after the flood, despite reporting adjusted ORs and CIs.",NARRATIVE_ONLY,"Single-wave post-flood community survey comparing directly flood-affected vs unaffected households; no pre-event baseline or temporal counterfactual. Adjusted ORs reported but design is cross-sectional affected/unaffected comparison, not a credible causal design.",DO_NOT_ADVANCE_MAIN_META
105,D0007676,Resilience and trajectories of posttraumatic stress among youth exposed to disaster,2014,Journal of Child and Adolescent Psychopharmacology,cyclone,NARRATIVE_ONLY,"Although PTSD symptoms were measured before and after Gustav, the analysis identifies symptom trajectories and coping profiles rather than an externally measured hurricane effect.",NARRATIVE_ONLY,"Abstract reports longitudinal PTS symptom trajectories and resilience among youth exposed to Hurricanes Katrina and Gustav, with no hazard-effect estimate or uncertainty; analyses are descriptive trajectory/predictor analysis rather than causal hazard effect.",DO_NOT_ADVANCE_MAIN_META
106,D0007700,Interaction between genetic variants and exposure to Hurricane Katrina on post-traumatic stress and post-traumatic growth: A prospective analysis of low income adults,2014,Journal of Affective Disorders,cyclone,FULLTEXT_REVIEW,"The prospective cohort predates Katrina and models hurricane exposure with PTS/PTG, but the abstract does not define exposure measurement, outcome baselines, or an extractable hazard effect.",FULLTEXT_REVIEW,"Prospective pre/post Hurricane Katrina study with PTS outcome, but abstract reports gene-environment interaction p-values rather than a quantitative hurricane exposure effect; exposure measurement and counterfactual are not described.",FULLTEXT_REVIEW
107,D0007876,"Trajectories of psychological distress among low‐income, female survivors of Hurricane Katrina",2013,American Journal of Orthopsychiatry,cyclone,NARRATIVE_ONLY,The study models distress trajectories around Katrina and predictors of class membership; hurricane stressors are survey-reported and no causal hazard effect is estimated.,NARRATIVE_ONLY,"The abstract uses Latent Class Growth Analysis to identify trajectories of psychological distress before and after Hurricane Katrina and examines predictors of trajectory membership. No hazard effect estimate or uncertainty is reported, making this descriptive trajectory/predictor analysis without a hazard effect.",DO_NOT_ADVANCE_MAIN_META
108,D0007924,"Increase in psychotropic drug deliveries after the Xynthia storm, France, 2010.",2013,Prehospital and disaster medicine,flood,FULLTEXT_REVIEW,"Daily prescribing rose after the objectively dated Xynthia event with RRs and CIs, but the abstract does not isolate seawater flooding from the nonregistered windstorm exposure.",META_ELIGIBLE,"Uses daily administrative psychotropic treatment counts 2008-2010 as interrupted time-series before/after Xynthia flood; GAM Poisson yields RR 1.54 (95% CI 1.39-1.62), an extractable hazard-specific effect.",FULLTEXT_REVIEW
109,D0007926,Effects of water-damaged homes after flooding: Health status of the residents and the environmental risk factors,2014,International Journal of Environmental Health Research,flood,NARRATIVE_ONLY,A post-flood household questionnaire compares flooded and non-flooded homes without a pre-event mental-health outcome or temporal counterfactual.,NARRATIVE_ONLY,"Abstract reports a post-flood questionnaire comparing flooded vs non-flooded homes; psychological disorder and PTSD incidence measured only after flooding, with no pre-event baseline or credible counterfactual. No quantitative hazard effect or uncertainty reported.",DO_NOT_ADVANCE_MAIN_META
110,D0007946,Characteristics of individuals meeting criteria for new onset panic attacks following exposure to a typhoon,2013,Psychiatry Research,cyclone,FULLTEXT_REVIEW,"Pre- and post-typhoon psychiatric assessments are reported, but the source of exposure severity and an extractable typhoon effect with uncertainty are not described.",NARRATIVE_ONLY,"Pre/post typhoon cohort reports 2.8% new-onset panic attacks and their correlates (PTSD/MDD, self-reported typhoon exposure), but no hazard effect or uncertainty; it compares panic groups rather than estimating a typhoon effect.",ADJUDICATE_PRIORITY
111,D0007948,Does diurnal temperature range influence seasonal suicide mortality? Assessment of daily data of the Helsinki metropolitan area from 1973 to 2010,2014,International journal of biometeorology,temperature,FULLTEXT_REVIEW,"Long-run daily temperature and suicide records support temporal analysis, but only a correlation and p-value are given without an effect estimate and uncertainty.",FULLTEXT_REVIEW,"Time-series of daily DTR and suicides in Helsinki, objective temperature, eligible suicide outcome; abstract reports only significant P<0.01 correlation with no effect size/CI or adjustment details, so quantitative hazard effect cannot be extracted from abstract.",FULLTEXT_REVIEW
112,D0007970,Posttraumatic stress and posttraumatic growth among low-income mothers who survived Hurricane Katrina,2013,Journal of Consulting and Clinical Psychology,cyclone,NARRATIVE_ONLY,"The study focuses on postdisaster PTS/PTG relationships and survey-reported stressors, not an externally measured Katrina effect on change from baseline.",NARRATIVE_ONLY,"All participants were Hurricane Katrina survivors; analyses predict PTS/PTG from self-reported hurricane-related stressors and psychological resources, not from objective hazard variation. No credible counterfactual or extractable hazard effect is reported.",DO_NOT_ADVANCE_MAIN_META
113,D0008000,A prospective study of the impact of floods on the mental and physical health of older adults,2013,Aging & Mental Health,flood,FULLTEXT_REVIEW,"Older adults were measured before and after flooding with an unaffected comparison, but personal flood exposure appears questionnaire-based and adjusted change estimates are not reported.",NARRATIVE_ONLY,"Prospective pre-post flood study with eligible mental-health outcomes, but flood exposure was based on participant questionnaires on flood experience; no objective or externally verifiable hazard data are described, so self-reported exposure only precludes meta-eligibility.",ADJUDICATE_PRIORITY
114,D0008059,The impact of recurrent disasters on mental health: A study on seasonal floods in Northern India,2013,Prehospital and Disaster Medicine,flood,NARRATIVE_ONLY,"Affected and unaffected populations were compared once after recurrent flooding, with no pre-event mental-health baseline or quasi-experimental temporal contrast.",NARRATIVE_ONLY,"Abstract compares 318 flood-affected and 308 unaffected respondents after recurrent floods using HSCL-25 and SF-12; single-wave post-event comparison without pre-event baseline or temporal/quasi-experimental counterfactual, so not eligible for causal meta-analysis.",DO_NOT_ADVANCE_MAIN_META
115,D0008130,"Religious coping, posttraumatic stress, psychological distress, and posttraumatic growth among female survivors four years after Hurricane Katrina",2013,Journal of Traumatic Stress,cyclone,NARRATIVE_ONLY,"The longitudinal analysis estimates religious-coping associations with distress and growth, not the effect of Katrina exposure on mental health.",NARRATIVE_ONLY,"Abstract reports associations of religious coping with PTS/distress/PTG among Katrina survivors, not an effect of hurricane exposure on mental health. No hazard effect or uncertainty is extractable; predictor/coping analysis only.",DO_NOT_ADVANCE_MAIN_META
116,D0008155,Pretyphoon panic attack history moderates the relationship between degree of typhoon exposure and posttyphoon PTSD and depression in a Vietnamese sample,2013,Depression and Anxiety,cyclone,FULLTEXT_REVIEW,"The interrupted assessment supplies pre-typhoon psychiatric data and models exposure severity, but the abstract omits the exposure source and effect estimates with uncertainty.",FULLTEXT_REVIEW,"Abstract shows a pre-post longitudinal cohort interrupted by Typhoon Xangsane, with pretyphoon mental health screening and posttyphoon PTSD/MDD/GAD diagnoses. However, typhoon exposure severity measurement is not described as objective or externally verifiable, and no numeric adjusted effect or uncertainty is given. Full text must confirm objective exposure, baseline-controlled estimation, and extractable adjusted estimates.",FULLTEXT_REVIEW
117,D0008170,Predicting mothers' reports of children's mental health three years after Hurricane Katrina,2013,Journal of Applied Developmental Psychology,cyclone,NARRATIVE_ONLY,Children's behavior was measured only three years after Katrina and related to maternal survey-reported stressors; no child outcome baseline is available.,NARRATIVE_ONLY,"Hurricane-related stressors are self-reported and not an objective hazard metric; child mental health was measured only at Time 3 with no pre-event child baseline, so no credible counterfactual or extractable hazard effect.",DO_NOT_ADVANCE_MAIN_META
118,D0008204,"Cause-Specific Hospital Admissions on Hot Days in Sydney, Australia",2013,PLoS ONE,temperature,FULLTEXT_REVIEW,"A time-stratified case-crossover study uses objective hot days and psychiatric admissions, but no mental-disease OR or uncertainty is reported in the abstract.",FULLTEXT_REVIEW,"Time-stratified case-crossover with objectively measured hot days and mental disease hospital admissions meets design, exposure, and outcome criteria; however the abstract reports calculated odds ratios and significance but gives no exact hazard-specific ORs or uncertainty, so full text is needed to confirm extractable quantitative effects.",FULLTEXT_REVIEW
119,D0008265,Trajectories of posttraumatic stress symptomatology in older persons affected by a large-magnitude disaster,2013,Journal of Psychiatric Research,cyclone,NARRATIVE_ONLY,All PTSD assessments occurred 3-15 months after Ike and the study models post-event trajectories and self-reported determinants without a pre-event outcome.,NARRATIVE_ONLY,"Exposed-only post-disaster cohort interviewed 3, 6, and 15 months after Hurricane Ike; no pre-event PTSD measure. Associations are between exposure severity gradient and latent PTSD trajectory class, not a hazard effect with a credible counterfactual.",DO_NOT_ADVANCE_MAIN_META
120,D0008428,Association of weekly suicide rates with temperature anomalies in two different climate types.,2014,International journal of environmental research and public health,temperature,FULLTEXT_REVIEW,"Weekly suicide and temperature anomalies were analyzed with a DLNM, but the abstract provides no quantitative temperature effect or uncertainty.",FULLTEXT_REVIEW,"Abstract supports objective temperature anomaly exposure, suicide outcome, and time-series DLNM design with within-city temporal variation, but does not report a quantitative effect estimate with uncertainty. Full text needed to confirm extractable adjusted association.",FULLTEXT_REVIEW
121,D0008462,The impact of drought on the association between food security and mental health in a nationally representative Australian sample.,2014,BMC public health,drought,FULLTEXT_REVIEW,"Annual rainfall is linked to a national panel, but the abstract does not show within-person identification or a directly extractable drought effect on psychological distress.",FULLTEXT_REVIEW,"Abstract uses objective rainfall-based drought and psychological distress, but reports only descriptive category comparisons and no quantitative drought-effect estimate with uncertainty; design/counterfactual also unresolved.",FULLTEXT_REVIEW
122,D0008537,Partner support and maternal depression in the context of the Iowa floods,2014,Journal of Family Psychology,flood,NARRATIVE_ONLY,"Depression trajectories are related to questionnaire-reported maternal flood stress, with no external flood linkage for the exposure contrast.",NARRATIVE_ONLY,"Uses questionnaire-based maternal flood stress during pregnancy, a self-reported exposure, and tests partner support stress-buffering interactions on depression trajectories rather than estimating an objective flood hazard effect with a credible counterfactual.",DO_NOT_ADVANCE_MAIN_META
123,D0008704,Family and peer social support and their links to psychological distress among hurricane-exposed minority youth,2014,American Journal of Orthopsychiatry,cyclone,NARRATIVE_ONLY,"The principal assessment and six-month follow-up occur after hurricane exposure, with no pre-event outcome and only reported exposure level.",NARRATIVE_ONLY,"Abstract reports hurricane-exposed youth assessed at a single time (N=1,098) and followed for 6 months, with no pre-event baseline or unexposed comparator; analyses describe support/distress associations, not a causal hazard effect.",DO_NOT_ADVANCE_MAIN_META
124,D0008786,The impact of housing displacement on the mental health of low-income parents after Hurricane Katrina,2014,Social Science & Medicine,cyclone,EXCLUDE,"The explanatory exposure is post-Katrina housing displacement profile, while the hurricane itself is context and is controlled as prior experience.",NARRATIVE_ONLY,"Study follows Hurricane Katrina survivors only; exposure is postdisaster housing displacement profiles (returned/relocated/unstably housed), not variation in the cyclone hazard. No unexposed or hazard-intensity comparison, so no credible hazard effect for meta-analysis.",DO_NOT_ADVANCE_MAIN_META
125,D0008796,Psychological outcomes following the Victorian Black Saturday bushfires,2014,Australian and New Zealand Journal of Psychiatry,wildfire,NARRATIVE_ONLY,"This is a baseline survey conducted 3-4 years after the fires, comparing affected communities without pre-fire outcomes or a quasi-experimental counterfactual.",NARRATIVE_ONLY,"Baseline assessment 3-4 years after Black Saturday; compares high/medium/low affected communities without pre-bushfire mental health measures. Reports prevalence and predictors, not a hazard effect with credible counterfactual.",DO_NOT_ADVANCE_MAIN_META
126,D0008827,"Local daily temperatures, thermal seasons, and suicide rates in Finland from 1974 to 2010",2014,Environmental Health and Preventive Medicine,temperature,FULLTEXT_REVIEW,"Daily temperature and suicide data were modeled with Poisson regression, but the abstract reports no temperature effect estimate or uncertainty.",FULLTEXT_REVIEW,"Time-series Poisson regression of suicide rates on local temperature (1974-2010) is an eligible design and outcome, but abstract reports only directional association for men, with no coefficient or uncertainty; full text must confirm adjusted effect and model adjustment.",FULLTEXT_REVIEW
127,D0008855,Drought as a mental health exposure,2014,Environmental Research,drought,NARRATIVE_ONLY,"Historical rainfall patterns were linked to only one survey wave, yielding a between-person drought-distress association without within-unit temporal outcome variation.",NARRATIVE_ONLY,"Single 2007-2008 HILDA survey wave outcome linked to historical rainfall; analysis is a cross-sectional association between drought-dryness patterns and distress, with no pre-exposure baseline or credible temporal counterfactual, so it does not meet causal meta-analysis criteria.",DO_NOT_ADVANCE_MAIN_META
128,D0008906,"The relationship between meteorological conditions and homicide, suicide, rage, and psychiatric hospitalization",2014,Journal of Forensic Sciences,temperature,FULLTEXT_REVIEW,"Daily registry outcomes and official meteorology are available, but simple correlations over one year do not establish adjustment for temporal confounding or an extractable effect.",NARRATIVE_ONLY,"Daily meteorological data and psychiatric hospitalization are relevant, but the abstract reports only Pearson correlations and ANOVA p-values over one year, with no adjusted time-series model, effect size, or credible counterfactual; this is a descriptive/predictor analysis unsuitable for causal meta-analysis.",ADJUDICATE_PRIORITY
129,D0008939,Daily weather variables and affective disorder admissions to psychiatric hospitals.,2014,International journal of biometeorology,temperature,FULLTEXT_REVIEW,"Thirty-one years of daily admissions and weather were analyzed with ARIMA/time-series regression, but null temperature estimates and uncertainty are not reported.",FULLTEXT_REVIEW,"Time-series analysis of objective daily weather variables on psychiatric admissions is plausibly eligible, but the abstract reports no quantitative temperature-specific effect or uncertainty. Full text must confirm extractable estimates and temperature-specific results.",FULLTEXT_REVIEW
130,D0008989,Using the SRQ–20 factor structure to examine changes in mental distress following typhoon exposure,2014,Psychological Assessment,cyclone,FULLTEXT_REVIEW,"Distress was measured before and after the typhoon, but evacuation, injury and fear exposure variables lack an external data source and quantitative effects are omitted.",FULLTEXT_REVIEW,"Pre/post typhoon longitudinal sample with SRQ-20 distress; abstract reports latent change and exposure predictors but no numeric effect or uncertainty, and severity exposure measurement is not specified. Full text needed to confirm objective exposure, quantitative adjusted effect, and credible counterfactual.",FULLTEXT_REVIEW
131,D0009100,Study Design and Results of a Population-Based Study on Perceived Stress Following Hurricane Sandy.,2016,Disaster medicine and public health preparedness,cyclone,NARRATIVE_ONLY,"A single post-Sandy survey measured both a self-administered hurricane exposure checklist and perceived stress, with no pre-event outcome.",NARRATIVE_ONLY,"Single-wave post-hurricane survey of 601 volunteers; stress assessed only after Sandy; exposure measured by self-reported 35-item hurricane exposure checklist; no pre-event baseline, objective hazard variation, or credible counterfactual; regression reports cross-sectional association only.",DO_NOT_ADVANCE_MAIN_META
132,D0009157,Physically equivalent temperature and mental and behavioural disorders in Germany in 2009-2011,2016,Journal of Mental Health,temperature,FULLTEXT_REVIEW,"Daily national admissions and station-derived thermal exposure are available, but the abstract describes plotted fractional-polynomial patterns without temporal controls or effect uncertainty.",FULLTEXT_REVIEW,"Ecological time-series using daily weather-station PET and psychiatric hospital admissions, with an eligible psychiatric service-use outcome. Abstract describes admissions peaks across PET levels but reports no quantitative effect estimate or uncertainty, and does not state adjustment for temporal confounders, so effect extractability and counterfactual remain unclear.",FULLTEXT_REVIEW
133,D0009177,Personality diatheses and Hurricane Sandy: Effects on post-disaster depression,2016,Psychological Medicine,cyclone,NARRATIVE_ONLY,"Pre-hurricane depression history is available, but Sandy stress exposure was measured by participant questionnaire without external hazard linkage.",NARRATIVE_ONLY,"Exposure is measured by a post-event self-report 'hurricane stress exposure questionnaire', not objective or externally verifiable hazard variation. Current depressive symptoms were assessed only ~8 weeks after the hurricane; no pre-event current symptom baseline. The reported effect is a personality-moderated stress-symptom association, not an extractable causal hazard effect.",DO_NOT_ADVANCE_MAIN_META
134,D0009198,Peritraumatic distress mediates the effect of severity of disaster exposure on perinatal depression: The Iowa Flood Study,2015,Journal of Traumatic Stress,flood,FULLTEXT_REVIEW,"Flood exposure is described as objectively assessed and outcomes were repeated, but timing of a pre-flood outcome and an adjusted effect with uncertainty are not stated.",FULLTEXT_REVIEW,"Abstract reports objectively assessed prenatal flood exposure and longitudinal depression/well-being, but only zero-order correlations and mediation; it does not describe a pre-event baseline, credible counterfactual, adjusted effect, or uncertainty. These facts must be verified in full text.",FULLTEXT_REVIEW
135,D0009243,Neural reactivity to emotional stimuli prospectively predicts the impact of a natural disaster on psychiatric symptoms in children,2016,Biological Psychiatry,cyclone,NARRATIVE_ONLY,"Children had pre-Sandy symptom data, but hurricane-related stress was reported by mothers and lacks an external exposure linkage.",NARRATIVE_ONLY,"Maternal report of hurricane-related stress is self-reported exposure; no objective or externally verifiable hazard variation, so the hurricane effect on symptoms is not estimable for causal meta-analysis.",DO_NOT_ADVANCE_MAIN_META
136,D0009586,Lack of association between drought and mental health in a cohort of 45-61 year old rural Australian women,2015,Australian and New Zealand Journal of Public Health,drought,FULLTEXT_REVIEW,"Repeated mental-health surveys were linked to a changing objective drought index and analyzed with mixed models, but no effect estimate or uncertainty is reported.",FULLTEXT_REVIEW,"Longitudinal cohort with repeated surveys and an objective drought index provides a credible temporal counterfactual and an eligible mental-health outcome, but the abstract reports no point estimate or uncertainty, so effect extractability must be verified in full text.",FULLTEXT_REVIEW
137,D0009603,Happily ever after? Pre-and-post disaster determinants of happiness among survivors of Hurricane Katrina,2015,Journal of Happiness Studies: An Interdisciplinary Forum on Subjective Well-Being,cyclone,NARRATIVE_ONLY,"Happiness was measured before and after Katrina, but hurricane stressors and bereavement were survey-reported without external exposure linkage.",FULLTEXT_REVIEW,"Eligible outcome (happiness) and longitudinal pre/post design with pre-disaster baseline, but abstract reports only significance, not hazard effect sizes/uncertainty; individual hurricane exposure appears survey-based and needs verification.",ADJUDICATE_PRIORITY
138,D0009621,The contribution of pre- and postdisaster social support to short- and long-term mental health after Hurricanes Katrina: A longitudinal study of low-income survivors,2015,Social Science & Medicine,cyclone,NARRATIVE_ONLY,The analysis concerns social support pathways and survey-reported stressors rather than an externally measured hurricane effect on mental health.,NARRATIVE_ONLY,"Abstract examines social support as the main exposure and reports associations with distress/PTSD; hurricane exposure is self-reported and used as mediator/control, not an objective hazard effect. No credible hazard counterfactual or hazard-effect estimate is reported.",DO_NOT_ADVANCE_MAIN_META
139,D0009687,Posttraumatic stress disorder after hurricane sandy among persons exposed to the 9/11 disaster,2015,International Journal of Emergency Mental Health,cyclone|flood,NARRATIVE_ONLY,"FEMA inundation zones objectively classify area exposure, but Sandy-related PTSD and individual experiences were assessed only after the event.",NARRATIVE_ONLY,"Single-wave post-event survey comparing Sandy-related PTSD in FEMA inundation vs non-inundation zones; no pre-Sandy mental health outcome or credible counterfactual, so affected/unaffected post-event comparison is unsuitable.",DO_NOT_ADVANCE_MAIN_META
140,D0009727,Trajectories of post‐traumatic stress disorder symptoms among youth exposed to both natural and technological disasters,2015,Journal of Child Psychology and Psychiatry,cyclone,NARRATIVE_ONLY,Four postdisaster waves model PTSD trajectories after hurricanes and an oil spill; no pre-event outcome or hazard-specific counterfactual is reported.,NARRATIVE_ONLY,"Multi-wave longitudinal study of exposed youth only; no pre-event baseline or unexposed comparison. Abstract reports symptom trajectories and predictors of PTSD, not a hazard-specific causal effect with uncertainty.",DO_NOT_ADVANCE_MAIN_META
141,D0009770,Do hotter temperatures increase the incidence of self-harm hospitalisations?,2016,"Psychology, Health & Medicine",temperature,FULLTEXT_REVIEW,"District-day hospitalizations and meteorology were modeled with mixed models using irregular temporal variation, but the 0.7% estimate lacks reported uncertainty.",META_ELIGIBLE,"Original quantitative study uses objective meteorological temperature and NZ self-harm hospitalisations 1993-2009. GLMMs isolate irregular daily temperature variation, providing temporal counterfactual and reporting adjusted effect 0.7% per 1C; eligible self-harm outcome.",FULLTEXT_REVIEW
142,D0009885,Sleep quality among low-income young women in southeast Texas predicts changes in perceived stress through Hurricane Ike,2015,Sleep: Journal of Sleep and Sleep Disorders Research,cyclone,FULLTEXT_REVIEW,"Stress was repeatedly measured before and after Ike, but the hazard contrast mixes reported damage and subjective stressors and lacks a quantitative event effect.",FULLTEXT_REVIEW,"Longitudinal cohort with repeated PSS from 6 months before to 12 months after Hurricane Ike; abstract reports stress trajectory differences by sleep quality and risk factors but no quantitative hurricane effect or uncertainty, so full text is needed to determine whether a hazard-specific effect is extractable.",FULLTEXT_REVIEW
143,D0009924,"Predictors of youths’ posttraumatic stress symptoms following a natural disaster: The 2010 Nashville, Tennessee, flood",2016,Journal of Clinical Child and Adolescent Psychology,flood,NARRATIVE_ONLY,"Predisaster depressive symptoms were measured, but flood-specific PTS was assessed only after the flood and related to self-reported disaster experiences.",NARRATIVE_ONLY,"The abstract reports a longitudinal predictor study of postflood PTS symptoms, with self-reported disaster exposure and no pre-event PTS outcome. It describes bivariate correlations and predictors without reporting a quantitative hazard effect and uncertainty.",DO_NOT_ADVANCE_MAIN_META
144,D0010077,Relationship Between Long-term Flooding and Serious Mental Illness After the 2011 Flood in Thailand.,2017,Disaster medicine and public health preparedness,flood,NARRATIVE_ONLY,"Flood victims and unaffected residents completed one survey months after the event; flood duration, water level and distress lack pre-event outcomes.",NARRATIVE_ONLY,Abstract describes a single post-flood cross-sectional survey (May-June 2012) comparing flood victims and unaffected residents on Kessler 10 distress. No pre-flood outcome or temporal/quasi-experimental counterfactual; flood exposure appears self-reported from the same survey. Associations are unsuitable for causal meta-analysis.,DO_NOT_ADVANCE_MAIN_META
145,D0010105,Psychological sequelae of the 2013 Super Typhoon Haiyan among survivor-responders,2016,Psychiatry: Interpersonal and Biological Processes,cyclone,NARRATIVE_ONLY,The abstract explicitly describes a cross-sectional post-Haiyan questionnaire comparing survivor-responders with unaffected responders.,NARRATIVE_ONLY,"Cross-sectional post-event comparison of exposed vs unaffected responders 1.5-4 months after the typhoon, no pre-event baseline; regression on self-reported stressors, not a credible causal counterfactual.",DO_NOT_ADVANCE_MAIN_META
146,D0010217,Increasing ambient temperature reduces emotional well-being,2016,Environmental Research,temperature,FULLTEXT_REVIEW,"The analysis uses exogenous day-to-day temperature variation within residence areas, but provides no effect estimates with uncertainty for emotional outcomes.",META_ELIGIBLE,"Uses 1.9M survey responses with day-to-day temperature variation within respondents' area, an objective exposure. Outcomes include positive/negative emotions and stress. The abstract indicates an estimated effect of temperature on emotional well-being with significance, though numeric magnitude and uncertainty are not fully reported.",FULLTEXT_REVIEW
147,D0010325,Life after hurricane Katrina: The Resilience in Survivors of Katrina (RISK) Project,2016,Sociological Forum,cyclone,EXCLUDE,This article is an overview of findings from the RISK Project and reports no new quantitative hazard-outcome estimate.,FULLTEXT_REVIEW,"Abstract describes the RISK Project longitudinal cohort with pre-Katrina baseline and post-event waves and mental health outcomes, but presents an overview without any quantitative hazard effect or uncertainty. Full text must confirm an extractable hazard-specific estimate.",ADJUDICATE_PRIORITY
148,D0010361,Impact of short-term temperature variability on emergency hospital admissions for schizophrenia stratified by season of birth,2017,International journal of biometeorology,temperature,META_ELIGIBLE,Adjusted Poisson-DLNM time-series models link daily objective temperature variability to schizophrenia admissions and report RRs with 95% CIs.,META_ELIGIBLE,Time-series Poisson DLNM using objective daily DTR/TCN and emergency schizophrenia admissions 2005-2014; reports RRs with CIs. Outcome is psychiatric service use; temporal counterfactual and extractable hazard effect are present.,PRIORITY_FULLTEXT
149,D0010509,Is greater temperature change within a day associated with increased emergency admissions for schizophrenia?,2016,Science of the Total Environment,temperature,META_ELIGIBLE,"Daily DTR and schizophrenia admissions were analyzed with an adjusted Poisson DLNM, reporting an acute effect and 95% CI.",META_ELIGIBLE,"Time-series DLNM of daily diurnal temperature range and schizophrenia admissions (psychiatric service use) in Hefei 2005-2014 reports a 2.7% (95% CI 1.007-1.047) effect for extreme DTR, with objective exposure, temporal counterfactual, and extractable uncertainty.",PRIORITY_FULLTEXT
150,D0010523,Temporal and Spatial Patterns in Utilization of Mental Health Services During and After Hurricane Sandy: Emergency Department and Inpatient Hospitalizations in New York City.,2016,Disaster medicine and public health preparedness,cyclone|flood,FULLTEXT_REVIEW,"Administrative service data and the Farrington method compare observed post-Sandy use with historical expectations, but no effect estimate or uncertainty is supplied.",FULLTEXT_REVIEW,"Abstract supports objective hurricane exposure, psychiatric service use outcome, and a Farrington time-series design, but reports only qualitative 'substantial increase' without quantitative effect estimates or uncertainty. Full text needed to confirm extractable hazard-specific effects.",FULLTEXT_REVIEW
151,D0010594,Heatwaves and hospital admissions for mental disorders in Northern Vietnam e0155609,2016,PLoS ONE,temperature,META_ELIGIBLE,An adjusted five-year daily heatwave time series reports mental-disorder admission RRs with confidence intervals for defined heatwave durations.,META_ELIGIBLE,"Time-series analysis of daily mental hospital admissions 2008-2012 in Hanoi using zero-inflated negative binomial adjusting for seasonality, trend, day of week, humidity. Objective heatwave exposure from daily max temperature >=35°C. Reports RRs with 95% CIs (e.g., 1.15, 1.005-1.31 for 3-day heatwaves).",PRIORITY_FULLTEXT
152,D0010625,Rising to the Challenge: The Response to Hurricane Sandy in a Psychiatric Emergency Room.,2016,Journal of psychiatric practice,cyclone,FULLTEXT_REVIEW,"Psychiatric ER visits are compared across 12 months before and after Sandy, but the abstract does not establish an adjusted interrupted-time-series counterfactual.",FULLTEXT_REVIEW,Abstract reports pre/post counts and P values for psychiatric ER visits after Hurricane Sandy but does not describe an adjusted time-series or comparable control design; full text needed to establish credible counterfactual and adjusted effect.,FULLTEXT_REVIEW
153,D0010633,Spatial Shift in the Utilization of Mental Health Services After Hurricane Sandy Among New York City Residents Enrolled in Medicaid.,2016,Disaster medicine and public health preparedness,cyclone|flood,FULLTEXT_REVIEW,"Observed post-Sandy Medicaid visits were compared with expectations from two-year trends, but no mental-health effect estimate or uncertainty is reported.",FULLTEXT_REVIEW,"Post-Hurricane Sandy mental health service utilization among NYC Medicaid compared observed to expected from 2-year trends, but no quantitative effect size or uncertainty is reported in abstract; exposure definition and analytic details need full text.",FULLTEXT_REVIEW
154,D0010669,What Happened to Our Environment and Mental Health as a Result of Hurricane Sandy?,2016,Disaster medicine and public health preparedness,cyclone|flood,EXCLUDE,"The reported causal exposure is power blackout, a Sandy co-exposure that is not one of the registered climate hazards.",EXCLUDE,"Hurricane Sandy is the context, but the main exposure and reported effects are for power blackouts, not a registered climate hazard. No cyclone- or flood-specific hazard effect is estimated.",DO_NOT_ADVANCE_MAIN_META
155,D0010723,Negative emotionality and its facets moderate the effects of exposure to Hurricane Sandy on children’s postdisaster depression and anxiety symptoms,2016,Journal of Abnormal Psychology,cyclone,NARRATIVE_ONLY,"Depression and anxiety were measured before and after Sandy, but the hazard-stress exposure was mother-reported without external linkage.",NARRATIVE_ONLY,"Exposure is mother-rated 'stress from Hurricane Sandy' self-report, not objective or externally verifiable hazard variation; despite pre-event symptom baseline, the exposure criterion is not met.",DO_NOT_ADVANCE_MAIN_META
156,D0010816,"Exposure to Hurricane Sandy, neighborhood collective efficacy, and post-traumatic stress symptoms in older adults",2017,Aging & Mental Health,cyclone,NARRATIVE_ONLY,"Storm exposure and PTSD symptoms were both self-reported 8-33 months after Sandy, and no pre-event PTSD outcome was measured.",NARRATIVE_ONLY,"Self-reported storm exposure and PTSD measured only at post-storm follow-up; no pre-event PTSD baseline, so exposure-outcome association is post-event/cross-sectional and lacks credible counterfactual.",DO_NOT_ADVANCE_MAIN_META
157,D0010872,Effect of Hurricane Sandy on Long Island Emergency Departments Visits.,2016,Disaster medicine and public health preparedness,cyclone,FULLTEXT_REVIEW,"Administrative ED visits are divided into short pre/post-Sandy periods, but the abstract does not show a controlled temporal model or a null effect with uncertainty.",FULLTEXT_REVIEW,"Abstract reports Hurricane Sandy exposure and compares pre/post mental health ED visit periods, but it provides no quantitative mental-health effect or uncertainty, so full text must confirm an extractable estimate.",FULLTEXT_REVIEW
158,D0010882,"Impacts of extreme heat on emergency medical service calls in King County, Washington, 2007-2012: Relative risk and time series analyses of basic and advanced life support",2016,Environmental Health: A Global Access Science Source,temperature,FULLTEXT_REVIEW,"Objective humidex and EMS calls were analyzed with time-series methods, but the abstract gives no psychological-condition-specific estimate or uncertainty.",FULLTEXT_REVIEW,"Uses objective humidex and time-series design. Abstract reports all-cause EMS call effects with uncertainty, but mentions psychological conditions only qualitatively without a mental-health-specific effect estimate or uncertainty, so extractability is unclear.",FULLTEXT_REVIEW
159,D0010888,The Geography of Mental Health and General Wellness in Galveston Bay after Hurricane Ike: A Spatial Epidemiologic Study with Longitudinal Data,2016,Disaster Medicine and Public Health Preparedness,cyclone,NARRATIVE_ONLY,"The Hurricane Ike cohort is used to map postdisaster wellness trajectories and their spatial predictors, not to estimate a hazard effect.",NARRATIVE_ONLY,Abstract describes a spatial epidemiologic analysis of post-Hurricane Ike resilience trajectories for PTSS/depression and geographic variation in predictors. It does not estimate a hurricane exposure effect on mental health with uncertainty; design is descriptive/predictor rather than a credible causal counterfactual.,DO_NOT_ADVANCE_MAIN_META
160,D0011077,Weather conditions influence the number of psychiatric emergency room patients,2018,International journal of biometeorology,temperature,FULLTEXT_REVIEW,"Daily psychiatric ER counts were modeled with ARIMA and public weather data, but the temperature-specific estimate and uncertainty are not reported.",FULLTEXT_REVIEW,"Time-series ARIMA of daily psychiatric ER visits and objective meteorological PCs; psychiatric service use is eligible. Abstract reports associations, direction, and p-values but no effect sizes or confidence intervals, so full text is needed to confirm extractable temperature-specific adjusted effects.",FULLTEXT_REVIEW
161,D0011139,Mental disease-related emergency admissions attributable to hot temperatures,2018,Science of the Total Environment,temperature,FULLTEXT_REVIEW,"Eleven years of daily admissions and temperature were analyzed with city-specific DLNMs and meta-analysis, but no RR uncertainty is shown.",META_ELIGIBLE,"Daily city temperature and emergency admissions for mental disease analyzed with distributed lag non-linear model, pooled via multivariate meta-analysis. Objective exposure, eligible psychiatric service use outcomes, temporal counterfactual, and extractable quantitative attributable risk estimates are reported.",FULLTEXT_REVIEW
162,D0011223,Pupillary response to emotional stimuli as a risk factor for depressive symptoms following a natural disaster: The 2011 Binghamton flood,2017,Clinical Psychological Science,flood,FULLTEXT_REVIEW,"Depression was measured before and after the flood and objective flood stress was assessed, but the hazard effect and uncertainty are absent.",NARRATIVE_ONLY,"Longitudinal pre/post flood with baseline, but abstract reports a diathesis-stress interaction (pupil dilation × flood-related stress) predicting depressive symptoms, not a quantitative effect of flood hazard on depression. Post-event flood-stress gradient is not a credible counterfactual, so predictor analysis without hazard effect.",ADJUDICATE_PRIORITY
163,D0011241,Ambient temperature and added heat wave effects on hospitalizations in California from 1999 to 2009.,2018,Environmental research,temperature,FULLTEXT_REVIEW,"Adjusted DLNMs estimate temperature effects on mental-health hospitalizations, but the mental-health estimate and uncertainty are not stated.",FULLTEXT_REVIEW,"Objective ambient temperature and heat wave exposure; DLNM time-series; mental health admissions significantly increased. However abstract provides no hazard-specific numeric effect or CI for mental health, so full text needed to confirm extractable adjusted estimate.",FULLTEXT_REVIEW
164,D0011249,Continuity of midwifery carer moderates the effects of prenatal maternal stress on postnatal maternal wellbeing: The Queensland flood study,2018,Archives of Women's Mental Health,flood,FULLTEXT_REVIEW,"Repeated depression/anxiety assessments surround pregnancy and birth, but hardship is questionnaire-based and the abstract does not establish a pre-flood outcome or effect uncertainty.",NARRATIVE_ONLY,"Flood exposure is assessed via self-report questionnaires (flood-related hardship and subjective stress), not externally verified. Outcomes are depression/anxiety but the analysis tests moderation of the stress-depression association by care type, without a credible counterfactual or hazard-effect estimate. Self-reported exposure only.",ADJUDICATE_PRIORITY
165,D0011310,Mental health impacts of flooding: A controlled interrupted time series analysis of prescribing data in England,2017,Journal of Epidemiology and Community Health,flood,META_ELIGIBLE,"A controlled interrupted time series uses mapped inundation distance and prescribing before/after floods, reporting an adjusted 0.59% effect with 95% CI.",META_ELIGIBLE,"Controlled interrupted time series of prescribing records before and after flood onset, comparing pre-post changes by objective distance from inundated boundaries; reports adjusted 0.59% increase (95% CI 0.24–0.94) in antidepressant prescribing, an eligible psychiatric service-use outcome.",PRIORITY_FULLTEXT
166,D0011327,Longitudinal impact of hurricane sandy exposure on mental health symptoms,2017,International Journal of Environmental Research and Public Health,cyclone,NARRATIVE_ONLY,Baseline was after Sandy and exposure was reported personal/property damage; the follow-up therefore describes post-event persistence without a pre-event outcome.,NARRATIVE_ONLY,"Exposure is self-reported Hurricane Sandy exposure/damage via questionnaires; no objective hazard variation or pre-event baseline, and damage-severity association only, so not a credible causal hazard effect for meta-analysis.",DO_NOT_ADVANCE_MAIN_META
167,D0011344,Effects of the Fort McMurray wildfires on the health of evacuated workers: follow-up of 2 cohorts,2017,CMAJ open,wildfire,NARRATIVE_ONLY,Existing cohorts were surveyed only after the wildfire for anxiety/depression and compared evacuees with non-evacuees without a pre-fire mental-health outcome.,NARRATIVE_ONLY,"Post-fire follow-up questionnaire (3-26 weeks) compared evacuated vs not-evacuated workers on HADS anxiety/depression; abstract reports no pre-fire mental-health scores for this comparison, only between-group p-values at follow-up, so no credible pre-event counterfactual. Exposure (evacuation) is self-reported.",DO_NOT_ADVANCE_MAIN_META
168,D0011374,Risk and Protective Factors for Mental Health and Community Cohesion After the 2013 Calgary Flood,2018,Disaster medicine and public health preparedness,flood,NARRATIVE_ONLY,"Models identify baseline anxiety and property damage as predictors, but report no flood-exposure effect on eligible mental-health outcomes.",NARRATIVE_ONLY,"Abstract reports a post-flood predictor analysis of PTSD, depression, anxiety, and community cohesion. It provides adjusted ORs for pre-flood anxiety and property damage/help but no estimate of flood exposure effect on mental health, so no hazard effect is extractable.",DO_NOT_ADVANCE_MAIN_META
169,D0011385,Crop-damaging temperatures increase suicide rates in India,2017,Proceedings of the National Academy of Sciences of the United States of America,temperature,FULLTEXT_REVIEW,"A 47-year panel uses climate fluctuations to estimate a temperature-suicide effect, but the abstract's approximately 70 suicides per degree lacks uncertainty.",META_ELIGIBLE,"Uses 47-year panel data with objectively measured temperature fluctuations; reports a significant quantitative effect of 1°C increase above 20°C causing ~70 suicides, satisfying causal meta-analysis criteria.",FULLTEXT_REVIEW
170,D0011412,A novel surveillance approach for disaster mental health,2017,PLoS ONE,cyclone,EXCLUDE,"The outcomes are algorithmically inferred emotions in tweets, not validated measured mental-health outcomes, and the study is descriptive surveillance.",NARRATIVE_ONLY,"Study uses Twitter sentiment analysis to map spatial-temporal clusters of basic emotions around Hurricane Sandy, with no causal counterfactual and no hazard effect estimate or uncertainty; descriptive surveillance approach rather than quantitative hazard-outcome effect study.",DO_NOT_ADVANCE_MAIN_META
171,D0011451,Association between temperature and maternal stress during pregnancy,2017,Environmental Research,temperature,FULLTEXT_REVIEW,"Regional daily temperature is linked to maternal stress, but the abstract does not clarify repeated outcome timing or report quantitative temperature effects with uncertainty.",FULLTEXT_REVIEW,"Ambient temperature and GSI emotional stress are eligible, but abstract does not establish whether maternal stress was measured repeatedly within the same women or only once, and no effect size/CI is given; GEE/lag exposure alone does not confirm within-unit temporal variation.",FULLTEXT_REVIEW
172,D0011526,Longitudinal study of changing psychological outcomes following the Victorian Black Saturday bushfires,2018,Australian and New Zealand Journal of Psychiatry,wildfire,NARRATIVE_ONLY,Both cohort waves occur years after the bushfires and model symptom change and later life stressors without a pre-fire outcome.,NARRATIVE_ONLY,"Abstract reports prevalence changes over two post-bushfire waves and predictors (recent life stressors ORs), not a wildfire exposure effect; no pre-event baseline or credible causal counterfactual.",DO_NOT_ADVANCE_MAIN_META
173,D0011603,"Possible link of Interleukin-6 and Interleukin-2 with psychiatric diagnosis, ethnicity, disaster or BMI",2017,Cytokine,cyclone,NARRATIVE_ONLY,Relocated Katrina survivors and controls were assessed once after the disaster; psychiatric diagnoses have no pre-event baseline.,NARRATIVE_ONLY,"Cross-sectional comparison of relocated hurricane survivors and matched controls at one post-event time point; no pre-event outcome, so no credible counterfactual for hurricane effect on mental health.",DO_NOT_ADVANCE_MAIN_META
174,D0011641,Neural biomarker and early temperament predict increased internalizing symptoms after a natural disaster,2017,Journal of the American Academy of Child & Adolescent Psychiatry,cyclone,NARRATIVE_ONLY,"Internalizing symptoms were measured before and after Sandy, but hurricane stressors were participant-reported without external exposure linkage.",NARRATIVE_ONLY,"Abstract reports a vulnerability interaction (fear × hurricane stressors × ERN) predicting symptom change, not a standalone quantitative hazard effect; no credible counterfactual for the stressor gradient is described.",DO_NOT_ADVANCE_MAIN_META
175,D0011690,Hurricane Sandy exposure and the mental health of World Trade Center responders,2017,Journal of Traumatic Stress,cyclone,NARRATIVE_ONLY,"Pre-Sandy mental-health status is controlled, but the composite hazard exposure consists of responder-reported damage, outage, shortage and claims without external linkage.",FULLTEXT_REVIEW,"Abstract describes a pre-post longitudinal study of 870 WTC responders relating Hurricane Sandy impact exposures to PTSD and depression, adjusting for pre-Sandy mental health. It does not state whether exposures (home damage, power outage, FEMA claim) were objectively/verifiably measured or self-reported, nor report uncertainty. Full text must confirm exposure measurement and adjusted effect extractability.",ADJUDICATE_PRIORITY
176,D0011755,"Effects of ambient temperature on daily hospital admissions for mental disorders in Shanghai, China: A time-series analysis",2017,Science of the Total Environment,temperature,META_ELIGIBLE,An adjusted quasi-Poisson DLNM links daily temperature to mental-disorder admissions and reports RR 1.266 with a 95% CI.,META_ELIGIBLE,"Time-series study of daily mean ambient temperature and mental disorder hospital admissions using quasi-Poisson GAM with DLNM; reports RR 1.266 (95% CI: 1.074-1.493) for extreme heat vs median temperature, meeting causal meta-analysis criteria.",PRIORITY_FULLTEXT
177,D0011757,Incidence and risk factors for post-traumatic stress disorder in a population affected by a severe flood,2017,Public Health,flood,NARRATIVE_ONLY,GIS-defined affected and adjacent areas were compared once after the flood; the OR lacks a pre-event outcome or temporal counterfactual.,NARRATIVE_ONLY,"Affected versus adjacent non-affected residents were compared only after the 2012 flood using the TQ; no pre-event outcome or temporal counterfactual is reported. The OR 8.18 (95% CI 3.99-17.59) is a single post-event group contrast, not a credible causal estimate.",DO_NOT_ADVANCE_MAIN_META
178,D0011851,Self-reported and FEMA flood exposure assessment after hurricane sandy: Association with mental health outcomes,2017,PLoS ONE,cyclone|flood,NARRATIVE_ONLY,"FEMA flood mapping is objective and effects have CIs, but mental-health symptoms were measured only in a single post-Sandy survey.",NARRATIVE_ONLY,"Post-Hurricane Sandy cross-sectional survey of NYC/Long Island residents; mental health symptoms and flood exposure measured at one time after the event. No pre-event baseline or temporal counterfactual; FEMA flood data provide objective exposure but design is single-wave cross-sectional/affected-unaffected, so not eligible for causal meta-analysis.",DO_NOT_ADVANCE_MAIN_META
179,D0011940,Long-term exposure to high temperature associated with the incidence of major depressive disorder,2019,Science of the Total Environment,temperature,NARRATIVE_ONLY,"Incident depression is related to fixed 11-year average regional temperature, a purely spatial long-term contrast without within-unit temporal hazard variation.",NARRATIVE_ONLY,"Longitudinal cohort with MDD-free baseline; exposure is an 11-year average of regional temperature and comparison is across regions, so no within-unit temporal exposure variation or credible counterfactual is described.",DO_NOT_ADVANCE_MAIN_META
180,D0011984,"Influence of heat waves on daily hospital visits for mental illness in Jinan, China—a case-crossover study",2019,International Journal of Environmental Research and Public Health,temperature,META_ELIGIBLE,A bidirectional case-crossover study of defined heatwaves reports multivariable mental-illness visit ORs with 95% CIs.,META_ELIGIBLE,"Case-crossover study of daily hospital visits for mental illness and heat waves in Jinan; reports heat wave ORs with CIs. Objective ambient heat exposure, eligible psychiatric service use outcome, credible case-crossover counterfactual.",PRIORITY_FULLTEXT
181,D0012047,Estimation of the National Burden of Disease and Vulnerable Population Associated with Natural Disasters in Korea: Heavy Precipitation and Typhoon,2018,Journal of Korean medical science,cyclone,FULLTEXT_REVIEW,"Registered typhoons were analyzed with a case-crossover design, but mental-disorder effects are embedded in DALYs and lack hazard-specific uncertainty.",FULLTEXT_REVIEW,"Case-crossover study of typhoon/torrential rain burden using NHIS data; mental disorders are included as morbidity, but abstract reports only total DALYs and states mental disorders contributed more YLDs without a mental-health-specific quantitative effect or uncertainty. Full text needed to extract hazard-specific mental-health estimate.",FULLTEXT_REVIEW
182,D0012136,"Assessing heatwave impacts on cause-specific emergency department visits in urban and rural communities of Queensland, Australia",2019,Environmental Research,temperature,FULLTEXT_REVIEW,"Adjusted community time-series models assess heatwave effects, but the abstract reports RRs only for non-mental disease examples, not mental disorders.",FULLTEXT_REVIEW,"Temperature heatwave time-series with objective exposure and EDV outcomes including mental/behavioural disorders (F00-F99) is eligible, but the abstract reports only example cause-specific RRs and gives no mental-specific effect or uncertainty; full text needed for extraction.",FULLTEXT_REVIEW
183,D0012203,Empirical evidence of mental health risks posed by climate change,2018,PNAS Proceedings of the National Academy of Sciences of the United States of America,temperature|cyclone,FULLTEXT_REVIEW,"Meteorological and cyclone exposures are linked to a large mental-health survey, but the abstract omits the identification design, uncertainty, and separability of hazard-specific estimates.",FULLTEXT_REVIEW,"Abstract reports quantitative associations between meteorological/climatic exposure (temperature, Hurricane Katrina) and mental health difficulties, but does not specify within-unit temporal variation, covariates, or uncertainty; exact outcome measure is also unclear. Full text needed.",FULLTEXT_REVIEW
184,D0012234,Re-experiencing 9/11-Related PTSD Symptoms Following Exposure to Hurricane Sandy.,2018,International journal of emergency mental health,cyclone,NARRATIVE_ONLY,"Prior PTSD symptoms are available, but Sandy exposure is derived from the post-Sandy respondent survey without external hazard linkage.",FULLTEXT_REVIEW,"Abstract reports adjusted ORs for moderate/high Sandy exposure on 9/11-related PTSD symptoms, an eligible outcome with CI. However, it does not specify whether Sandy exposure was objectively measured or self-reported, and whether pre-Sandy symptoms were prospectively assessed. These must be verified for causal eligibility.",ADJUDICATE_PRIORITY
185,D0012372,The role of prenatal maternal stress in the development of childhood anxiety symptomatology: The QF2011 Queensland Flood Study,2018,Development and Psychopathology,flood,FULLTEXT_REVIEW,"Prenatal flood hardship and timing predict later child anxiety, but the abstract does not establish external exposure linkage, a quasi-experimental counterfactual, or effect uncertainty.",NARRATIVE_ONLY,"Flood-exposed pregnancy cohort with child anxiety measured after birth. Exposure is maternal objective hardship severity/timing among exposed only; no pre-event outcome or unexposed counterfactual, so severity association cannot support a causal hazard effect.",ADJUDICATE_PRIORITY
186,D0012395,Drought-related stress among farmers: Findings from the Australian rural mental health study,2018,Medical Journal of Australia,drought,NARRATIVE_ONLY,The study profiles predictors of self-reported drought-related stress; no objective drought effect on general psychological distress is estimated.,FULLTEXT_REVIEW,"Abstract reports a longitudinal cohort with weather-related stress outcomes but does not specify whether drought/rainfall exposure was objectively measured, the analytic design or counterfactual, or numeric effect estimates with uncertainty. Full text is needed to determine eligibility.",ADJUDICATE_PRIORITY
187,D0012621,When Natural Disaster Follows Economic Downturn: The Incremental Impact of Multiple Stressor Events on Trajectories of Depression and Posttraumatic Stress Disorder,2019,Disaster medicine and public health preparedness,cyclone,NARRATIVE_ONLY,"The same cohort is followed across an economic downturn and Sandy, but all are event-exposed and trajectory classes do not isolate a hurricane counterfactual.",NARRATIVE_ONLY,"Latent growth mixture modeling of depression trajectories among older adults exposed to Hurricane Sandy; no unexposed counterfactual or hazard-specific causal effect with uncertainty, only trajectory group percentages.",DO_NOT_ADVANCE_MAIN_META
188,D0012662,Association between ambient temperatures and mental disorder hospitalizations in a subtropical city: A time-series study of Hong Kong special administrative region,2018,International Journal of Environmental Research and Public Health,temperature,META_ELIGIBLE,Adjusted Poisson GAM/DLNM models link daily temperature to mental-disorder admissions and report cumulative RR 1.09 with 95% CI.,META_ELIGIBLE,"Daily time-series study of ambient temperature and mental disorder hospitalizations in Hong Kong using Poisson GAM/DLNM; reports cumulative RR 1.09 (95% CI 1.03–1.15) for 28°C vs 19.4°C at lag 0–2 days, meeting criteria.",PRIORITY_FULLTEXT
189,D0012697,"Rio's Mountainous Region (""Região Serrana"") 2011 Landslides: Impact on Public Mental Health System.",2018,PLoS currents,flood,FULLTEXT_REVIEW,"A controlled pre/post administrative study follows a combined landslide-and-flood disaster, but the truncated abstract gives no uncertainty and does not isolate flooding.",FULLTEXT_REVIEW,"Ecological controlled before-after study of mental health care demand following the 2011 landslides/floods, with pre-event baseline and other regions as control. Abstract reports an increase from 13,875 to 17,690 visits but no uncertainty or adjusted effect estimate, so extractability must be verified in full text.",FULLTEXT_REVIEW
190,D0012736,"Effect of increasing temperature on daily hospital admissions for schizophrenia in Hefei, China: A time-series analysis",2018,Public Health,temperature,META_ELIGIBLE,An adjusted Poisson DLNM links daily temperature to schizophrenia admissions and reports a 7% increase with 95% CI.,META_ELIGIBLE,"Time-series analysis of daily hospital admissions for schizophrenia and objectively measured ambient temperature in Hefei using DLNM; reports a 7% (95% CI 4-11%) increase in admissions at 28°C lag 0-4 days, satisfying population data, temporal variation, eligible psychiatric service use outcome, and extractable effect with uncertainty.",PRIORITY_FULLTEXT
191,D0012786,The English National Cohort Study of Flooding and Health: the change in the prevalence of psychological morbidity at year two.,2018,BMC public health,flood,NARRATIVE_ONLY,"The cohort starts one year after flooding and compares year-one and year-two morbidity using self-reported flood exposure, without pre-flood outcomes.",NARRATIVE_ONLY,"Flood exposure was self-reported via questionnaire and categorized from responses; no pre-flood baseline, only post-event affected/unaffected comparisons at year 1 and year 2. This self-reported exposure and post-event design is not credible for causal meta-analysis.",DO_NOT_ADVANCE_MAIN_META
192,D0012896,Utilization of mental health services by children displaced by Hurricane Katrina,2018,Psychiatric Services,cyclone,FULLTEXT_REVIEW,"Medicaid claims compare pre-post service changes in displaced children against three control groups, but effect estimates and uncertainty are not reported.",FULLTEXT_REVIEW,"Medicaid claims pre-post study of children displaced by Hurricane Katrina with control groups; psychiatric service use is eligible. Abstract reports direction and significance but no effect size or uncertainty, and does not resolve adjusted modelling or parallel-trends assumptions, so full text is required.",FULLTEXT_REVIEW
193,D0012902,Examining the prospective relationship between pre-disaster respiratory sinus arrhythmia and post-disaster posttraumatic stress disorder symptoms in children,2018,Journal of Abnormal Child Psychology,cyclone,NARRATIVE_ONLY,"PTSD was measured before and after Katrina, but the analysis estimates RSA predictors and includes no hurricane exposure variation or hazard effect.",NARRATIVE_ONLY,"Abstract reports a prospective study of pre-disaster RSA predicting post-Katrina PTSD symptoms in 36 children. It does not estimate an effect of Hurricane Katrina on PTSD; the hazard is only the context/event, and no hazard-attributable effect or uncertainty is reported. Thus predictor analysis without a hazard effect.",DO_NOT_ADVANCE_MAIN_META
194,D0012920,Psychopharmacology utilization among children with anxiety and obsessive–compulsive and related disorders following Hurricane Katrina,2018,Child Psychiatry and Human Development,cyclone,FULLTEXT_REVIEW,"Claims compare disaster and nondisaster areas, but the abstract does not clearly state a pre-post contrast and reports medication differences without uncertainty.",NARRATIVE_ONLY,"Abstract compares post-Katrina medication fills across disaster/non-disaster areas only; no pre-event outcome or within-unit temporal variation described, so exposed/unexposed post-event comparison lacks credible counterfactual.",ADJUDICATE_PRIORITY
195,D0012949,Examining the Association between Apparent Temperature and Mental Health-Related Emergency Room Visits in California,2018,American Journal of Epidemiology,temperature,META_ELIGIBLE,"Daily apparent temperature and mental-health/self-harm ER visits were modeled by climate zone and pooled, with percent effects and 95% CIs.",META_ELIGIBLE,"Daily mental-health/self-injury ER visits across 16 California climate zones linked to objectively measured apparent temperature; Poisson time-series regression yields same-day quantitative effects with 95% CIs (e.g., 4.8% per 10°F).",PRIORITY_FULLTEXT
196,D0013000,Short-term effects of traffic noise on suicides and emergency hospital admissions due to anxiety and depression in Madrid (Spain),2020,Science of the Total Environment,temperature,META_ELIGIBLE,"A daily Poisson time series separately reports a cold-wave association with anxiety admissions, RR 1.62 with 95% CI, despite also studying noise and pollution.",META_ELIGIBLE,"Daily ecological time-series using objective cold-wave temperature (Tcold) and daily emergency admissions for anxiety/depression/suicide; reports RR 1.62 (95% CI 1.18-2.22) for anxiety at lag 9, satisfying hazard-specific effect with uncertainty.",PRIORITY_FULLTEXT
197,D0013031,Differential Mental Health Impact Six Months After Extensive River Flooding in Rural Australia: A Cross-Sectional Analysis Through an Equity Lens,2019,Frontiers in Public Health,flood,NARRATIVE_ONLY,"The abstract explicitly reports a cross-sectional survey six months after flooding, relating reported inundation and displacement to current mental health.",NARRATIVE_ONLY,"Cross-sectional survey six months post-flood with no pre-event outcome or temporal exposure variation; adjusted ORs reflect damage-severity association only, not a credible counterfactual.",DO_NOT_ADVANCE_MAIN_META
198,D0013037,Perceived and actual posttraumatic growth in religiousness and spirituality following disasters,2021,Journal of Personality,cyclone,EXCLUDE,"The measured outcomes are religiousness, spirituality and perceived religious/spiritual growth; psychological wellbeing is only associated with growth, not modeled as a hurricane outcome.",EXCLUDE,"Abstract examines religious/spiritual posttraumatic growth, religiousness, and spiritual subfacets following Hurricanes Harvey and Irma. These are not eligible mental-health outcomes. Psychological well-being is mentioned only as a correlate of R/S PTG, not as a hazard-effect outcome, so no extractable mental-health effect.",DO_NOT_ADVANCE_MAIN_META
199,D0013084,Cognitive integration of personal or public events affects mental health: Examining memory networks in a case of natural flooding disaster,2020,Journal of Personality,flood,NARRATIVE_ONLY,"Assessments occurred during the flood and two months later, with reported affected status and no pre-flood mental-health baseline.",NARRATIVE_ONLY,"Prospective two-wave study during and two months after a flood compares flood-affected vs unaffected individuals; no pre-flood baseline or credible counterfactual, so abstract clearly indicates unsuitable design for causal flood effect.",DO_NOT_ADVANCE_MAIN_META
200,D0013117,"Effect of apparent temperature on daily emergency admissions for mental and behavioral disorders in Yancheng, China: A time-series study",2019,Environmental Health A Global Access Science Source,temperature,FULLTEXT_REVIEW,"An adjusted quasi-Poisson DLNM links daily apparent temperature to emergency mental-disorder admissions, but no quantitative effect or uncertainty is reported.",FULLTEXT_REVIEW,"Time-series study with objectively measured apparent temperature and daily psychiatric emergency admissions, but abstract reports only a positive lagged association without point estimates or uncertainty, so effect extractability needs full text.",FULLTEXT_REVIEW
201,D0013119,Suicide and ambient temperature: A multi-country multi-city study,2019,Environmental Health Perspectives,temperature,META_ELIGIBLE,Daily ambient temperature was analyzed in location-specific time-stratified case-crossover models; suicide RRs and 95% CIs are reported.,META_ELIGIBLE,"Multi-country daily time-series using time-stratified case-crossover analysis of objectively measured ambient temperature and suicide; reports RR 1.33 (95% CI 1.30, 1.36) at 27°C across 1,320,148 suicides.",PRIORITY_FULLTEXT
202,D0013169,How community vulnerability factors jointly affect multiple health outcomes after catastrophic storms,2020,Environment International,cyclone|flood,FULLTEXT_REVIEW,"The Sandy period was compared with the same dates in other years using distributed-lag models, but no Sandy effect estimate or uncertainty is reported for mental disorders.",FULLTEXT_REVIEW,"Original ED-visit time-series compares Superstorm Sandy period to same calendar periods in other years, including mental disorders as an outcome. However, abstract reports only community vulnerability factor contributions (e.g., mental disorders 2.71%) and CVI accuracy, not a hazard-specific effect estimate with uncertainty for mental health.",FULLTEXT_REVIEW
203,D0013198,Twelve years later: The long-term mental health consequences of Hurricane Katrina,2019,Social Science & Medicine,cyclone,FULLTEXT_REVIEW,"Mothers were measured before Katrina and three times afterward, but the abstract gives prevalence and predictor findings without an event-effect estimate and uncertainty.",NARRATIVE_ONLY,"Abstract reports pre/post trajectories and covariate-adjusted predictors of long-term PTSD/distress, not a causal effect of objectively measured hurricane exposure. Exposure variation is hurricane-related traumatic events/housing damage (self-report); no credible counterfactual or extractable hazard effect with uncertainty.",ADJUDICATE_PRIORITY
204,D0013208,Impact of Hurricane Katrina on mental health among US adults,2019,American Journal of Health Behavior,cyclone,FULLTEXT_REVIEW,"A difference-in-differences analysis estimates 0.68 additional poor-mental-health days after Katrina, but the abstract omits uncertainty for this estimate.",FULLTEXT_REVIEW,Abstract reports a DiD estimate (0.68 poor mental health days) for Hurricane Katrina but no uncertainty and unclear comparison group. Full text must establish adjusted effect with SE/CI.,FULLTEXT_REVIEW
205,D0013270,Temperature and mental health: Evidence from the spectrum of mental health outcomes.,2019,Journal of health economics,temperature,FULLTEXT_REVIEW,"The abstract reports temperature associations with psychiatric visits, suicide, and poor-mental-health days but gives no exposure source, identification design, estimates, or uncertainty.",FULLTEXT_REVIEW,Abstract indicates objective ambient temperature and mental health outcomes but does not specify the empirical design or report quantitative effect sizes/uncertainty; full text needed to verify credible counterfactual and extractable estimates.,FULLTEXT_REVIEW
206,D0013316,Life stress moderates the effects of preschool behavioral inhibition on anxiety in early adolescence,2020,Journal of Child Psychology and Psychiatry,cyclone,NARRATIVE_ONLY,Hurricane-related stress was assessed after the event and used as a moderator of childhood behavioral inhibition; no externally linked exposure or pre-event anxiety outcome is reported.,NARRATIVE_ONLY,"Longitudinal cohort examines whether hurricane-related stress and life events moderate the association between preschool BI and adolescent anxiety; no pre-event anxiety outcome, no hazard main effect on mental health reported, and disaster-related stress appears self-reported, so no hazard-effect estimate is extractable.",DO_NOT_ADVANCE_MAIN_META
207,D0013336,"Association between floods and hospital admissions for schizophrenia in Hefei, China: The lag effects of degrees of floods and time variation",2020,Science of the Total Environment,flood,FULLTEXT_REVIEW,"A distributed-lag time-series model reports flood-related schizophrenia admission RRs and CIs, but the abstract does not identify the flood data source or linkage.",META_ELIGIBLE,Time-series Poisson DLNM over 2005-2014 in Hefei uses daily flood events as objective exposure and schizophrenia hospital admissions (psychiatric service use) as outcome; RRs with CIs are reported.,FULLTEXT_REVIEW
208,D0013342,Medicaid utilization before and after a natural disaster in the 2016 Baton Rouge-area flood,2019,American Journal of Public Health,flood,FULLTEXT_REVIEW,"Claims were compared for 10 months before and after the Baton Rouge flood, but the abstract does not describe an interrupted-time-series model, control series, or uncertainty.",FULLTEXT_REVIEW,"Abstract reports pre/post behavioral health service use in a flood-affected Medicaid population, with pre-event baseline, but no unaffected comparison group or explicit interrupted time-series model and no uncertainty for the 66%/44% increases. Full text must establish causal design and adjusted effect estimates.",FULLTEXT_REVIEW
209,D0013453,"Impacts of heat and cold on hospitalizations for schizophrenia in Hefei, China: An assessment of disease burden",2019,Science of the Total Environment,temperature,FULLTEXT_REVIEW,"Poisson DLNMs estimate temperature-attributable schizophrenia hospitalizations, but the abstract reports only an attributable percentage without uncertainty.",FULLTEXT_REVIEW,"Time-series Poisson DLNM of temperature and schizophrenia hospitalizations matches target design and outcome. However abstract reports only attributable fraction point (70.9%) without uncertainty or regression coefficients, so hazard effect extractability is unresolved.",FULLTEXT_REVIEW
210,D0013593,"Exposure to multiple disasters: The long-term effect of Hurricane Sandy (October 29, 2012) on NYC survivors of the September 11, 2001 World Trade Center attack",2019,Psychiatry Research,cyclone,FULLTEXT_REVIEW,"Repeated PTSD measures span before and after Sandy, but Sandy exposure measurement and quantitative exposure effects with uncertainty are not described.",FULLTEXT_REVIEW,"Relevant longitudinal cohort with pre-Sandy PTSD trajectories and post-Sandy outcome, but abstract does not specify how 'Sandy exposure' was measured (objective/verifiable vs self-report) or whether the analysis uses a credible temporal counterfactual. Hazard-specific adjusted effects are not reported, only described as significant in some trajectory groups.",FULLTEXT_REVIEW
211,D0013608,Toddler temperament mediates the effect of prenatal maternal stress on childhood anxiety symptomatology: The QF2011 queensland flood study,2019,International Journal of Environmental Research and Public Health,flood,NARRATIVE_ONLY,"Flood exposure consists of maternal reports of hardship, appraisal, and distress, and child anxiety was measured only after the prenatal event.",NARRATIVE_ONLY,"Flood cohort measured prenatal objective hardship and child anxiety/internalizing at 16 months and 4 years. Abstract shows post-event exposure gradient and longitudinal follow-up, but no pre-event baseline or unaffected comparison, so no credible counterfactual; no numeric hazard effect/uncertainty reported.",DO_NOT_ADVANCE_MAIN_META
212,D0013644,"A cross-lagged panel analysis of children's sleep, attention, and mood in a prenatally stressed cohort: The QF2011 Queensland flood study",2019,Journal of Affective Disorders,flood,NARRATIVE_ONLY,"Disaster-related prenatal stress was reported after the flood, and anxious/depressed symptoms were measured only at child ages 2.5 and 4 years without a pre-event outcome.",NARRATIVE_ONLY,"Post-flood cohort with child outcomes only at ages 2.5 and 4; no pre-event child mental-health baseline. Exposure is a severity gradient in objective prenatal flood hardship, not a credible counterfactual. Cross-lagged analysis among child symptoms lacks a hazard-specific effect on an eligible mental-health outcome.",DO_NOT_ADVANCE_MAIN_META
213,D0013696,The immediate and lasting impact of Hurricane Sandy on pregnancy complications in eight affected counties of New York State,2019,Science of the Total Environment,cyclone,FULLTEXT_REVIEW,"Sandy periods were compared with corresponding periods in other years, but the mental-illness increase is reported without an effect interval or outcome detail.",FULLTEXT_REVIEW,Time-series study of Hurricane Sandy compares ED visits during Sandy to non-Sandy periods; mental illness ED visits increased 33.2% but no CI/adjusted effect is reported. Need full text to confirm psychiatric service use outcome and extractable effect with uncertainty.,FULLTEXT_REVIEW
214,D0013800,"Examining the association between apparent temperature and admissions for schizophrenia in Hefei, China, 2005–2014: A time-series analysis",2019,Science of the Total Environment,temperature,META_ELIGIBLE,A distributed-lag time-series analysis relates apparent temperature to schizophrenia hospitalizations and reports lag-specific RRs with 95% CIs.,META_ELIGIBLE,"Time-series study using apparent temperature as objective exposure and schizophrenia hospitalizations as psychiatric service use; Poisson DLNM reports RRs with 95% CIs, satisfying causal meta-analysis criteria.",PRIORITY_FULLTEXT
215,D0013871,Crisis support-seeking behavior and temperature in the United States: Is there an association in young adults and adolescents?,2019,Science of the Total Environment,temperature,FULLTEXT_REVIEW,"Daily maximum and minimum temperature were analyzed with distributed-lag models against crisis texts, but no numerical effect or uncertainty is reported.",FULLTEXT_REVIEW,"Time-series DLNM uses daily objective temperature and crisis mental-health service contacts, giving credible temporal variation. However, abstract reports only significant positive associations without effect sizes or uncertainty, so quantitative estimates must be verified in full text.",FULLTEXT_REVIEW
216,D0014028,Ambient temperature and associations with daily visits to a psychiatric emergency unit in Sweden,2019,International Journal of Environmental Research and Public Health,temperature,META_ELIGIBLE,A case-crossover distributed-lag analysis uses daily mean temperature and psychiatric emergency visits and reports warm- and cold-season effects with 95% CIs.,META_ELIGIBLE,"Case-crossover with distributed lag non-linear models using objectively measured daily mean temperature and daily psychiatric emergency visits. Reports hazard-specific percent increases with CIs for high and low temperature, satisfying causal counterfactual and extractable quantitative effect.",PRIORITY_FULLTEXT
217,D0014064,After the Fort McMurray wildfire there are significant increases in mental health symptoms in grade 7–12 students compared to controls,2019,BMC Psychiatry,wildfire,NARRATIVE_ONLY,"Students in the wildfire community were surveyed 18 months afterward and compared with a different city surveyed in a different year, with no pre-fire outcome baseline.",NARRATIVE_ONLY,"Post-wildfire Fort McMurray 2017 survey is compared with Red Deer 2014 controls; exposed outcomes are measured only after the event with no pre-event baseline, so affected-vs-unaffected comparison is not a credible counterfactual.",DO_NOT_ADVANCE_MAIN_META
218,D0014134,Infant Temperament: Repercussions of Superstorm Sandy-Related Maternal Stress.,2019,Child psychiatry and human development,cyclone,EXCLUDE,"The measured child outcomes are infant temperament, negative affect, and emotion regulation rather than a stated mental-health or subjective-wellbeing outcome.",EXCLUDE,"Outcome is infant temperament (negative affect, emotion regulation) at 6 months, which is not in the eligible mental-health outcome list. Exposure also relies on maternal self-report of storm stress.",DO_NOT_ADVANCE_MAIN_META
219,D0014357,Predictors of child resilience in a community-based cohort facing flood as natural disaster,2020,BMC Psychiatry,flood,NARRATIVE_ONLY,A questionnaire six months after flooding models maternal and child predictors of reported resilience; it does not estimate a flood effect using a temporal counterfactual.,NARRATIVE_ONLY,"Child resilience was assessed once 6 months post-flood by mother-report and compared across more vs less/not exposed children. No pre-event outcome or credible counterfactual; reports predictors, not a hazard effect with uncertainty.",DO_NOT_ADVANCE_MAIN_META
220,D0014393,The dynamic course of psychological outcomes following the Victorian Black Saturday bushfires,2021,Australian and New Zealand Journal of Psychiatry,wildfire,NARRATIVE_ONLY,"The exposed cohort was first assessed 3-4 years after the bushfires and followed thereafter, so symptom trajectories lack a pre-fire outcome baseline or changing hazard exposure.",NARRATIVE_ONLY,"Longitudinal post-disaster cohort of Black Saturday survivors measured at 3-4, 5, and 10 years after fires; no pre-fire baseline or unaffected counterfactual, only post-event trajectories and prevalence. Does not estimate a causal hazard effect.",DO_NOT_ADVANCE_MAIN_META
221,D0014471,Predisaster predictors of posttraumatic stress symptom trajectories: An analysis of lowincome women in the aftermath of Hurricane Katrina,2020,PLoS ONE,cyclone,NARRATIVE_ONLY,"Although assessments span pre- and post-Katrina, the analysis identifies PTSS trajectories and tests predisaster vulnerability predictors rather than estimating the hurricane effect.",NARRATIVE_ONLY,"Study uses a Hurricane Katrina cohort with predisaster baseline and three postdisaster waves but models latent PTSS trajectories and predisaster predictors, adjusting for disaster exposure; no quantitative hazard effect on mental health is reported. Descriptive/predictor analysis, unsuitable for causal meta-analysis.",DO_NOT_ADVANCE_MAIN_META
222,D0014509,Suicide and apparent temperature in the two capitals cities in the Iberian Peninsula,2020,Social Science & Medicine,temperature,FULLTEXT_REVIEW,"A time-series lag model reports a suicide RR of 2.7 at 38 C in Lisbon but gives no corresponding CI, SE, or exact p-value.",META_ELIGIBLE,"Time-series study using objective Apparent Temperature and suicide. Quasi-Poisson DLNM reports statistically significant RR 2.7 at 38°C vs 20.62 at 7-day lag, providing an extractable adjusted effect.",FULLTEXT_REVIEW
223,D0014521,"Socioeconomic level and associations between heat exposure and all-cause and cause-specific hospitalization in 1,814 Brazilian cities: A nationwide case-crossover study",2020,PLoS Medicine,temperature,META_ELIGIBLE,Daily weather and hospitalization data were analyzed in time-stratified case-crossover models; the mental-health hospitalization effect is reported with a 95% CI.,META_ELIGIBLE,Uses daily weather data for heat exposure in a time-stratified case-crossover design and reports heat-related hospitalization for mental health conditions with 95% CI: 17.2% (8.4–26.8) in LMI cities and 5.5% (-1.4 to 13.0) in HI cities per 5°C increase. Meets all target criteria.,PRIORITY_FULLTEXT
224,D0014583,Positive cognitive appraisal “buffers” the long-term effect of peritraumatic distress on maternal anxiety: The Queensland Flood Study,2021,Journal of Affective Disorders,flood,NARRATIVE_ONLY,Post-flood symptom trajectories are related mainly to reported peritraumatic distress and appraisal; pre-disaster anxiety was not controlled and no external exposure linkage is stated.,NARRATIVE_ONLY,"All participants were exposed to the 2011 Queensland flood during pregnancy; outcomes were measured only after childbirth (16 months to 6 years) with no pre-disaster mental health baseline. Self-reported peritraumatic distress and appraisal were the significant predictors, while objective flood hardship was null; no credible counterfactual or hazard-specific extractable effect.",DO_NOT_ADVANCE_MAIN_META
225,D0014664,"Quasi-experimental evaluation of text-based crisis patterns in youth following Hurricane Florence in the Carolinas, 2018",2021,Science of the Total Environment,cyclone,META_ELIGIBLE,An interrupted time series evaluates crisis-text changes around Hurricane Florence and reports percentage changes with SEs and p-values for anxiety/stress and suicidal thoughts.,META_ELIGIBLE,"Retrospective interrupted time-series of crisis text volume before and after Hurricane Florence. Reports immediate and sustained increases for stress/anxiety, depression, and suicidal thoughts with SE and p values; objective cyclone exposure and credible pre-post counterfactual.",PRIORITY_FULLTEXT
226,D0014716,A life‐course model of trauma exposure and mental health among low‐income survivors of Hurricane Katrina,2020,Journal of Traumatic Stress,cyclone,NARRATIVE_ONLY,The path model estimates effects of life-course traumatic events on symptoms in Katrina survivors rather than a hurricane hazard effect.,NARRATIVE_ONLY,Abstract describes a path model of self-reported lifetime and disaster trauma exposure predicting PTSS and distress among Katrina survivors. It does not report objective hurricane hazard variation or a hazard effect on mental health.,DO_NOT_ADVANCE_MAIN_META
227,D0014778,Association between ambient temperature and injury by intentions and mechanisms: A case-crossover design with a distributed lag nonlinear model,2020,Science of the Total Environment,temperature,FULLTEXT_REVIEW,"A time-stratified case-crossover study finds intentional self-harm increased at high temperatures, but no self-harm-specific effect estimate or uncertainty is given.",FULLTEXT_REVIEW,"Temperature case-crossover with DLNM uses emergency injury data and mentions self-harm among intentional injuries, but abstract reports only combined 'self-harm and assault' significant at high temperatures without a self-harm-specific estimate or uncertainty.",FULLTEXT_REVIEW
228,D0014788,Extremes in water availability and suicide: Evidence from a nationally representative sample of rural Indian adults,2020,Environmental Research,drought,META_ELIGIBLE,"SPEI from precipitation and temperature data varies within districts over 13 years in fixed-effects models, with suicide effects and 95% CIs reported.",META_ELIGIBLE,"District fixed-effects Poisson model uses SPEI from precipitation/temperature as objective drought/water-availability exposure and reports suicide effect sizes with 95% CIs (wet: 18.7% [6.2,31.2]; dry: 3.6% [-17.9,25.0]).",PRIORITY_FULLTEXT
229,D0014835,The effect of temperature on cause-specific mental disorders in three subtropical cities: A case-crossover study in China,2020,Environment International,temperature,META_ELIGIBLE,A case-crossover DLNM relates ambient temperature to diagnosed mental-disorder morbidity and reports disorder- and city-specific ORs with 95% CIs.,META_ELIGIBLE,"Case-crossover study with distributed lag nonlinear model uses daily psychiatric hospital morbidity and ambient temperature as objective exposure. Reports cause-specific mental disorder ORs with 95% CIs for cold and heat, meeting eligibility criteria.",PRIORITY_FULLTEXT
230,D0014989,Increased incidence of stress-associated illnesses among elderly after Typhoon Morakot,2021,Journal of the Formosan Medical Association,cyclone,FULLTEXT_REVIEW,"Administrative visits are described before and after Typhoon Morakot, but the abstract does not state an ITS or controlled design and reports percentages without uncertainty.",FULLTEXT_REVIEW,"Abstract reports pre-post increases in stress-associated illness visits after Typhoon Morakot, suggesting longitudinal pre-baseline design, but lacks adjusted estimates/uncertainty and credible counterfactual. Full text must confirm analytic design and effect extraction.",FULLTEXT_REVIEW
231,D0015002,Cross sectional analysis of depression amongst Australian rural business owners following cyclone-related flooding,2020,Journal of Occupational Medicine and Toxicology,flood|cyclone,NARRATIVE_ONLY,This is a single cross-sectional survey six months after flooding; reported flood and financial exposures are post-event self-reports despite adjusted depression ORs.,NARRATIVE_ONLY,Single-wave cross-sectional survey six months after flooding; flood exposure and depression were measured by self-report in the same survey; no pre-event baseline or credible counterfactual. Reports adjusted ORs with CIs but design cannot estimate causal hazard effects.,DO_NOT_ADVANCE_MAIN_META
232,D0015008,"Disaster-related prenatal maternal stress, and childhood HPA-axis regulation and anxiety: The QF2011 Queensland Flood Study",2020,Psychoneuroendocrinology,flood,NARRATIVE_ONLY,"Prenatal flood stress is based on reported hardship, distress, and appraisal, and child anxiety is measured only years after the event.",NARRATIVE_ONLY,"Exposed-only cohort of women pregnant during 2011 Queensland floods; no pre-event or unexposed counterfactual; exposure is self-reported PNMS via questionnaires; abstract reports mediation by toddler cortisol, not a quantitative flood-anxiety effect.",DO_NOT_ADVANCE_MAIN_META
233,D0015043,"Short-term effect of apparent temperature on daily emergency visits for mental and behavioral disorders in Beijing, China: A time-series study",2020,Science of the Total Environment,temperature,META_ELIGIBLE,A quasi-Poisson DLNM estimates apparent-temperature effects on daily mental-disorder emergency visits and reports lag-specific RRs with 95% CIs.,META_ELIGIBLE,"Time-series study of daily apparent temperature and emergency visits for mental and behavioral disorders using quasi-Poisson GAM with DLNM; reports RR with 95% CI for temperature effects, satisfying objective exposure, eligible psychiatric service use outcome, temporal counterfactual, and extractable hazard effect.",PRIORITY_FULLTEXT
234,D0015062,"Hot weather and suicide deaths among older adults in hong kong, 1976–2014: A retrospective study",2020,International Journal of Environmental Research and Public Health,temperature,FULLTEXT_REVIEW,"A 39-year transfer-function time series links retrieved meteorological data to suicide, but numerical effects and uncertainty are omitted.",FULLTEXT_REVIEW,Abstract supports time-series analysis of objective ambient temperature and older-adult suicide deaths but does not report quantitative effect estimates or uncertainty; full text must confirm extractable adjusted hazard effect.,FULLTEXT_REVIEW
235,D0015156,Reciprocal effects of maternal and child internalizing symptoms before and after a natural disaster,2020,Journal of Family Psychology,cyclone,NARRATIVE_ONLY,The pre-post study examines reciprocal maternal-child symptom processes and reported Sandy stress; it does not report an estimated hurricane effect on symptoms.,NARRATIVE_ONLY,"Mothers self-reported family stress exposure from Hurricane Sandy; no objective or externally verifiable hazard variation. Abstract reports reciprocal symptom associations, not a quantitative hazard effect on mental health outcomes.",DO_NOT_ADVANCE_MAIN_META
236,D0015239,Impact of flooding on health-related quality of life in England: Results from the National Study of Flooding and Health,2020,European Journal of Public Health,flood,NARRATIVE_ONLY,"Flooded, disrupted, and unaffected groups were compared only at two and three years post-flood, without a pre-event HRQoL or anxiety/depression baseline.",NARRATIVE_ONLY,"Flood cohort assessed only 2 and 3 years post-flooding; compares flooded/disrupted vs unaffected groups with adjusted regression, but no pre-flood baseline or within-unit temporal exposure variation. Post-event affected/unaffected contrast alone is not a credible counterfactual.",DO_NOT_ADVANCE_MAIN_META
237,D0015241,The English National Cohort Study of Flooding & Health: psychological morbidity at three years of follow up,2020,BMC public health,flood,NARRATIVE_ONLY,"Three post-flood follow-ups compare flooded and unaffected groups, but there is no pre-flood mental-health outcome baseline.",NARRATIVE_ONLY,"Post-flood cohort established in 2015; outcomes measured at three-year follow-up with no reported pre-flood baseline. Flooded vs unaffected comparisons are post-event exposure gradient without a credible counterfactual. Exposure measurement is not described, and reported aORs cannot support causal inference.",DO_NOT_ADVANCE_MAIN_META
238,D0015253,Temperature and self-reported mental health in the United States,2020,Plos One,temperature,FULLTEXT_REVIEW,"Historical daily weather is matched to three million respondents and within-county temporal fluctuations identify effects, but no estimate uncertainty is shown.",META_ELIGIBLE,"Uses historical daily weather matched to individual-level data and exploits within-county temperature variation over time. Outcome is self-reported bad mental health days. Abstract reports directional temperature effects and WTP estimates, indicating extractable quantitative effects.",FULLTEXT_REVIEW
239,D0015265,The effects of temperature on accident and emergency department attendances in London: A time-series regression analysis,2020,International Journal of Environmental Research and Public Health,temperature,FULLTEXT_REVIEW,"Seasonally adjusted time-series models include psychiatric emergency presentations, but the psychiatric effect is described only as significant without its estimate or CI.",FULLTEXT_REVIEW,"Time-series regression with ambient temperature and psychiatric emergency presentations is eligible, but the abstract reports no psychiatric-specific effect size or confidence interval, only a statement of significant increase. Full text must provide quantitative psychiatric hazard effect and uncertainty.",FULLTEXT_REVIEW
240,D0015268,Suicide behavior and meteorological characteristics in hot and arid climate,2020,Environmental Research,temperature,META_ELIGIBLE,Time-stratified case-crossover and time-series models relate temperature to suicide-attempt admissions and report ORs and IRRs with 95% CIs.,META_ELIGIBLE,Original study of 3100 ED suicide attempts in Be'er Sheva 2002-2017. Uses time-stratified case-crossover and time-series designs with objective temperature exposure. Reports OR 1.59 (95% CI 1.22-2.08) per 5°C summer increase and IRR cumulative effect with CIs. Eligible outcome (suicide attempt). Meets meta-analysis criteria.,PRIORITY_FULLTEXT
241,D0015343,"The impact of extreme heat and heat waves on emergency ambulance dispatches due to external cause in Shenzhen, China",2020,Environmental Pollution,temperature,META_ELIGIBLE,A quasi-Poisson DLNM estimates daily temperature and heatwave effects on suicide-related ambulance dispatches and reports an RR with 95% CI.,META_ELIGIBLE,"DLNM time-series with quasi-Poisson uses objectively measured daily temperature in Shenzhen 2013-2017; reports heatwave RR for suicidal behaviors (RR 4.53, 95% CI 1.23-16.68), an eligible suicide/self-harm outcome, with uncertainty.",PRIORITY_FULLTEXT
242,D0015380,The Short- and Long-Term Impacts of Hurricane Irma on Florida Agricultural Leaders as Early Emergency Responders: The Importance of Workplace Stability.,2020,International journal of environmental research and public health,cyclone,NARRATIVE_ONLY,"Thirty-six responders were assessed only at two post-Irma times, and regressions use reported home and work impacts without pre-event mental-health outcomes.",NARRATIVE_ONLY,"Post-event cohort of 36 Extension Agents assessed at 2 months and 1 year after Hurricane Irma, with no pre-event outcome or comparison group. Exposure is personal/home and work-related hurricane impacts; regression estimates are damage-severity associations with anxiety/depression rather than a credible hazard counterfactual.",DO_NOT_ADVANCE_MAIN_META
243,D0015499,Neuropsychological Outcomes of Exposure to Hurricane Katrina and Relocation,2020,Disaster medicine and public health preparedness,cyclone,NARRATIVE_ONLY,"Relocated Katrina survivors are compared with controls only after the disaster, with no pre-Katrina depression or PTSD baseline.",NARRATIVE_ONLY,"Post-event comparison of relocated Katrina survivors vs matched controls, with no pre-event mental-health baseline or temporal counterfactual; although PTSD and depressive symptoms are eligible outcomes, this design cannot estimate a hazard effect.",DO_NOT_ADVANCE_MAIN_META
244,D0015509,"Monitoring Emergency Department Visits From Puerto Rico in the Aftermath of Hurricane Maria Using Syndromic Surveillance - New York City, 2017",2020,Disaster medicine and public health preparedness,cyclone,NARRATIVE_ONLY,Syndromic visits were descriptively compared in eight-week pre/post windows using Fisher tests; the mental-illness increase was nonsignificant and no modeled hurricane effect is reported.,NARRATIVE_ONLY,"Syndromic surveillance comparing aggregate NYC ED visits 8 weeks before vs after Hurricane Maria using Fisher exact. Mental illness visits increased but were not statistically significant; no quantitative hazard effect or credible counterfactual is reported, so unsuitable for causal meta-analysis.",DO_NOT_ADVANCE_MAIN_META
245,D0015572,Examining fine particulate matter and cause-specific morbidity during the 2017 North San Francisco Bay wildfires,2021,Science of the Total Environment,wildfire,FULLTEXT_REVIEW,"County daily PM2.5 during wildfire and non-fire periods is modeled against mental/behavioral ED visits, but that outcome's effect is only described as model-sensitive.",FULLTEXT_REVIEW,"Uses county-level PM2.5 during wildfire and daily mental/behavioral EDVs with Poisson time-series; objective exposure and eligible psychiatric service use outcome. However abstract reports only that mental/behavioral EDV decreases were observed and sensitive to model specification, with no quantitative effect estimate or uncertainty, so full text must provide a hazard-specific mental-health effect.",FULLTEXT_REVIEW
246,D0015599,Resilience after natural disasters: The process of harnessing resources in communities differentially exposed to a flood,2021,European Journal of Psychotraumatology,flood,NARRATIVE_ONLY,Two municipalities were surveyed once 18 months after flooding; the analysis concerns psychosocial resource predictors rather than a temporal flood effect.,NARRATIVE_ONLY,"Single post-flood cross-sectional survey 1.5 years after disaster in affected vs non-flooded communities; no pre-event baseline and results model resource correlates of PTSD/depression/life satisfaction, not a flood effect on outcomes.",DO_NOT_ADVANCE_MAIN_META
247,D0015733,Understanding the concurrent risk of mental health and dangerous wildfire events in the COVID-19 pandemic.,2022,The Science of the total environment,wildfire,FULLTEXT_REVIEW,"Interrupted-time-series and difference-in-differences analyses evaluate wildfire effects on crisis texts, but only a qualitative null result is provided.",FULLTEXT_REVIEW,"Abstract describes quasi-experimental ITS and DiD of wildfire exposure on mental health crisis help-seeking but reports only 'no statistical association' without effect size or uncertainty, so full text needed to verify extractable adjusted estimate.",FULLTEXT_REVIEW
248,D0015746,Ambient heat and risks of emergency department visits among adults in the United States: Time stratified case crossover study,2021,The BMJ,temperature,META_ELIGIBLE,Nationwide time-stratified case-crossover analyses estimate extreme-heat effects on mental-disorder ED visits and report excess risk with 95% CI.,META_ELIGIBLE,Time-stratified case-crossover with objectively measured ambient heat and ED visits for mental disorders; reports 7.8% (95% CI 7.3-8.2%) for any-cause and 7.9% (5.2-10.7%) for mental disorders.,PRIORITY_FULLTEXT
249,D0015764,Neural vulnerability and hurricane-related media are associated with post-traumatic stress in youth,2021,Nature Human Behaviour,cyclone,NARRATIVE_ONLY,"Children were assessed before and after Irma, but hurricane and media doses are self-reported and no external hazard linkage is stated.",NARRATIVE_ONLY,"Eligible hurricane-PTSD topic and longitudinal data, but abstract states both objective exposure and media exposure were self-reported; no externally verifiable hazard variation is described, making it unsuitable for the causal meta-analysis.",DO_NOT_ADVANCE_MAIN_META
250,D0015776,﻿Correlating heatwaves and relative humidity with suicide (fatal intentional self-harm).,2021,Scientific reports,temperature,FULLTEXT_REVIEW,"Country data over 1979-2016 link heatwave counts and humidity to suicide, but the abstract gives no exposure source, within-unit identification details, or effects with uncertainty.",FULLTEXT_REVIEW,"Negative binomial Poisson regression of suicide on heatwaves/relative humidity across 60 countries 1979-2016 suggests longitudinal panel/time-series, but abstract does not specify within-unit temporal variation, fixed effects, or adjustment, and reports only significance, no effect sizes/uncertainty; correlation language leaves causal counterfactual unclear.",FULLTEXT_REVIEW
251,D0015862,Investigating the association between temperature and hospital admissions for major psychiatric diseases: A study in Greece,2021,Journal of Psychiatric Research,temperature,FULLTEXT_REVIEW,"National Observatory temperature data and time-adjusted Poisson models yield 1-2% admission increases, but no uncertainty is reported.",META_ELIGIBLE,Original time-series study uses objectively measured ambient/apparent temperature from National Observatory of Athens and Poisson regression adjusted for time trends to estimate 1-2% increase in monthly psychiatric admissions per 1°C; outcome is eligible psychiatric service use.,FULLTEXT_REVIEW
252,D0015873,The effects of Hurricane Harvey on the physical and mental health of adults in Houston,2021,Health & Place,cyclone,FULLTEXT_REVIEW,"Harvey interrupted survey fieldwork creates a natural before-after experiment and the effect is 1.31 poor-mental-health days, but uncertainty is omitted.",FULLTEXT_REVIEW,Abstract reports a natural-experiment pre/post estimate of Hurricane Harvey on poor mental health days (1.31 days/month) but no uncertainty or adjusted model details; full text must confirm extractable effect with CIs.,FULLTEXT_REVIEW
253,D0015931,"Ambient temperature and mental health hospitalizations in Bern, Switzerland: A 45-year time-series study",2021,PLoS ONE,temperature,META_ELIGIBLE,Gridded daily temperature is analyzed with conditional quasi-Poisson distributed-lag models against psychiatric hospitalizations; effects and 95% CIs are reported.,META_ELIGIBLE,"Daily mental health hospitalizations over 45 years with objective grid-derived temperature and conditional quasi-Poisson distributed lag models; reports 4.0% (95% CI 2.0%, 7.0%) per 10°C increase, satisfying temporal quasi-experimental design and quantitative uncertainty.",PRIORITY_FULLTEXT
254,D0015958,"High temperatures trigger suicide mortality in Brussels, Belgium: A case-crossover study (2002–2011)",2022,Environmental Research,temperature,META_ELIGIBLE,"Station-measured temperature is analyzed in a bidirectional time-stratified case-crossover DLNM, with suicide RRs and 95% CIs.",META_ELIGIBLE,"Case-crossover study with objective station-measured daily temperature and suicide mortality. Reports cumulative RR and 95% CI for heat effects, directly extractable.",PRIORITY_FULLTEXT
255,D0016025,"Adverse childhood experiences, adult trauma, and depressive symptom trajectories",2022,Aging & Mental Health,cyclone,NARRATIVE_ONLY,"The hurricane variable is a subjective trauma/peritraumatic-stress report, and the study primarily models adverse-childhood-experience predictors of depression trajectories.",NARRATIVE_ONLY,"Hurricane Sandy exposure is measured via subjective reports of fear/distress/peri-traumatic stress, not an objective or externally verifiable hazard measure. The primary predictors are ACEs and subjective trauma, so no hazard effect with credible counterfactual is extractable.",DO_NOT_ADVANCE_MAIN_META
256,D0016027,New insights into the relationship between drought and mental health emerging from the Australian Rural Mental Health Study,2021,Frontiers in Psychiatry,drought,FULLTEXT_REVIEW,"A panel dataset reports nonlinear distress and life-satisfaction changes with drought duration, but drought measurement, identifying model, effects, and uncertainty are not stated.",FULLTEXT_REVIEW,Abstract reports panel data and longitudinal drought exposure with mental health outcomes but does not specify how drought exposure was objectively measured or report quantitative effect sizes/uncertainty.,FULLTEXT_REVIEW
257,D0016133,How do non-catastrophic natural disasters impact middle-aged-to-older persons? Using baseline Canadian longitudinal study on aging data to explore psychological outcomes associated with the 2013 Calgary flood,2022,Canadian Journal on Aging,flood,FULLTEXT_REVIEW,"Baseline survey collection occurred before and after the Calgary flood and evacuation status defines groups, but no flood-effect estimates or uncertainty are reported.",NARRATIVE_ONLY,"Abstract describes comparing baseline CLSA participants interviewed in 6 months before vs after the 2013 Calgary flood, stratified by evacuation status; CLSA baseline is per-participant cross-sectional, so no within-person pre-event outcome or credible counterfactual. Reported results are covariate associations (income, sex, living alone) and pre/post group differences, not a hazard-effect estimate with uncertainty.",ADJUDICATE_PRIORITY
258,D0016145,"Temporal trends of the association between temperature variation and hospitalizations for schizophrenia in Hefei, China from 2005 to 2019: a time-varying distribution lag nonlinear model",2022,Environmental science and pollution research international,temperature,META_ELIGIBLE,Daily meteorological and schizophrenia series are analyzed with time-varying DLNMs; quantitative temperature-variation interaction effects and intervals are reported.,META_ELIGIBLE,"Daily 15-year time-series of schizophrenia hospitalizations and objective meteorological temperature-variation indicators; Poisson time-varying DLNM provides within-unit temporal counterfactual; adjusted risk estimates reported for psychiatric service use, meeting causal time-series criteria.",PRIORITY_FULLTEXT
259,D0016223,The association between drought conditions and increased occupational psychosocial stress among U.S. farmers: An occupational cohort study,2021,Science of the Total Environment,drought,META_ELIGIBLE,"Repeated farmer stress measures are linked to county 12-month SPI in longitudinal mixed models, with drought effects and 95% CIs reported.",META_ELIGIBLE,"Repeated-measures cohort with six-monthly JCQ job strain ratio (occupational psychosocial stress), drought via 12-month SPI; longitudinal mixed model yields within-farmer temporal contrast; effect 0.031 (95% CI 0.012-0.05).",PRIORITY_FULLTEXT
260,D0016252,Effects of different heat exposure patterns (accumulated and transient) and schizophrenia hospitalizations: a time-series analysis on hourly temperature basis,2021,Environmental science and pollution research international,temperature,META_ELIGIBLE,"Hourly temperature-derived heat metrics are analyzed in DLNMs against daily schizophrenia hospitalizations, with lagged RRs and 95% CIs.",META_ELIGIBLE,"Time-series analysis using hourly objective temperature and DLNM to estimate effects on schizophrenia hospitalizations, a psychiatric service use outcome. Reports RR per IQR with 95% CI, satisfying temporal counterfactual and extractable effect.",PRIORITY_FULLTEXT
261,D0016381,"Association between extreme temperatures and emergency room visits related to mental disorders: A multi-region time-series study in New York, USA",2021,Science of the Total Environment,temperature,FULLTEXT_REVIEW,"A multi-region quasi-Poisson DLNM estimates daily-temperature effects on mental-disorder ER visits, but no numerical effect or uncertainty appears in the abstract.",FULLTEXT_REVIEW,"Time-series DLNM with objective temperature and mental-health ER visits meets design and outcome criteria, but abstract reports only positive associations without numeric effect estimates or uncertainty; extractability must be confirmed in full text.",FULLTEXT_REVIEW
262,D0016427,"Mental health consequences of adversity in Australia: National bushfires associated with increased depressive symptoms, while COVID-19 pandemic associated with increased symptoms of anxiety",2021,Frontiers in Psychology,wildfire,FULLTEXT_REVIEW,"Daily repeated mood surveys span the Australian bushfires and show increased depression, but the abstract omits the modeled fire-period contrast and uncertainty.",FULLTEXT_REVIEW,"Original daily experience-sampling study in N=755 Australians 2018-2020 measured depression/anxiety/wellbeing before and during bushfires; supports within-person temporal exposure. Abstract reports significant bushfire effects but no numeric estimate/CI, so effect extractability is unclear. Full text must verify exposure coding, pre-event baseline, adjustment for time/COVID, and numeric effects.",FULLTEXT_REVIEW
263,D0016438,"Alcohol and other substance use by faculty, staff, and students in a university community during two hurricanes: Lessons for preventing risky misuse",2021,Journal of Community Psychology,cyclone,FULLTEXT_REVIEW,"Participants repeatedly reported emotions before, during, and after two hurricanes, but no quantitative hurricane effect or uncertainty for anxiety is reported.",FULLTEXT_REVIEW,"Abstract suggests repeated measures of emotions including anxiety across typical weekly and hurricane days, which could be eligible, but no quantitative hazard effect or uncertainty is reported for anxiety. Baseline timing and measurement validity need confirmation.",FULLTEXT_REVIEW
264,D0016542,Natural disaster stress during pregnancy is linked to reprogramming of the placenta transcriptome in relation to anxiety and stress hormones in young offspring,2021,Molecular Psychiatry,cyclone,FULLTEXT_REVIEW,"Pregnancies during Sandy are compared with non-Sandy conditions and child anxiety is measured later, but effect estimates and uncertainty are absent.",NARRATIVE_ONLY,"Compares offspring of women pregnant during Hurricane Sandy vs non-Sandy controls, with anxiety and stress outcomes measured only at age 3-4. No pre-event baseline or credible counterfactual is described; exposed/unexposed post-event comparison alone is not eligible for causal meta-analysis.",ADJUDICATE_PRIORITY
265,D0016630,Trajectories of depression and anxiety symptoms during the COVID-19 pandemic in a representative Australian adult cohort,2021,Medical Journal of Australia,wildfire,EXCLUDE,The study's primary exposure is the COVID-19 pandemic; bushfire exposure appears only as one factor associated with pandemic symptom trajectories.,EXCLUDE,"The study examines trajectories of depression/anxiety during the COVID-19 pandemic, not an eligible climate hazard as the main exposure. Bushfire exposure is only one predictor of trajectory membership, with no objective hazard variation or hazard-specific quantitative effect reported.",DO_NOT_ADVANCE_MAIN_META
266,D0016661,The impact of early social support on subsequent health recovery after a major disaster: A longitudinal analysis.,2021,SSM - population health,cyclone,NARRATIVE_ONLY,"The longitudinal regression estimates effects of post-Katrina social support on later health, not the effect of Katrina exposure.",EXCLUDE,"Abstract examines social support soon after Hurricane Katrina as the exposure predicting mental and physical health recovery; the hurricane is only context/control (housing damage), and no hurricane hazard effect is estimated.",DO_NOT_ADVANCE_MAIN_META
267,D0016772,Effect of extreme temperatures on daily emergency room visits for mental disorders,2021,Environmental science and pollution research international,temperature,META_ELIGIBLE,A quasi-Poisson DLNM of daily maximum temperature and mental-disorder ER visits reports heat and cold RRs with 95% CIs.,META_ELIGIBLE,"Daily time-series DLNM of ambient maximum temperature and ER visits for mental disorders; adjusted for trend, seasonality, day of week, precipitation; reports heat RR 1.16 (95% CI 1.06-1.27) and cold lag 14-day RR 1.25 (95% CI 1.08-1.45).",PRIORITY_FULLTEXT
268,D0016776,Meteorological variables and suicidal behavior: Air pollution and apparent temperature are associated with high-lethality suicide attempts and male gender,2021,Frontiers in Psychiatry,temperature,NARRATIVE_ONLY,"The study reports correlations and trend correspondence between weather and high-lethality attempts among 225 admitted patients, without a credible time-series counterfactual.",NARRATIVE_ONLY,The abstract describes Mann-Kendall trend and cross-correlation analyses between meteorological variables and high-lethality suicide attempts. It reports a 75% correlation with apparent temperature but no quantitative causal effect with uncertainty or credible quasi-experimental counterfactual; this is a descriptive/predictor analysis.,DO_NOT_ADVANCE_MAIN_META
269,D0016783,"Temporal trends of the association between extreme temperatures and hospitalisations for schizophrenia in Hefei, China from 2005 to 2014",2021,Occupational and Environmental Medicine,temperature,META_ELIGIBLE,"Ten years of daily schizophrenia admissions are analyzed with quasi-Poisson DLNMs, and extreme heat and cold RRs with 95% CIs are reported.",META_ELIGIBLE,"Time-series study with 10 years of schizophrenia hospitalisations and ambient temperature; quasi-Poisson DLNM estimates cold and heat effects with RR and 95% CI. Outcome is psychiatric service use, and temporal within-unit exposure variation provides credible counterfactual.",PRIORITY_FULLTEXT
270,D0016886,Association between ambient temperature and intentional injuries: A case-crossover analysis using ambulance transport records in Japan,2021,Science of the Total Environment,temperature,META_ELIGIBLE,A nationwide time-stratified case-crossover DLNM estimates temperature effects on self-harm ambulance transports and reports pooled RRs with 95% CIs.,META_ELIGIBLE,"Time-stratified case-crossover with conditional quasi-Poisson and DLNM using objectively measured ambient temperature; reports RR 1.11 (95% CI 1.07-1.15) for self-harm ambulance transports, an eligible mental-health outcome.",PRIORITY_FULLTEXT
271,D0016904,"Increasing impacts of temperature on hospital admissions, length of stay, and related healthcare costs in the context of climate change in Adelaide, South Australia",2021,Science of the Total Environment,temperature,FULLTEXT_REVIEW,"An empirical daily DLNM precedes climate projections, but the reported burden pools mental health with several physical conditions and gives no separable mental-health effect.",FULLTEXT_REVIEW,"Daily time-series DLNM of objective temperature and hospital admissions includes mental health, but abstract only reports pooled temperature-attributable admissions/LoS/costs, not mental-health-specific estimate or uncertainty.",FULLTEXT_REVIEW
272,D0016928,"Birth outcomes, pregnancy complications, and postpartum mental health after the 2013 Calgary flood: A difference in difference analysis",2021,PLoS ONE,flood,FULLTEXT_REVIEW,"Administrative data and flooded versus non-flooded areas are analyzed by difference-in-differences, but mental-health results are only stated as null without estimates or CIs.",FULLTEXT_REVIEW,"Abstract reports a difference-in-differences analysis of the 2013 Calgary flood using administrative data and includes postpartum depression/anxiety diagnosis or prescription as a mental health outcome. However, it only states 'no differences' without a quantitative flood effect estimate or uncertainty for the mental health outcome.",FULLTEXT_REVIEW
273,D0016941,"Outside the eye of the storm: Can moderate hurricane exposure improve social, psychological, and attachment functioning?",2021,Personality and Social Psychology Bulletin,cyclone,FULLTEXT_REVIEW,"A prospective pre/post hurricane cohort is compared with matched cohorts, but changes in distress and affect are reported without effect estimates or uncertainty.",FULLTEXT_REVIEW,"Abstract reports a prospective quasi-experimental cohort with pre/post hurricane assessments and matched comparison cohorts, and distress outcomes, but does not specify how hurricane exposure was measured, whether comparison cohorts provide a credible non-concurrent counterfactual, or report effect sizes/uncertainty.",FULLTEXT_REVIEW
274,D0016955,Modelling the relationship between rainfall and mental health using different spatial and temporal units,2021,International Journal of Environmental Research and Public Health,drought,FULLTEXT_REVIEW,"Objective rainfall is treated as drought and related to mental-health ED visits across spatiotemporal units, but deficit definitions, identifying controls, and uncertainty are unclear.",FULLTEXT_REVIEW,"The abstract reports rate ratios for MHED presentations and objective daily rainfall but does not specify the analytic design or counterfactual, and uses rainfall as a drought proxy without an explicit drought index.",FULLTEXT_REVIEW
275,D0016958,"Learned Helplessness, Psychological Wellbeing, and Proenvironment Care Behavior among Victims of Frequent Floods in Kerala",2021,Journal of Neurosciences in Rural Practice,flood,NARRATIVE_ONLY,"A single post-event sample compares households reporting one, two, or no flood exposures; there is no pre-event outcome or temporal counterfactual.",NARRATIVE_ONLY,"Post-event cross-sectional comparison of once, twice, and never flood-affected groups; outcomes measured only after floods with no pre-flood baseline. This exposed/unexposed post-event comparison lacks a credible counterfactual for causal meta-analysis.",DO_NOT_ADVANCE_MAIN_META
276,D0016998,Suicidal behavior and flood effects in Bangladesh: A two-site interview study,2021,Risk Management and Healthcare Policy,flood,NARRATIVE_ONLY,Flood survivors were interviewed once four to five months after the event; severity and flood effects are self-reported and there is no pre-event outcome.,NARRATIVE_ONLY,"Cross-sectional interview study conducted 4-5 months post-flood in two affected villages; no pre-event outcome or unexposed counterfactual, flood effect exposure appears self-reported, and results are prevalence and risk-factor associations (e.g., χ2) rather than a causal hazard effect with extractable uncertainty.",DO_NOT_ADVANCE_MAIN_META
277,D0017091,"Trajectories of depressive symptoms experienced by older people: Effects of time, Hurricane Sandy, and the Great Recession",2021,The Journals of Gerontology: Series B: Psychological Sciences and Social Sciences,cyclone,FULLTEXT_REVIEW,"A 12-year panel spans Sandy, but exposure is reported peritraumatic stress and the abstract gives only a qualitative null hazard effect without uncertainty.",NARRATIVE_ONLY,"Abstract describes exposure as self-reported peri-traumatic stress during Hurricane Sandy, not objective/verifiable hazard exposure; no extractable quantitative hazard effect with uncertainty is reported. Depression outcome is eligible and panel is longitudinal, but exposure metric makes design ineligible.",ADJUDICATE_PRIORITY
278,D0017109,Childhood anxiety: Prenatal maternal stress and parenting in the QF2011 cohort,2021,Child Psychiatry and Human Development,flood,NARRATIVE_ONLY,"Prenatal flood stress comprises reported hardship, appraisal, and distress, while child anxiety is measured only six years later without a pre-event child outcome.",NARRATIVE_ONLY,"Exposure is flood-related prenatal maternal stress measured via self-reported objective hardship, cognitive appraisal, and subjective distress; no externally verified flood hazard or credible counterfactual; abstract reports no PNMS-anxiety association and no extractable hazard effect.",DO_NOT_ADVANCE_MAIN_META
279,D0017155,Trajectories of posttraumatic stress symptoms among young adults exposed to a Typhoon: A three-wave longitudinal study,2023,International Journal of Public Health,cyclone,NARRATIVE_ONLY,All participants were exposed to Typhoon Hato and only three post-event PTSS waves were modeled; direct exposure is a trajectory predictor rather than changing hazard exposure.,NARRATIVE_ONLY,"All participants were exposed to Typhoon Hato; abstract describes latent class growth/multinomial logistic regression identifying PTSS trajectories and correlates, with direct typhoon exposure only a predictor of trajectory membership. No unexposed counterfactual or pre-event outcome is present, so no extractable hazard effect is reported.",DO_NOT_ADVANCE_MAIN_META
280,D0017170,Hurricane Florence and suicide mortality in North Carolina: a controlled interrupted time-series analysis,2023,Injury prevention : journal of the International Society for Child and Adolescent Injury Prevention,cyclone,META_ELIGIBLE,"A controlled interrupted time series uses FEMA county designations and monthly suicide deaths, reporting immediate and trend effects with 95% CIs.",META_ELIGIBLE,"Controlled interrupted time-series of monthly suicide mortality before/after Hurricane Florence using FEMA county-level exposure; reports immediate rate change 0.89 per 100,000 PY (95% CI -2.69 to 4.48) and trend change 0.02 (95% CI -0.33 to 0.38).",PRIORITY_FULLTEXT
281,D0017205,The effect modification of extreme temperatures on mental and behavior disorders by environmental factors and individual-level characteristics in Canada,2023,Environmental Research,temperature,META_ELIGIBLE,Gridded daily temperature is assigned to nearly ten million mental-disorder ED cases in a case-crossover design; ORs and 95% CIs are reported.,META_ELIGIBLE,"Case-crossover study of 9,958,759 MBD ED visits; daily average temperature assigned from 1 km gridded data; conditional logistic regression reports OR 1.145 (95% CI 1.121-1.171) for heat and OR 0.981 (95% CI 0.976-0.987) for cold.",PRIORITY_FULLTEXT
282,D0017251,Mental health and air temperature: Attributable risk analysis for schizophrenia hospital admissions in arid urban climates,2023,Science of the Total Environment,temperature,META_ELIGIBLE,A distributed-lag model relates daily temperature to schizophrenia admissions with temporal controls and reports attributable fractions with confidence intervals.,META_ELIGIBLE,"Original daily time-series of 86,672 schizophrenia hospitalizations in Maricopa County, objective ambient temperature exposure, distributed lag non-linear model with temporal controls, and attributable risk percentages with CIs reported.",PRIORITY_FULLTEXT
283,D0017438,Cold homes and mental health harm: Evidence from the UK Household Longitudinal Study,2022,Social Science & Medicine,temperature,EXCLUDE,"The exposure is inability to keep one's home suitably warm, not naturally occurring ambient temperature or a registered climate hazard.",EXCLUDE,"Cold homes are indoor housing temperature, not a naturally occurring ambient temperature hazard registered for this meta-analysis; exposure appears self-reported ('not suitably warm'), so the eligible temperature hazard is absent.",DO_NOT_ADVANCE_MAIN_META
284,D0017493,"Air pollution, climate conditions and risk of hospital admissions for psychotic disorders in U.S. residents",2023,Environmental Research,temperature,FULLTEXT_REVIEW,"Temperature is associated with psychosis admissions over 2002-2016, but the abstract does not establish within-unit temporal variation or a credible counterfactual rather than residential ecological differences.",FULLTEXT_REVIEW,"Abstract reports a temperature RR (1.03, 95% CI 1.03-1.04) for psychiatric hospitalizations, but does not describe adjustment for temporal trends, seasonality, or unit fixed effects, so the credible counterfactual cannot be confirmed from the abstract.",FULLTEXT_REVIEW
285,D0017602,Association between daily ambient temperature and drug overdose in Tokyo: a time-series study.,2022,Environmental health and preventive medicine,temperature,META_ELIGIBLE,Daily meteorological and self-harm ambulance data are analyzed with an adjusted quasi-Poisson DLNM; drug-overdose attempt RRs and 95% CIs are reported.,META_ELIGIBLE,"Time-series study of daily mean temperature from meteorological data and emergency ambulance dispatches for drug-overdose self-harm in Tokyo 2010-2014; quasi-Poisson distributed lag non-linear model adjusted for humidity, season, long-term trends, and day of week reports RR 1.30 (95% CI 1.10-1.67).",PRIORITY_FULLTEXT
286,D0017710,"The role of meteorological factors in suicide mortality in Wuhu, a humid city along the Yangtze River in Eastern China",2023,Environmental science and pollution research international,temperature,META_ELIGIBLE,"Daily meteorological and suicide series are analyzed with GAM/DLNM time-series models, and temperature and DTR RRs with 95% CIs are reported.",META_ELIGIBLE,"Daily suicide mortality and objectively measured temperature variables in Wuhu 2014-2020 analyzed via DLNM+GAM time-series; reports RRs with 95% CIs for T mean and DTR, providing a temporal counterfactual and extractable quantitative effect.",PRIORITY_FULLTEXT
287,D0017739,Are there joint effects of different air pollutants and meteorological factors on mental disorders? A machine learning approach,2023,Environmental science and pollution research international,temperature,FULLTEXT_REVIEW,"Time-adjusted models include temperature as a main environmental exposure to mental-disorder admissions, but the temperature-specific effect and uncertainty are not reported.",FULLTEXT_REVIEW,"Time-series GLM of MD admissions with objective temperature/air pollution; temperature was included among exposures and significant, but abstract provides no temperature-specific ER and 95% CI, so extractability must be verified in full text.",FULLTEXT_REVIEW
288,D0017756,Association between sequential extreme precipitation-heatwaves events and hospitalizations for schizophrenia: The damage amplification effects of sequential extremes,2022,Environmental Research,temperature,META_ELIGIBLE,"Time-series DLNMs quantify sequential heatwave events and heatwaves alone against schizophrenia admissions, with RRs or attributable fractions and intervals.",META_ELIGIBLE,"Time-series Poisson with DLNM uses objective meteorological thresholds for sequential extreme precipitation-heatwaves and reports RR 1.150 (95% CI 1.041–1.271) for schizophrenia hospitalizations, an eligible psychiatric service use outcome, with within-unit temporal counterfactual.",PRIORITY_FULLTEXT
289,D0017762,Association of Daily Temperature With Suicide Mortality: A Comparison With Other Causes of Death and Characterization of Possible Attenuation Across 5 Decades.,2022,American journal of epidemiology,temperature,META_ELIGIBLE,A two-stage daily-temperature analysis over five decades estimates short-term suicide mortality effects and reports an RR with 95% CI.,META_ELIGIBLE,"Daily temperature exposure and suicide mortality analyzed in a 2-stage time-series meta-analysis across France 1968-2016; reports RR 1.54 (95% CI 1.46-1.63) at 99th vs 1st temperature percentile, lag 0.",PRIORITY_FULLTEXT
290,D0017773,Mood and Sleep Status and Mental Disorders During Prolonged Winter-Over Residence in Two Korean Antarctic Stations.,2022,Nature and science of sleep,temperature,EXCLUDE,"The exposure is prolonged Antarctic deployment combining isolation, photoperiod, and climate; no ambient temperature or cold-spell hazard effect is estimated.",FULLTEXT_REVIEW,"Longitudinal pre-departure/during-stay study of Antarctic winter-over crews measuring depression and sleep. Abstract does not clarify whether exposure is objectively measured ambient temperature or simply winter-over season/photoperiod, so a hazard-specific effect cannot be confirmed.",ADJUDICATE_PRIORITY
291,D0017793,Seasonal variation in association between temperature change and emergency department visits: A multi-site study in China,2022,Environmental Research,temperature,FULLTEXT_REVIEW,"Weather and ED data are modeled with quasi-Poisson DLNMs, but the mental-disease result is qualitative and lacks an effect estimate and uncertainty.",FULLTEXT_REVIEW,"Multi-site time-series with objective DTR/TCN and cause-specific EDVs includes mental diseases, but abstract reports only total EDV numeric effect; mental disease result is directional ('increased risks') with no magnitude or CI. Full text must provide the mental-health-specific adjusted estimate and uncertainty.",FULLTEXT_REVIEW
292,D0017811,"Economic and mental health impacts of multiple adverse events: Hurricane Harvey, other flooding events, and the COVID-19 pandemic",2022,Environmental Research,flood|cyclone,NARRATIVE_ONLY,"Historical flood severity, home damage, and income loss are participant-reported, and pandemic anxiety is compared without a pre-flood outcome counterfactual.",NARRATIVE_ONLY,"Exposure is self-reported prior flood/hurricane impact (storm-related home damage, severe impact event). Outcome is anxiety during COVID-19 pandemic. Single-wave survey association lacks pre-event mental-health baseline and a credible counterfactual; reported ORs are adjusted associations, not causal hazard effects.",DO_NOT_ADVANCE_MAIN_META
293,D0017883,"Identifying joint impacts of sun radiation, temperature, humidity, and rain duration on triggering mental disorders using a high-resolution weather monitoring system",2022,Environment International,temperature,META_ELIGIBLE,"Dense weather-monitor temperature is linked to mental-disorder ED visits in a time-stratified case-crossover model, with temperature effects and 95% CIs.",META_ELIGIBLE,Time-stratified case-crossover using objectively monitored temperature and ED visits for mental disorders; conditional logistic regression reports temperature excess risk with 95% CI.,PRIORITY_FULLTEXT
294,D0017913,Elemental analysis of hair provides biomarkers of maternal hardship linked to adverse behavioural outcomes in 4-year-old children: The QF2011 Queensland Flood Study,2022,Journal of Trace Elements in Medicine and Biology,flood,NARRATIVE_ONLY,"Prenatal flood hardship is a reported stress measure, and child internalizing and behavioral outcomes were measured only four years after the event.",EXCLUDE,"Study measures child behavioural/developmental outcomes (language, attention, internalizing/externalizing, aggression) after prenatal flood-related maternal hardship; no eligible mental-health outcome is reported.",DO_NOT_ADVANCE_MAIN_META
295,D0017947,"Climate Change, Drought and Rural Suicide in New South Wales, Australia: Future Impact Scenario Projections to 2099.",2022,International journal of environmental research and public health,drought,FULLTEXT_REVIEW,"The paper includes an empirical 1970-2007 drought-suicide relationship before future projections, but the abstract does not specify its design, effect estimate, or uncertainty.",FULLTEXT_REVIEW,"Abstract uses historical drought-suicide data 1970-2007 and future scenario projections, implying a baseline empirical relationship, but reports only subgroup direction/no association and projected impacts, not a quantitative drought effect with uncertainty. Full text must confirm model, effect estimate, and counterfactual.",FULLTEXT_REVIEW
296,D0018030,Quantifying societal emotional resilience to natural disasters from geo-located social media content,2022,PLoS ONE,cyclone,FULLTEXT_REVIEW,"Geolocated social-media sentiment is tracked before, during, and after four hurricanes, but outcome validation, counterfactual modeling, and quantitative uncertainty are not stated.",FULLTEXT_REVIEW,"Abstract uses geo-located social media sentiment before/during/after four hurricanes, suggesting a temporal pre/post design with objective hurricane exposure. It reports significant sentiment decrease but no numeric effect size or uncertainty, and social media sentiment is only a proxy for emotional well-being with no described control/comparison. Full text must validate the outcome, establish a credible counterfactual, and provide extractable hazard-specific estimates.",FULLTEXT_REVIEW
297,D0018032,Association between Repeated Exposure to Hurricanes and Mental Health in a Representative Sample of Florida Residents,2022,JAMA Network Open,cyclone,FULLTEXT_REVIEW,"A representative panel was assessed before and after Irma and Michael with path estimates and CIs, but direct, indirect, media, and evacuation-zone exposures are not described as externally linked.",NARRATIVE_ONLY,"Hurricane exposure is captured via self-reported direct, indirect, media-based exposure, loss/injury, and evacuation behavior, not objective or externally verifiable hazard intensity; associations with PTSS/distress are reported but do not meet causal meta-analysis exposure criteria.",ADJUDICATE_PRIORITY
298,D0018208,Long-term impact of hurricane sandy exposure on positive and negative affect: The role of perceived social support,2022,The Journals of Gerontology: Series B: Psychological Sciences and Social Sciences,cyclone,NARRATIVE_ONLY,"Although affect was measured before and after Sandy, hazard exposure is reported peritraumatic stress and hardship with no external linkage.",NARRATIVE_ONLY,"Exposure to Hurricane Sandy is assessed via self-reported peritraumatic stress and post-storm hardship, not objective or externally verifiable hazard variation. The longitudinal pre/post affect data are relevant but self-report exposure makes it unsuitable for the causal meta-analysis.",DO_NOT_ADVANCE_MAIN_META
299,D0018224,Impact of the 2018 Japan Floods on benzodiazepine use: A longitudinal analysis based on the National Database of Health Insurance Claims,2022,Social Psychiatry and Psychiatric Epidemiology: The International Journal for Research in Social and Genetic Epidemiology and Mental Health Services,flood,FULLTEXT_REVIEW,"A DID using officially certified victims reports prescription effects with CIs, but benzodiazepine prescriptions are not clearly restricted to an eligible mental-health indication.",META_ELIGIBLE,"Flood exposure is objective and externally verified by local government victim certification. DID compares before/after and victim/non-victim benzodiazepine prescriptions, a psychiatric service-use outcome. Adjusted ROR with 95% CI reported.",FULLTEXT_REVIEW
300,D0018288,The impact of cold spells on schizophrenia admissions and the synergistic effect with the air quality index,2022,Environmental Research,temperature,META_ELIGIBLE,Daily climate and schizophrenia admissions are used to estimate cold-spell effects; lag-specific RRs and interaction estimates have 95% CIs.,META_ELIGIBLE,Daily time-series of schizophrenia admissions and objective temperature in Hefei 2013-2019; cold spells defined from temperature below 6th centile lasting >=3 days; RRs with 95% CIs reported for cold spell days.,PRIORITY_FULLTEXT
301,D0018290,Associations of short-term exposure to air pollution and increased ambient temperature with psychiatric hospital admissions in older adults in the USA: a case–crossover study,2022,The Lancet Planetary Health,temperature,META_ELIGIBLE,"The abstract reports a case-crossover analysis of short-term ambient temperature and psychiatric admissions, with temperature-specific relative risk changes and 95% CIs for depression and other diagnoses.",META_ELIGIBLE,"Case-crossover study using Medicare hospital admissions; objectively measured ambient temperature; reports cold-season temperature effect per 5°C with 95% CI for depression, schizophrenia, and bipolar disorder, which are eligible psychiatric service use outcomes.",PRIORITY_FULLTEXT
302,D0018297,Ambient Temperature and External Causes of Death in Japan from 1979 to 2015: A Time-Stratified Case-Crossover Analysis,2022,Environmental Health Perspectives,temperature,META_ELIGIBLE,A time-stratified case-crossover and distributed-lag analysis estimates temperature effects on suicide mortality across prefectures and reports suicide RRs with 95% CIs.,META_ELIGIBLE,"Time-stratified case-crossover with distributed lag nonlinear model estimates short-term temperature and suicide in 47 prefectures; reports heat RR 1.35 (95% CI 1.26-1.45). Objective temperature, eligible suicide outcome, credible case-crossover counterfactual, extractable effect.",PRIORITY_FULLTEXT
303,D0018317,Main and added effects of heatwaves on hospitalizations for mental and behavioral disorders in a tropical megacity of Vietnam,2022,Environmental science and pollution research international,temperature,META_ELIGIBLE,Daily heatwaves and mental-disorder admissions were analyzed with time-series Poisson and distributed-lag models controlling temporal confounding; heatwave RRs and 95% CIs are reported.,META_ELIGIBLE,"Daily hospital admissions for mental/behavioral disorders analyzed with time-series Poisson regression and distributed lag model. Heatwave exposure is objective temperature-based, effect reported with 95% CI (62%, 36-93%), and temporal confounders adjusted.",PRIORITY_FULLTEXT
304,D0018353,Short- and Long-Term Effects of Drought on Selected Causes of Mortality in Northern Bangladesh.,2022,International journal of environmental research and public health,drought|temperature,FULLTEXT_REVIEW,"Station rainfall and temperature were used to define SPI/SPEI drought in a time series, but the abstract only says high temperatures during drought were associated with suicide mortality and gives no drought-specific suicide estimate or uncertainty.",FULLTEXT_REVIEW,"Time-series study of objective SPI/SPEI drought and mortality, with suicide-related mortality mentioned as associated with high temperatures, but no quantitative effect size or uncertainty for suicide outcome is reported; extractability unclear.",FULLTEXT_REVIEW
305,D0018367,The effects of maternal disaster exposure on adolescent mental health 12 years later,2022,Research on Child and Adolescent Psychopathology,cyclone,NARRATIVE_ONLY,The analysis relates mothers' reported Katrina stressors to child symptoms 12 years later; the child had no pre-event outcome and hurricane exposure is participant-reported rather than externally linked.,NARRATIVE_ONLY,"All mothers lived in New Orleans during Hurricane Katrina, so all were exposed; child SDQ internalizing/externalizing symptoms were measured only 12 years post-Katrina with no pre-event child outcome. Exposure variation ('Katrina-related stressors') appears self-reported. Exposed-only follow-up with no child baseline lacks a credible counterfactual for the child mental-health outcome.",DO_NOT_ADVANCE_MAIN_META
306,D0018383,Threat responsivity predicts posttraumatic stress disorder hyperarousal symptoms in children after Hurricane Florence,2022,"Cognitive, Affective & Behavioral Neuroscience",cyclone,NARRATIVE_ONLY,Children had pre-hurricane fear conditioning but PTSD was measured only after Florence; the hazard analysis uses reported hurricane impact and lacks a pre-event PTSD outcome or external comparison.,NARRATIVE_ONLY,"Abstract describes PTSD assessed only after Hurricane Florence; pre-event assessment was fear conditioning, not PTSD. Hurricane impact predicting PTSD is a post-event damage-severity association without a pre-event outcome or credible counterfactual.",DO_NOT_ADVANCE_MAIN_META
307,D0018472,"Association between ambient heat and risk of emergency department visits for mental health among US adults, 2010 to 2019",2022,JAMA Psychiatry,temperature,META_ELIGIBLE,County daily maximum temperature from a modeled environmental dataset was linked to mental-health ED claims in a case-crossover design; condition-specific IRRs and 95% CIs are reported.,META_ELIGIBLE,Case-crossover study using objectively modeled county-level daily maximum ambient temperature and medical claims for mental-health ED visits; conditional logistic regression yields IRRs with 95% CIs. Satisfies target.,PRIORITY_FULLTEXT
308,D0018513,Assessing short-term and long-term mental health effects among older adults after Hurricane Sandy,2022,Science of the Total Environment,cyclone,FULLTEXT_REVIEW,"Daily mental-health visits before and after Sandy in affected counties are compared with Poisson regression, but the abstract does not describe trend control or an unaffected comparator and reports percentages without uncertainty.",FULLTEXT_REVIEW,"Uses pre-Sandy period in affected counties as control and Poisson daily counts. Objective hurricane exposure and eligible MH outcomes, but abstract does not specify adjustment for time trends/seasonality or an unaffected counterfactual; CIs not shown.",FULLTEXT_REVIEW
309,D0018608,Chronic Diseases and Associated Risk Factors among Adults in Puerto Rico after Hurricane Maria,2022,JAMA Network Open,cyclone,NARRATIVE_ONLY,"The study contrasts separate 2015 and 2019 cross-sectional samples after Maria, with only 87 returnees and no unaffected control; it reports prevalence differences rather than a credible hurricane effect.",NARRATIVE_ONLY,"Cross-sectional study comparing separate 2015 and 2019 samples before/after Hurricane Maria; no individual-level longitudinal pre-exposure baseline or credible counterfactual, and reports descriptive prevalence differences of depressive symptoms/stress rather than an adjusted hazard effect.",DO_NOT_ADVANCE_MAIN_META
310,D0018623,Interactive effects of cold spell and air pollution on outpatient visits for anxiety in three subtropical Chinese cities,2022,Science of the Total Environment,temperature,META_ELIGIBLE,"A case-crossover study uses individual temperature assessments and multiple cold-spell definitions to estimate anxiety outpatient effects, reporting percentage changes and 95% CIs.",META_ELIGIBLE,"Case-crossover study of cold spell (ambient temperature) and anxiety outpatient visits; cold spell effects reported as 8.98% (95% CI 2.02, 16.41) to 15.24% (95% CI 6.75, 24.39), with objective individual exposure assessment and a credible temporal counterfactual.",PRIORITY_FULLTEXT
311,D0018695,A Difference-In Difference Analysis of the South Carolina 2015 Extreme Floods and the Association with Maternal Health.,2023,International journal of disaster risk reduction : IJDRR,flood,FULLTEXT_REVIEW,"The South Carolina flood is evaluated with a difference-in-differences design using impacted and control locations, but the abstract gives no estimates or uncertainty for the null depression, anxiety, or pregnancy mental-disorder effects.",FULLTEXT_REVIEW,"Abstract uses difference-in-difference for 2015 flood exposure and includes depression and generalized anxiety among outcomes, but reports only no statistically significant main effects without quantitative estimates or uncertainty. Full text must provide adjusted effect sizes for mental-health outcomes.",FULLTEXT_REVIEW
312,D0018731,"Climate stress and anxiety, environmental context, and civic engagement: A nationally representative study",2024,Journal of Environmental Psychology,temperature,FULLTEXT_REVIEW,"Three survey waves are linked to county heatwaves and climate stress/anxiety, but the abstract does not state whether analysis uses within-person exposure changes or report heatwave-specific effect estimates.",FULLTEXT_REVIEW,"Three-wave survey with county-level objective exposures including heatwaves and an eligible climate stress/anxiety outcome is plausible, but abstract omits analytic design, counterfactual, and quantitative effect estimates; it only states exposures were not significantly associated.",FULLTEXT_REVIEW
313,D0018767,"Impact of heat on mental health emergency visits: A time series study from all public emergency centres, in Curitiba, Brazil",2023,BMJ Open,temperature,META_ELIGIBLE,A daily time series with distributed-lag modeling estimates extreme-temperature effects on mental-health ED visits and suicide attempts while controlling temporal and environmental confounding; RRs and 95% CIs are reported.,META_ELIGIBLE,"Daily time series with DLNM of mental health ED visits and objectively measured extreme mean temperature, controlling for trends, air pollution, and humidity; reports RR with 95% CI for heat on EDV, satisfying all criteria.",PRIORITY_FULLTEXT
314,D0018899,"Change in emotional distress, anxiety, depression and PTSD from pre- to post-flood exposure in women residing in low-income settings in South Africa",2024,Archives of Women's Mental Health,flood,NARRATIVE_ONLY,"Women were measured before and after the flood, but the modeled exposures are self-reported flood losses and infrastructure disruptions in an affected-only sample without an external hazard linkage or control group.",NARRATIVE_ONLY,"Abstract reports predictors of post-flood change (loss of infrastructure, prior trauma, food insecurity) among 69 flood-affected women, not a flood hazard effect. Flood-related exposures were self-reported via questionnaire; no unaffected comparison or hazard-specific estimate is described.",DO_NOT_ADVANCE_MAIN_META
315,D0018920,A Closer Look at Indirect Causes of Death After Hurricane Maria Using a Semiparametric Model,2023,Disaster Medicine and Public Health Preparedness,cyclone,FULLTEXT_REVIEW,"A semiparametric mortality model estimates post-Maria excess deaths with seasonal and displacement adjustment, but the abstract only states no significant excess suicide deaths and gives no estimate or uncertainty.",FULLTEXT_REVIEW,"Hurricane Maria is an objective hazard and suicide is an eligible mental-health outcome, but the abstract reports only the absence of significant excess suicide deaths and provides no quantitative suicide-specific estimate or uncertainty. Full text must confirm an extractable adjusted effect.",FULLTEXT_REVIEW
316,D0018947,The effect of hurricanes on mental health over the long term.,2023,Economics and human biology,cyclone,FULLTEXT_REVIEW,"Difference-in-differences compares adults in Katrina/Rita-affected counties with other counties before and after the storms, but reported effect magnitudes lack uncertainty in the abstract.",META_ELIGIBLE,Original DiD study using BRFSS and PSID comparing mental health before and after Hurricanes Katrina/Rita in affected vs unaffected counties; objective county-level hurricane exposure; reports quantitative effects on poor mental health days and K-6 distress.,FULLTEXT_REVIEW
317,D0019060,"Impact of Hurricanes Irma and Maria on Asthma, Hypertension, and Depression in a Sample of the Puerto Rico Population",2023,Disaster Medicine and Public Health Preparedness,cyclone,FULLTEXT_REVIEW,"The same 364 participants were evaluated before and after Irma/Maria and depression incidence and prevalence were assessed, but the abstract gives no depression effect estimate or uncertainty.",FULLTEXT_REVIEW,"Abstract describes a longitudinal pre/post cohort (n=364) after Hurricanes Irma/Maria and includes depression as an outcome. It states depression prevalence/incidence did not change significantly but provides no quantitative effect estimate or uncertainty for depression, so the hazard effect is not extractable from the abstract alone.",FULLTEXT_REVIEW
318,D0019169,"Emergency department visits associated with wildfire smoke events in California, 2016–2019",2023,Environmental Research,wildfire,FULLTEXT_REVIEW,"Wildfire-specific PM2.5 smoke events were analyzed against daily ED visits in a two-stage time series, but the abstract characterizes mental-health results as mixed and gives no schizophrenia estimate or uncertainty.",FULLTEXT_REVIEW,"Abstract uses objectively measured wildfire-specific PM2.5 in a two-stage time-series design and measures mental health EDVs, with positive association for schizophrenia EDVs, but no numeric mental-health-specific effect estimate or 95% CI is reported. Full text must provide extractable adjusted effects for mental health outcomes.",FULLTEXT_REVIEW
319,D0019189,Air pollution and suicide in rural and urban America: Evidence from wildfire smoke,2023,PNAS Proceedings of the National Academy of Sciences of the United States of America,wildfire,FULLTEXT_REVIEW,"Satellite wildfire smoke is linked to year-over-year county-month fluctuations in suicide rates, providing a temporal panel counterfactual, but the reported suicide effect lacks uncertainty.",META_ELIGIBLE,"Uses satellite wildfire smoke and PM2.5 measures; relates county-level year-over-year smoke fluctuations to suicide rates, a within-county temporal counterfactual. Reports quantitative suicide effect (0.27 per million per 1 ug/m3, 2.0%) and demographic contrasts.",FULLTEXT_REVIEW
320,D0019333,Extreme Heat and Suicide Watch Incidents among Incarcerated Men,2023,JAMA Network Open,temperature,META_ELIGIBLE,Station heat-index data were linked to prison facility-days in conditional fixed-effects models; extreme-heat associations with suicide-watch incidents are reported as IRRs with 95% CIs.,META_ELIGIBLE,"Facility-day panel with conditional fixed-effects negative binomial links objective daily maximum heat index to suicide watch incidents; reports IRR 1.30 (95% CI 1.18-1.45) for extreme heat, providing a credible temporal counterfactual and extractable adjusted effect.",PRIORITY_FULLTEXT
321,D0019434,Climatic and Economic Background Determine the Disparities in Urbanites’ Expressed Happiness during the Summer Heat,2023,Environmental Science and Technology,temperature,FULLTEXT_REVIEW,"Millions of geotagged posts are used to estimate heatwave effects on expressed happiness with a 95% CI, but the abstract does not specify temporal controls or a within-city counterfactual sufficient to distinguish heat from season and place.",FULLTEXT_REVIEW,"Abstract reports a quantitative heatwave-happiness association with 95% CI from millions of city-level tweets, but does not resolve temporal resolution, within-city variation, fixed effects, or confounding adjustment, so credible counterfactual is unresolved.",FULLTEXT_REVIEW
322,D0019472,How ambient temperature affects mood: an ecological momentary assessment study in Switzerland,2023,Environmental Health: A Global Access Science Source,temperature,FULLTEXT_REVIEW,"Repeated mood ratings over seven days are analyzed with participant random effects and temperature effects are reported with 95% CIs, but the abstract does not identify the source of daily maximum temperature.",META_ELIGIBLE,Daily mood (affect) measured over 7 days in 906 adults; daily max temperature objectively assigned; mixed-effects logistic regression with participant random intercept and time/day/year fixed effects uses within-person temporal temperature variation; reports OR 0.93 (95% CI 0.88-0.99) per 5°C increase.,FULLTEXT_REVIEW
323,D0019620,Predictors of individual mental health and psychological resilience after Australia’s 2019–2020 bushfires,2024,Australian and New Zealand Journal of Psychiatry,wildfire,NARRATIVE_ONLY,"A single survey 12-18 months after the bushfires compares self-reported exposure severity and affected status with distress, PTSD, coping, and wellbeing, without pre-event outcomes or a quasi-experimental counterfactual.",NARRATIVE_ONLY,"Single-wave cross-sectional survey 12-18 months post-fire; bushfire exposure and severity are self-reported experiences; no pre-event baseline or credible counterfactual, so not eligible for causal meta-analysis.",DO_NOT_ADVANCE_MAIN_META
324,D0019679,"The impact of meteorological factors on involuntary admission in Attica, Greece",2023,Psychiatrike = Psychiatriki,temperature,FULLTEXT_REVIEW,"Eight years of psychiatric admissions are linked to observatory meteorological data in time-series count models, but the abstract provides no temperature effect estimate with uncertainty for involuntary admissions.",FULLTEXT_REVIEW,"Retrospective time-series of daily involuntary admissions with objective meteorological data; temperature is a registered hazard and outcome is psychiatric service use. However abstract reports associations qualitatively without numeric temperature effect or uncertainty, so full text must confirm an extractable adjusted hazard-specific estimate and time-series controls.",FULLTEXT_REVIEW
325,D0019752,Australian Youth Mental Health and Climate Change Concern After the Black Summer Bushfires.,2023,EcoHealth,wildfire,NARRATIVE_ONLY,"Youth completed a single post-bushfire survey and mental-health measures were compared by reported direct exposure, with no pre-event outcome, objective linkage, or credible temporal control.",NARRATIVE_ONLY,"Single-wave cross-sectional survey completed immediately after Black Summer bushfires; compares greater symptoms in participants with direct exposure, with no pre-event outcome or credible temporal counterfactual. Direct exposure measurement is not specified as objective.",DO_NOT_ADVANCE_MAIN_META
326,D0019780,Relationship of emergency department visits for suicide attempts with meteorological and air pollution conditions,2023,Journal of Affective Disorders,temperature,FULLTEXT_REVIEW,"Seventeen years of suicide-attempt visits are related to contemporaneous meteorological conditions with Poisson regression, but the abstract reports only pollution associations and gives no temperature estimate or uncertainty.",FULLTEXT_REVIEW,"Abstract reports Poisson regression of suicide-attempt counts on meteorological and air-pollution variables including temperature, but only SO2/NO results are shown; no temperature-specific effect or uncertainty is extractable. Full text must confirm temperature as a registered hazard exposure and provide credible temporal controls.",FULLTEXT_REVIEW
327,D0019792,"Temperature and mental health–related emergency department and hospital encounters among children, adolescents and young adults",2023,Epidemiology and Psychiatric Sciences,temperature,META_ELIGIBLE,"A warm-season case-crossover with distributed lags estimates elevated-temperature effects on youth mental-health ED and hospital encounters, with age-specific ORs and 95% CIs.",META_ELIGIBLE,"Case-crossover study of ambient temperature and mental health ED/hospital encounters in NYC, using distributed lag non-linear model and conditional logistic regression; reports ORs with 95% CIs by age group. Satisfies objective exposure, psychiatric service use outcome, temporal counterfactual, and extractable effect.",PRIORITY_FULLTEXT
328,D0019810,Healthcare Impacts Associated with Federally Declared Disasters—Hurricanes Gustave and Ike,2023,International Journal of Environmental Research and Public Health,cyclone,NARRATIVE_ONLY,"Records from declared hurricane ZIP codes are split into six months before and after, but only chi-square prevalence comparisons are described, with no unaffected control, time-series model, or extractable hurricane effect for anxiety.",NARRATIVE_ONLY,Pre/post cross-sectional comparison of anxiety diagnosis counts in hurricane-affected zip codes using chi-square tests only; no within-person or adjusted anxiety effect. Anxiety showed no association (p=0.898) and no effect size is extractable.,DO_NOT_ADVANCE_MAIN_META
329,D0019818,Protective effects of low temperature on the risk of hospitalization for mental and behavioral disorders: a time series study,2023,Postgraduate Medicine,temperature,FULLTEXT_REVIEW,"A quasi-Poisson distributed-lag time series analyzes temperature and mental-disorder hospitalizations, but the abstract gives directional findings without effect estimates or uncertainty.",FULLTEXT_REVIEW,"Time-series study of temperature and psychiatric hospitalization using DLNM. Abstract reports direction and significance of effects but no quantitative estimates or uncertainty, so extractability must be verified in full text.",FULLTEXT_REVIEW
330,D0019835,"Cascading disasters and mental health: The February 2021 winter storm and power crisis in Texas, USA",2023,Science of the Total Environment,temperature,FULLTEXT_REVIEW,"Interrupted time-series, ARIMA, and difference-in-differences models compare crisis texts before and after the externally verifiable Texas winter storm, but no effect estimates or uncertainty are reported and cold versus outage effects are not separated.",FULLTEXT_REVIEW,"The abstract uses objective winter weather and a quasi-experimental DID/ITS design with eligible mental-health crisis outcomes, but it reports only directional increases without effect sizes or uncertainty, so full text is needed to verify extractable hazard-specific estimates.",FULLTEXT_REVIEW
331,D0019864,"Longitudinal assessment of mental health after a flood: Roles of social support, hope, recovery stressors, and prior lifetime trauma",2023,Aging & Mental Health,flood,NARRATIVE_ONLY,"The study follows post-flood symptom trajectories by reported exposure group, but all mental-health waves are post-event and the fixed disaster exposure does not provide a pre-event outcome or credible counterfactual.",NARRATIVE_ONLY,Longitudinal post-flood symptom assessment with no pre-flood baseline; compares groups only after the event and analyzes predictors of symptoms rather than a credible causal flood effect.,DO_NOT_ADVANCE_MAIN_META
332,D0019873,Assessing the burden of suicide death associated with nonoptimum temperature in a changing climate,2023,JAMA Psychiatry,temperature,META_ELIGIBLE,"Historical ERA5 temperatures are analyzed in a time-stratified case-control design for more than 430,000 suicide deaths; temperature-suicide RRs and 95% CIs are reported before future projections.",META_ELIGIBLE,"Time-stratified case-control (case-crossover) study of 432,008 suicide deaths in mainland China; exposure is daily ambient temperature from ERA5 reanalysis (objective); reports temperature-suicide RRs with 95% CIs and attributable burden, satisfying causal meta-analysis criteria.",PRIORITY_FULLTEXT
333,D0019888,"Spatiotemporal analysis of the surface urban heat island (SUHI), air pollution and disease pattern: an applied study on the city of Granada (Spain)",2023,Environmental Science and Pollution Research,temperature,NARRATIVE_ONLY,"Satellite land-surface heat and 2021 disease patterns are related through ecological correlations, with suicide pooled among many diseases and no credible within-unit temporal counterfactual or suicide-specific effect.",FULLTEXT_REVIEW,"Uses satellite-derived temperature metrics and includes suicide among outcomes, but abstract reports correlations for multiple exposures and diseases collectively; no suicide-specific temperature effect with uncertainty is shown.",ADJUDICATE_PRIORITY
334,D0019995,Ambient temperature and air pollution associations with suicide and homicide mortality in California: A statewide case-crossover study,2023,Science of the Total Environment,temperature,META_ELIGIBLE,"Daily residential temperature is assigned to suicide decedents in a time-stratified case-crossover design, with temperature-specific suicide odds changes and 95% CIs.",META_ELIGIBLE,Time-stratified case-crossover study of California mortality 2014-2019; daily ambient temperature objectively assigned from residential data; reports 5°C increase effect on suicide mortality with 95% CI; suicide is an eligible outcome.,PRIORITY_FULLTEXT
335,D0019997,Heat-related mortality in U.S. state and private prisons: A case-crossover analysis,2023,PLoS ONE,temperature,META_ELIGIBLE,Prison mortality records are linked to daily maximum temperature in a case-crossover distributed-lag analysis; the cumulative extreme-heat effect on suicide is reported with a 95% CI.,META_ELIGIBLE,Case-crossover analysis of prison deaths 2001–2019 linked to daily max temperature; reports suicide-specific cumulative effect of extreme heat: 22.8% (95% CI 3.3–46.0). Exposure objective; design credible; suicide eligible mental-health outcome.,PRIORITY_FULLTEXT
336,D0020012,Mental health during the COVID-19 pandemic in a longitudinal study of Hurricane Katrina survivors,2023,SSM Mental Health,cyclone,EXCLUDE,"The analysis centers on mental health during COVID-19 and pandemic predictors; Katrina is a historical comparison in an already exposed cohort, not the primary hazard exposure being estimated.",NARRATIVE_ONLY,"Abstract reports prevalence of PTSD/distress 1-year post-Katrina and during COVID-19 and adjusted logistic regression predictors of mental health adversity, but no quantitative effect of Hurricane Katrina exposure versus a credible counterfactual; descriptive/predictor analysis only.",DO_NOT_ADVANCE_MAIN_META
337,D0020025,"Long-Term Apparent Temperature, Extreme Temperature Exposure, and Depressive Symptoms: A Longitudinal Study in China",2023,International Journal of Environmental Research and Public Health,temperature,FULLTEXT_REVIEW,"A longitudinal CHARLS analysis reports apparent-temperature and extreme-temperature HRs for depressive symptoms, but the abstract does not identify the exposure data source or show whether estimates use within-person temporal changes.",FULLTEXT_REVIEW,"Longitudinal CHARLS study with temperature exposure and depressive symptoms; HRs with CIs reported. However, abstract does not specify within-unit temporal exposure variation, pre-exposure outcome, fixed effects, or other credible counterfactual, so causal design is unresolved; full text needed to verify identification.",FULLTEXT_REVIEW
338,D0020063,Hurricane Michael and adverse social and mental health risk factors,2023,Maternal and Child Health Journal,cyclone,NARRATIVE_ONLY,Pregnancy screening records in affected counties are compared in simple periods before and after Michael without an unaffected control or interrupted time-series model; the abstract mainly describes screening and referral prevalence.,FULLTEXT_REVIEW,"Pre-post Hurricane Michael study of pregnant women includes stress/mental health services among screened risk factors, but abstract reports quantitative effects only for referral, medical illness, and smoking, not for an eligible mental-health outcome; no unaffected comparison group is described. Full text must confirm extractable mental-health hazard effects and design counterfactual.",ADJUDICATE_PRIORITY
339,D0020065,Daily changes in ambient air pollution concentrations and temperature and suicide mortality in Canada: Findings from a national time-stratified case-crossover study,2023,Environmental Research,temperature,META_ELIGIBLE,A national time-stratified case-crossover estimates day-to-day temperature effects on suicide mortality and reports the temperature-associated percentage increase with a 95% CI.,META_ELIGIBLE,"National time-stratified case-crossover study of 50,800 suicide deaths; objectively measured daily temperature; reports same-day IQR temperature increase associated with 10.1% (95% CI 9.0-11.2%) increase in suicide mortality, satisfying eligible design, outcome, and extractable hazard effect.",PRIORITY_FULLTEXT
340,D0020068,Short-term exposure to temperature and mental health in North Carolina: a distributed lag nonlinear analysis.,2023,International journal of biometeorology,temperature,FULLTEXT_REVIEW,"A quasi-Poisson distributed-lag analysis examines daily ambient temperature and multiple mental-health outcomes, but the abstract does not name the temperature source or report outcome-specific effects with uncertainty.",FULLTEXT_REVIEW,"Ecological time-series using daily ambient temperature and mental-health admissions/deaths with DLNM. Eligible design and outcomes, but abstract reports qualitative patterns and no numeric hazard effect or uncertainty; full text needed to confirm extractable effect estimates.",FULLTEXT_REVIEW
341,D0020072,Examining Hurricane Ida's Impact on Mental Health: Results From a Quasi-Experimental Analysis.,2023,GeoHealth,cyclone,FULLTEXT_REVIEW,"Interrupted time-series and difference-in-differences analyses use FEMA-designated Ida-affected communities and eligible crisis outcomes, but the abstract provides no effect estimates or uncertainty.",FULLTEXT_REVIEW,"Abstract reports ITS/DID with significant increases in crisis texts but does not specify the comparison group(s) or show effect sizes/uncertainty, so the causal counterfactual and extractable estimates cannot be confirmed from abstract alone.",FULLTEXT_REVIEW
342,D0020103,Climate-related shocks and other stressors associated with depression and anxiety in Bangladesh: a nationally representative panel study,2023,The Lancet Planetary Health,temperature|flood,FULLTEXT_REVIEW,"Two panel rounds link station temperature to PHQ-9 and GAD-7 and report adjusted ORs with CIs, but pooled population-average models do not clearly use within-person changes; flood exposure is self-reported.",FULLTEXT_REVIEW,"Panel study with objective temperature/humidity and self-reported flood; depression/anxiety outcomes and ORs reported. However, abstract describes pooled population-average logistic model without confirming within-unit fixed effects or pre-exposure baseline, so counterfactual is unresolved. Flood exposure is self-report only.",FULLTEXT_REVIEW
343,D0020117,Heatwave and mental health.,2023,Journal of environmental management,temperature,FULLTEXT_REVIEW,"CHNS data are used to relate heatwave counts to self-assessed mental health, but the abstract omits the heatwave data source, survey-wave structure, model design, and uncertainty for the reported coefficient.",FULLTEXT_REVIEW,"Abstract reports a quantitative heatwave-mental health association (0.027 decrease per heatwave event) but does not state uncertainty, exposure data source, or analytic design/counterfactual; full text needed to confirm objective exposure, longitudinal/panel design, and adjusted estimate with confidence intervals.",FULLTEXT_REVIEW
344,D0020120,"The role of extreme high humidex in depression in chongqing, China: A time series-analysis",2023,Environmental Research,temperature,META_ELIGIBLE,A six-year daily time series uses a distributed-lag nonlinear model to estimate humidex effects on depression outpatient visits and reports lag-specific RRs with 95% CIs.,META_ELIGIBLE,"Time-series study of objective humidex (temperature-humidity index) and depression outpatient visits using DLNM; reports RRs with CIs and attributable fraction. Supports eligible hazard, outcome, temporal counterfactual, and extractable effect.",PRIORITY_FULLTEXT
345,D0020266,Association Between Extreme Heat and Externalizing Symptoms in Pre- and Early Adolescence: Findings From the ABCD Study.,2025,JAACAP open,temperature,FULLTEXT_REVIEW,"Longitudinal ABCD outcomes are linked to NCEI extreme-heat days and analyzed with mixed-effects models, but the supplied abstract is truncated before any hazard effect estimates or uncertainty.",FULLTEXT_REVIEW,"Longitudinal ABCD study with objectively measured extreme heat days; includes suicide attempts as eligible outcome but abstract reports no effect estimate or uncertainty and emphasizes externalizing symptoms, so full text must confirm an eligible hazard-specific effect.",FULLTEXT_REVIEW
346,D0020345,Cold-related Mortality in US State and Private Prisons A Case–Crossover Analysis,2025,Epidemiology,temperature,META_ELIGIBLE,US prison mortality is linked to cold temperature in a case-crossover analysis; the cumulative extreme-cold association with suicide is reported with a 95% CI.,META_ELIGIBLE,"Case-crossover analysis of objectively measured cold temperatures in US prisons found a 55% (95% CI 11%, 114%) increase in suicides for extreme cold days, an eligible mental health outcome with credible temporal counterfactual and extractable effect.",PRIORITY_FULLTEXT
347,D0020428,Flooding and elevated prenatal depression in a climate-sensitive community in rural Bangladesh: a mixed methods study,2024,medRxiv,flood,NARRATIVE_ONLY,"The study is explicitly cross-sectional; although objective water levels and remote-sensing proximity accompany reported flooding and depression, there is no pre-event outcome or temporal/quasi-experimental counterfactual.",NARRATIVE_ONLY,"Cross-sectional survey of 881 pregnant women; flood exposure is primarily participant-reported in past 6 months with no pre-event baseline or temporal/quasi-experimental counterfactual. Adjusted prevalence ratios are association only, so unsuitable for causal meta-analysis.",DO_NOT_ADVANCE_MAIN_META
348,D0020479,Effect of daily temperature variations on years of life lost from suicide in the capital city of South Korea,2025,Journal of Psychiatric Research,temperature,META_ELIGIBLE,"A daily generalized additive lag model estimates diurnal-temperature-range effects on years of life lost from suicide, reporting the primary lag effect with a 95% CI.",META_ELIGIBLE,"Time-series GAM assesses daily diurnal temperature range (DTR) and suicide YLLs with lag 0-6; reports adjusted effect estimate and 95% CI, using objective meteorological exposure and temporal counterfactual.",PRIORITY_FULLTEXT
349,D0020483,Association of Postpartum Temperature Exposure with Postpartum Depression: A Retrospective Cohort Study in Southern California,2024,Environmental Health Perspectives,temperature,META_ELIGIBLE,GridMET temperatures linked to residential addresses are analyzed as time-varying postpartum exposures in a discrete-time event model; adjusted PPD odds ratios and 95% CIs are reported.,FULLTEXT_REVIEW,"Objective gridMET temperature exposure and PPD are eligible and aOR with CI is reported. However, abstract does not clearly specify whether the time-to-event model uses time-varying within-person temperature exposure or adjustment for temporal/seasonal confounding, so credible counterfactual is unresolved.",FULLTEXT_REVIEW
350,D0020513,Wildfires are associated with increased emergency department visits for anxiety disorders in the western United States,2024,Nature Mental Health,wildfire,FULLTEXT_REVIEW,"A case-crossover analysis links wildfire-smoke PM2.5 to anxiety ED visits, but the abstract reports only direction and significance without an effect magnitude or uncertainty.",FULLTEXT_REVIEW,"Case-crossover design, conditional logistic regression, objective wildfire smoke PM2.5 exposure, and anxiety ED visits are eligible. Abstract reports direction and significance but no numeric effect size or uncertainty, so full text must confirm extractable adjusted estimates.",FULLTEXT_REVIEW
351,D0020552,"Chronic high temperature exposure, brain structure, and mental health: Cross-sectional and prospective studies",2025,Environmental Research,temperature,FULLTEXT_REVIEW,"Residential histories are linked to reanalysis temperature and a difference-in-differences approach is reported, but quantitative results concern brain structure; the abstract gives no direct heat effect or uncertainty for depression.",FULLTEXT_REVIEW,"Abstract reports an objective chronic heat exposure and mental-health-related claims, but gives quantitative effect estimates with CIs only for brain MRI outcomes; it does not state a direct temperature-depression effect size, uncertainty, or the exact design for depression. Full text must confirm an eligible mental-health outcome was measured and a quantitative adjusted hazard effect is reported.",FULLTEXT_REVIEW
352,D0020600,Running through the haze: How wildfire smoke affects physical activity and mental well-being,2024,Journal of Physical Activity & Health,wildfire,FULLTEXT_REVIEW,"A subset completed repeated wellbeing measures during smoke and nonsmoke periods, but the abstract does not state how wildfire smoke periods were objectively identified and reports only means and p-values.",NARRATIVE_ONLY,"The study compares mental health during a smoke period (n=348) with a later smoke-free follow-up (n=162), with no pre-exposure outcome assessment; this exposed-first repeated-measures design lacks a credible pre-event counterfactual.",ADJUDICATE_PRIORITY
353,D0020603,Impact of extreme bushfire seasons on rates of occupational injury and disease compensation claims in first responders,2024,International archives of occupational and environmental health,wildfire,FULLTEXT_REVIEW,"Workers' compensation mental-health claim rates during extreme bushfire seasons are compared with off-seasons and other occupations, but the abstract gives only broad IRR ranges without uncertainty or a mental-specific primary estimate.",FULLTEXT_REVIEW,"Abstract indicates original WC claims analysis with mental health outcomes and negative binomial models over 2005-2022 comparing FR during extreme bushfire seasons vs off-season/summer. However, it does not specify how extreme bushfire seasons were objectively defined or how seasonal exposure variation was assigned; full text must confirm hazard classification and credible counterfactual.",FULLTEXT_REVIEW
354,D0020619,Assessing mental health during an extreme weather event in southern Brazil,2025,Trends in Psychiatry and Psychotherapy,flood,NARRATIVE_ONLY,"A real-time single survey during the flood compares participants by reported direct or close-other impact; there is no pre-event outcome, external exposure assignment, or temporal counterfactual.",NARRATIVE_ONLY,"Real-time, single-wave survey after the 2024 floods compared self-reported affected/unaffected groups with no pre-event baseline or credible counterfactual. Directly affected status is self-reported, and results are descriptive group comparisons, not a causal hazard effect.",DO_NOT_ADVANCE_MAIN_META
355,D0020621,Heatwaves and its impact on the depressive symptoms among Chinese community-dwelling older adults: Examining the role of social participation,2025,Archives of Gerontology and Geriatrics,temperature,NARRATIVE_ONLY,Depressive symptoms come from the single 2018 CHARLS wave and are associated with accumulated heatwaves across older adults; a multilevel fixed-effect label does not establish within-person temporal outcome variation.,FULLTEXT_REVIEW,"Abstract reports objective heatwave exposure (daily max >35°C, 3+ days), CES-D depressive symptoms, and fixed-effect regression with b=0.66, p<0.001. However it does not confirm whether the 2018 CHARLS sample includes repeated outcome waves or within-unit temporal variation; multilevel fixed effects may be cross-sectional area-level adjustment. Full text must establish panel structure and baseline control before eligibility.",ADJUDICATE_PRIORITY
356,D0020637,"Associations of heat with diseases and specific symptoms in Flanders, Belgium: An 8-year retrospective study of general practitioner registration data",2024,Environment International,temperature,FULLTEXT_REVIEW,"Eight years of daily GP visits are analyzed with time-stratified distributed-lag models, but the abstract only states no evidence for mental-health increases and provides no mental-health RR or uncertainty.",FULLTEXT_REVIEW,"Time-series DLNM with objective ambient temperature and GP visit outcomes, including mental health problems. But abstract only states no evidence for heat-related mental health increase and gives no RR/CI for the mental health outcome; full text needed to confirm extractable estimate.",FULLTEXT_REVIEW
357,D0020658,"Youth suicidality risk relative to ambient temperature and heatwaves across climate zones: A time series analysis of emergency department presentations in New South Wales, Australia",2025,Australian and New Zealand Journal of Psychiatry,temperature,FULLTEXT_REVIEW,"A generalized additive daily time series estimates ambient-temperature effects on youth suicidality ED presentations, but the reported 1.3% increase per degree has no uncertainty interval.",META_ELIGIBLE,"Original time-series study using daily objective temperature and heatwave data to estimate effects on emergency department youth suicidality presentations in NSW. Abstract reports a significant 1.3% increase per 1°C above average daily mean temperature, meeting eligible outcome, exposure, design, and effect extractability criteria.",FULLTEXT_REVIEW
358,D0020664,"Risk, Attributable Fraction and Attributable Number of Cause-Specific Heat-Related Emergency Hospital Admissions in Switzerland",2024,International Journal of Public Health,temperature,FULLTEXT_REVIEW,"A 22-year distributed-lag analysis attributes emergency admissions to heat, but the abstract reports pooled admission burden and only states that mental-disease risk increased, without a mental-specific effect and uncertainty.",FULLTEXT_REVIEW,"Time-series DLNM of daily temperature and hospital admissions; mental disease admissions are eligible psychiatric-service outcome, but abstract reports no mental-specific RR/95% CI, only qualitative statement that extreme heat increased mental EHA risk. Full text must provide numeric mental-specific estimate and uncertainty.",FULLTEXT_REVIEW
359,D0020700,Seasonal variations in psychiatry outpatient service utilization in a tertiary health care center in subtropical arid regions of northwestern India,2024,Indian Journal of Psychiatry,temperature,NARRATIVE_ONLY,"The chart review describes seasonal prevalence and Pearson correlations with temperature and photoperiod over two years, without a time-series counterfactual, temporal confounding control, or extractable adjusted hazard effect.",NARRATIVE_ONLY,Abstract describes retrospective seasonal variation in psychiatric outpatient utilization; analysis is Pearson correlations/chi-square without a credible counterfactual or reported adjusted hazard effect.,DO_NOT_ADVANCE_MAIN_META
360,D0020751,"Association Between Extreme Heat and Outpatient Visits for Mental Disorders: A Time-Series Analysis in Guangzhou, China.",2024,GeoHealth,temperature,FULLTEXT_REVIEW,"A daily quasi-Poisson time series evaluates nine heatwave definitions and mental-disorder outpatient visits, but the supplied abstract ends before any numerical RRs or uncertainty are provided.",META_ELIGIBLE,"Time-series study with objectively defined heatwaves (daily mean temperature percentiles/durations) and outpatient visits for mental disorders from insurance claims; quasi-Poisson GLMs estimate heatwave risks and cumulative effects, satisfying causal meta-analysis inclusion.",FULLTEXT_REVIEW
361,D0020776,"Variable and dynamic associations between hot weather, thermal comfort, and individuals' emotional states during summertime",2024,BMC psychology,temperature,FULLTEXT_REVIEW,"Repeated EMA affect ratings are linked to high-resolution modeled weather with substantial within-person variation, but the abstract gives no quantitative direct temperature-to-negative-affect estimate or uncertainty.",FULLTEXT_REVIEW,"EMA repeated-measures design with objective climate-modeled weather and negative affect outcome, but abstract reports only that comfort predicted affect and variance explained; no hazard-specific effect size or uncertainty is stated. Full text must confirm extractable adjusted hazard effect.",FULLTEXT_REVIEW
362,D0020934,Population-level effects of Hurricane Sandy on adolescent health,2024,Journal of Affective Disorders,cyclone,FULLTEXT_REVIEW,"FEMA exposure assignment and difference-in-differences compare pre/post changes in exposed and unexposed districts, but the abstract provides no mental-health effect estimates or uncertainty for sadness or suicidality.",FULLTEXT_REVIEW,"Abstract reports a difference-in-differences analysis of Hurricane Sandy exposure (FEMA-defined) on adolescent sadness/suicidality using pre/post district data, but states no mental-health outcomes were associated and gives no quantitative estimate or uncertainty for mental health; full text needed to confirm extractable null/adjusted effects.",FULLTEXT_REVIEW
363,D0020997,Suicide deaths associated with climate change-induced heat anomalies in Australia: a time series regression analysis,2024,BMJ mental health,temperature,META_ELIGIBLE,"National mortality and gridded climate data are analyzed in a time-series regression, yielding climate-change heat-attributable suicide counts with a 95% CI.",META_ELIGIBLE,"Time-series regression using gridded temperature anomalies and national suicide mortality reports attributable suicide count with 95% CI, satisfying objective exposure, temporal design, eligible outcome, and extractable effect.",PRIORITY_FULLTEXT
364,D0021000,Generalizability of Heat-related Health Risk Associations Observed in a Large Healthcare Claims Database of Patients with Commercial Health Insurance,2024,Epidemiology,temperature,FULLTEXT_REVIEW,"Extreme heat is evaluated with a space-time-stratified case-crossover design in two healthcare datasets, but the mental-health result is a ratio comparing dataset IRRs rather than a heat-effect estimate itself.",FULLTEXT_REVIEW,"Objective heat exposure, case-crossover design, and mental/behavioral disorder encounters are eligible, but the abstract reports only the ratio of incidence rate ratios comparing datasets (rIRR), not a heat-specific effect estimate with uncertainty for mental health. Full text must confirm extractable heat effect estimates.",FULLTEXT_REVIEW
365,D0021032,"Examining the non-linear association between ambient temperature and mental health of elderly adults in the community: evidence from Guangzhou, China",2024,BMC public health,temperature,FULLTEXT_REVIEW,"Survey and temperature data from 20 neighborhoods are analyzed with fixed effects, but the abstract does not state whether outcomes or exposures repeat over time or provide quantitative estimates with uncertainty.",FULLTEXT_REVIEW,"Fixed-effects study of ambient temperature and elderly mental health in Guangzhou. Objective temperature and mental-health symptoms are mentioned, but abstract reports only significance and a U-shaped pattern without numeric effect sizes or uncertainty, so quantitative extractability must be verified in full text.",FULLTEXT_REVIEW
366,D0021082,"[""Is there a Link Between Heat Waves and Mental Health Emergencies in the Emergency Department?""].",2024,Psychiatrische Praxis,temperature,FULLTEXT_REVIEW,"Eight years of psychiatric emergencies are compared with local temperatures, but the abstract gives no model specification, temporal controls, effect magnitude, or uncertainty beyond noting more presentations during heatwaves.",FULLTEXT_REVIEW,Retrospective analysis of psychiatric ED visits over 2015-2022 compared with local temperature plausibly examines temperature and psychiatric service use. However the abstract provides no quantitative hazard effect or uncertainty and does not specify the analytic design/counterfactual.,FULLTEXT_REVIEW
367,D0021197,Predicting Post-Disaster Post-Traumatic Stress Disorder Symptom Trajectories: The Role of Pre-Disaster Traumatic Experiences,2024,International Journal of Environmental Research and Public Health,cyclone,NARRATIVE_ONLY,The analysis models post-Katrina PTSD trajectories as a function of prior trauma and reported Katrina trauma; it does not estimate a hurricane effect using changing hazard exposure or a counterfactual.,NARRATIVE_ONLY,"Abstract examines pre-Katrina trauma as a predictor of PTSD trajectories among Hurricane Katrina survivors, not an objectively measured hurricane exposure effect. It reports trajectory classes and covariate-adjusted associations but lacks any hazard counterfactual or hazard-specific effect.",DO_NOT_ADVANCE_MAIN_META
368,D0021230,2023 Wildfires in Canada: Living in Wildfire Regions in Alberta and Nova Scotia Doubled the Odds for Residents to Experience Likely Generalized Anxiety Disorder Symptoms,2024,Journal of Clinical Medicine,wildfire,NARRATIVE_ONLY,A single online survey during the wildfires compares self-reported residence in affected regions with GAD symptoms; there is no pre-event outcome or temporal/quasi-experimental counterfactual.,NARRATIVE_ONLY,"Cross-sectional online survey during 2023 wildfires comparing likely GAD in residents of wildfire-impacted versus non-impacted regions. No pre-exposure baseline, temporal variation, or credible counterfactual; reported OR (2.4, 95% CI 1.3-4.3) is an association only, not an extractable causal hazard effect.",DO_NOT_ADVANCE_MAIN_META
369,D0021236,"Short-term effects of temperature-related indices on emergency ambulance dispatches due to mental and behavioral disorders in Shenzhen, China",2024,Frontiers in Public Health,temperature,META_ELIGIBLE,Daily meteorological indices and mental-disorder ambulance dispatches are analyzed with distributed-lag nonlinear models; high-humidex cumulative RRs and 95% CIs are reported.,META_ELIGIBLE,Time-series analysis of 2013-2020 ambulance dispatch and meteorological data using DLNM; objective Humidex exposure; psychiatric service use outcome; reports cumulative RR with 95% CI.,PRIORITY_FULLTEXT
370,D0021251,Examining recurrent hurricane exposure and psychiatric morbidity in Medicaid-insured pregnant populations.,2024,PLOS mental health,cyclone,META_ELIGIBLE,"A meteorologic hurricane wind index assigns county exposure and difference-in-differences estimates post-storm psychiatric ED risks in pregnant populations, with outcome-specific RRs and 95% CIs.",META_ELIGIBLE,Uses objective HIP-WI hurricane exposure and difference-in-difference plus GEE for county-level variation; psychiatric morbidity includes eligible PMAD/SMI outcomes; reports RRs with 95% CIs.,PRIORITY_FULLTEXT
371,D0021270,"Climate change anxiety, hurricane exposure, and climate change actions and attitudes: results from a representative, probability-based survey of US Gulf Coast residents",2024,The Lancet Planetary Health,cyclone,NARRATIVE_ONLY,"The longitudinal survey's reported models focus on climate anxiety, actions, and attitudes; hurricane exposure predicts actions, while no hurricane-to-mental-health effect estimate is reported.",FULLTEXT_REVIEW,"Abstract reports hurricane exposure associations with actions and climate-anxiety associations with attitudes/actions, but no quantitative hazard effect on an eligible mental-health outcome (PTSD or climate anxiety). Longitudinal cohort and pre-hurricane recruitment suggest plausibility, but hazard-specific estimate and counterfactual are unresolved.",ADJUDICATE_PRIORITY
372,D0021291,Association of Psychiatric Emergency Visits and Warm Ambient Temperature during Pregnancy: A Time-Stratified Case-Crossover Study,2024,Environmental Health Perspectives,temperature,META_ELIGIBLE,A time-stratified case-crossover links daily ambient temperature by residential ZIP code to psychiatric ED visits in pregnancy and reports disorder-specific IRRs with 95% CIs.,META_ELIGIBLE,"Time-stratified case-crossover using ~206,000 psychiatric ED visits and objective daily ambient temperature by zip code reports IRR with 95% CI for multiple eligible mental health outcomes, satisfying all criteria.",PRIORITY_FULLTEXT
373,D0021354,Crisis response in Texas youth impacted by Hurricane Harvey: A difference-in-differences analysis,2024,Journal of Affective Disorders,cyclone,FULLTEXT_REVIEW,"A difference-in-differences analysis uses county disaster declarations to compare exposed and unexposed youth crisis texts before and after Harvey, but the abstract gives no numerical DiD estimates or uncertainty.",FULLTEXT_REVIEW,"Difference-in-differences study of Hurricane Harvey exposure and youth crisis text outcomes. Exposure uses area code and county disaster declarations, outcomes are eligible mental health crises, and pre/post exposed/unexposed comparison provides a counterfactual. Abstract reports significant differences but no numeric effect size or uncertainty, so full text is needed for extractable estimates.",FULLTEXT_REVIEW
374,D0021360,"Private vs. public emergency visits for mental health due to heat: An indirect socioeconomic assessment of heat vulnerability and healthcare access, in Curitiba, Brazil",2024,Science of the Total Environment,temperature,META_ELIGIBLE,Daily mean temperature from three stations is linked to mental-health ED visits in distributed-lag time-series models; an extreme-heat attributable fraction and 95% CI are reported.,META_ELIGIBLE,Uses daily mean temperature from stations and psychiatric emergency department visits over 2017-2021 with distributed-lag non-linear quasi-Poisson models. Reports cumulative relative risks and attributable fractions with confidence intervals for heat effects on mental health service use.,PRIORITY_FULLTEXT
375,D0021394,"Effect of heatwaves on daily hospital admissions in Portugal, 2000–18: an observational study",2024,The Lancet Planetary Health,temperature,META_ELIGIBLE,Daily county admissions are linked to E-OBS heatwaves over 19 years with negative-binomial models; the mental-disease admission increase is reported with an interval and p-value.,META_ELIGIBLE,"Daily county-level time-series over 19 years uses objective EHF heatwave exposure and negative binomial models; reports a mental diseases/disorders hospital admission increase of 23.0% (95% CI 21.1–24.8), an eligible psychiatric service-use outcome with uncertainty.",PRIORITY_FULLTEXT
376,D0021410,Floods and cause-specific mortality in the UK: a nested case-control study,2024,BMC Medicine,flood,META_ELIGIBLE,Dartmouth flood records are linked to UK Biobank in a matched nested case-control distributed-lag analysis; the current-year flood effect on suicide mortality is reported as an OR with 95% CI.,FULLTEXT_REVIEW,"Objective flood index from Dartmouth Flood Observatory and suicide mortality are eligible; abstract reports lag-specific OR with 95% CI. However, the nested case-control design's counterfactual is not described (no within-unit temporal variation, matching criteria, or causal identification), so full text is needed to verify credible design and effect extractability.",FULLTEXT_REVIEW
377,D0021520,Short-term changes in mental health help-seeking behaviors following exposure to multiple social stressors and a natural disaster,2024,Social Science & Medicine,cyclone,NARRATIVE_ONLY,The multi-event analysis reports median crisis-volume changes after Hurricane Laura and several nonhazard stressors; no hazard-specific adjusted effect with uncertainty or credible exposed comparison is reported.,FULLTEXT_REVIEW,"Uses Crisis Text Line time series to examine help-seeking after 2020 events including Hurricane Laura; outcome eligible and exposure objective. Abstract only reports median volume difference for Hurricane Laura (+1 to +7 conversations) and ARIMA estimates for COVID/election, not a hurricane-specific adjusted effect with uncertainty; unclear whether concurrent stressors are controlled.",ADJUDICATE_PRIORITY
378,D0021534,Effects of seasonality in emergency admissions for mental disorders: Two years of clinical experience,2024,International Journal of Psychiatry in Clinical Practice,temperature,FULLTEXT_REVIEW,"The retrospective study states that heatwaves correlate with psychiatric ED admissions, but the abstract does not identify the temperature source, heatwave definition, analytic model, adjusted effect, or uncertainty.",FULLTEXT_REVIEW,"Abstract reports significant association between heatwaves and psychiatric ED admissions but lacks explicit heatwave measurement, adjusted temporal counterfactual, and any quantitative effect with uncertainty.",FULLTEXT_REVIEW
379,D0021544,"Association between heat and hospital admissions in people with disabilities in South Korea: a nationwide, case-crossover study",2024,The Lancet Planetary Health,temperature,META_ELIGIBLE,Gridded daily temperature is linked to national ED admissions in a time-stratified case-crossover; the mental-disorder admission heat OR and 95% CI are reported.,META_ELIGIBLE,"Nationwide case-crossover study with objective daily mean temperature exposure and ED admissions. Reports OR for mental disorder admissions associated with heat (1.89, 95% CI 1.18–3.00), an eligible psychiatric service use outcome, with uncertainty.",PRIORITY_FULLTEXT
380,D0021745,Psychotropic Medication Prescriptions and Large California Wildfires,2024,JAMA Network Open,wildfire,META_ELIGIBLE,"An interrupted time series compares psychotropic prescriptions six weeks before and after 25 objectively defined large wildfires, reporting medication-class RRs with 95% CIs and a negative-control outcome.",META_ELIGIBLE,Interrupted time-series with 6-week pre/post baseline around 25 large wildfires; objective wildfire exposure; psychotropic prescriptions (psychiatric service use) eligible; reports RRs with 95% CIs.,PRIORITY_FULLTEXT
381,D0021857,Increased suicide mortality and reduced life expectancy associated with ambient heat exposure,2024,American Journal of Preventive Medicine,temperature,META_ELIGIBLE,A time-stratified case-crossover estimates extreme-heat effects on suicide mortality and reports risk and attributable-fraction estimates with 95% CIs.,META_ELIGIBLE,"Time-stratified case-crossover study of ambient heat and suicide mortality in China. Objective temperature exposure, eligible suicide outcome, and quantitative effect with 95% CI reported (80.7% increase; attributable fraction 31.7%, 95% CI 18.0-43.2%).",PRIORITY_FULLTEXT
382,D0021905,"The relationship between hot temperatures and hospital admissions for psychosis in adults diagnosed with schizophrenia: A case-crossover study in Quebec, Canada",2024,Environmental Research,temperature,META_ELIGIBLE,NASA Daymet temperatures are linked to psychosis admissions among adults with schizophrenia in a case-crossover distributed-lag analysis; lag-specific ORs and 95% CIs are reported.,META_ELIGIBLE,"Case-crossover study with objectively measured temperature from NASA Daymet and hospital admissions for psychosis as psychiatric service use. Reports lag-specific OR 1.040 (95% CI 1.008-1.074), satisfying causal design and extractable effect.",PRIORITY_FULLTEXT
383,D0021930,Heatwave characteristics complicate the association between PM2.5 components and schizophrenia hospitalizations in a changing climate: Leveraging of the individual residential environment,2024,Ecotoxicology and Environmental Safety,temperature,EXCLUDE,PM2.5 components are the primary exposure and heatwave characteristics modify their effects; the abstract does not report an independent heatwave effect on schizophrenia hospitalization.,EXCLUDE,"Main exposure is PM2.5 components (air pollution), not a registered climate hazard; heatwave is examined as an effect modifier/context for PM2.5-schizophrenia associations, so no eligible hazard effect is estimated.",DO_NOT_ADVANCE_MAIN_META
384,D0021946,[The impact of the Ahr Valley flood on the health of the local population - an analysis based on SHI routine data].,2024,"Bundesgesundheitsblatt, Gesundheitsforschung, Gesundheitsschutz",flood,FULLTEXT_REVIEW,"Routine billing diagnoses in the flood region are compared between 2020 and 2021 and mental-disorder services changed, but the abstract does not describe an unaffected control, trend adjustment, or effect estimates with uncertainty.",FULLTEXT_REVIEW,"Abstract supports objective flood exposure, ICD-10 F diagnoses as mental-health outcome, and a longitudinal pre/post design using Q3 2020 and Q3 2021 routine data. However it reports only significant increases, not numeric prevalence rate ratios with uncertainty, and the single-region two-quarter counterfactual needs full-text verification.",FULLTEXT_REVIEW
385,D0022009,Aging and emotional well-being after disasters: Vulnerability and resilience,2023,The Gerontologist,cyclone,NARRATIVE_ONLY,"Although depression was measured before the hurricane seasons, the analysis centers on age and self-reported hurricane adversity as predictors of post-event symptoms rather than an externally assigned hurricane effect with a control group.",NARRATIVE_ONLY,"Abstract reports age differences in post-hurricane depression/PTSD while controlling for self-reported hurricane-related adversities; no hurricane hazard effect or uncertainty is reported. Exposure is self-report, and the analysis is a predictor/moderation analysis rather than a causal hazard effect.",DO_NOT_ADVANCE_MAIN_META
386,D0022030,Impact of heatwaves on depression and anxiety in India: A time-series analysis.,2025,Bioinformation,temperature,FULLTEXT_REVIEW,"Daily depression and anxiety admissions are compared with meteorological heatwaves over two years, but the abstract omits model details, confounder control, numerical effects, and uncertainty.",FULLTEXT_REVIEW,"Time-series analysis of daily heatwave exposure and depression/anxiety admissions; objective meteorological exposure and eligible outcomes are clear, but abstract reports only qualitative 'modest but significant increases' without numeric effect sizes or uncertainty, so extractable adjusted effect requires full text.",FULLTEXT_REVIEW
387,D0022043,Assessing the impact of heatwaves on emergency visits for major depression and suicidal ideation in youth with attention-deficit/hyperactivity disorder.,2025,PLOS mental health,temperature,META_ELIGIBLE,Objectively defined Excess Heat Factor exposure is modeled across 13 warm seasons with Poisson mixed models; heatwave RRs and 95% CIs are reported for major depression and suicidal outcomes.,META_ELIGIBLE,"Retrospective study of 4,404 pediatric ED visits 2008-2021 uses objective heatwave exposure (Excess Heat Factor) and Poisson mixed-effects regression over daily time series; reports RRs with 95% CIs for MDD and suicidal behavior, satisfying causal meta-analysis criteria.",PRIORITY_FULLTEXT
388,D0022163,"Climate resilience adaptation and psychiatric emergency services utilization during extreme heat in Boston, MA: a difference-in-differences analysis",2026,Environment International,temperature,FULLTEXT_REVIEW,"Difference-in-differences estimates compare heat events across advisory and adaptation-policy periods, but the abstract reports intervention contrasts rather than the underlying heat-versus-nonheat psychiatric-service effect.",FULLTEXT_REVIEW,"Abstract reports only intervention/adaptation interaction effects (heat events with vs without advisories; before vs after plan), not a direct adjusted hazard-effect estimate. Full text must establish a main heat-effect estimate.",FULLTEXT_REVIEW
389,D0022176,Combined effect of heat and outdoor O3 pollution on emergency department visits in Florida,2026,Environmental Research,temperature,FULLTEXT_REVIEW,"A 17-year daily generalized additive time series assesses heat index and ED visits, but only the all-cause effect is quantified; the abstract gives no mental-health-specific heat estimate or uncertainty.",FULLTEXT_REVIEW,"Time-series study estimates heat and O3 effects on ED visits; mental health is a category but abstract reports only all-cause effect (0.65% per 1°C) and states mental health impacts qualitatively, so mental-health-specific quantitative effect is not extractable from abstract.",FULLTEXT_REVIEW
390,D0022188,The toll of the cyclone: mental health impacts of tropical cyclones in coastal communities of India,2025,BMC public health,cyclone,FULLTEXT_REVIEW,"Cyclone landfall and inland penetration are linked to district-year medicine sales in fixed-effects distributed-lag models, but the 144% and 173% effects are reported without uncertainty.",META_ELIGIBLE,Objective cyclone landfall/inland penetration exposure; district-year panel with ARDL fixed effects; mental disorder medicine sales as psychiatric service use; reports adjusted 144% contemporaneous and 173% lagged effects.,FULLTEXT_REVIEW
391,D0022203,Prenatal exposure to heat stress and postpartum depressive symptoms in the MADRES cohort in urban Los Angeles,2026,Environmental Research,temperature,META_ELIGIBLE,Residential WBGT throughout pregnancy is analyzed with trimester and distributed-lag models against postpartum CES-D scores; adjusted percentage effects and 95% CIs are reported.,FULLTEXT_REVIEW,Prospective cohort with objective residential WBGT and CES-D postpartum depressive symptoms; reports trimester-specific adjusted percent change with CI. However abstract does not establish that seasonal/spatial temperature variation and DLM provide a credible counterfactual or specify confounders; full text needed.,FULLTEXT_REVIEW
392,D0022222,Cumulative heat exposure and mental health in older Chinese adults with social isolation mediation,2025,Scientific reports,temperature,FULLTEXT_REVIEW,"Longitudinal survey data are linked to meteorological cumulative heat exposure, but ordinary least squares and mediation models are described without stating whether repeated within-person changes identify the effect or reporting effect estimates with uncertainty.",FULLTEXT_REVIEW,"Objective cumulative heat exposure and mental health outcome are eligible, but abstract only reports significant association from OLS and mediation; it does not specify whether models exploit within-unit temporal variation, adjust for pre-exposure outcomes, or provide estimable coefficients/CIs. Full text must confirm fixed effects/panel design and extractable effect.",FULLTEXT_REVIEW
393,D0022223,"Hurricane María and prenatal maternal mental health: Variations in stress, social support, and depression across disaster recovery periods in Puerto Rico",2026,Environmental Research,cyclone,NARRATIVE_ONLY,"Different pregnant participants are grouped by visit timing before and after Maria, with no unaffected comparison and no individual pre-event baseline; simple period differences cannot isolate a hurricane effect from cohort or time changes.",NARRATIVE_ONLY,"Compares independent groups of pregnant participants assessed before vs after Hurricane María at 28 weeks gestation; each participant appears measured once, so no within-person pre/post or credible counterfactual. Regression reports stress/depression differences but design is repeated cross-sectional, not eligible for causal meta-analysis.",DO_NOT_ADVANCE_MAIN_META
394,D0022292,"Climate-Related Heat Stress and Psychological Outcomes in Self-Employed Delivery Workers: Evidence from Brasília, Brazil.",2025,International journal of environmental research and public health,temperature,META_ELIGIBLE,"Twice-daily repeated psychological ratings are paired with station temperature over 15 days, and cluster-robust regressions report temperature coefficients with 95% CIs for stress and mood.",FULLTEXT_REVIEW,"Objective station temperature paired with twice-daily EMA stress/mood in 30 workers over 15 days; betas and CIs reported. However abstract does not state whether regressions used within-person fixed effects or otherwise isolated temporal exposure variation, so counterfactual is unresolved.",FULLTEXT_REVIEW
395,D0022308,"Depression, Anxiety, and PTSD Among Southern California Residents After the January 2025 Los Angeles Wildfires",2025,Disaster medicine and public health preparedness,wildfire,NARRATIVE_ONLY,A single post-fire survey compares self-reported evacuation status with depression and PTSD; adjusting for reported pre-fire mental health does not provide objective wildfire linkage or a credible quasi-experimental counterfactual.,NARRATIVE_ONLY,"Single post-event cross-sectional survey (N=739) 2-3 months after wildfires comparing self-reported evacuation status; no pre-event outcome and no credible counterfactual, despite adjusted odds ratios.",DO_NOT_ADVANCE_MAIN_META
396,D0022392,[Heat and Mental Health: Discrepancy Between Expert Opinion and Documented Primary Care Diagnostics - Findings from 560 General and Pediatric Practices in Germany].,2025,Psychiatrische Praxis,temperature,NARRATIVE_ONLY,"Practice-level diagnoses are compared between selected hot and cooler years using Wilcoxon tests, without daily exposure linkage, temporal confounder adjustment, or an extractable temperature effect on mental-health diagnoses.",NARRATIVE_ONLY,"Abstract compares aggregate practice counts of depression, anxiety, and stress disorders in hot vs cooler years using Wilcoxon tests. This is an exploratory, unadjusted between-year comparison with no credible counterfactual; authors note finer temporal resolution and adjustment are needed.",DO_NOT_ADVANCE_MAIN_META
397,D0022421,"Changes in Admissions to the Adult Inpatient Mental Health Service of Lismore Base Hospital, Northern New South Wales, Following the 2022 Floods",2025,The Australian journal of rural health,flood,NARRATIVE_ONLY,"The hospital simply compares admissions in one 12-month period before and one after the flood, without an unaffected control, interrupted time-series structure, trend adjustment, or individual exposure information.",NARRATIVE_ONLY,"Simple pre/post comparison of psychiatric admissions 12 months before vs after the 2022 Lismore floods, with p-values but no control for secular trends, seasonality, or individual exposure; lacks credible counterfactual for causal flood effect.",DO_NOT_ADVANCE_MAIN_META
398,D0022434,Effect of ambient temperature and thermal comfort indices on emergency visits for psychotic and mood disorders: a case-crossover study in a French suburban area,2025,Psychiatry Research,temperature,FULLTEXT_REVIEW,"An 11-year time-stratified case-crossover compares heat metrics with psychiatric emergency visits, but reported percentage changes lack confidence intervals or other uncertainty.",META_ELIGIBLE,"Time-stratified case-crossover uses objective ambient temperature/thermal indices and emergency visits for mood/psychotic disorders, a psychiatric service-use outcome. Reports adjusted percent changes with significance/FDR.",FULLTEXT_REVIEW
399,D0022469,Living through the heat: How urban children and young people experience and envision healthier cities.,2025,PLOS global public health,temperature,NARRATIVE_ONLY,"Online respondents surveyed in heatwave and non-heatwave periods are analyzed as period groups, but the abstract does not indicate repeated individuals or a design controlling participant composition and temporal differences.",NARRATIVE_ONLY,"Abstract describes online surveys during heatwave and non-heatwave periods but not within-person temporal variation; likely independent cross-sectional samples comparing exposure groups, without credible counterfactual for causal effect.",DO_NOT_ADVANCE_MAIN_META
400,D0022494,"Short-term variations in summer temperatures and mental health-related emergency department visits in Ontario, Canada",2025,Environmental Epidemiology,temperature,META_ELIGIBLE,"A time-stratified case-crossover estimates daily ambient and apparent-temperature effects on mental-health ED visits, reporting adjusted ORs and 95% CIs.",META_ELIGIBLE,"Time-stratified case-crossover study of daily summer ambient/apparent temperature and mental health ED visits. Conditional logistic regression reports OR per 5°C with 95% CIs for an eligible psychiatric service use outcome, satisfying all criteria.",PRIORITY_FULLTEXT
401,D0022560,"The effect of climate extremes on disability, depression, and cognitive decline in middle-aged and older Chinese adults under different healthy lifestyle",2025,Journal of global health,temperature,FULLTEXT_REVIEW,"Four cohort waves and time-dependent models link climate indices to incident depression, but the abstract does not identify the climate data source or report a depression effect estimate with uncertainty.",FULLTEXT_REVIEW,"Longitudinal cohort uses temperature/precipitation extreme indices and time-dependent Cox/mixed models with depression outcome, but abstract reports only interaction p-values and no effect sizes or uncertainty; full text must confirm temporal counterfactual and extractable adjusted effects.",FULLTEXT_REVIEW
402,D0022610,Association of heatwave exposure and multimorbidity with depression trajectories among older adults: evidence from the China Health and Retirement Longitudinal Study,2025,"The journals of gerontology. Series A, Biological sciences and medical sciences",temperature,FULLTEXT_REVIEW,"Five repeated depression waves are analyzed against heatwaves, but the abstract does not state the heat data source, whether exposure changes within participants, or numerical heat effects.",NARRATIVE_ONLY,"Longitudinal CHARLS data are used, but the abstract only describes latent growth curve trajectory identification, machine-learning prediction of trajectory class, and multinomial logistic regression; it reports no quantitative hazard effect size or uncertainty, and does not establish a within-unit temporal exposure counterfactual or pre-exposure baseline for the heatwave-depression effect.",ADJUDICATE_PRIORITY
403,D0022614,Association of fine particulate matter and wet-bulb globe temperature with depression incidence in a community-based longitudinal study,2025,Scientific Reports,temperature,FULLTEXT_REVIEW,"Geo-AI WBGT and incident depression are measured longitudinally, but all numerical results concern particulate matter rather than an independent WBGT effect.",FULLTEXT_REVIEW,"Abstract reports WBGT from Geo-AI and incident depression in a longitudinal cohort, but only reports PM HRs; no WBGT-specific estimate or uncertainty and unclear whether WBGT exposure was time-varying or baseline.",FULLTEXT_REVIEW
404,D0022659,Prescribing patterns of psychotropic medications among people living with dementia after disasters.,2025,Innovation in aging,cyclone,NARRATIVE_ONLY,FEMA hurricane exposure is compared between counties only during the 12 post-landfall months; no pre-event prescription outcome or quasi-experimental trend contrast is described.,NARRATIVE_ONLY,"Abstract compares exposed and unexposed counties for 12 months after hurricane landfall using Medicare claims; no pre-event outcome or credible counterfactual is described, making the design a single post-event exposed/unexposed comparison. Although IRR with CI is reported, it cannot support causal meta-analysis.",DO_NOT_ADVANCE_MAIN_META
405,D0022664,The risk of hospitalization associated with foehn winds and temperature in the mountainous region of Switzerland,2025,Environmental Epidemiology,temperature,FULLTEXT_REVIEW,"A station-based case-time-series estimates temperature effects, but the abstract reports only overall hospitalization estimates and says mental-health associations were larger without a mental-health-specific estimate.",FULLTEXT_REVIEW,"Case-time series of daily temperature and hospitalizations includes mental health causes and reports overall heat-foehn interaction estimates with uncertainty, but the abstract does not report a mental-health-specific hazard effect or uncertainty, so extractability is unresolved.",FULLTEXT_REVIEW
406,D0022760,High temperature and mental health in 3.3 million adults living in Barcelona metropolitan area: a 12-year time series analysis of primary care data,2025,Environment International,temperature,META_ELIGIBLE,"A 12-year time series uses Meteocat daily temperature and distributed-lag models for anxiety and depression diagnoses, prescriptions, and sick leave, with quantitative relative risks reported.",FULLTEXT_REVIEW,"Time-series DLNM with objective Meteocat temperature and eligible anxiety/depression outcomes; abstract reports effect magnitudes but no uncertainty, so full text must confirm CIs/adjusted estimates.",FULLTEXT_REVIEW
407,D0022794,Flooding and Cognitive Health among Middle-Aged and Older Adults in Thailand: A Case Study of Resilient City Policy in Bangkok,2025,Annals of Global Health,flood,EXCLUDE,"The flood effect is estimated for cognitive domains; depressive symptoms appear only as an indirect correlate of the resilience policy, not as a measured flood-effect outcome.",EXCLUDE,"Primary outcome is cognitive health (memory, calculation, orientation), not an eligible mental-health outcome. Depressive symptoms are only mentioned as associated with resilient city policy, not as a flooding effect.",DO_NOT_ADVANCE_MAIN_META
408,D0022800,Increased antidepressant prescriptions following the 2018 Japan floods: a longitudinal analysis using the national health insurance database,2025,European journal of psychotraumatology,flood,META_ELIGIBLE,"Government-designated flood victims are compared with nonvictims before and after the flood using difference-in-differences, with adjusted prescription effects and 95% CIs.",META_ELIGIBLE,"Difference-in-differences analysis of national insurance claims compared antidepressant prescriptions before and after the 2018 Japan floods between government-designated disaster victims and non-victims, reporting adjusted Ratio of Odds Ratios with 95% CIs.",PRIORITY_FULLTEXT
409,D0022851,Optimism and language proficiency predict incidence of and remission from PTSD among climate migrants,2025,"Psychological Trauma: Theory, Research, Practice, and Policy",cyclone,NARRATIVE_ONLY,"All participants are relocated Hurricane Maria survivors, and the analysis predicts post-event PTSD incidence and remission from personal characteristics and reported trauma rather than estimating a hurricane effect.",NARRATIVE_ONLY,"All participants are Hurricane Maria survivors followed 2020-2023; Cox models identify predictors of PTSD incidence/remission. No pre-event baseline, unexposed comparison, or hazard variation; hurricane trauma is only one individual predictor. This is a predictor analysis without a causal hazard effect.",DO_NOT_ADVANCE_MAIN_META
410,D0022909,"Increases in suicides and overdoses during the 2023 wildfires in Maui, Hawai‘i",2025,JAMA: Journal of the American Medical Association,wildfire,FULLTEXT_REVIEW,"Monthly mortality spanning 2014-2023 and Maui versus other counties could support an event contrast, but the abstract does not establish the model counterfactual or provide a wildfire-specific suicide estimate with uncertainty.",FULLTEXT_REVIEW,Abstract reports an adjusted 46% increase for combined suicide and overdose deaths but no effect size with uncertainty for the eligible suicide-only outcome; suicide rate was only described as significantly higher for Maui than non-Maui. Full text must provide suicide-specific adjusted estimate and modeling details.,FULLTEXT_REVIEW
411,D0022921,Temporal variation in the association between heatwave and mortality from mental disorders: population-based evidence from a megacity of China,2025,Journal of global health,temperature,FULLTEXT_REVIEW,"The case-crossover distributed-lag design estimates heatwave effects on mental-disorder and suicide mortality, but no relative effect with uncertainty is reported in the abstract.",FULLTEXT_REVIEW,"Original population-based case-crossover study of heatwave and mental disorder mortality; exposure objective and design has temporal counterfactual. Suicide is an eligible outcome, but abstract reports no hazard-ratio/CI and does not explicitly state an extractable adjusted effect. Full text must confirm suicide-specific estimates and uncertainty.",FULLTEXT_REVIEW
412,D0022927,Severe flooding and cause-specific hospitalisation among older adults in the USA: a retrospective matched cohort analysis,2025,The Lancet Planetary Health,flood,META_ELIGIBLE,"Satellite flood maps are linked to claims, flood days are matched to nonflood control days within ZIP code and season, and mental-health hospitalization effects with 95% CIs are reported.",META_ELIGIBLE,"Satellite flood maps provide objective exposure; case-crossover matching by ZIP and day-of-year supplies temporal counterfactual; conditional quasi-Poisson reports mental health-related hospitalisation effect among higher Black proportion areas (3.0%, 95% CI -0.3 to 6.5) during flood.",PRIORITY_FULLTEXT
413,D0022928,"Adolescent psychological health, temporal discounting, and climate distress under increased flood exposure in Bangladesh: a mixed-methods cross-sectional study",2025,The Lancet Planetary Health,flood,NARRATIVE_ONLY,This single-wave comparison of adolescents in high- and low-flood-risk locations has no pre-event outcome or temporal hazard variation despite adjusted odds ratios.,NARRATIVE_ONLY,"Abstract explicitly describes a cross-sectional, mixed-methods study comparing adolescents in high-flood-risk Barisal versus low-flood-risk Dhaka. No temporal or pre-post counterfactual, so despite adjusted ORs with CIs, the design is unsuitable for causal meta-analysis.",DO_NOT_ADVANCE_MAIN_META
414,D0022941,"Daytime, nighttime, and day-night compound heatwaves and the risk of depression: A Chinese nationwide cohort",2025,Environmental Pollution,temperature,FULLTEXT_REVIEW,"Four repeated depression measurements are analyzed with changing city heatwaves in mixed models, but the abstract gives no adjusted heatwave estimate or uncertainty.",FULLTEXT_REVIEW,"Objective temperature-defined heatwaves and repeated CES-D depression measures fit the target, but the abstract lacks numeric adjusted effect sizes/uncertainty and exact model specification; full text needed to confirm extractable quantitative estimates.",FULLTEXT_REVIEW
415,D0022943,"Linkages between socioeconomic inequalities, pro-environmental behaviours, climate change concerns and experiences, and wellbeing outcomes in England",2025,Sustainable Environment,temperature|flood,NARRATIVE_ONLY,Wellbeing is measured in one 2018/19 survey wave and related to spatially linked prior flooding and temperature change without a pre-outcome baseline or within-unit temporal contrast.,NARRATIVE_ONLY,"Abstract describes cross-sectional analysis of 2018/19 Understanding Society wave with area-level flood and temperature change exposure; no within-unit temporal variation or pre-event baseline, so cannot support causal hazard effect. Hazard-wellbeing link reported only as no association, no extractable quantitative effect.",DO_NOT_ADVANCE_MAIN_META
416,D0022987,"Health Impacts of Acute Wildfire Smoke Exposure on the Active-Duty Military Population at Joint Base Lewis-McChord, Washington, USA",2025,Journal of Occupational and Environmental Medicine,wildfire,FULLTEXT_REVIEW,"The time-stratified case-crossover design compares wildfire-smoke and nonsmoke days, but the PM2.5 source and behavioral-health-specific effect with uncertainty are absent.",FULLTEXT_REVIEW,"Time-stratified case-crossover with objective PM2.5 thresholds and behavioral health ED visits fits design/outcome, but abstract reports only 'increased odds' without numeric effect or uncertainty; full text must provide hazard-specific behavioral health OR/CI.",FULLTEXT_REVIEW
417,D0022997,Flooding and elevated prenatal depression in rural Bangladesh: A mixed methods study,2025,Plos Global Public Health,flood,NARRATIVE_ONLY,The survey measures depression once and relates it to recent reported flooding and contemporaneous objective water indicators; there is no pre-event outcome or temporal counterfactual.,NARRATIVE_ONLY,"Abstract explicitly states a cross-sectional survey of 881 pregnant women; flood exposure and EPDS depression were measured concurrently with no pre-exposure baseline or temporal counterfactual. Despite objective water level/remote sensing data and adjusted prevalence ratios, single-wave cross-sectional design is unsuitable for causal meta-analysis.",DO_NOT_ADVANCE_MAIN_META
418,D0023011,When climate crisis hits home: mental health of elderly with type 2 diabetes amidst floods in Brazil,2025,Diabetology and Metabolic Syndrome,flood,NARRATIVE_ONLY,"A single post-flood survey compares residents by self-reported residential impact, with no pre-event distress measure or quasi-experimental counterfactual.",NARRATIVE_ONLY,"Cross-sectional post-flood comparison of directly vs non-directly impacted elderly; no pre-event outcome or temporal hazard variation, so cannot support causal hazard effect despite adjusted ORs.",DO_NOT_ADVANCE_MAIN_META
419,D0023031,"Preliminary Report on Symptoms of Anxiety, Depression, and PTSD Following Severe Flooding in Brazil: A Longitudinal Perspective",2025,Disaster Medicine and Public Health Preparedness,flood,NARRATIVE_ONLY,"Flood-affected participants are followed from during the flood to one month later, describing symptom trajectories without a pre-event outcome or changing hazard contrast.",NARRATIVE_ONLY,"Abstract describes 64 flood-affected adults assessed during the flood and one month later. There is no pre-flood baseline or unaffected comparison, so the study cannot estimate a flood effect; it reports symptom progression and predictors only.",DO_NOT_ADVANCE_MAIN_META
420,D0023052,A Case-Crossover Study of Extreme Heat and Psychiatric Emergency Encounters Among Vulnerable Pregnant People,2025,Paediatric and Perinatal Epidemiology,temperature,FULLTEXT_REVIEW,"A gridded-temperature time-stratified case-crossover estimates psychiatric emergency risk, but the null result is stated without an effect estimate or uncertainty.",FULLTEXT_REVIEW,"Time-stratified case-crossover using gridded ambient temperature and psychiatric emergency encounters is highly relevant, but the abstract reports only 'no evidence of an association' without an adjusted effect size or uncertainty measure, so full text is needed to confirm extractable quantitative estimates.",FULLTEXT_REVIEW
421,D0023100,Analysis of the global trends and causes of self-harm due to high temperature: a global level ecological study,2025,Environmental Health and Preventive Medicine,temperature,EXCLUDE,"The outcome is a pre-attributed GBD heat-related self-harm burden, while the original analyses examine demographic and country-level drivers rather than estimate temperature's effect on self-harm.",NARRATIVE_ONLY,"Abstract reports decomposition/trend analysis of GBD heat-related self-harm mortality and a panel model of national indicators, not an original hazard effect estimate; no temperature effect on self-harm or counterfactual is reported.",DO_NOT_ADVANCE_MAIN_META
422,D0023153,Psychiatric Disorders Mediate the Association between Floods and Dementia: A Prospective Cohort Study in the UK Biobank.,2025,"Environment & health (Washington, D.C.)",flood,NARRATIVE_ONLY,"Cumulative residential flooding before cohort baseline is related to later psychiatric diagnoses, but no pre-flood psychiatric outcome or within-person change in flood exposure is described.",NARRATIVE_ONLY,"Prospective cohort compares cumulative flood exposure over 8 years before baseline to incident outcomes; no pre-exposure mental-health outcome or within-unit temporal variation, so exposed/unexposed comparison is not a credible counterfactual. Abstract reports only dementia HR, not a flood-psychiatric disorder effect.",DO_NOT_ADVANCE_MAIN_META
423,D0023214,Does Feeling Safe Mean Being Free From Distress? Assessment of the Co-Existing Trajectories of Posttraumatic Stress Disorder and Feelings of Safety in Children Following a Natural Disaster,2025,Stress and Health,cyclone,NARRATIVE_ONLY,Children exposed to one typhoon are followed only from three months afterward; the analysis describes PTSD and safety trajectories without a pre-event baseline or hazard contrast.,NARRATIVE_ONLY,"Longitudinal post-typhoon cohort with only 3/15/27-month post-event waves and no pre-event outcome; latent growth mixture modeling identifies PTSD/safety trajectories and baseline predictors, not a hazard effect. Lacks counterfactual and extractable effect, so narrative-only.",DO_NOT_ADVANCE_MAIN_META
424,D0023226,"Emergency department mental health presentations in bushfire-, flood-, storm-, drought-, and COVID-19-affected areas: Analysis of growth models between 2017 and 2021",2025,Australian and New Zealand journal of public health,wildfire|flood|drought,NARRATIVE_ONLY,"The study compares ED presentation trends across broad multi-disaster and COVID exposure categories, notes pre-existing rate differences, and provides no separable hazard effect.",NARRATIVE_ONLY,"Abstract reports linear growth trends in mental-health ED presentations across areas classified by exposure to fires, floods, storms, droughts and COVID-19; no isolated registered hazard effect, credible counterfactual, or uncertainty is reported. This is descriptive trajectory analysis rather than causal hazard-effect estimation.",DO_NOT_ADVANCE_MAIN_META
425,D0023314,Hospitalization risks associated with floods in a multi-country study.,2025,Nature water,flood,META_ELIGIBLE,"Daily flood-event exposure and hospitalization counts are analyzed with community-specific distributed-lag time-series models, including a pooled mental-disorder RR and 95% CI.",META_ELIGIBLE,"Multi-community daily time-series with objective flood days and quasi-Poisson distributed lag models reports mental disorder hospitalization RR 1.11 (95% CI 0.98-1.25), meeting causal meta-analysis criteria.",PRIORITY_FULLTEXT
426,D0023319,"The impact of climate shocks exposure to depressive and suicidal ideations among female population in Kilifi rural areas, Kenya",2025,eBioMedicine,temperature|drought,FULLTEXT_REVIEW,"Two-stage least squares yields heat, drought, and rainfall effects with CIs, but the abstract does not state the hazard data source or instrument and defines treatment by household amenities.",NARRATIVE_ONLY,"Study compares informal-settlement women vs rural controls using 2SLS, but abstract reports no pre-exposure baseline, time-series, panel, or within-unit variation in climate shocks; treatment/control is defined by amenities rather than hazard exposure, so design appears cross-sectional post-exposure comparison without credible counterfactual.",ADJUDICATE_PRIORITY
427,D0023343,The mediating role of thyroid hormone in the association between heatwave exposure and depression severity,2025,Environment International,temperature,FULLTEXT_REVIEW,"Heatwaves in the two weeks before admission are associated with depression severity, but the heat source and the mixed-model temporal counterfactual across admissions are not explained.",FULLTEXT_REVIEW,"Objective heatwave exposure and depression severity outcome are eligible, and effect with CI is reported. However, abstract does not specify adjustment for temporal trends, seasonality, or confounders, so credible counterfactual is unresolved.",FULLTEXT_REVIEW
428,D0023456,"The association between hot days and substance-related suicides: a time-stratified case-crossover analysis in British Columbia, Canada",2025,Environmental Health: A Global Access Science Source,temperature,FULLTEXT_REVIEW,"The case-crossover design reports hot-day suicide effects with CIs, but the abstract does not identify the temperature data source used to classify hot days.",META_ELIGIBLE,"Time-stratified case-crossover uses objective hot-day temperature exposure and population suicide outcomes; conditional logistic regression reports OR with 95% CI (e.g., 1.19 [1.11, 1.29] for attempts), satisfying temporal counterfactual and extractable hazard effect.",FULLTEXT_REVIEW
429,D0023479,Urban heat island impacts on mental health in middle-aged and older adults,2025,Environment International,temperature,FULLTEXT_REVIEW,"Time-dependent Cox models report incident psychiatric effects of summer urban heat islands, but the abstract does not describe how UHI exposure was measured.",EXCLUDE,"The exposure is summer urban heat island (UHI) intensity, an urbanization-attributable manufactured temperature metric, not a registered naturally occurring ambient temperature hazard. Thus the study does not meet the exposure domain even though it reports HRs for eligible mental health outcomes.",ADJUDICATE_PRIORITY
430,D0023533,"The Association between Multiple Environmental Exposures and Symptoms of Generalized Anxiety Disorder in a Prospective, US-Based Cohort Study",2025,Environmental Health Perspectives,temperature,META_ELIGIBLE,"Residential spatiotemporal temperature is linked to repeated GAD-7 assessments and analyzed longitudinally with GEE, with adjusted temperature ORs and 95% CIs.",META_ELIGIBLE,"Prospective cohort with GAD symptoms measured in 2013 and 2017; temperature predicted by spatiotemporal models (objective). Longitudinal GEE reported a 12-month average temperature OR of 1.05 (95% CI 1.03-1.07) for GAD symptoms, providing an extractable hazard-specific effect.",PRIORITY_FULLTEXT
431,D0023539,"Effect of ‘losses’ and other secondary stressors on the association between flooding and psychological health outcomes: A cross-sectional study in Bongaigaon District, India",2025,Journal of Biosocial Science,flood,NARRATIVE_ONLY,A household survey conducted six to seven months after one flood compares flooded status and damage severity without a pre-event mental-health outcome.,NARRATIVE_ONLY,"Abstract explicitly describes a cross-sectional household survey 6-7 months post-flood with flooded-versus-unflooded and severity comparisons, lacking a pre-event baseline or credible quasi-experimental counterfactual.",DO_NOT_ADVANCE_MAIN_META
432,D0023556,Identifying factors associated with mental health status following climate-related disasters: a nationwide longitudinal panel study in Korea,2025,Epidemiology and Health,cyclone,NARRATIVE_ONLY,"The longitudinal victim panel analyzes reported casualties and asset loss as predictors after rainfall and typhoons, with no pre-event outcomes or changing hazard exposure.",NARRATIVE_ONLY,"Abstract reports predictors of post-disaster depression/anxiety/PTSD using a damage severity gradient and affected-unaffected comparison; no pre-event mental health measure or credible counterfactual is described, so unsuitable for causal hazard-effect estimation.",DO_NOT_ADVANCE_MAIN_META
433,D0023582,Fine Particulate Matter from 2020 California Wildfires and Mental Health-Related Emergency Department Visits,2025,JAMA Network Open,wildfire,FULLTEXT_REVIEW,"Daily lagged wildfire-specific PM2.5 is associated with diagnosis-specific ED visits with CIs, but the abstract labels the study cross-sectional and does not state how fire-specific PM2.5 was derived.",META_ELIGIBLE,"Daily ED visit counts and wildfire-specific PM2.5 over the 2020 California wildfire season; abstract reports lagged cumulative relative risks with 95% CIs, indicating a time-series analysis of objective exposure and eligible psychiatric service use outcomes.",FULLTEXT_REVIEW
434,D0023590,"The impact of different types of extreme temperature events on mental disorders: A case-crossover study in Anhui Province, China",2025,Environmental Research,temperature,META_ELIGIBLE,A geocoded case-crossover uses named meteorological datasets and reports extreme heat and cold effects on mental-disorder outpatient visits with 95% CIs.,META_ELIGIBLE,"Case-crossover study with objectively measured extreme heat/cold and outpatient mental disorder diagnoses. Reports OR 2.23 (95% CI 2.16-2.30) for heat and OR 1.95 (95% CI 1.89-2.01) for cold, with depression, anxiety, and schizophrenia outcomes.",PRIORITY_FULLTEXT
435,D0023620,Double disparities of the excess risks and costs of extreme temperatures on hospitalization between Medical Aid and non-Medical Aid populations in South Korea,2025,International Journal of Epidemiology,temperature,FULLTEXT_REVIEW,"The case-crossover DLNM estimates heat and cold admission risks, but mental-disease results are only described as a subgroup disparity without a mental-health effect estimate.",FULLTEXT_REVIEW,"Case-crossover study of temperature and ED hospitalization reports overall all-cause heat/cold effects with uncertainty. Mental disease admissions are mentioned only as a subgroup with prominent disparities, not as a mental-health-specific quantitative effect. Full text must confirm an eligible mental-health outcome estimate is extractable.",FULLTEXT_REVIEW
436,D0023695,The association between outdoor ambient temperature and depression and mania: An ecological momentary assessment study,2025,Journal of Affective Disorders,temperature,META_ELIGIBLE,"Repeated biweekly symptom assessments are linked to geolocated ambient temperature and analyzed with mixed models, with depressive and manic symptom coefficients and CIs.",META_ELIGIBLE,Original quantitative study; objective ambient temperature from smartphone geolocation; repeated EMA depressive symptoms; mixed-effects regression with coefficient and 95% CI; within-person temporal exposure variation.,PRIORITY_FULLTEXT
437,D0023731,Back-to-Back Climate shocks and the mental health crisis: A Texas-sized surge in depression and anxiety ER visits,2025,American Journal of Emergency Medicine,temperature|cyclone|drought,NARRATIVE_ONLY,Random-forest feature importance and seasonal decomposition describe predictors and patterns of monthly ED visits but do not estimate an extractable hazard effect with a credible counterfactual.,NARRATIVE_ONLY,"Abstract describes a time-series random forest feature-importance analysis of weather variables and ED visits; it reports seasonal patterns, associations, and predictors but no quantitative hazard effect with uncertainty or credible causal counterfactual. This is predictor/descriptive analysis, not an extractable hazard effect.",DO_NOT_ADVANCE_MAIN_META
438,D0023765,Individual effects and interactions between ultrafine particles and extreme temperatures on hospital admissions of high burden diseases,2025,Environment International,temperature,FULLTEXT_REVIEW,"Modeled temperature is analyzed in a case-crossover, but extreme heat results are reported only for overall high-burden diseases and nonmental subtypes, not depression.",FULLTEXT_REVIEW,"Case-crossover with objective temperature and psychiatric service-use outcome (depression hospitalizations). Abstract reports extreme heat/cold effects for overall HBD and only IHD/kidney among subtypes, not a depression-specific temperature effect with uncertainty. Full text needed for depression-specific extractable estimate.",FULLTEXT_REVIEW
439,D0023862,El Niño-driven flooding and mental health symptomology among adolescents and young adults in Peru,2025,Global Mental Health,flood,NARRATIVE_ONLY,Mental health is measured once in 2016 and compared between communities reporting floods during 2013-2016; matching does not supply a pre-flood outcome or temporal counterfactual.,NARRATIVE_ONLY,"Abstract compares 2016 mental health between communities that did or did not experience flooding 2013-2016, a single post-event affected-versus-unaffected comparison with no pre-event mental health baseline. Matching and quasi-Poisson regression do not provide a credible causal counterfactual for flood effects.",DO_NOT_ADVANCE_MAIN_META
440,D0023870,Mental health disparities among maternal populations following heatwave exposure in North Carolina (2011–2019): a matched analysis,2025,The Lancet Regional Health - Americas,temperature,FULLTEXT_REVIEW,"Heatwave periods are matched to nonheatwave periods and severe mental-illness RRs are reported, but the abstract does not identify the temperature source or heatwave construction.",META_ELIGIBLE,"Matched analysis compares ED psychiatric visits during heatwave vs matched non-heatwave periods at ZCTA level, reports RR and CI for maternal mental health outcomes. Objective heatwave exposure, eligible psychiatric service use, temporal counterfactual.",FULLTEXT_REVIEW
441,D0023885,More than a feeling: A global economic valuation of subjective wellbeing damages resulting from rising temperatures.,2025,PloS one,temperature,FULLTEXT_REVIEW,"Daily land-surface temperature is linked to repeated annual global surveys and a wellbeing change is stated, but the model's within-unit counterfactual and uncertainty are not described.",META_ELIGIBLE,"Original quantitative study uses objective daily land surface temperature and subjective wellbeing from nationally representative surveys across 160 countries over 13 years; reports significant 0.5% wellbeing loss per exceptional hot day, with temporal temperature variation.",FULLTEXT_REVIEW
442,D0023899,"Flooding, Sociospatial Risk, and Population Health",2025,Demography,flood|cyclone,FULLTEXT_REVIEW,"Predisaster and postdisaster surveys linked to inundation are analyzed with difference-in-differences, but the abstract reports significance without an effect estimate or uncertainty.",META_ELIGIBLE,"Repeated cross-sectional pre/post Hurricane Harvey surveys linked to objective flood inundation; difference-in-differences models estimate flood effects on psychological distress and unhealthy mental health days, reporting significant adjusted effects.",FULLTEXT_REVIEW
443,D0023903,Impact of heat exposure on health outcomes among older adults in India: an analysis across ten states.,2025,International journal of environmental health research,temperature,NARRATIVE_ONLY,Only LASI Wave I outcomes are matched to NOAA heat exposure; propensity matching and ordered probit do not provide a pre-exposure outcome or within-person temporal contrast.,NARRATIVE_ONLY,"Uses LASI-Wave I only, a single cross-sectional survey with NOAA climate data and PSM/ordered probit; no temporal or pre-post exposure variation or credible counterfactual, so association is cross-sectional.",DO_NOT_ADVANCE_MAIN_META
444,D0023906,Association of ambient temperatures with suicide attempts and violence with the future projections under climate change scenarios: a nationwide time-stratified case-crossover study in South Korea,2025,BMC public health,temperature,FULLTEXT_REVIEW,"The historical component is a nationwide time-stratified case-crossover of temperature and suicide attempts, but only attributable percentages without uncertainty are reported.",FULLTEXT_REVIEW,"Time-stratified case-crossover uses objective outdoor temperature and includes suicide attempts, an eligible mental health outcome. However, abstract reports attributable fractions and positive associations without explicit uncertainty/CI for the temperature-suicide attempt effect, so quantitative extractability is not fully resolved.",FULLTEXT_REVIEW
445,D0023943,Temperature Exposure and Psychiatric Symptoms in Adolescents From 2 European Birth Cohorts,2025,JAMA Network Open,temperature,NARRATIVE_ONLY,Modeled temperatures before one adolescent outcome assessment are compared across participants; the birth-cohort setting does not supply a repeated outcome or pre-exposure mental-health baseline.,NARRATIVE_ONLY,"CBCL internalizing/externalizing/attention outcomes were measured at a single adolescent assessment per participant with no pre-exposure mental-health baseline or within-unit outcome variation, so the DLNM associations lack a credible counterfactual despite objective residence-based temperature exposure.",DO_NOT_ADVANCE_MAIN_META
446,D0024000,Neighborhood Disadvantage and the Association of Hurricanes Sandy and Harvey With Veterans' Mental Health,2025,JAMA Network Open,cyclone|flood,NARRATIVE_ONLY,"Veterans in hurricane-affected regions are followed for subsequent visits and compared by flooding or assistance status, but no pre-event outcome trend or credible before-after control is analyzed.",FULLTEXT_REVIEW,"Retrospective cohort uses FEMA-defined hurricane exposure and VHA acute mental health visits, but abstract does not specify whether Cox models used within-person pre/post exposure variation or only post-event flooded/assistance gradients. Exact overall hurricane HR and CIs are not reported, only subgroups.",ADJUDICATE_PRIORITY
447,D0024057,"Use of emergency services in response to a flood: an account of the aftermath of the May 2023 flood in Romagna, Italy",2025,Emergency Medicine Journal,flood,NARRATIVE_ONLY,"Flood-affected and unaffected areas are compared only during 14 post-flood weeks, without pre-event ED outcomes or a temporal counterfactual.",NARRATIVE_ONLY,Retrospective cohort comparing ED mental-health visits in flood-affected vs non-affected areas over 14 weeks post-flood. No pre-flood baseline or within-unit temporal exposure variation; affected/unaffected post-event comparison alone is not a credible counterfactual. Reports OR 1.40 (95% CI 1.17-1.75) for mental health ED visits but design unsuitable for causal meta-analysis.,DO_NOT_ADVANCE_MAIN_META
448,D0024084,Heatwave-related variations in psychiatric consultations and admissions: a time-series analysis.,2026,Frontiers in psychiatry,temperature,FULLTEXT_REVIEW,"Agency meteorology and daily psychiatric service counts are modeled with ARIMA, but exposure evidence is limited to improved model fit and no heatwave effect or uncertainty is reported.",FULLTEXT_REVIEW,"Original time-series ARIMA with objective meteorological heatwave exposure and eligible psychiatric service use, but abstract does not report a quantitative heatwave effect with uncertainty; only model fit/AIC improvements are described.",FULLTEXT_REVIEW
449,D0024105,"Changes in susceptibility to heat on suicide mortality within summer in Japan, 1973–2020: A two-stage time-series analysis",2026,Psychiatry Research,temperature,META_ELIGIBLE,Prefecture-specific daily distributed-lag time-series models estimate temperature-suicide effects over 1973-2020 and report pooled RRs with 95% CIs.,META_ELIGIBLE,"Two-stage time-series analysis using daily maximum, mean, and minimum temperatures (objective) and 383,115 suicide deaths; DLNM plus meta-regression yields RRs with CIs for heat versus minimum temperature, satisfying the target.",PRIORITY_FULLTEXT
450,D0024106,Latent transition of posttraumatic reactions' co-existent patterns in adolescents following a devastating flood: A longitudinal study.,2026,Journal of health psychology,flood,NARRATIVE_ONLY,"Adolescents are enrolled after one flood and followed for two post-event waves to model symptom-pattern transitions, without pre-event outcomes or hazard variation.",NARRATIVE_ONLY,"Two-wave assessments following a devastating flood with no pre-event baseline, unexposed comparison, or flood exposure variation; latent transition analysis of posttraumatic patterns cannot estimate a flood effect.",DO_NOT_ADVANCE_MAIN_META
451,D0024153,Heat-Related Mental Health Hospitalizations in Italy:A Global Sensitivity Analysis Approach to Evaluate Generalized Additive Model Assumptions,2026,Risk analysis : an official publication of the Society for Risk Analysis,temperature,FULLTEXT_REVIEW,"A multicity DLNM-GAM time series relates daily high temperature to mental-health hospitalizations, but only approximate risk values and qualitative uncertainty comparisons are reported.",FULLTEXT_REVIEW,"Abstract supports an original time-series DLNM-GAM analysis of high temperatures and psychiatric hospitalizations in 21 Italian cities, with RR close to 2 and uncertainty. However, it never states how temperature exposure was measured, so objective/externally verifiable exposure is not confirmed. Full text must establish objective meteorological exposure and extractable adjusted estimates.",FULLTEXT_REVIEW
452,D0024163,The Lethal Connection: Investigating the Relationship of Drought Conditions on Firearm and Nonfirearm Suicides Among U.S. Adults.,2026,GeoHealth,drought,META_ELIGIBLE,"County-month drought is measured with the Evaporative Demand Drought Index and modeled against national suicide mortality, with IRRs, risk differences, and 95% CIs.",META_ELIGIBLE,"Uses objective Evaporative Demand Drought Index and suicide mortality over county-months 2000-2018. GAMs estimate IRRs and ARDs with 95% CIs for worsening/improving drought, indicating temporal exposure variation and extractable quantitative effects.",PRIORITY_FULLTEXT
453,D0024211,Temporal dynamics of teen crisis help-seeking following hurricanes: A structural topic model analysis.,2026,PLOS digital health,cyclone,NARRATIVE_ONLY,"Crisis texts are assigned to post-landfall periods and topic proportions are described without pre-hurricane call outcomes, an unexposed control, or a quantitative hurricane effect.",NARRATIVE_ONLY,"STM of crisis text topics describes topic proportions across time since hurricane landfall; no causal hazard effect or credible counterfactual is reported, only descriptive temporal trajectories.",DO_NOT_ADVANCE_MAIN_META
454,D0024218,"Warm season hourly temperature and psychiatric emergencies: A case-crossover study of a vulnerable population in Boston, 2005-2019.",2026,"Environmental epidemiology (Philadelphia, Pa.)",temperature,META_ELIGIBLE,A time-stratified case-crossover links 1-km hourly ambient temperature to psychiatric ED visits and reports cumulative and sustained-heat risk estimates with CIs.,META_ELIGIBLE,"Time-stratified case-crossover study using objectively estimated hourly ambient temperature and psychiatric ED visits; reports cumulative heat effect with 95% CI (e.g., 1.13-fold at 99th percentile), satisfying causal design and extractable quantitative estimate.",PRIORITY_FULLTEXT
455,D0024219,Heat Exposure and Hospital Admissions for Mental Health Disorders in a Changing Climate,2026,Journal of the American Academy of Child and Adolescent Psychiatry,temperature,META_ELIGIBLE,The empirical component uses daily temperature in a case-crossover distributed-lag design and reports diagnosis-specific mental-health admission RRs with 95% CIs before projecting future burden.,META_ELIGIBLE,Case-crossover time-series of hospital admissions for mental health disorders using daily ambient temperature; conditional logistic regression with lag-distributed non-linear models reports RR with 95% CI for high temperature versus MMT.,PRIORITY_FULLTEXT
456,D0024227,Feasibility of Integrating Wearable Devices and Ecological Momentary Assessment for Real-Time Environmental Exposure Estimation: Proof-of-Concept Study.,2026,JMIR formative research,temperature,FULLTEXT_REVIEW,"Repeated EMA emotion reports are linked by GPS to temperature from monitors, satellites, and climate models, but the abstract does not provide the exploratory temperature-affect result or uncertainty.",FULLTEXT_REVIEW,"Pilot proof-of-concept with N=7; GPS-linked objective ambient temperature and EMA emotional states. Abstract reports feasibility targets and exploratory bivariate associations only; no quantitative temperature effect with uncertainty or within-person analytic strategy/counterfactual, so full text needed.",FULLTEXT_REVIEW
457,D0024244,Impact of meteorological factors on suicide risk: Insights from a generalized additive model analysis,2026,Acta Psychologica,temperature,META_ELIGIBLE,"Official daily meteorology is linked to registered suicides and analyzed with lagged GAMs, with a DTR suicide effect and 95% CI.",META_ELIGIBLE,"Daily suicide counts and objective meteorological DTR over 2016-2022 analyzed with GAM time-series; reports per 1°C DTR cumulative 3.24% (95% CI 1.19-5.33) increase, satisfying objective temperature hazard, eligible suicide outcome, temporal counterfactual, and extractable effect.",PRIORITY_FULLTEXT
458,D0024294,Short-term effects of heat and air pollutants on ten acute health events: evidence from a multi-exposure case-crossover analysis in Wisconsin,2026,International Journal of Environmental Health Research,temperature,FULLTEXT_REVIEW,"A disjoint time-stratified case-crossover estimates heat-index effects, but the abstract reports a mental-health estimate only for NO2 and no heat-index effect for mental-health events.",FULLTEXT_REVIEW,"Case-crossover study uses objective heat index and includes mental health events among ten acute outcomes, but abstract only reports NO2 effect on mental health (RR≈1.18), not a heat index-specific effect for mental health. Full text needed to extract hazard effect and uncertainty.",FULLTEXT_REVIEW
459,D0024344,Emergency Department Burden of Mental Health and Substance Misuse After Hurricane Helene: Insights From Rural Appalachia,2026,American journal of public health,cyclone,META_ELIGIBLE,"Post-hurricane recovery periods are compared with matched calendar dates in the prior year, and anxiety and other diagnosis-specific ED changes are reported as IRRs with CIs.",META_ELIGIBLE,"Original ED surveillance study comparing post-Hurricane Helene periods to same calendar periods in 2023, reporting IRRs with 95% CIs for anxiety and other mental health visits; temporal pre/post counterfactual and extractable effect.",PRIORITY_FULLTEXT
460,D0024390,"Extreme Ambient Temperature and Differential Risk of Mental Disorder-Related Emergency Department Visit by Disorder, Sex and Age: A Case-Time Series Analysis in Korea",2026,Journal of Korean medical science,temperature,META_ELIGIBLE,A national case-time-series estimates lagged extreme-temperature effects on diagnosis-specific mental-disorder ED visits and reports RRs with 95% CIs.,META_ELIGIBLE,"Case-time series analysis of national ED visits using ambient temperature at extreme percentiles reports RR with CI for anxiety and other mental disorder visits. Satisfies objective temperature exposure, temporal design, and eligible psychiatric service use outcome.",PRIORITY_FULLTEXT
461,D0024401,Modification of temperature-morbidity associations by social determinants of health,2026,medRxiv,temperature,FULLTEXT_REVIEW,"A time-stratified case-crossover uses ZIP-specific temperature changes, but mental-health risk among people living alone is mentioned without its effect estimate or uncertainty.",FULLTEXT_REVIEW,"Temperature case-crossover with objective ZIP-code exposure is eligible in design, but abstract reports only a qualitative 'increased mental health risks among those living alone' and gives quantitative ORs only for kidney injury; mental-health-specific effect/uncertainty is not shown.",FULLTEXT_REVIEW
462,D0024414,"impact of flood on maternal health in rural Hyderabad, Pakistan: A mixed-methods study",2026,African journal of reproductive health,flood,NARRATIVE_ONLY,"Facility outcomes have pre-post data, but the reported stress analysis is a post-flood between-group survey with no pre-flood psychological outcome or clearly defined objective exposure contrast.",NARRATIVE_ONLY,"Stress outcome comes from post-flood survey comparing flood-exposed women with no pre-flood mental health measure; pre/post facility records cover maternity services, not stress. Single post-event comparison cannot establish causal effect.",DO_NOT_ADVANCE_MAIN_META
463,D0024528,"Housing displacement, employment disruption, and mental health after the 2023 maui wildfires",2026,JAMA Psychiatry,wildfire,NARRATIVE_ONLY,"Official burn perimeters improve exposure classification, but mental health is measured once after the fire in a propensity-weighted exposed/unexposed comparison without a pre-event outcome.",NARRATIVE_ONLY,"Abstract explicitly states a multiarm, propensity-weighted cross-sectional study comparing adults in burn zones, outside burn zones, and unexposed counties after the 2023 Maui wildfires. This is a single post-event exposed/unexposed comparison with no pre-event baseline or temporal counterfactual, so not credible for causal meta-analysis.",DO_NOT_ADVANCE_MAIN_META
464,D0024538,Within-summer variation in the heat-related emergency department visits among older adults in South Korea: a population-based case-crossover study,2026,The Lancet Regional Health - Western Pacific,temperature,FULLTEXT_REVIEW,"A nationwide two-stage temperature time series reports overall heat RRs, while mental-disorder ED results are described only as within-summer variation without a diagnosis-specific estimate.",FULLTEXT_REVIEW,"Abstract reports all-cause ED visits with temperature RR and CI; mental disorders-related ED visits are mentioned only as a subgroup for within-summer variation. No mental-health-specific hazard effect or uncertainty is reported, so full text needed.",FULLTEXT_REVIEW
465,D0024545,Mental health impacts of climate-related hazards among farmers: evidence from a community-based study,2026,Journal of Occupational Medicine and Toxicology,flood|drought,NARRATIVE_ONLY,"Five-year disaster records classify areas, but depression, anxiety, and stress are measured in one farmer survey with no pre-event outcome or within-unit hazard variation.",NARRATIVE_ONLY,Abstract states a community-based cross-sectional survey of 346 farmers. Compares high vs low climate-hazard exposure areas and flood frequency with DASS-21 outcomes; aORs are cross-sectional associations with no pre-exposure baseline or credible counterfactual.,DO_NOT_ADVANCE_MAIN_META
466,D0024569,"[Association between temperature, duration of sunshine and suicidal mortality in Germany (2015-2023)].",2026,Der Nervenarzt,temperature,NARRATIVE_ONLY,"Official monthly temperature and suicide counts are assessed with simple concurrent correlations; the abstract explicitly describes the findings as exploratory and noncausal, without seasonal counterfactual modeling.",NARRATIVE_ONLY,The abstract reports only concurrent correlations between monthly temperature/sunshine and suicide counts and explicitly states findings do not establish causality; no credible counterfactual or adjusted effect estimate is provided.,DO_NOT_ADVANCE_MAIN_META
467,D0024574,Independent and interactive effects of wet bulb globe temperature and air pollution exposures on suicide mortality,2026,Environment International,temperature,META_ELIGIBLE,"ECMWF WBGT is residentially linked to suicide deaths in a case-crossover design, with independent heat effects and 95% CIs across lag windows.",META_ELIGIBLE,"Case-crossover study of 7,551 suicide cases assigns objective daily max WBGT from ECMWF; reports OR 1.05 (95% CI 1.01-1.10) per 5°C for suicide, satisfying eligible hazard, outcome, design, and extractable effect.",PRIORITY_FULLTEXT
468,D0024576,The association between extreme weather events and depression risk in postmenopausal women: cross-sectional and longitudinal evidence from the China Health and Retirement Longitudinal Study (CHARLS),2026,Menopause,temperature|drought,NARRATIVE_ONLY,Incident depression is related to weather indicators fixed at the 2011 baseline; the abstract does not describe changing exposure or a pre-post hazard event within participants.,NARRATIVE_ONLY,Cross-sectional GLM and longitudinal Cox with only baseline 2011 exposure predicting incident depression provide no within-unit temporal exposure variation or credible quasi-experimental counterfactual. Objective exposure source not explicitly stated. Quantitative OR/HR reported but causal design unsuitable.,DO_NOT_ADVANCE_MAIN_META
469,D0024586,"Correlation between heat exposure and perinatal depression - A spatial case-crossover study from Bangladesh, Lesotho, Mozambique, and Nepal",2026,Science of the Total Environment,temperature,META_ELIGIBLE,"NASA temperature is spatially linked to DHS depression data in a stated time-stratified case-crossover DLNM, with country-specific cumulative odds and uncertainty intervals.",META_ELIGIBLE,"Time-stratified case-crossover uses NASA temperature, PHQ-9 perinatal depression, and DLNM reporting cumulative ORs with 95% CIs for temperature percentiles.",PRIORITY_FULLTEXT
470,D0024664,"Separate and combined associations of heatwaves, air pollution, green spaces, and blue spaces with depressive symptoms: a national cohort study.",2026,Archives of public health = Archives belges de sante publique,temperature,FULLTEXT_REVIEW,"Five waves relate prior-year heatwaves to depressive-symptom onset, but the abstract omits the temperature data source, analytic model details, and numerical effects with uncertainty.",FULLTEXT_REVIEW,"Longitudinal cohort with heatwave exposure and depressive symptoms outcomes suggests eligibility, but abstract lacks numeric effect estimates/uncertainty and does not explicitly state extractable adjusted effect.",FULLTEXT_REVIEW
471,D0024687,Temperature extremes contribute to suicide-related help-seeking through multiple pathways: Evidence from crisis hotline data (2019–2023),2026,Plos Mental Health,temperature,META_ELIGIBLE,Distributed-lag models estimate nighttime-temperature effects on daily suicide-related hotline assessments and report percentile-specific prevalence ratios with 95% CIs.,META_ELIGIBLE,"Time-series of crisis hotline calls using distributed lag nonlinear models with minimum temperature extremes; reports PRs and 95% CIs for suicide-related help-seeking, an eligible psychiatric service use/suicidality outcome.",PRIORITY_FULLTEXT
472,D0024700,Quantifying the spatiotemporal associations of flooding on mental health using telehealth call data.,2026,International journal of environmental health research,flood,FULLTEXT_REVIEW,"Flood-risk and event geography are analyzed with interrupted time series and daily mental-health calls, but no flood effect estimate or uncertainty appears in the abstract.",FULLTEXT_REVIEW,"Interrupted time series of daily mental health calls vs flood risk/2015-16 floods is plausible, with eligible service-use outcome and objective flood exposure; but abstract reports only elevated IRR without numeric estimate or uncertainty and does not explicitly confirm pre-flood baseline or adjustment details.",FULLTEXT_REVIEW
473,D0024756,Ambient temperature and the variability between neighbouring days impacts in-patient hospitalizations in the United Kingdom.,2026,Communications medicine,temperature,FULLTEXT_REVIEW,"Gridded temperature is linked to daily admissions and a mental-disorder OR with CI is reported, but the abstract omits the analytic design and temporal control specification.",META_ELIGIBLE,"Daily hospital admissions linked to UK Biobank with ambient temperature at 1x1 km; reports mental disorders hospitalization OR 1.08 (95% CI 1.00-1.16) during cold season using lagged daily temperature, indicating temporal exposure variation and extractable effect.",FULLTEXT_REVIEW
474,D0024790,Longitudinal effects of bushfire harm on adolescent mental health,2026,Australian and New Zealand Journal of Psychiatry,wildfire,NARRATIVE_ONLY,"Bushfire harm is participant-reported, recruitment overlaps and follows the fire period, and the 24-month comparison lacks a clearly pre-fire outcome baseline tied to objective exposure.",NARRATIVE_ONLY,"Exposure is self-reported bushfire harm ('167 participants reported bushfire harm'), not objectively measured/verifiable; compares harmed vs unexposed peers without credible counterfactual. Thus ineligible for causal meta-analysis.",DO_NOT_ADVANCE_MAIN_META
475,D0024793,"Mental health burdens, typhoon and structural health inequities: evidence from a global perspective",2026,Global health action,cyclone,FULLTEXT_REVIEW,"Multinational panel and year-on-year models may use temporal typhoon variation, but the abstract gives no hazard source, exact counterfactual specification, or quantitative effect with uncertainty.",FULLTEXT_REVIEW,"Multinational panel study evaluates typhoon exposure on mental disorder prevalence/incidence/DALYs using year-on-year difference models, but abstract reports only directional associations without effect sizes or uncertainty. Full text must confirm objective exposure source, baseline/counterfactual, and extractable quantitative hazard-specific estimates.",FULLTEXT_REVIEW
476,D0024804,"Urban Exposures, Frailty, and Mental Illness in World Trade Center Health Program Responders",2026,medRxiv,temperature,FULLTEXT_REVIEW,"Repeated PTSD and depression scores are related to annual temperature, but the exposure source is absent and reported effects concern the combined environmental mixture rather than a temperature-specific estimate.",FULLTEXT_REVIEW,"Prospective cohort with annual temperature and repeated PTSD/depression measures is plausible, but the abstract reports only exposure-mixture effect sizes; temperature-specific coefficients and uncertainty, and within-person counterfactual, are not specified. Full text must confirm hazard-specific extractable effects.",FULLTEXT_REVIEW
477,D0024811,Associations between wildfire smoke exposure and health-related quality of life: findings from the Lovelace Smokers Cohort,2026,Respiratory Research,wildfire,NARRATIVE_ONLY,"Wildfire-smoke windows before a single questionnaire are associated with SF-36 mental-health scores, without a repeated pre-smoke outcome or within-person temporal counterfactual.",FULLTEXT_REVIEW,"Abstract supports objectively modeled wildfire smoke PM2.5/BC exposure and SF-36 mental health component, but does not establish whether participants had repeated outcome measures, pre-exposure baseline, or within-unit temporal variation versus cross-sectional exposure contrasts. Effect estimates and uncertainty are not shown in the abstract.",ADJUDICATE_PRIORITY
478,D0024837,Daytime and nighttime heatwave intensity and acute care utilization for mental and neurological disorders in California,2026,Environmental Research Health,temperature,FULLTEXT_REVIEW,"A time-stratified case-crossover estimates daytime and nighttime heatwave effects on mental-health care, but only comparative statements and attributable fractions without uncertainty are reported.",FULLTEXT_REVIEW,"Time-stratified case-crossover with objective heatwave indices and acute care utilization for mental disorders is eligible, but the abstract gives only comparative P-values and attributable fractions without exact effect sizes and confidence intervals, so quantitative hazard effect with uncertainty cannot be confirmed.",FULLTEXT_REVIEW
479,D0024965,Psychological distress and somatic symptoms after natural disaster: Differential vulnerability among older adults,1990,Psychology and Aging,flood,FULLTEXT_REVIEW,"The panel has pre-flood and post-flood symptom measures and reports flood-related increases, but the abstract does not state how individual flood exposure was measured or provide effect uncertainty.",FULLTEXT_REVIEW,"Panel study with pre-flood baseline and post-flood outcomes supports a longitudinal pre/post design and eligible depressive/anxiety outcomes, but the abstract reports only that flood exposure was 'related to increases' without numeric estimates or uncertainty, so effect extractability is unresolved.",FULLTEXT_REVIEW
480,D0024999,An Australian disaster: The 1983 bushfires,1990,International Journal of Mental Health,wildfire,NARRATIVE_ONLY,"The paper discusses post-fire patients and a longitudinal group of highly exposed volunteer firefighters, but no pre-fire outcome, unexposed temporal control, or hazard effect is described.",NARRATIVE_ONLY,"Abstract describes frequency, etiology, and natural history of PTSD in 469 intensely exposed firefighters after 1983 bushfires; no pre-event baseline, comparison group, or quantitative hazard effect with uncertainty is reported. Topic relevant but design unsuitable for causal meta-analysis.",DO_NOT_ADVANCE_MAIN_META
481,D0025020,Buffalo Creek Survivors in the Second Decade: Comparison with Unexposed and Nonlitigant Groups,1990,Journal of Applied Social Psychology,flood,NARRATIVE_ONLY,"Survivors are compared with a nonexposed sample in the second decade after the flood, with no pre-flood mental-health outcome or quasi-experimental temporal contrast.",NARRATIVE_ONLY,Post-event comparison of flood survivors vs nonexposed sample with no pre-event baseline or temporal variation. Abstract reports higher anxiety/depression in survivors but no quantitative effect; exposed/unexposed single post-event comparison is unsuitable for causal meta-analysis.,DO_NOT_ADVANCE_MAIN_META
482,D0025319,A test of the social support deterioration model in the context of natural disaster,1993,Journal of Personality and Social Psychology,flood,FULLTEXT_REVIEW,"The statewide panel was interviewed before and twice after a severe flood, but the abstract does not specify objective individual exposure measurement or provide the flood-depression effect and uncertainty.",FULLTEXT_REVIEW,"Prospective longitudinal pre/post flood study measuring depression, but abstract does not state how disaster exposure/stress was measured (objective vs self-report) and gives no quantitative hazard effect estimate.",FULLTEXT_REVIEW
483,D0025857,Received and perceived social support in times of stress: A test of the social support deterioration deterrence model,1996,Journal of Personality and Social Psychology,cyclone,NARRATIVE_ONLY,"Both hurricane samples are first assessed months after exposure and model reported disaster scope and support as predictors of distress, without pre-event outcomes.",NARRATIVE_ONLY,"Only two postdisaster waves (12/24 months after Hugo, 6/28 after Andrew) in disaster victims; no predisaster baseline or unaffected comparison. Abstract tests social support mediation, not a hazard effect with a credible counterfactual.",DO_NOT_ADVANCE_MAIN_META
484,D0025982,"Distress, elevated cortisol, cognitive deficits, and illness following a natural disaster",1997,Journal of Environmental Psychology,cyclone,NARRATIVE_ONLY,"Students at harmed, threatened, and remote campuses are measured only 36-120 days after the hurricane; there is no pre-event distress outcome.",NARRATIVE_ONLY,"Post-hurricane cross-sectional comparison of harmed, threatened, and remote students assessed only 36-120 days after the event. No pre-event baseline or credible counterfactual; affected-versus-unaffected gradient alone cannot support causal inference. Psychological distress was measured, but no extractable causal hazard effect.",DO_NOT_ADVANCE_MAIN_META
485,D0026165,Children's predisaster functioning as a predictor of posttraumatic stress following Hurricane Andrew,1998,Journal of Consulting and Clinical Psychology,cyclone,NARRATIVE_ONLY,"Children have pre- and post-hurricane outcomes, but the hazard contrast is based on their reported hurricane experiences with no external exposure linkage described.",NARRATIVE_ONLY,"Exposure is measured via children's self-reported hurricane-related experiences, not objective or externally verifiable variation; PTS outcomes are only post-event and no credible unexposed counterfactual is described.",DO_NOT_ADVANCE_MAIN_META
486,D0026833,The effects of an acute stressor on depressive symptoms among older adults: The moderating effects of social support and age,2000,Research on Aging,flood,NARRATIVE_ONLY,"Pre- and post-flood depression are available, but the focal hazard variables are reported flood exposure and loss, with no objective flood linkage described.",FULLTEXT_REVIEW,"Abstract reports pre/post flood depression with prior depression control, but flood exposure source is undescribed (possibly self-reported flood loss), so objective/verifiable measurement cannot be confirmed. No effect size or uncertainty reported.",ADJUDICATE_PRIORITY
487,D0026957,Symptoms of acute stress disorder and posttraumatic stress disorder following exposure to disastrous flooding,2001,Journal of Trauma and Dissociation,flood,NARRATIVE_ONLY,Flood survivors are first surveyed one to three months after the event and followed at one year; reported threat and loss predict symptoms without a pre-flood outcome.,NARRATIVE_ONLY,"Self-reported flood-related threat/loss exposure; exposed-only follow-up with initial survey 1-3 months post-flood and no pre-event baseline, no comparison group.",DO_NOT_ADVANCE_MAIN_META
488,D0027673,Psychosocial correlates of wildfire disaster: Post disaster adult reactions,2003,Fire Technology,wildfire,NARRATIVE_ONLY,Victims and matched nonvictims are assessed once 1.5 months after the wildfire; there is no pre-fire mental-health baseline or temporal counterfactual.,NARRATIVE_ONLY,"Single post-disaster cross-sectional comparison of wildfire victims versus matched non-victims at 1.5 months post-fire; no pre-event outcome or credible counterfactual, and only significant symptom differences are reported without quantitative effect estimates or uncertainty.",DO_NOT_ADVANCE_MAIN_META
489,D0028557,Climate and happiness,2005,Ecological Economics,temperature,NARRATIVE_ONLY,Country-level happiness differences are related to largely climatic means and extremes; the abstract does not describe within-country temporal hazard variation or a credible event counterfactual.,FULLTEXT_REVIEW,"Panel of 67 countries links objective temperature/precipitation to self-reported happiness, an eligible wellbeing outcome, but abstract does not confirm country fixed effects or within-unit temporal identification, and no effect size/uncertainty is given; full text needed to establish credible counterfactual and extractable temperature-specific estimates.",ADJUDICATE_PRIORITY
490,D0028892,Short communication: Prospective evidence for a reciprocal relationship between sense of control and depressive symptoms following a flood,2006,Stress and Health: Journal of the International Society for the Investigation of Stress,flood,FULLTEXT_REVIEW,"Prospective pre-flood data and change in depression support temporal identification, but the abstract does not state how flood exposure was verified or report an effect with uncertainty.",FULLTEXT_REVIEW,"Prospective cohort with pre-flood baseline and depressive symptoms, but abstract does not specify whether flood exposure was objectively verified and provides no hazard effect estimate or uncertainty; path analysis suggests reciprocal associations but lacks extractable flood-specific coefficient.",FULLTEXT_REVIEW
491,D0029057,"Psychological aspects of moulds: concerning extreme cases, inundation in the Somme valley",2006,Revue Francaise d'Allergologie et d'Immunologie Clinique,flood,NARRATIVE_ONLY,"Evacuated, inundated, and unharmed residents are assessed in one post-flood cross-sectional study, without pre-event mental-health outcomes.",NARRATIVE_ONLY,"Cross-sectional post-flood study comparing evacuated, inundated, and unharmed groups; no pre-event baseline or credible counterfactual. Reports differences in stress, anxiety, insomnia, and depression but not a causal hazard effect.",DO_NOT_ADVANCE_MAIN_META
492,D0029552,"Cold summer weather, constrained restoration, and the use of antidepressants in Sweden",2007,Journal of Environmental Psychology,temperature,FULLTEXT_REVIEW,"National monthly SSRI dispensing and mean temperature are analyzed with ARIMA controlling trends and seasonality, but no temperature effect estimate or uncertainty is reported.",FULLTEXT_REVIEW,"Time-series ARIMA study of objective monthly temperature and SSRI dispensing. Abstract reports a negative association net of trends, seasonality, and controls, but no numeric effect estimate or uncertainty, so full text is needed to confirm extractable adjusted effects.",FULLTEXT_REVIEW
493,D0029678,A Thai community's anniversary reaction to a major catastrophe,2007,Stress and Health: Journal of the International Society for the Investigation of Stress,flood,NARRATIVE_ONLY,"Residents in flood-severity areas are repeatedly assessed only after the disaster, describing symptom decline and anniversary response without a pre-event outcome or new hazard variation.",NARRATIVE_ONLY,"Longitudinal post-flood study with five waves over 12 months in four differently affected areas. No pre-flood baseline; area severity gradient and symptom score trajectories are descriptive, not a credible causal flood effect estimate.",DO_NOT_ADVANCE_MAIN_META
494,D0030595,Natural disasters and the oldest-old: A psychological perspective on coping and health in late life,2009,"Lifespan perspectives on natural disasters: Coping with Katrina, Rita, and other storms",cyclone,EXCLUDE,"This book chapter reviews aging, resilience, and coping and presents selected data from an existing study rather than a clearly reported original quantitative hazard-effect analysis.",FULLTEXT_REVIEW,"Pre/post hurricane assessments of self-reported health and well-being suggest a possible longitudinal natural experiment, but the abstract reports only comparable results without a quantitative hazard effect or uncertainty.",ADJUDICATE_PRIORITY
495,D0030670,Hurricane Katrina’s impact on the Mississippi Gulf Coast: General self-efficacy’s relationship to PTSD prevalence and severity,2009,Psychological Services,cyclone,NARRATIVE_ONLY,"A survivor survey relates reported hurricane impact and self-efficacy to PTSD after Katrina, with no pre-hurricane outcome or external individual exposure linkage.",NARRATIVE_ONLY,"Single-wave post-event survey of Hurricane Katrina survivors; hurricane impact is self-reported or post-hoc, with no pre-event baseline or unaffected comparator. Only correlations/regressions among survivors, so unsuitable for causal hazard effect extraction.",DO_NOT_ADVANCE_MAIN_META
496,D0030991,Valuing flood disasters using the life satisfaction approach,2009,Journal of Public Economics,flood,FULLTEXT_REVIEW,"Cross-sectional and time-series data across countries yield a flood effect on life satisfaction, but the abstract does not identify flood data, fixed effects, temporal contrast, or uncertainty.",FULLTEXT_REVIEW,"Life satisfaction is an eligible outcome and flood is a registered hazard; abstract uses combined cross-section and time-series data but does not specify fixed effects, pre-exposure baseline, or other credible counterfactual, and reports no numerical effect or uncertainty.",FULLTEXT_REVIEW
497,D0030992,Quantifying the costs of drought: New evidence from life satisfaction data,2009,Journal of Population Economics,drought,FULLTEXT_REVIEW,"Rainfall-defined drought is matched to individual life satisfaction and analyzed with fixed effects, but the abstract reports only an income-equivalent effect without statistical uncertainty.",META_ELIGIBLE,"Rainfall-matched drought exposure is objective and life satisfaction is an eligible wellbeing outcome. Fixed-effect models provide within-unit temporal counterfactual, and the abstract reports a quantitative drought effect (A$18,000 equivalent) that is extractable.",FULLTEXT_REVIEW
498,D0032089,Valuing the Welfare Cost of Forest Fires: a Life Satisfaction Approach,2011,Kyklos,wildfire,FULLTEXT_REVIEW,"Regional fire incidence and extent are linked to life satisfaction and instrumented with precipitation, but the abstract reports monetary valuations without uncertainty for the welfare effect.",FULLTEXT_REVIEW,"Plausible quasi-experimental IV study linking regional forest fires to life satisfaction; exposure objective and outcome eligible. Abstract lacks uncertainty metrics for fire effects and does not fully describe panel/temporal counterfactual, so meta-eligibility requires full text verification.",FULLTEXT_REVIEW
499,D0032400,"Stability, change, and the stability of change in daily workplace affect",2011,Journal of Organizational Behavior,cyclone,EXCLUDE,"The primary study concerns workplace affect dynamics and affect spin; the hurricane is an incidental interruption, and no hurricane effect on affect is reported.",FULLTEXT_REVIEW,"Daily affect is an eligible subjective wellbeing/affect outcome and the hurricane is an objective event interrupting a 21-day diary, suggesting possible longitudinal pre/post exposure. However, the abstract reports no hurricane-specific quantitative effect size or uncertainty, so effect extractability is unresolved.",ADJUDICATE_PRIORITY
500,D0032410,The influence of the weather on affective experience: An experience sampling study,2011,Journal of Individual Differences,temperature,FULLTEXT_REVIEW,"Repeated momentary affect is linked to hourly weather-station temperature and analyzed with multilevel models, but no temperature effect estimate or uncertainty is given.",FULLTEXT_REVIEW,"Objective hourly temperature from a weather station and repeated momentary affect measures over 14 days support a repeated-measures panel design with an eligible affect outcome. However, the abstract reports only direction (weak relation) without a quantitative estimate or uncertainty, so full text is needed for an extractable hazard effect.",FULLTEXT_REVIEW
501,D0033219,Trustworthiness processing and psychobiological responses to natural disaster-induced distress in adolescents,2012,"Journal of Aggression, Maltreatment & Trauma",cyclone,NARRATIVE_ONLY,Hurricane-affected adolescents were compared with matched controls only after Katrina; no pre-event outcome or quasi-experimental counterfactual is described.,NARRATIVE_ONLY,"Abstract reports a single post-event comparison of Hurricane Katrina-exposed adolescents to matched controls, with no pre-event baseline or credible temporal counterfactual. This exposed/unexposed post-event design is unsuitable for causal meta-analysis.",DO_NOT_ADVANCE_MAIN_META
502,D0033399,"The impact of extreme heat on morbidity in Milwaukee, Wisconsin",2012,Climatic Change,temperature,FULLTEXT_REVIEW,"Meteorological and hospital data were modeled over 1989-2005, and self-harm admissions were heat-sensitive, but the abstract gives no self-harm-specific estimate with uncertainty.",META_ELIGIBLE,"Time-series GAM of daily hospital admissions 1989-2005 with objective meteorological temperature; self-harm admissions explicitly among causes affected and percent increase per degree above threshold was quantified, so an adjusted mental-health effect is extractable.",FULLTEXT_REVIEW
503,D0034270,Has the suicide rate risen with the 2011 Queensland floods?,2013,Journal of Loss and Trauma,flood,FULLTEXT_REVIEW,"Suicides in two flood-affected locations were compared for six post-flood months against 11 prior years, but no quantitative flood effect or uncertainty is reported.",FULLTEXT_REVIEW,"Abstract compares post-flood suicide rates to an 11-year pre-flood baseline in two affected areas, supporting a human quantitative flood-suicide study, but reports only 'no significant increase' without numeric rates, effect size, or uncertainty; full text needed to extract a quantitative estimate.",FULLTEXT_REVIEW
504,D0034422,"Associations between air temperature and daily suicide counts in Astana, Kazakhstan",2013,Medicina Lithuania,temperature,META_ELIGIBLE,Daily suicide counts were modeled against apparent temperature with temporal and weather controls; adjusted percent changes and 95% CIs are reported.,META_ELIGIBLE,"Daily suicide counts and air temperature over 2005-2010 analyzed with negative binomial time-series regression; adjusted apparent temperature effects reported as % change with 95% CI, satisfying causal meta-analysis criteria.",PRIORITY_FULLTEXT
505,D0034457,Incremento de la temperatura ambiental y su posible asociación al suicidio en Baja California Sur (BCS) 1985-2008,2013,Salud Mental,temperature,FULLTEXT_REVIEW,"Official suicide mortality and weather records were analyzed over 24 years, but the abstract reports correlations and model fit rather than an extractable temperature effect with uncertainty.",FULLTEXT_REVIEW,"Objective maximum temperature is linked to suicide rates over 1985-2008 using GLMs, an eligible time-series design and outcome. However, the abstract reports only correlation p-values and model fit, without adjusted hazard coefficients or confidence intervals; effect extractability remains unclear.",FULLTEXT_REVIEW
506,D0035528,The impact of recent heat waves on human health in California,2014,Journal of Applied Meteorology and Climatology,temperature,FULLTEXT_REVIEW,"Daily maximum temperatures and hospitalizations identified heat-wave morbidity, including mental health, but no mental-health-specific effect and uncertainty are supplied.",FULLTEXT_REVIEW,"Abstract supports objective daily temperature exposure, time-series hospital morbidity, and mental health as a significant disease category, but reports only overall 7% admission increase with no mental-health-specific effect size or uncertainty.",FULLTEXT_REVIEW
507,D0036911,"Spatial correlation analysis of elderly suicides and Urban Heat Island Effects: An ecological study in Taipei, 2000-2008",2016,Taiwan Journal of Public Health,temperature,FULLTEXT_REVIEW,"Township heat-island intensity was interpolated from observed temperatures and associated with suicide, but the abstract does not establish that the GAMM used within-township temporal variation rather than spatial correlation.",FULLTEXT_REVIEW,"Abstract reports an adjusted RR for UHIE and elderly suicides using GAMM, but does not clearly establish within-unit temporal exposure variation or a credible counterfactual. The spatial/temporal ecological model may be non-causal, so full text is needed to confirm design.",FULLTEXT_REVIEW
508,D0037187,Does hurricane risk affect individual well-being? Empirical evidence on the indirect effects of natural disasters,2016,Ecological Economics,cyclone,FULLTEXT_REVIEW,"Multiple survey waves were linked to storm data, but the abstract does not say whether respondents or geographic units provide within-unit temporal variation or report extractable effects.",FULLTEXT_REVIEW,"Abstract combines several survey waves and storm data but does not specify whether hurricane risk varies within countries over time, whether fixed effects or other controls form a credible counterfactual, or whether hazard-specific estimates with uncertainty are reported.",FULLTEXT_REVIEW
509,D0037332,"Well-being, life satisfaction and capabilities of flood disaster victims",2016,Environmental Impact Assessment Review,flood,NARRATIVE_ONLY,"A one-time sample of self-identified flood victims was compared with a representative sample, with no pre-event outcome or temporal counterfactual.",NARRATIVE_ONLY,Compares flood victims with a representative sample cross-sectionally; life satisfaction is eligible but exposure is past or expected future flooding with no pre-event baseline or temporal counterfactual.,DO_NOT_ADVANCE_MAIN_META
510,D0037663,Measuring impacts of extreme weather events using the life satisfaction approach,2016,Ecological Economics,flood,FULLTEXT_REVIEW,"Representative panel data were linked to five floods in affected regions and post-event life-satisfaction reductions are quantified, but uncertainty is not reported in the abstract.",FULLTEXT_REVIEW,"Objective NUTS3 flood events and life satisfaction outcome are eligible, but abstract gives pooled storm/hail+flood effect without flood-specific magnitude/uncertainty and does not explicitly confirm pre-event panel fixed-effects counterfactual.",FULLTEXT_REVIEW
511,D0037729,The social cost of the Black Saturday bushfires,2017,Australian Journal of Social Issues,wildfire,FULLTEXT_REVIEW,"The Black Saturday fires are linked to lower life satisfaction and a monetary valuation, but the abstract does not describe exposure data, sampling waves, or the counterfactual design.",FULLTEXT_REVIEW,"Abstract describes a quantitative study of Black Saturday bushfires on life satisfaction with a WTP estimate, but does not specify exposure measurement, design, counterfactual, or uncertainty. Full text needed to verify objective exposure, pre-event baseline, and extractable adjusted effect.",FULLTEXT_REVIEW
512,D0038831,"Forest fire danger, life satisfaction and feelings of safety: Evidence from Australia",2017,International Journal of Wildland Fire,wildfire,FULLTEXT_REVIEW,"Survey data were linked to the McArthur Fire Danger Index, but the abstract does not state whether the life-satisfaction model exploits within-person or within-place temporal changes.",FULLTEXT_REVIEW,"Objective FFDI exposure and life satisfaction outcome are eligible, but abstract only reports associations and does not specify whether HILDA panel is used with within-person temporal variation/fixed effects or another causal counterfactual, nor report adjusted coefficients with uncertainty.",FULLTEXT_REVIEW
513,D0039154,THE IMPACT OF PERCEIVED BACKGROUND RISK ON BEHAVIORAL HEALTH: EVIDENCE FROM HURRICANE KATRINA,2018,Economic Inquiry,cyclone|flood,FULLTEXT_REVIEW,"Katrina effects were estimated before and after the event in a storm-surge-risk region against hurricane-impervious areas, but the 18.8% mental-health effect lacks reported uncertainty.",FULLTEXT_REVIEW,"Abstract uses Hurricane Katrina as a natural experiment, comparing mental health days in nondamaged storm-surge areas before/after versus hurricane-impervious areas. Outcomes and design appear eligible, but no uncertainty/CI for the 18.8% effect is reported, so full text must confirm extractable adjusted estimates with standard errors.",FULLTEXT_REVIEW
514,D0039823,Before and after a natural disaster: Disruption in emotion component of place-identity and wellbeing,2018,Journal of Environmental Psychology,wildfire,NARRATIVE_ONLY,"The analysis describes how the place-identity/wellbeing relationship changed after the fire, not a quantitative wildfire effect on wellbeing.",FULLTEXT_REVIEW,"Original quantitative before/after wildfire study with wellbeing outcome and objective fire exposure. Abstract reports only change in place-identity-wellbeing association, not a direct hazard effect on wellbeing with uncertainty; full text must establish extractable effect.",ADJUDICATE_PRIORITY
515,D0039867,Three-year longitudinal study of perceptions of competence and well-being among youth exposed to disasters,2018,Applied Developmental Science,cyclone,NARRATIVE_ONLY,"Youth were followed only after disaster exposure, and hurricane experiences and oil-spill stress were self-reported; the analysis concerns post-event trajectories and predictors.",NARRATIVE_ONLY,"Longitudinal study of disaster exposure and youth competence/well-being; abstract reports growth trajectories, age effects, oil spill stress interaction, and PTSD association, but no hurricane-specific effect estimate with uncertainty or credible counterfactual.",DO_NOT_ADVANCE_MAIN_META
516,D0040256,"Quantifying the impacts of temperature variability on hospitalizations for schizophrenia: A time series analysis in Hefei, China",2019,Science of the Total Environment,temperature,META_ELIGIBLE,"Meteorological and hospitalization data were analyzed with a distributed-lag nonlinear time-series model; schizophrenia RRs, attributable risks, and 95% CIs are reported.",META_ELIGIBLE,"Time-series with objectively measured temperature variability and schizophrenia hospitalizations (psychiatric service use), DLNM controlling for seasonal/trend terms, RR 1.023 (95% CI 1.008–1.039) and attributable risk reported.",PRIORITY_FULLTEXT
517,D0040675,An evaluation and monetary assessment of the impact of flooding on subjective well-being across genders in Vietnam,2019,Climate and Development,flood,FULLTEXT_REVIEW,"The abstract describes wellbeing loss and recovery by time since a flood, but does not state whether repeated outcomes, a pre-flood baseline, or externally verified exposure were used.",FULLTEXT_REVIEW,"Abstract indicates quantitative flood-SWB study but does not state whether flood exposure is objective/self-reported, the design/counterfactual, pre-flood baseline, or effect uncertainty; full text needed to assess causal credibility.",FULLTEXT_REVIEW
518,D0042761,A 43-Million-Person Investigation into Weather and Expressed Sentiment in a Changing Climate,2020,One Earth,temperature,FULLTEXT_REVIEW,"Geotagged posts were coupled with meteorological conditions and sentiment, but the abstract omits the model, analysis unit, temporal counterfactual, and effect uncertainty.",FULLTEXT_REVIEW,"Objective meteorological exposure and large social-media sentiment outcome are plausible, but abstract reports no quantitative effect size/uncertainty and does not specify identification strategy, so hazard-specific extractable effect cannot be confirmed.",FULLTEXT_REVIEW
519,D0042792,Seasonal variation of relationship between climate and suicide attempts,2020,Chronobiology in Medicine,temperature,FULLTEXT_REVIEW,"Weekly suicide-attempt ED visits were regressed on climatic factors over 617 weeks, but the abstract does not identify the climate data source or provide effect estimates with uncertainty.",FULLTEXT_REVIEW,"Weekly ER suicide attempt visits regressed on temperature variables over 617 weeks, suggesting a time-series design. However abstract reports only direction of association, no numeric estimate or uncertainty, so effect extractability is unresolved.",FULLTEXT_REVIEW
520,D0043180,Understanding the impacts of water scarcity and socio-economic demographics on farmer mental health in the Murray-Darling Basin,2020,Ecological Economics,temperature|drought,FULLTEXT_REVIEW,"Fourteen-wave farmer panel data used changing rainfall, water allocations, temperature, and drought timing, but only significance is reported for mental-health effects.",FULLTEXT_REVIEW,"Longitudinal panel with objective rainfall/allocation/temperature and farmer mental health, but abstract reports only 'significantly worse' without effect size/CI and does not specify the mental health instrument; full text needed to confirm extractable adjusted estimates.",FULLTEXT_REVIEW
521,D0043225,Early Rainfall Shocks and Later-Life Outcomes: Evidence from Colombia,2020,World Bank Economic Review,drought|flood,FULLTEXT_REVIEW,"Exogenous in-utero drought and flood variation across cohorts and locations was used to estimate later serious mental illness, but no estimate or uncertainty is reported.",FULLTEXT_REVIEW,"Abstract indicates an objective, quasi-experimental birth-cohort design using exogenous variation in extreme drought/flood rainfall shocks in utero and reports a mental illness outcome. However it reports only direction ('more likely'), not effect size or uncertainty, so full text must confirm an extractable adjusted quantitative effect.",FULLTEXT_REVIEW
522,D0043703,Mental health problems in wake of disaster: A gendered perspective,2020,Rupkatha Journal on Interdisciplinary Studies in Humanities,flood,NARRATIVE_ONLY,"The study explicitly used a single cross-sectional survey comparing flood-affected and unaffected women after the event, with no pre-event outcome.",NARRATIVE_ONLY,"The abstract explicitly describes a cross-sectional survey comparing high flood-affected and unaffected women after the Kosi flood, with no pre-event baseline or credible counterfactual. Group differences in anxiety, depression, and PTSD are reported but cannot support a causal hazard effect.",DO_NOT_ADVANCE_MAIN_META
523,D0043970,Evaluating wildfire exposure: Using wellbeing data to estimate and value the impacts of wildfire,2021,Journal of Economic Behavior & Organization,wildfire,FULLTEXT_REVIEW,"A nationally representative longitudinal study used individual fixed effects and residential proximity to Black Saturday fires, but no life-satisfaction effect estimate with uncertainty is given.",META_ELIGIBLE,"Longitudinal individual fixed-effects study using nationally representative wellbeing data; estimates effect of residential proximity to the 2009 Black Saturday wildfires on life satisfaction, reporting a significant monetised effect and indicating an extractable adjusted estimate.",FULLTEXT_REVIEW
524,D0044027,Natural hazard risk and life satisfaction – Empirical evidence for hurricanes,2021,Ecological Economics,cyclone,FULLTEXT_REVIEW,"Survey records were linked to modeled time-varying hurricane risk with zip-code effects, but the abstract gives no effect magnitude or uncertainty for life satisfaction.",FULLTEXT_REVIEW,"Objective time-varying hurricane risk from wind field and life satisfaction are eligible, but abstract reports only significance, no coefficient/CI, and does not clearly state within-zip temporal identification.",FULLTEXT_REVIEW
525,D0044689,The ecology of unsheltered homelessness: Environmental and social-network predictors of well-being among an unsheltered homeless population,2021,International Journal of Environmental Research and Public Health,temperature,EXCLUDE,"Temperature was not analyzed as the main exposure: general health was described by winter season, while emotional wellbeing was modeled against social conflict and other non-hazard factors.",FULLTEXT_REVIEW,"Fixed-effects regression and emotional well-being outcome are mentioned, but the abstract reports winter/cold-season associations only for general health, not for an eligible mental-health outcome, and does not confirm objective ambient-temperature measurement or a panel counterfactual.",ADJUDICATE_PRIORITY
526,D0045069,Mental health and health-related quality of life in victims of the 2013 flood disaster in Germany – A longitudinal study of health-related flood consequences and evaluation of institutionalized low-threshold psycho-social support,2021,International Journal of Disaster Risk Reduction,flood,NARRATIVE_ONLY,"Flood-affected beneficiaries were followed only after the event; the approximate control was also flood-affected and surveyed cross-sectionally, so no pre-event outcome counterfactual exists.",NARRATIVE_ONLY,"Longitudinal 3-wave study of flood-affected beneficiaries after the 2013 flood, but no pre-event baseline or unaffected counterfactual; evaluates psycho-social support effects, not a hazard effect on mental health.",DO_NOT_ADVANCE_MAIN_META
527,D0046046,Emergency mental health calls to first responders following a natural disaster: Examining the effects from Hurricane Harvey,2021,International Journal of Academic Medicine,cyclone,FULLTEXT_REVIEW,"Administrative mental-health calls were compared across pre-storm, active-storm, and post-storm periods around Harvey, but the abstract is truncated before reporting an effect magnitude or uncertainty.",FULLTEXT_REVIEW,"Abstract examines mental health calls to police and EMS before and after Hurricane Harvey, an eligible psychiatric service use outcome, and reports a statistically significant increase but no quantified hazard effect, model, or uncertainty. Full text is needed to confirm credible interrupted time-series design and extractable adjusted estimate.",FULLTEXT_REVIEW
528,D0046555,Direct Shock Experience vs. Tangential Shock Exposure: Indirect Effects of Flood Shocks on Well-Being and Preferences,2022,World Bank Economic Review,flood,FULLTEXT_REVIEW,"Satellite flood data were linked to a household panel and direct versus nearby shocks were contrasted, but wellbeing effect sizes and uncertainty are not reported.",FULLTEXT_REVIEW,"Satellite-based flood exposure and subjective well-being are eligible, but abstract reports no quantitative effect or uncertainty and does not specify panel estimator/baseline; full text needed to confirm extractable adjusted hazard effect.",FULLTEXT_REVIEW
529,D0047550,The 2021 Western North American heat dome increased climate change anxiety among British Columbians: Results from a natural experiment,2022,Journal of Climate Change and Health,temperature,META_ELIGIBLE,"Pre- and post-heat-dome samples were analyzed as a natural experiment with measured climate anxiety; adjusted effect, standard error, and p-value are reported.",NARRATIVE_ONLY,"Two independent cross-sectional online surveys before and after the 2021 heat dome (n=439 and n=420); no within-person temporal exposure variation or concurrent unexposed control, so pre/post difference is not a credible counterfactual despite multivariable adjustment.",ADJUDICATE_PRIORITY
530,D0048197,Analyzing Events' Impacts on Mental Health Using Tweets,2022,Proceedings 2022 IEEE Wic ACM International Joint Conference on Web Intelligence and Intelligent Agent Technology Wi Iat 2022,cyclone,FULLTEXT_REVIEW,"Tweets were compared before, during, and after two cyclones, but the abstract does not define the mental-health outcome, event linkage, model, uncertainty, or separability from a bomb blast.",FULLTEXT_REVIEW,"Abstract mentions before/during/after tweet-based mental-health assessment around cyclones and a bomb blast but reports no numeric effect or uncertainty; full text needed to verify cyclone-specific estimates, valid outcome, and counterfactual.",FULLTEXT_REVIEW
531,D0048894,Does drought risk depress expected well-being?,2022,Applied Economics Letters,drought,FULLTEXT_REVIEW,"A time- and region-varying drought-risk indicator was analyzed with zip, time, and individual controls, but no life-satisfaction effect estimate or uncertainty is provided.",FULLTEXT_REVIEW,"Original panel-type study uses geo-referenced time/region-varying drought risk and individual/time/zip-code controls; expected life satisfaction is plausibly eligible. However abstract reports only statistical significance without a quantitative effect size or uncertainty, so full text must confirm extractable adjusted effect.",FULLTEXT_REVIEW
532,D0049094,Climate change and depressive disorders in middle-aged and older people in China: A quasi-experimental study,2023,Journal of Environmental Psychology,temperature,FULLTEXT_REVIEW,"Hot-night and cold-spell effects on depressive disorders are reported with 95% CIs, but the abstract does not describe exposure data or the quasi-experimental identification strategy named in the title.",META_ELIGIBLE,"Quasi-experimental quantitative study of objectively measured temperature-related exposures (hot nights, cold spells) on depressive disorders in middle-aged/older Chinese adults; reports Excess Risk with 95% CIs, meeting all meta-analysis criteria.",FULLTEXT_REVIEW
533,D0049113,Exposure to wildfires and health outcomes of vulnerable people: Evidence from US data,2023,Economics and Human Biology,wildfire,FULLTEXT_REVIEW,"FIRESTAT wildfire exposure was linked to survey mental-health days, but the abstract does not describe the claimed causal design or report the psychological-problem effect with uncertainty.",FULLTEXT_REVIEW,"Abstract claims causal effects of wildfires on older adults' psychological problems but does not describe the identification strategy or control counterfactual, and it reports only direction without a quantitative effect/uncertainty.",FULLTEXT_REVIEW
534,D0049195,The association between high ambient temperature and risk of hospitalization: a time-series study in eight ecological regions in Vietnam,2023,Environmental Research Health,temperature,FULLTEXT_REVIEW,"Province time-series and distributed-lag models used meteorological data, but the abstract only states that mental-health effects were nonsignificant and omits their estimates and uncertainty.",FULLTEXT_REVIEW,"Time-series study of ambient temperature and hospitalizations. Mental health disorders are an eligible psychiatric service-use outcome, but the abstract reports only non-significance without a quantitative mental-health effect or uncertainty, so extractability is unresolved.",FULLTEXT_REVIEW
535,D0049507,"Impact of flooding on mental health and resilience of adolescents in Kerala, India",2023,International Journal of Disaster Risk Reduction,flood,NARRATIVE_ONLY,Two small groups of affected and unaffected adolescents were surveyed once after flooding; the mixed-method comparison has no pre-event outcome or temporal counterfactual.,NARRATIVE_ONLY,"Compares 50 flood-affected and 50 unaffected adolescents after the flood in a single post-event cross-section; no pre-event baseline or temporal counterfactual, so unsuitable for causal meta-analysis despite eligible mental health outcomes.",DO_NOT_ADVANCE_MAIN_META
536,D0049529,Does extreme temperature exposure take a toll on mental health? Evidence from the China Health and Retirement Longitudinal Study,2023,Environment and Development Economics,temperature,FULLTEXT_REVIEW,"NOAA temperature exposure was linked to repeated cohort data with city, year, and individual fixed effects, but adjusted heat and cold effects lack uncertainty in the abstract.",META_ELIGIBLE,"Uses NOAA-based cumulative heat/cold days with CHARLS panel and individual, city, and year fixed effects; depression outcome. Reports significant adjusted effects: heat 1.75%, cold 3.00%.",FULLTEXT_REVIEW
537,D0049619,How Does Travel Environment Affect Mood? A Study Using Geographic Ecological Momentary Assessment in the UK,2023,Leibniz International Proceedings in Informatics Lipics,temperature,FULLTEXT_REVIEW,"Repeated GPS-triggered happiness and stress reports were linked to weather, but the abstract does not show that the model used within-person temperature variation or report effects with uncertainty.",FULLTEXT_REVIEW,"Repeated EMA surveys and objective weather data are plausible, and happiness/stress are eligible outcomes, but the abstract reports associations without a clear within-person temporal counterfactual or quantitative effect with uncertainty. Full text must confirm the analytic design and hazard-specific estimates.",FULLTEXT_REVIEW
538,D0049818,Health care cost of floods: Evidence from Typhoon Morakot in Taiwan,2023,Journal of Asian Economics,cyclone|flood,FULLTEXT_REVIEW,"A difference-in-differences analysis of claims estimated flood-related mental-illness expenditures after Typhoon Morakot, but the abstract does not report a mental-health effect with uncertainty.",FULLTEXT_REVIEW,"DID study using Typhoon Morakot flood and 3M NHI claims; mental illness outpatient costs are plausibly an eligible psychiatric service use outcome. Abstract reports aggregate costs and a relative mental-vs-physical increase but no mental-health-specific effect size or uncertainty, so full text is needed for extractable estimates.",FULLTEXT_REVIEW
539,D0050136,"Floods, Agricultural Production, and Household Welfare: Evidence from Tanzania",2023,Environmental and Resource Economics,flood,FULLTEXT_REVIEW,"Satellite flood data and three-year household panel data were analyzed with weighted difference-in-differences, but the life-satisfaction effect and uncertainty are omitted.",FULLTEXT_REVIEW,"Panel DID with satellite flood exposure and eligible life-satisfaction outcome suggests causal target, but abstract reports only a significant negative effect without coefficient, standard error, or CI, so quantitative effect extractability is unresolved.",FULLTEXT_REVIEW
540,D0050139,Association between short-term ambient temperature variability and depressive symptoms: using staggered adoption of low-carbon city program in China as a quasi-natural experiment,2023,Air Quality Atmosphere and Health,temperature,META_ELIGIBLE,A national cohort was linked to monthly city temperature variability; repeated and difference-in-differences models estimate CES-D effects with 95% CIs.,META_ELIGIBLE,Cohort study links objectively measured city-level daily temperature variability with CES-D depressive symptoms; random effects and difference-in-difference models provide temporal/quasi-experimental counterfactuals; report coefficients with CIs.,PRIORITY_FULLTEXT
541,D0050577,A treatment-effect model to quantify human dimensions of disaster impacts: the case of Hurricane Maria in Puerto Rico,2023,Natural Hazards,cyclone,FULLTEXT_REVIEW,"The treatment-effect method constructs counterfactual baselines from municipal panel data around Hurricane Maria, including suicides, but the abstract reports no empirical outcome estimate.",FULLTEXT_REVIEW,"Panel treatment-effect model for Hurricane Maria with suicide among outcomes and pre-event counterfactual, but abstract reports no suicide-specific effect or uncertainty; full text needed.",FULLTEXT_REVIEW
542,D0051069,Projections of Temperature-Related Suicide under Climate Change Scenarios in Japan,2023,Environmental Health Perspectives,temperature,FULLTEXT_REVIEW,"Historical daily temperature and suicide data were analyzed with a time-stratified case-crossover before projection, but only projected excess mortality is reported in the abstract.",FULLTEXT_REVIEW,"Abstract describes a time-stratified case-crossover estimating temperature-suicide associations from 1973-2015 Japan, but reports only future projected net changes, not the historical adjusted temperature effect or uncertainty. Full text needed to confirm extractable observed hazard estimate.",FULLTEXT_REVIEW
543,D0051821,The role of trait mindfulness in moderating climate distress during wildfire season,2024,Plos Climate,wildfire,FULLTEXT_REVIEW,"The same adults were assessed before and after a severe wildfire season, but the abstract gives no objective fire or smoke linkage and no climate-distress effect size or uncertainty.",FULLTEXT_REVIEW,"Pre-post cohort of 501 adults before/after 2021 wildfire season reported significant climate distress increase. Exposure is temporal season only; no objective individual/area wildfire variation or comparison group, and no effect size/CI shown. Causal counterfactual and hazard-specific estimate unresolved.",FULLTEXT_REVIEW
544,D0052476,Daily temperature variability and mental health-related hospital visits in New York State,2024,Environmental Research,temperature,META_ELIGIBLE,A ZIP-linked case-crossover with distributed lags modeled daily temperature range against multiple mental-health visits and reports cumulative effects with 95% CIs.,META_ELIGIBLE,"Case-crossover study with objective ZIP Code-level daily temperature range and hospital visit outcomes for mood, anxiety, adjustment, and schizophrenia disorders. Reports cumulative 16.0% increase in mood disorder visits (95% CI: 12.8, 19.2%), meeting all eligibility criteria.",PRIORITY_FULLTEXT
545,D0052485,The stress-buffering effects of received social support on posttraumatic stress disorder among Hurricane Ike survivors,2025,Traumatology,cyclone,NARRATIVE_ONLY,Three post-Ike interviews of selected victims modeled self-reported stress and social support as predictors of PTSD recovery; hurricane exposure did not vary and no pre-event outcome exists.,NARRATIVE_ONLY,"Abstract analyzes Hurricane Ike survivors using self-reported Ike-related stress and received social support to predict PTSD risk and recovery over three post-disaster waves. No objective or externally verifiable hazard exposure variation, no pre-event baseline or credible counterfactual, and no hazard-effect estimate are reported.",DO_NOT_ADVANCE_MAIN_META
546,D0052979,"Global climate change: Effects of future temperatures on emergency department visits for mental disorders in Beijing, China",2024,Environmental Research,temperature,FULLTEXT_REVIEW,"Daily emergency visits and temperatures were analyzed with a quasi-Poisson distributed-lag model before future projection, but the abstract reports only projected burden patterns.",FULLTEXT_REVIEW,"Abstract reports a quasi-Poisson DLNM time-series of daily temperature and mental-disorder ED visits but presents only projected future burden, not the historical temperature effect size or uncertainty. Full text must confirm an extractable adjusted effect.",FULLTEXT_REVIEW
547,D0053008,Heatwaves and mental disorders: A study on national emergency and weather services data,2024,European Journal of Psychiatry,temperature,META_ELIGIBLE,National hospital and weather-service data were analyzed with quasi-Poisson temporal comparisons; psychiatric-visit RRs and CIs are reported for extreme-heat thresholds.,META_ELIGIBLE,"Original population-based time-series study uses objectively measured extreme temperature percentiles and quasi-Poisson regression to estimate RRs with CIs for psychiatric emergency visits, an eligible mental-health service use outcome.",PRIORITY_FULLTEXT
548,D0053085,Short-term exposure to ambient temperature and the mortality burden of suicide in Japan,2024,Environmental Research Communications,temperature,META_ELIGIBLE,Daily suicide and temperature data across 47 prefectures were analyzed using time-stratified case-crossover and distributed-lag models; attributable fractions have empirical CIs.,META_ELIGIBLE,"Daily suicide counts and mean temperatures across 47 Japanese prefectures (1973-2015) analyzed with time-stratified case-crossover DLNM; reports attributable fraction 19.9% (95% eCI 18.8-20.9) for non-optimal temperature, satisfying objective exposure, credible counterfactual, and quantitative uncertainty.",PRIORITY_FULLTEXT
549,D0053294,Economic factors mediate the impact of drought on farmer suicides in India,2024,Global Environmental Change,drought,FULLTEXT_REVIEW,"Temporal variation in drought was linked to a 19% increase in male farmer suicides, but the abstract omits the drought measure, data source, and effect uncertainty.",META_ELIGIBLE,"Abstract reports original temporal analysis of suicide occurrence showing droughts increase male farmer suicides by 19%, with insignificant impacts on other groups; drought is objective and suicide is eligible.",FULLTEXT_REVIEW
550,D0053576,Relationship between the Temperature-humidity Index of Twenty-four Solar Terms and Depression,2024,Chinese General Practice,temperature,FULLTEXT_REVIEW,"Official meteorological data and depression outpatient visits were modeled with Poisson and distributed-lag methods, but the supplied abstract ends before any effect result or uncertainty.",EXCLUDE,"Exposure is temperature-humidity index (Humidex), a composite of temperature and humidity, not a registered hazard in the strict list (ambient temperature alone). Time-series design and depression outcome would be eligible, but exposure is ineligible.",ADJUDICATE_PRIORITY
551,D0053593,Ambient temperature and emergency department visits for mental disorder before and during the COVID-19 pandemic,2024,Nature Mental Health,temperature,FULLTEXT_REVIEW,"Short-term temperature changes were associated with diagnosis-specific ED visits, but the abstract omits the exposure source, analytic design, temporal controls, and effect estimates.",FULLTEXT_REVIEW,Abstract reports temperature associations with ED visits for mental disorders but lacks quantitative effect sizes/uncertainty; full text needed to confirm extractable adjusted estimates.,FULLTEXT_REVIEW
552,D0053732,"A protective role of urban greenspace on the association between night-time heat and suicide in Seoul, South Korea",2024,Environmental Research Health,temperature,META_ELIGIBLE,District daily hot-night indices and suicide counts were analyzed with a space-time-stratified case-crossover and distributed lags; RRs and 95% CIs are reported.,META_ELIGIBLE,"Original time-series case-crossover study of 14,693 suicides across 25 Seoul districts 2000–2020 using objective hot-night temperature indices (HNd, HNe), adjusting for daily mean temperature/humidity; reports RRs with 95% CIs for suicide, satisfying meta-eligibility.",PRIORITY_FULLTEXT
553,D0053884,"DROUGHT and HOTTER TEMPERATURE IMPACTS on SUICIDE: EVIDENCE from the MURRAY-DARLING BASIN, AUSTRALIA",2024,Climate Change Economics,drought|temperature,FULLTEXT_REVIEW,"Monthly local-area suicides were modeled with Poisson fixed effects against drought and heat, but the abstract does not identify hazard data or provide effect estimates and uncertainty.",FULLTEXT_REVIEW,"Panel fixed-effects Poisson of monthly suicide with drought and temperature is plausibly eligible, but abstract reports only direction (increased suicide) without numeric effect size or uncertainty; full text needed to extract adjusted estimates.",FULLTEXT_REVIEW
554,D0054920,Impacts of hot and cold nights on mental disorders: A three-stage nationwide hospital-based time-series study with 1.2 million patients in China,2024,Global Transitions,temperature,FULLTEXT_REVIEW,"A multicity distributed-lag time series estimated hot- and cold-night mental-disorder burden, but the abstract omits the temperature data source and uncertainty for the reported attributable fractions.",META_ELIGIBLE,"Nationwide time-series study uses daily outpatient visits for mental disorders and objective temperature-derived hot/cold day/night indices. Distributed lag non-linear model estimated city-specific risks pooled by meta-analysis to obtain national effect estimates, with attributable fractions reported.",FULLTEXT_REVIEW
555,D0055249,Screening for Mental Distress Following the 2022 Marche Floods in Italy: A Comparative Study Using the Kessler Distress Scale in Directly Affected Individuals and a Control Group,2025,Journal of Flood Risk Management,flood,NARRATIVE_ONLY,"A single post-flood survey compared directly affected residents with nonaffected controls and related self-reported flood stressors to distress, without pre-event outcomes.",NARRATIVE_ONLY,"Post-event cross-sectional survey comparing K6 distress prevalence in directly affected (n=392) and nonaffected controls (n=306); no pre-event baseline or temporal counterfactual, so affected-vs-unaffected comparison alone is not credible.",DO_NOT_ADVANCE_MAIN_META
556,D0055274,Projecting the morbidity burden of mental and behavioral disorders associated with increasing humid heat in Shanghai,2025,Nature Mental Health,temperature,FULLTEXT_REVIEW,"The study states that it quantifies current humid-heat-attributable mental-disorder admissions before projection, but the abstract gives no empirical design, exposure source, or historical effect estimate.",FULLTEXT_REVIEW,"Abstract indicates empirical estimation of humid-heat-attributable MBD admissions and future projections, but does not specify exposure measurement, study design/counterfactual, or historical hazard-specific effect; full text needed.",FULLTEXT_REVIEW
557,D0055310,Emergency department use for environmentally sensitive conditions among American Indian children exposed to air pollution and heat,2025,Environmental Research Health,temperature,FULLTEXT_REVIEW,"A time-stratified case-crossover used modeled temperature and mental-illness ED visits, but the abstract only states that extreme-heat associations were generally null and gives no mental-health heat estimate.",FULLTEXT_REVIEW,"Time-stratified case-crossover with objectively modeled temperature and PM2.5 and eligible mental-health ED outcomes. However, abstract reports a mood disorder OR for PM2.5 (PAE), not a registered hazard unless fire-attributed, and states EHEs generally not associated without reporting an EHE-specific mental-health OR/CI. Full text must establish an extractable temperature-specific effect.",FULLTEXT_REVIEW
558,D0055512,"Predictors of mental health trajectories among adult survivors 10 years after Hurricane Katrina, 2005–2015",2025,Traumatology,cyclone,NARRATIVE_ONLY,An impacted Katrina cohort was used to classify postdisaster mental-health trajectories and their predictors; no changing hurricane exposure or pre-event outcome counterfactual was analyzed.,NARRATIVE_ONLY,"Longitudinal cohort of Hurricane Katrina survivors used latent growth mixture modeling to identify mental health trajectories (resilience, recovery, chronic) and predictors of trajectory membership. No hazard effect or counterfactual is estimated; all participants were impacted by Katrina, making this descriptive/predictor analysis.",DO_NOT_ADVANCE_MAIN_META
559,D0055609,Temperature and Mental Health: Evidence from Helpline Calls,2025,Journal of the Association of Environmental and Resource Economists,temperature,FULLTEXT_REVIEW,"Location-routed helpline calls and random daily weather fluctuations identify temperature effects, but the reported 3.7% and 2.3% call changes lack uncertainty.",FULLTEXT_REVIEW,"Study uses objective temperature and helpline call volume as a mental health service-use outcome with day-to-day variation, but abstract reports only percentage increases without confidence intervals/standard errors, so uncertainty is not extractable from abstract.",FULLTEXT_REVIEW
560,D0055739,Nonlinear Association between Summer Temperature Variability and Depressive Symptoms: Determination of Threshold Values,2025,Weather Climate and Society,temperature,META_ELIGIBLE,A dynamic cohort linked city daily temperatures to repeated CES-D outcomes using panel threshold regression; threshold and symptom effects are reported with 95% CIs.,META_ELIGIBLE,"Original dynamic cohort study quantifies summer temperature variability as city-level SD of daily average temperatures (objective exposure) and uses a panel threshold regression model with depressive symptoms from CES-D; reports threshold effect 0.331 (95% CI 0.053-0.610), satisfying causal meta-analysis criteria.",PRIORITY_FULLTEXT
561,D0055802,The Hidden Cost of Prenatal Heat Stress Exposure: Evidence on Psychological Well-Being in China,2025,Economic Development and Cultural Change,temperature,FULLTEXT_REVIEW,"Prenatal heat stress is associated with later unhappiness, life dissatisfaction, and depressive symptoms, but the abstract provides no exposure source, identification method, effect size, or uncertainty.",FULLTEXT_REVIEW,"Abstract reports a significant effect of prenatal extreme heat on adult depressive symptoms/subjective well-being but omits quantitative effect size, uncertainty, and identification design. Exposure measurement not explicitly stated. Full text must confirm objective temperature data and a credible counterfactual.",FULLTEXT_REVIEW
562,D0055810,The Impact of Eco-Anxiety and Extreme Weather Proximity on Young People’s Happiness and Life Satisfaction: A Natural Experiment,2025,Journal of Happiness Studies,flood,FULLTEXT_REVIEW,"The article labels the 2021 flood analysis a natural experiment and compares wellbeing relationships before and after exposure, but gives no sampling, exposure-linkage, model, or uncertainty details.",EXCLUDE,"Abstract frames flood proximity as a moderator of the eco-anxiety–well-being association, not as the main exposure. It reports no direct quantitative effect of flood exposure on happiness or life satisfaction, so no extractable hazard–outcome estimate is present.",ADJUDICATE_PRIORITY
563,D0056080,Association between Wildfire area and PM2.5 levels on the Prevalence of Mental disorders in Thailand,2025,Environmental Challenges,wildfire,FULLTEXT_REVIEW,"Annual provincial wildfire area and satellite PM2.5 were modeled against mental-disorder prevalence, but clustered Poisson regression alone does not establish within-province temporal identification or fixed confounding control.",FULLTEXT_REVIEW,"Province-year panel with objective wildfire exposure and eligible outcomes, but abstract lacks specification of fixed effects, covariates, and confidence intervals; full text required to establish credible counterfactual and extractable adjusted effects.",FULLTEXT_REVIEW
564,D0056189,"Individual and combined effects of heatwaves, air pollution, green spaces, and blue spaces on depressive symptoms incidence",2025,Journal of Environmental Psychology,temperature,FULLTEXT_REVIEW,"Heatwave exposure was associated with depression incidence in CHARLS, but the abstract does not state exposure data, timing, repeated-outcome structure, or a temporal counterfactual.",FULLTEXT_REVIEW,"Abstract reports CHARLS logistic regression showing heatwave associated with 4.2-14.0% depression increase but does not specify objective heatwave measurement, temporal design, or pre-exposure counterfactual. Full text needed to confirm.",FULLTEXT_REVIEW
565,D0056254,Impact of extreme weather events on mental health among older adults in China: A longitudinal study,2025,Sustainable Cities and Society,temperature,FULLTEXT_REVIEW,"Longitudinal CHARLS records were matched to city-level extreme heat from 2011-2020, but no heat effect estimate or uncertainty for the mental-health score is reported.",FULLTEXT_REVIEW,"City-level extreme heat exposure is objective and mental health outcomes are relevant, but the abstract reports only a qualitative 'significant association' without effect size, uncertainty, or model specification (e.g., fixed effects). Full text must confirm an extractable adjusted hazard effect and credible temporal counterfactual.",FULLTEXT_REVIEW
566,D0056506,Misfortune Seldom Comes Alone: Evidence from Typhoon Effects During COVID-19 Quarantines in the Philippines,2025,Asian Development Review,cyclone|flood,FULLTEXT_REVIEW,"Household panel data exploit interview timing around a typhoon and flooded versus nonflooded households, but the source of household flood exposure and effect uncertainty are not reported.",FULLTEXT_REVIEW,"Panel study of typhoon/flood effects on psychological distress is plausibly eligible, but abstract does not specify objective flood exposure, pre-event baseline/counterfactual, or quantitative hazard-specific estimates; full text needed.",FULLTEXT_REVIEW
567,D0056559,Urban heat island and the risk of schizophrenia spectrum disorders in middle-aged and older adults,2025,Urban Climate,temperature,NARRATIVE_ONLY,A prospective cohort related fixed long-term satellite UHI levels to incident schizophrenia; the abstract does not use within-person temporal heat variation or a quasi-experimental counterfactual.,EXCLUDE,"Schizophrenia spectrum disorders and schizophrenia are not among the eligible mental-health outcomes; abstract reports only incident SSD/schizophrenia diagnoses and brain structure changes, so outcome is ineligible.",DO_NOT_ADVANCE_MAIN_META
568,D0056643,"TEMPERATURE VARIATION, HEALTH, AND PRIVATE MEDICAL COSTS: EVIDENCE FROM CHINA",2025,Climate Change Economics,temperature,FULLTEXT_REVIEW,"CFPS data from 2014-2018 were used to study temperature variation and mental health, but the abstract omits temperature data, repeated-person specification, effect magnitude, and uncertainty.",FULLTEXT_REVIEW,"Abstract reports mental health impairment from temperature variation but gives no quantitative mental-health effect or uncertainty, and does not clarify exposure source or analytic counterfactual.",FULLTEXT_REVIEW
569,D0056901,Temperature effects on people’s subjective well-being and their subjective adaptation: Empirical evidence from China,2025,Social Indicators Research,temperature,FULLTEXT_REVIEW,"CFPS records spanning 2010-2017 were related to daily temperature fluctuations and wellbeing, but the abstract gives no weather source, panel specification, estimate, or uncertainty.",FULLTEXT_REVIEW,"Panel survey 2010-2017 and SWB/temperature relationship are relevant, but abstract does not specify objective temperature source, within-unit design/counterfactual, or report quantitative effect and uncertainty.",FULLTEXT_REVIEW
570,D0057108,A National Study on the Impact of Wildfire Smoke on Cause-Specific Hospitalizations Among Medicare Enrollees with Alzheimer’s Disease and Related Dementias from 2006 to 2016,2025,Fire,wildfire,META_ELIGIBLE,Modeled daily wildfire PM2.5 was linked to Medicare depression and anxiety hospitalizations in a case-crossover; diagnosis-specific rate ratios and 95% CIs are reported.,META_ELIGIBLE,"Case-crossover study of objective modeled daily wildfire PM2.5 and depression/anxiety hospitalizations; conditional logistic regression reports rate ratio 0.94 (95% CI 0.90-0.99) for same-day depression, satisfying causal temporal counterfactual and extractable effect.",PRIORITY_FULLTEXT
571,D0057380,"Hourly-scale associations between temperature change and emergency department visits for schizophrenia in Hefei, Anhui Province, China",2025,Chinese Journal of Disease Control and Prevention,temperature,META_ELIGIBLE,Hourly ERA5-Land temperatures were analyzed against schizophrenia ED visits using time-stratified case-crossover; lag-specific percent effects and 95% CIs are reported.,META_ELIGIBLE,"Time-stratified case-crossover study using ERA5-Land ambient temperature as objective exposure and schizophrenia-related ED visits as psychiatric service use outcome. Reports quantitative temperature effect with CIs (e.g., 1.17%, 95% CI 0.42-1.92%), satisfying causal counterfactual and extractability criteria.",PRIORITY_FULLTEXT
572,D0057401,Thriving amidst adversity: Longitudinal psychological well-being and economic mobility in the puerto rican climate diaspora,2025,Applied Developmental Science,cyclone,NARRATIVE_ONLY,"Only Hurricane Maria survivors who migrated were followed, and self-reported hurricane trauma was used to predict post-event thriving classes without a pre-event outcome.",NARRATIVE_ONLY,"Growth mixture modeling identifies PWB/UEM trajectory classes among Hurricane Maria migrants and tests variation by hurricane trauma; no hazard effect, objective exposure variation, or credible counterfactual is reported, indicating descriptive/predictor analysis.",DO_NOT_ADVANCE_MAIN_META
573,D0057660,Examining individuals’ protective behavioral decision-making dynamics over repeated risks of heat waves in the American West,2025,Journal of Risk Research,temperature,NARRATIVE_ONLY,"The two-wave panel describes changes in risk perception, efficacy, actions, and negative affect during repeated heat-wave risks; it does not estimate an objectively linked heat effect on mental health.",EXCLUDE,"Abstract focuses on protective behavioral decision-making constructs (risk perception, efficacy, negative affect, protective actions, negative experiences) over repeated heat waves, not an eligible mental-health or subjective wellbeing outcome. No hazard effect on mental health is estimated.",DO_NOT_ADVANCE_MAIN_META
574,D0057685,"Hawaiʻi crisis center contacts related to the 2023 Maui wildfires, with monthly pre- and post-fire analyses",2025,Journal of Public Mental Health,wildfire,NARRATIVE_ONLY,The study reports monthly proportions and trends among Maui-fire-related crisis contacts after the fire rather than estimating a wildfire effect against a pre-event outcome or credible control.,FULLTEXT_REVIEW,Original quantitative crisis-center contacts after 2023 Maui wildfires with mental health/suicidal outcome; title suggests monthly pre-post analysis but abstract reports only post-fire monthly proportions and no clear baseline comparison or hazard-specific effect with uncertainty.,ADJUDICATE_PRIORITY
575,D0057798,Impact of hurricane maria on mental and physical health among puerto ricans: A matched difference-in-differences analysis,2025,Journal of Human Behavior in the Social Environment,cyclone,FULLTEXT_REVIEW,"Matched difference-in-differences compared poor mental-health days before and after Maria against matched samples, but the 0.13-day effect is reported without uncertainty.",META_ELIGIBLE,Original DID study using BRFSS 2016-2018 estimates Hurricane Maria's effect on days of poor mental health among Puerto Ricans versus matched samples. Exposure is objectively verifiable; adjusted effect sizes and statistical significance are reported.,FULLTEXT_REVIEW
576,D0058077,Impact of temperature on expressed sentiments in social media: Evidence from a Latin American country,2025,Environment and Development Economics,temperature,FULLTEXT_REVIEW,"Geotagged tweets were modeled with nonlinear fixed-effects panels and changing temperature, but no sentiment effect magnitude or uncertainty is reported.",FULLTEXT_REVIEW,"Abstract states non-linear fixed effects panel regressions show a negative causal association between extreme heat and sentiment, but no coefficient or uncertainty is reported. Need full text to verify quantitative effect and whether social-media sentiment counts as eligible subjective wellbeing/affect.",FULLTEXT_REVIEW
577,D0058932,The potential impact of urban overheating on depression symptoms among urban middle-aged and older adults: Evidence from China,2026,Urban Climate,temperature,FULLTEXT_REVIEW,Five-wave data linked annual UHI to CES-D using two-way fixed effects and an instrumental variable; effect magnitudes are given but uncertainty is not.,META_ELIGIBLE,"Longitudinal CHARLS panel with city-level objective UHI intensity, two-way fixed effects and IV; CES-D10 depression outcome; reports adjusted point estimates (0.44 and 1.05 per 1°C).",FULLTEXT_REVIEW
578,D0058945,The mental health toll of heat stress in India,2026,Journal of Environmental Economics and Management,temperature,FULLTEXT_REVIEW,"High-resolution climate data and quasi-random survey timing and location identify heat-stress effects on depression, but no effect estimate or uncertainty is reported.",FULLTEXT_REVIEW,"Abstract supports objective heat exposure and eligible depression/anxiety outcomes with a quasi-experimental design, but reports only directional results and no quantitative effect size or uncertainty, so extractability must be verified in full text.",FULLTEXT_REVIEW
579,D0058948,The effects of home-country natural disasters on refugee mental health,2026,Population and Environment,flood,FULLTEXT_REVIEW,Six-wave refugee data used individual fixed effects and time-varying home-country disasters; a flood-specific K6 effect is quantified but no uncertainty is provided.,META_ELIGIBLE,"Longitudinal panel of refugees with six waves and fixed-effects regression; home-country natural disasters, concentrated in floods, as exposure; Kessler-6 psychological distress outcome; reports an adjusted effect size (0.019 SD increase). Abstract lacks uncertainty but indicates extractable adjusted effect.",FULLTEXT_REVIEW
580,D0058951,The mental health impact of the 2025 Los Angeles wildfires among adolescents,2026,Environmental Epidemiology,wildfire,NARRATIVE_ONLY,"Mental health was measured before and after the fires, but the explanatory exposures were adolescents' self-reported wildfire-related worries, fears, and family losses without external hazard linkage.",NARRATIVE_ONLY,"Abstract states exposure is self-reported wildfire-related stressors (worry, fear, feeling anxious/stressed/depressed, loved one lost home) rather than objectively measured or externally verifiable wildfire variation; despite pre/post adjustment, this does not meet causal hazard-effect criteria.",DO_NOT_ADVANCE_MAIN_META
581,D0058980,Association between urban climate physical risk and depressive symptoms in middle-aged and older adults,2026,Urban Climate,temperature|drought,META_ELIGIBLE,"Adults without baseline depression were followed with NOAA-linked extreme-temperature measures; incident CES-D associations, including the high-temperature HR, are reported with 95% CIs.",META_ELIGIBLE,"Longitudinal CHARLS cohort (N=6134) without baseline depressive symptoms linked to NOAA meteorological data; exposures include extreme temperature and drought. Cox models with time-varying exposures report HRs with CIs for depressive symptoms, supporting objective hazard variation, eligible outcome, temporal exposure variation, and extractable adjusted effects.",PRIORITY_FULLTEXT
582,D0059043,Impact of Prenatal Stress on Autonomic Nervous System Functioning and Psychopathology Risk in Early Childhood: The Harvey Mom Study,2026,Infant and Child Development,cyclone,NARRATIVE_ONLY,"Pregnant participants self-reported objective hardship and subjective distress after Harvey; no externally linked hurricane exposure was used, and child behavioral problems are not clearly an eligible mental-health endpoint.",EXCLUDE,"Outcomes are infant autonomic nervous system activity (RSA, HR) and parent-reported child behavioural problems; neither is an eligible mental-health outcome (depression, anxiety, distress, PTSD, suicide, etc.).",DO_NOT_ADVANCE_MAIN_META
583,D0059164,When income buffers extreme weather: Impacts on women’s mental health in informal settlements,2026,Plos Climate,temperature|drought|flood,NARRATIVE_ONLY,"Eighteen monthly surveys repeatedly captured women's reported experiences of heat, cold, drought, rain, and flooding, but no external hazard linkage is described.",NARRATIVE_ONLY,"Abstract states surveys 'captured experiences' of heat, cold, drought, heavy rain, and flooding, indicating self-reported exposure only. This lacks objectively measured hazard variation required for meta-analysis, despite longitudinal design and eligible depression/anxiety outcomes.",DO_NOT_ADVANCE_MAIN_META
584,D0059237,A Hybrid Dynamic Bayesian Network for Flood-Driven Health Vulnerability: Integrating Local Knowledge and Spatial Data,2026,Pure and Applied Geophysics,flood,NARRATIVE_ONLY,"PHQ-9 assessments during two flood events were combined with mixed-method conditional probabilities and simulations, without a pre-event outcome or credible control design.",NARRATIVE_ONLY,Abstract describes a single-wave mixed-methods study of 150 women with PHQ-9 measured during/after 2023-2024 floods and exposure variation by flood duration. It reports an association between flood duration and depression severity but no pre-event mental-health outcome or quasi-experimental counterfactual; DBN simulation is not an empirical causal estimate. Post-event exposure gradient alone is not credible.,DO_NOT_ADVANCE_MAIN_META
585,D0059312,"Local Social Capital, Disaster Housing Damage, and Mental Health: Insights from Hurricane Harvey",2026,Society and Mental Health,cyclone,FULLTEXT_REVIEW,"Repeated cross-sectional surveys before and after Harvey model housing-damage mental-health effects, but the damage measure, comparison specification, estimates, and uncertainty are not described.",FULLTEXT_REVIEW,"Abstract describes repeated cross-sectional pre/post Hurricane Harvey and home damage but does not state whether damage is objective/verified or self-report, nor reports hazard-effect estimates; full text needed.",FULLTEXT_REVIEW
586,D0059408,Ambient temperature and mental health hospital admissions in Cyprus during 2000-2019,2026,Environmental Research Health,temperature,META_ELIGIBLE,National daily temperatures and diagnosed mental-health admissions were analyzed in a case-crossover/quasi-Poisson framework; overall and schizophrenia effects have 95% CIs.,META_ELIGIBLE,"Case-crossover study of ambient temperature and mental health hospital admissions, using national ICD-10 admissions and daily temperature/humidity. Found 18% increase per 5°C (95% CI 8-29%) for 7-day moving average, including schizophrenia. This is a credible within-unit temporal design with an eligible objective exposure and extractable effect with uncertainty.",PRIORITY_FULLTEXT
587,D0059529,Heat exposure and physical-mental health outcomes among older adults in India: Findings from the Longitudinal Aging Study (LASI) Wave-I,2026,Plos Climate,temperature,NARRATIVE_ONLY,Only Wave I was analyzed; NOAA-linked heat exposure and depressive symptoms were compared cross-sectionally using matching and regression without within-unit temporal variation.,NARRATIVE_ONLY,"Uses LASI Wave-I single-wave cross-sectional data matched to NOAA heat exposure; no within-unit temporal or quasi-experimental counterfactual. Depressive symptoms are eligible, but design is cross-sectional association only.",DO_NOT_ADVANCE_MAIN_META
588,D0059552,Wildfire-sourced fine particulate matter and mental disorders in children and adolescents,2026,Nature Mental Health,wildfire,FULLTEXT_REVIEW,"Daily wildfire-specific PM2.5 effects on child mental-health ED visits are reported with uncertainty, but the abstract omits the smoke model, study design, and temporal comparison strategy.",META_ELIGIBLE,"Daily time-series of wildfire-specific PM2.5 and mental-health ED visits across 845 communities; reports lagged effect with CI (1.4%, 1.4-1.5% per 1 µg/m3), satisfying temporal variation and extractable estimate.",FULLTEXT_REVIEW
589,D0059580,"Adapting to the heat of the moment: A mobile experience sampling study on the dynamics of heat stress, appraisals, affect, and behaviour",2026,Journal of Environmental Psychology,temperature,NARRATIVE_ONLY,"Meteorological data were linked to intensive surveys, but reported results concern threat appraisal, warnings, and protective behavior; no heat effect on negative affect is presented.",FULLTEXT_REVIEW,"Uses meteorological heat and longitudinal EMA with within-person models, but abstract reports only heat→threat appraisal and affect/behaviour links; no heat-specific effect on an eligible mental-health outcome (affect) with uncertainty is shown.",ADJUDICATE_PRIORITY
590,D0059771,"Socio-ecological factors associated with eco-anxiety following the 2023 wildfires among Northern and Indigenous youth in the Northwest Territories, Canada: Cross-sectional findings",2026,Cambridge Prisms: Global Mental Health,wildfire,NARRATIVE_ONLY,"The study explicitly reports a single post-wildfire cross-sectional survey using self-reported exposure severity and eco-anxiety, with no pre-event outcome.",NARRATIVE_ONLY,"Abstract explicitly describes a single-wave cross-sectional survey of 290 adolescents after the 2023 wildfires, analysed with structural equation modelling. This design lacks temporal or quasi-experimental counterfactual variation, so it cannot support a causal hazard effect despite relevant wildfire exposure and eco-anxiety outcome.",DO_NOT_ADVANCE_MAIN_META
591,D0059838,Happiness on wheels: What makes cyclists happy?,2026,International Journal of Sport and Exercise Psychology,cyclone,FULLTEXT_REVIEW,"An eight-week repeated diary modeled happiness after rides against official tropical-cyclone warning signals, but no cyclone-warning effect estimate or uncertainty is reported.",EXCLUDE,"Exposure is issuance of weather warnings (thunderstorm, rainstorm, tropical cyclone signal), not actual measured tropical cyclone or other registered natural hazard. Abstract lacks objective natural hazard exposure; warning signals are administrative forecasts, not climate hazard variation.",ADJUDICATE_PRIORITY
592,D0059992,Exploring the effect of average daily temperature on acute episodes of psychiatric disorders in Shenzhen based on distributional lag nonlinear model,2026,Chinese Journal of Disease Control and Prevention,temperature,FULLTEXT_REVIEW,"Emergency mental-disorder episodes and meteorological data were analyzed with distributed-lag nonlinear models, but RRs are reported without CIs or other uncertainty.",META_ELIGIBLE,"Daily meteorological temperature data and emergency psychiatric episodes over 2013-2022 were analyzed with DLNM, providing temporal exposure variation and quantitative RR/CRR estimates with P<0.05.",FULLTEXT_REVIEW
593,D0060628,Social Involvement as a Mediator of Disaster‐Induced Stress,1987,Journal of Applied Social Psychology,flood,FULLTEXT_REVIEW,"Individuals were reinterviewed after pre-disaster assessment, but flood and dioxin events are discussed together and the abstract does not establish objective exposure or flood-specific extractable effects.",FULLTEXT_REVIEW,"Longitudinal reinterview with pre-flood baseline and depression outcome is promising, but abstract does not show objective flood exposure, credible counterfactual, or quantitative hazard effect/uncertainty; dioxin co-exposure must be separated.",FULLTEXT_REVIEW
594,D0060733,Emotional Distress in Fifth-Grade Children Ten Months after a Natural Disaster,1986,Journal of the American Academy of Child Psychiatry,flood,NARRATIVE_ONLY,"Children in flooded and nonflooded areas were assessed once ten months after the disaster through clinician-rated stories, with no pre-event outcome baseline.",NARRATIVE_ONLY,"Post-event comparison of flooded versus nonflooded children 10 months after disaster, with no pre-exposure outcome or credible counterfactual; only a group difference is stated without quantitative hazard effect or uncertainty.",DO_NOT_ADVANCE_MAIN_META
595,D0060999,Psychological distress following a natural disaster: A one‐year follow‐up of 98 flood victims,1983,Journal of Community Psychology,flood,NARRATIVE_ONLY,Flood victims were assessed after the event and one year later; the purported pre-flood distress score was recalled retrospectively after flooding rather than measured prospectively.,NARRATIVE_ONLY,"Exposed-only 98 flood victims; mental status was reported retrospectively after the flood for both pre-disaster and post-disaster states, so no true pre-event baseline or credible counterfactual; abstract reports significance only without extractable effect.",DO_NOT_ADVANCE_MAIN_META
596,D0064533,Life change and illness: Illness behavior of males in the recovery period of a natural disaster,1978,Journal of Health and Social Behavior,flood,NARRATIVE_ONLY,"A one-time recovery-period interview compared men reporting flooded versus nonflooded housing, with no measured pre-event emotional-health outcome.",NARRATIVE_ONLY,"Single post-event interview of 91 men compared those whose housing flooded vs not, with no pre-event mental-health baseline; an exposed/unexposed post-event comparison cannot provide a credible counterfactual. Exposure and outcomes were self-reported.",DO_NOT_ADVANCE_MAIN_META
597,D0066021,Association of meteorological factors with suicide,2003,Acta Psychiatrica Scandinavica,temperature,FULLTEXT_REVIEW,"Official suicides over six years were linked to eight weather stations and modeled against temperature, but the abstract reports significance without an effect magnitude or uncertainty.",FULLTEXT_REVIEW,"Abstract supports objective temperature exposure from weather stations and suicide outcome over 6 years, suggesting temporal variation, but does not specify time-series method, seasonality/trend adjustment, or quantitative effect/uncertainty. Full text needed to confirm credible counterfactual and extractable estimate.",FULLTEXT_REVIEW
598,D0067207,The impact of wildfires on mental health of residents in a rural area of Greece. A case control population based study,2011,European Psychiatry,wildfire,NARRATIVE_ONLY,"The study explicitly used a cross-sectional post-wildfire case-control comparison of victims and controls, with no pre-event mental-health outcome.",NARRATIVE_ONLY,"Cross-sectional case-control study after 2007 wildfire comparing 'damnified' victims with controls; no pre-event baseline or temporal exposure variation. Only p-values for group differences reported, no hazard effect size or uncertainty.",DO_NOT_ADVANCE_MAIN_META
599,D0067736,Influence of compensation satisfaction on change of health-related quality of life after a flood,2010,European Neuropsychopharmacology,flood,FULLTEXT_REVIEW,"A designated cohort had SF-36 data before the flood and repeated post-flood assessments, but the abstract focuses on compensation satisfaction and does not report a direct flood effect with uncertainty.",NARRATIVE_ONLY,"Single flood cohort has pre-event and post-event HRQOL/depression/PTSD data, but abstract analyzes compensation satisfaction as predictor of change and reports no flood hazard effect estimate; no hazard exposure variation or credible counterfactual for flood effect.",ADJUDICATE_PRIORITY
600,D0069890,Psychiatric disorders among adults seeking emergency disaster assistance after a wildland-urban interface fire,2007,Psychiatric Services,wildfire,NARRATIVE_ONLY,"Relief-seeking wildfire survivors were enrolled days after evacuation and followed for three months; there was no pre-fire mental-health outcome, and self-reported damage and injury were predictors.",NARRATIVE_ONLY,"Exposed-only post-event cohort recruited from relief centers. Outcomes measured only at 3-month follow-up with no pre-event outcome or unaffected comparator. Exposure is self-reported fire exposure/property damage/injury. Analysis reports prevalence and predictors of psychopathology, not a wildfire effect with a credible counterfactual.",DO_NOT_ADVANCE_MAIN_META
601,D0069928,Pretrauma and posttrauma neurocognitive functioning and PTSD symptoms in a community sample of young adults,2007,The American Journal of Psychiatry,wildfire,EXCLUDE,The analysis treats fire-related PTSD symptoms as predictors of neurocognitive change among fire-exposed participants; it does not estimate the wildfire's effect on an eligible mental-health outcome.,NARRATIVE_ONLY,Abstract analyzes PTSD symptoms as predictors of neurocognitive change and pretrauma cognition as vulnerability factors in an exposed-only post-fire cohort; it does not estimate a fire hazard effect on mental health with a credible counterfactual or report an extractable hazard effect.,DO_NOT_ADVANCE_MAIN_META
602,D0070013,Swept away: Use of general medical and mental health services among veterans displaced by Hurricane Katrina,2007,The American Journal of Psychiatry,cyclone,META_ELIGIBLE,Veterans in Katrina-affected regions were compared with same-month cohorts from the prior two years; adjusted models report large hurricane-period declines in mental-health and substance-use service use.,FULLTEXT_REVIEW,"Abstract uses VA administrative data comparing post-Katrina service use to prior-year cohorts, providing objective cyclone exposure and a temporal counterfactual for psychiatric service use. But reported adjusted effect is for any outpatient services; abstract does not give mental-health-specific estimate or uncertainty, so full text is needed to confirm extractable psychiatric service-use effect.",FULLTEXT_REVIEW
603,D0070197,The impact of hurricane sandy on mental health-related emergency departments visits,2014,Annals of Emergency Medicine,cyclone,META_ELIGIBLE,The study compares mental-health ED visits during Hurricane Sandy and the following five days with matched weekdays in four prestorm weeks and reports a 28% change with a 95% CI.,META_ELIGIBLE,Hurricane Sandy is an objectively observed tropical cyclone; mental health-related ED visits are eligible psychiatric service use; pre-storm same-weekday baseline provides a temporal counterfactual; reports 28% decrease with 95% CI.,PRIORITY_FULLTEXT
604,D0071387,The reproduction of loss: Immediate and longer-term stressors and the mental health of Hurricane Ike survivors,2013,Comprehensive Psychiatry,cyclone,NARRATIVE_ONLY,"All three assessments occurred 2-18 months after Hurricane Ike, and exposure was a self-reported stressor inventory; retrospective predisaster mental health does not provide a measured pre-event outcome baseline.",NARRATIVE_ONLY,"Exposure is self-reported hurricane-related stressors (e.g., property loss, health problems, resource loss), not objectively measured or externally verifiable cyclone hazard variation. All three waves are postdisaster with no pre-event outcome baseline; path models link stressors to PTSD/depression rather than estimating a hazard effect.",DO_NOT_ADVANCE_MAIN_META
605,D0071637,Mental health research for the 2011 flood affected people in Thailand,2013,Tropical Medicine and International Health,flood,NARRATIVE_ONLY,"This is a single postflood questionnaire survey comparing self-reported affected and nonaffected respondents and home water levels, with no pre-event outcome or credible temporal counterfactual.",NARRATIVE_ONLY,"Single post-flood cross-sectional questionnaire survey comparing affected vs non-affected people; flood exposure is self-reported and no pre-flood mental health outcome was measured, so no credible counterfactual for causal inference.",DO_NOT_ADVANCE_MAIN_META
606,D0072415,"Urban morbidity in summer: Ambulance dispatch data, periodicity and weather",2012,Central European Journal of Medicine,temperature,FULLTEXT_REVIEW,"Summer ambulance calls were linked to an objective air-mass weather classification and psychiatric calls rose with temperature, but no psychiatric effect estimate or uncertainty is given.",FULLTEXT_REVIEW,"Plausible time-series of ambulance calls and objective weather/air mass; psychiatric calls rose significantly with temperature, but abstract gives no hazard-specific effect size or confidence interval. Full text needed to confirm model adjustment, exposure definition, and extractable quantitative effect.",FULLTEXT_REVIEW
607,D0072865,Quality of life after a wildfire disaster in a rural area of Greece,2012,European Psychiatry,wildfire,NARRATIVE_ONLY,"The abstract explicitly describes a cross-sectional case-control comparison conducted three years after the wildfire, without a pre-event outcome or quasi-experimental counterfactual.",NARRATIVE_ONLY,"Cross-sectional case-control study comparing wildfire victims to controls three years post-event. No pre-event baseline or temporal exposure variation, so exposed/unexposed single post-event comparison cannot support causal inference for meta-analysis.",DO_NOT_ADVANCE_MAIN_META
608,D0072870,Long-term psychological effects of a wildfire disaster in Greece,2012,European Psychiatry,wildfire,NARRATIVE_ONLY,Victims and controls were assessed at six months and three years after the wildfire; the repeated observations describe postevent recovery and retain no measured pre-event distress baseline.,NARRATIVE_ONLY,"Wildfire victims vs controls were assessed at 6 months and 3 years post-disaster only; no pre-disaster baseline exists, so hazard effect cannot be separated from pre-existing differences. Abstract calls design cross-sectional and reports post-event differences, making causal meta-analysis unsuitable.",DO_NOT_ADVANCE_MAIN_META
609,D0073285,Trends in adolescent health needs following Hurricane Katrina: Analysis from high ground,2012,Journal of Adolescent Health,cyclone,META_ELIGIBLE,"Repeated school screening data span pre-Katrina, Katrina-year, and post-Katrina periods; adjusted comparisons report depression odds and 95% CIs against the pre-event period.",FULLTEXT_REVIEW,"Abstract reports before/during/after Hurricane Katrina comparison of GAPS screening data with adjusted OR for depression, but does not clarify whether the repeated cross-sectional design controlled for secular trends or used a credible counterfactual. Pre-post period comparison alone may not be causal; full text needed to verify design, exposure assignment, and adjustment.",FULLTEXT_REVIEW
610,D0074346,Flood-related prenata maternal stress effects childhood anxiety symptomatology; The QF2011 Queensland flood study,2017,Journal of Paediatrics and Child Health,flood,NARRATIVE_ONLY,Flood hardship was assessed by mothers shortly after the event and related to later child anxiety within an exposed pregnancy cohort; no external hazard linkage or credible unexposed counterfactual is described.,NARRATIVE_ONLY,"Exposed-only pregnancy cohort with flood exposure gradient and child anxiety at age 4. No pre-event outcome or unexposed counterfactual; post-event gradient alone is not a credible causal design, and abstract lacks quantitative effect size/uncertainty.",DO_NOT_ADVANCE_MAIN_META
611,D0074931,Seasonal variations in hospital admissions for mania: Examining for associations with weather variables over time,2016,Journal of Affective Disorders,temperature,FULLTEXT_REVIEW,"Nationwide mania admissions were linked to meteorological institute data over 1995-2012, but the abstract reports only significant associations and no temperature effect estimate or uncertainty.",FULLTEXT_REVIEW,"Danish register-based cohort with objectively measured meteorological variables and year-to-year temporal variation; mania admissions likely eligible as psychiatric service use, but abstract reports only qualitative associations without coefficients or uncertainty. Full text needed to confirm extractable temperature effect and credible time-series adjustment.",FULLTEXT_REVIEW
612,D0075705,Climate change but not unemployment explains the changing suicidality in Thessaloniki Greece (2000–2012),2016,Journal of Affective Disorders,temperature,FULLTEXT_REVIEW,"Observed gridded climate data were related to annual and seasonal suicide outcomes over 2000-2012, but no temperature coefficient with uncertainty is reported.",FULLTEXT_REVIEW,"Abstract supports objective gridded temperature exposure and suicide outcomes over 13 years, but it reports only correlations/variance explained, not a temperature coefficient with uncertainty. Full text must confirm time-series model, temporal controls, and an extractable hazard effect.",FULLTEXT_REVIEW
613,D0075764,"The impact of a natural disaster on physical and mental health: Offspring morbidity and crop loss as mediators of paternal testosterone, cortisol, and depression among Bolivian forager-farmers",2016,American Journal of Physical Anthropology,flood,NARRATIVE_ONLY,"Interviews occurred only after the flood, nearly all households reported crop loss, and self-reported loss and child morbidity were used as exposure gradients without a pre-event outcome or external linkage.",NARRATIVE_ONLY,"Single-wave post-flood survey; exposure gradient is self-reported crop loss and child morbidity, not objective flood variation. No pre-event mental-health baseline or unexposed comparison, so reported p-values are damage-severity correlates rather than a hazard effect.",DO_NOT_ADVANCE_MAIN_META
614,D0076312,The Effect of Extreme Heat on Mental Health - Evidence from Australia,2015,International Journal of Epidemiology,temperature,META_ELIGIBLE,A two-wave individual panel was linked to government gridded daily temperature and analyzed with fixed effects; same-day extreme heat effects on mental wellbeing are reported with 95% CIs.,META_ELIGIBLE,"Original panel study uses HILDA survey and gridded temperature; fixed effects quantify same-day extreme heat on mental wellbeing, with 95% CI reported. Meets all criteria.",PRIORITY_FULLTEXT
615,D0076777,No Uhthoff phenomenon due to ambient temperature in a large natural cohort of multiple sclerosis patients,2015,Multiple Sclerosis,temperature,FULLTEXT_REVIEW,"Repeated depression ratings were matched to official weather and analyzed with mixed models, but the abstract gives only P<0.01 for the warmer-month depression association and no magnitude or uncertainty interval.",FULLTEXT_REVIEW,"Repeated assessments matched to objective weather data measure depression and likely use panel methods, but abstract reports only direction/P value for temperature-depression association, not an extractable coefficient/CI.",FULLTEXT_REVIEW
616,D0077381,Childhood sleep patterns longitudinally predict later post-traumatic stress after Hurricane harvey,2019,Sleep Medicine,cyclone|flood,EXCLUDE,"The analysis estimates whether pre-hurricane sleep predicts post-Harvey PTSD and stress; hurricane adversity is only a control, and no hurricane hazard effect on mental health is estimated.",NARRATIVE_ONLY,"Longitudinal predictor study of pre-hurricane sleep and post-Harvey PTSD in 69 exposed youth; hurricane adversity is self-reported and only a covariate, with no hazard effect or counterfactual estimated.",DO_NOT_ADVANCE_MAIN_META
617,D0077400,Declines in mental health associated with air pollution and temperature variability in China,2019,Nature Communications,temperature,FULLTEXT_REVIEW,"Mental-health change from 2010 to 2014 was linked to changes in temperature variability and other environmental factors, but the abstract omits the exposure source and a temperature-specific estimate with uncertainty.",FULLTEXT_REVIEW,"Two-wave survey links changes in mental health to environmental changes, including temperature; plausibly longitudinal with pre-baseline. However abstract reports only directional associations and a null mean-temperature finding without effect sizes/uncertainty, and exposure measurement/counterfactual are not explicit. Full text needed to verify hazard-specific estimates.",FULLTEXT_REVIEW
618,D0077424,Extreme weather events and the onset of psychotic depression,2019,Neuropsychopharmacology,temperature,META_ELIGIBLE,NOAA weather anomalies in eight pre-onset risk periods were related to psychotic-depression onset within cases; temperature odds ratios and P<0.0001 are reported from longitudinal logistic models.,META_ELIGIBLE,"Abstract describes longitudinal logistic regression across 7-day risk periods within patients, comparing extreme weather events to non-event periods; objective NOAA temperature extremes; reports OR=1.37 for temperature with p<0.0001; psychotic depression is a depression subtype.",PRIORITY_FULLTEXT
619,D0078035,Associations between ambient high temperatures and suicide mortality: a multi-city time-series study in China,2019,Environmental science and pollution research international,temperature,META_ELIGIBLE,"A 31-city distributed-lag time-series model adjusted for trend, seasonality, and humidity and reports the pooled high-temperature suicide relative risk with a 95% CI.",META_ELIGIBLE,"Multi-city time-series study uses objectively measured ambient temperature, distributed lag non-linear models, and pooled relative risks for suicide mortality. Reports RR 1.37 (95% CI 0.96-2.57), satisfying causal meta-analysis criteria.",PRIORITY_FULLTEXT
620,D0078623,Toddler's stress regulation mediates the association between disaster-related prenatal maternal stress and early childhood anxiety: The QF2011 Queensland flood study,2019,Journal of Paediatrics and Child Health,flood,NARRATIVE_ONLY,The reported mediation concerns mothers' subjective flood stress and later child anxiety within a prenatally exposed cohort; there is no externally linked hazard exposure or causal counterfactual.,NARRATIVE_ONLY,"Cohort of flood-exposed pregnant women with child anxiety at 4 years; no pre-event outcome or unexposed counterfactual. Main tested exposure is maternal subjective stress (self-report), and abstract reports mediation/predictive associations, not a flood hazard effect with uncertainty.",DO_NOT_ADVANCE_MAIN_META
621,D0078732,Short-term impacts of air temperature on hospitalizations for mental disorders in Lisbon,2019,Science of the Total Environment,temperature,META_ELIGIBLE,"Daily temperature and mental-disorder admissions were analyzed with a distributed-lag quasi-Poisson time-series model adjusted for temporal and environmental confounders, with significant lagged effects reported.",FULLTEXT_REVIEW,"Original time-series study using quasi-Poisson GAM with DLNM to estimate daily mean temperature effects on mental disorder hospitalizations in Lisbon. Objective exposure and eligible psychiatric service use; abstract reports significant high-temperature association but omits numeric effect estimate/uncertainty, preventing META_ELIGIBLE; full text must confirm extractable adjusted RR/CI.",FULLTEXT_REVIEW
622,D0079328,5.52 Toddler Cortisol Profiles Predicts Early Childhood Anxiety in a Prenatally Stressed Cohort: The QF2011 Queensland Flood Study,2018,Journal of the American Academy of Child and Adolescent Psychiatry,flood,NARRATIVE_ONLY,"Maternal flood hardship and emotional reactions were questionnaire-reported after the event and related to later child anxiety through cortisol, without an external hazard linkage or credible counterfactual.",NARRATIVE_ONLY,"Abstract reports a mediation study of flood-related prenatal maternal stress (PNMS) using self-report questionnaires for objective hardship/subjective reactions; no pre-event outcome or unaffected comparison is described, and only mediation indices are reported, not a direct flood hazard effect on anxiety.",DO_NOT_ADVANCE_MAIN_META
623,D0079535,Impact of hurricane Maria on a cohort of systemic lupus erythematosus patients from Puerto Rico,2018,Arthritis and Rheumatology,cyclone,META_ELIGIBLE,"The same lupus cohort had SF-36 mental-health measurements before and after Hurricane Maria; paired comparisons report means, SDs, and P values for the posthurricane decline.",META_ELIGIBLE,"Original cohort study assessed SF-36 mental health before and after Hurricane Maria, using within-person pre/post exposure variation. Reports mental health component mean lower after (60.2 vs 65.2, p=0.011), providing quantitative effect and uncertainty. Exposure objectively defined as hurricane occurrence.",PRIORITY_FULLTEXT
624,D0080090,Occupational exposures and psychological symptoms among fire fighters and police during a major wildfire: The carmel cohort study,2018,Occupational and Environmental Medicine,wildfire,NARRATIVE_ONLY,First responders were enrolled after the fire and retrospectively reported occupational stressors; prospective symptom follow-up starts postevent and does not supply a measured prefire mental-health baseline or changing hazard exposure.,NARRATIVE_ONLY,"Exposure is self-reported occupational stressors (fear, risk perception, proximity), not objective/verifiable wildfire hazard; exposed-only post-event follow-up lacks pre-event baseline and credible counterfactual. Reported ORs are for stressors, not a hazard effect.",DO_NOT_ADVANCE_MAIN_META
625,D0080191,Developmental trajectories of anxiety symptoms following exposure to prenatal stress: The QF2011 Queensland flood study,2018,Journal of Paediatrics and Child Health,flood,NARRATIVE_ONLY,"Flood-related prenatal hardship and distress were reported by mothers after the event and related to child temperament and anxiety in an exposed cohort, without external hazard linkage or a credible counterfactual.",NARRATIVE_ONLY,"Flood-exposed pregnancy cohort; exposure is maternal-reported flood-related PNMS (objective hardship, cognitive appraisal, subjective distress) and child anxiety outcomes measured only after birth, with no pre-event baseline/unexposed counterfactual. Mediation results do not provide a hazard effect with uncertainty.",DO_NOT_ADVANCE_MAIN_META
626,D0081367,Expressions of Resilience: Social Media Responses to a Flooding Event,2021,Risk analysis : an official publication of the Society for Risk Analysis,flood,EXCLUDE,"The study describes aggregate emotional language in Twitter posts before, during, and after flooding; it does not measure an eligible individual mental-health or subjective-wellbeing outcome.",EXCLUDE,The study analyzes social media language expressions of emotion/resilience before/during/after a flood; these are not person-level mental-health or subjective-wellbeing outcomes required for inclusion.,DO_NOT_ADVANCE_MAIN_META
627,D0081422,Impact of Heatwaves on use of health services (GP and Emergency department visits),2021,International Journal of Epidemiology,temperature,FULLTEXT_REVIEW,"A time-stratified case-crossover model uses objectively defined heatwaves and notes increased psychiatric GP services, but gives no psychiatric-specific relative risk or uncertainty.",FULLTEXT_REVIEW,"Objective heatwave exposure (Excess Heat Factor) with time-stratified case-crossover design; psychiatric service use is an eligible outcome and increased during severe/extreme heatwaves, but abstract reports no psychiatric-specific RR/CI, only overall and respiratory/heat-illness estimates.",FULLTEXT_REVIEW
628,D0081912,"Cardiometabolic conditions and their risk factors among adults in Puerto Rico before and after hurricane maría, 2015-2019",2021,Circulation,cyclone,FULLTEXT_REVIEW,"A subset of 87 participants had repeated pre- and post-Maria psychosocial measures, but the abstract supplies only crude percentages and qualitative repeated-participant differences without an adjusted hurricane effect and uncertainty.",NARRATIVE_ONLY,"Abstract contrasts prevalence of depressive symptoms and perceived stress before (2015) and after (2019) Hurricane Maria using two cross-sectional samples and a small returning subset, reporting prevalence differences with p-values rather than estimating a hazard effect with a credible counterfactual. This is descriptive pre/post prevalence, not causal.",ADJUDICATE_PRIORITY
629,D0081914,Health care access and health indicators in puerto rico pre-and post-hurricane maria: Analysis of data from 2015-2018 behavioral risk factor surveillance system,2021,Circulation,cyclone,FULLTEXT_REVIEW,"BRFSS depression was compared across three pre-Maria years and one post-Maria year, but the abstract does not report the depression result or establish that the repeated cross-sections support a credible hurricane counterfactual.",NARRATIVE_ONLY,Repeated cross-sectional BRFSS surveys pre/post Hurricane Maria with no within-person baseline or credible counterfactual; authors note compositional change from migration. Depression was listed as an outcome but no mental-health effect estimate is reported.,ADJUDICATE_PRIORITY
630,D0082720,The Health of Firefighters Deployed to the Fort McMurray Fire: Lessons Learnt,2021,Frontiers in public health,wildfire,NARRATIVE_ONLY,Firefighters were recruited after deployment and followed only after the fire; estimated PM2.5 and later symptoms lack a measured prefire mental-health outcome or unexposed temporal counterfactual.,NARRATIVE_ONLY,"Cohort of firefighters recruited after wildfire with estimated PM2.5 exposure and post-event HADS anxiety/depression; no pre-fire baseline outcome. High-vs-low exposure mental health comparison is a post-event exposure gradient, so no credible counterfactual for causal meta-analysis.",DO_NOT_ADVANCE_MAIN_META
631,D0083092,25.2 CLIMATE CHANGE AND HURRICANES: THE EFFECT OF HURRICANE-RELATED STRESS ON INFANT TEMPERAMENT,2020,Journal of the American Academy of Child and Adolescent Psychiatry,cyclone,NARRATIVE_ONLY,"Pregnant survivors retrospectively completed a disaster exposure scale after Maria, and postevent maternal symptoms were correlated with infant temperament; no external exposure linkage or pre-event mental-health baseline is described.",NARRATIVE_ONLY,"Single-wave post-event correlation study in 54 mother-infant dyads exposed to Hurricane Maria; no pre-event baseline or unexposed comparator; Spearman correlations only, no extractable hazard-effect estimate.",DO_NOT_ADVANCE_MAIN_META
632,D0083437,"Risk assessment of temperature and air pollutants on hospitalizations for mental and behavioral disorders in Curitiba, Brazil",2020,Environmental Health: A Global Access Science Source,temperature,META_ELIGIBLE,"Daily temperature and mental-disorder admissions were analyzed with GAM and distributed-lag time-series models, and sex-specific temperature relative risks with 95% CIs are reported.",META_ELIGIBLE,"Time-series study uses daily meteorological temperature and hospital admissions for mental/behavioral disorders in Curitiba, with GAM+DLNM; reports temperature RRs with 95% CIs, satisfying causal meta-analysis criteria.",PRIORITY_FULLTEXT
633,D0084202,Anomalously warm temperatures are associated with increased injury deaths,2020,Nature Medicine,temperature,FULLTEXT_REVIEW,"A 38-year spatiotemporal model links monthly temperature anomalies to injury deaths and states that suicide deaths increase, but reports only an all-injury estimate rather than a suicide-specific effect and uncertainty.",FULLTEXT_REVIEW,"Abstract reports a quantitative effect for all injury deaths combined, not a suicide-specific mental-health estimate. Suicide is named as a component, but no estimate or uncertainty for suicide alone is provided, so the eligible outcome effect is not extractable from the abstract.",FULLTEXT_REVIEW
634,D0084682,Effects of Environmental and Socioeconomic Inequalities on Health Outcomes: A Multi-Region Time-Series Study,2022,International Journal of Environmental Research and Public Health,temperature,FULLTEXT_REVIEW,"Public daily meteorological and hospitalization time series show mental disorders associated with temperature extremes, but no mental-disorder effect estimate or uncertainty is reported.",FULLTEXT_REVIEW,"Time-series of objective meteorological data and administrative mental disorder outcomes is plausible, but abstract lacks mental-specific effect size/uncertainty; it reports only qualitative statement and numeric examples for cardiorespiratory outcomes.",FULLTEXT_REVIEW
635,D0085488,"Impact of unseasonable flooding on women's food security and mental health in rural Sylhet, Bangladesh: a longitudinal observational study",2022,The Lancet Planetary Health,flood,FULLTEXT_REVIEW,"Depressive symptoms were measured before and after the flood and remote sensing mapped flood extent, but the reported household exposure is self-reported and the abstract does not say it was externally linked at the participant level.",FULLTEXT_REVIEW,"Flood exposure was self-reported as greatly affected, while remote sensing was used to detect flood extent. Pre-flood depressive symptoms and ORs with p-values are reported, but objective exposure assignment and credible counterfactual need confirmation.",FULLTEXT_REVIEW
636,D0086622,Climate rather than economic variables might have caused increase in US homicide but not suicide rates during the Great Depression,2022,Psychiatry Research,temperature,FULLTEXT_REVIEW,"A 1900-1940 national time series uses climatic records and reports no climate role in suicide, but provides no null temperature effect estimate or uncertainty.",FULLTEXT_REVIEW,"Time-series of US 1900-1940 using objective climatic variables and suicide rates (eligible), but abstract reports climate effect only for homicide and no quantitative climate-suicide estimate or uncertainty, so full text must confirm extractable suicide effect.",FULLTEXT_REVIEW
637,D0089092,Religiosity and Social Support Predict Resilience in Older Adults After a Flood,2023,International journal of aging & human development,flood|cyclone,NARRATIVE_ONLY,"Once-flooded, twice-flooded, and control adults were compared at one postevent assessment using reported damage histories; the analysis predicts resilience without a pre-event outcome or temporal counterfactual.",NARRATIVE_ONLY,"Cross-sectional post-event comparison of three flood exposure groups; no pre-event baseline or credible counterfactual. Main aim is predicting resilience from religiosity/social support, and flood damage only reported as unrelated without a quantitative hazard effect.",DO_NOT_ADVANCE_MAIN_META
638,D0089451,A CLOSER LOOK AT INDIRECT CAUSES OF DEATH AFTER HURRICANE MARIA USING A SEMIPARAMETRIC MODEL,2023,medRxiv,cyclone,FULLTEXT_REVIEW,"A semiparametric post-Maria excess-mortality model adjusts for time and displacement and reports no significant excess suicide deaths, but gives no suicide effect estimate or uncertainty.",FULLTEXT_REVIEW,"Objective Hurricane Maria exposure and suicide mortality are eligible, with a semiparametric time-series design adjusting for intra-annual variability and displacement. However, the abstract reports only 'no evidence' of excess suicide deaths without a suicide-specific quantitative effect or uncertainty, so extractability must be confirmed in full text.",FULLTEXT_REVIEW
639,D0090450,The association between outdoor ambient temperature and depression and mania: an ecological momentary assessment study,2024,medRxiv,temperature,META_ELIGIBLE,Repeated symptom scales were linked by smartphone geolocation to grid temperature and analyzed with mixed-effects models; temperature IRRs for depression and mania are reported with 95% CIs.,META_ELIGIBLE,"Longitudinal EMA with repeated depressive symptom measures and objective geolocation-based ambient temperature. Mixed-effects regression reports adjusted coefficient with 95% CI, using within-participant temporal variation in temperature. Depressive symptoms are an eligible mental-health outcome.",PRIORITY_FULLTEXT
640,D0091220,Hurricane floods and quality of life among gynecological cancer patients in Puerto Rico: A retrospective cohort study,2024,Cancer Epidemiology Biomarkers and Prevention,cyclone|flood,NARRATIVE_ONLY,Participants were retrospectively interviewed two years after the hurricanes about flood experience and pre/post distress; this single-wave recalled comparison lacks a measured pre-event baseline and objective flood linkage.,NARRATIVE_ONLY,"Flood exposure is self-reported from a one-time retrospective interview; mental distress AORs compare post-hurricane exposed vs unexposed without baseline mental distress adjustment, so no credible causal counterfactual.",DO_NOT_ADVANCE_MAIN_META
641,D0091748,The Association Between Outdoor Ambient Temperature and Depression and Mania: An Ecological Momentary Assessment Study,2024,BJPsych Open,temperature,META_ELIGIBLE,Repeated depression and mania scales were linked by smartphone geolocation to gridded temperature and analyzed with mixed-effects models; IRRs and 95% CIs are reported.,META_ELIGIBLE,"EMA repeated-measures design with real-time geolocated ambient temperature and PHQ-8 depression scores; negative binomial mixed-effects models report IRRs and 95% CIs, satisfying objective exposure, temporal within-person variation, eligible outcome, and extractable effects.",PRIORITY_FULLTEXT
642,D0091891,"Immediate and delayed effects of environmental temperature on schizophrenia admissions in Liuzhou, China, 2013-2020: a time series analysis",2024,International journal of biometeorology,temperature,META_ELIGIBLE,"Daily mean temperature and schizophrenia admissions were analyzed over eight years with Poisson distributed-lag models, with statistically significant immediate and cumulative relative risks described.",FULLTEXT_REVIEW,"Time-series DLNM of daily mean temperature and schizophrenia admissions; reports relative risks and lag effects but abstract lacks numeric effect estimates and uncertainty, so extractable quantitative hazard effect requires full text.",FULLTEXT_REVIEW
643,D0091944,The impact of wildfires on mental health,2024,BMC Proceedings,wildfire,FULLTEXT_REVIEW,"An annual household panel uses satellite fire points and modeled wildfire PM2.5 with two-way fixed effects, but reports predicted probabilities without a model effect estimate and uncertainty.",FULLTEXT_REVIEW,"Abstract reports panel fixed-effect estimates of wildfire-driven PM2.5 days on depression/anxiety probabilities, but gives point predictions without confidence intervals, standard errors, or exact p-values. Full text must confirm an extractable adjusted hazard effect with uncertainty.",FULLTEXT_REVIEW
644,D0093061,Association of short-term ambient environmental exposures with suicide and drug overdose deaths among U.S. veterans,2026,American journal of epidemiology,temperature,META_ELIGIBLE,County-level daily maximum temperature was assessed in a bidirectional time-stratified case-crossover design; conditional logistic models report lagged percentage increases in veteran suicide mortality.,META_ELIGIBLE,"Case-crossover of U.S. veterans with objectively assigned ambient temperature at county of residence; conditional logistic regression reports an IQR increase in maximum temperature associated with 19% higher suicide mortality. Suicide is an eligible outcome, and the adjusted effect is explicitly extractable.",PRIORITY_FULLTEXT
645,D0093225,Extreme Heat and Mental Health Service Use Amongst Individuals with Pre-Existing Mental Health Conditions - A Time Series Population-Based Study,2026,SSRN,temperature,META_ELIGIBLE,Daily mental-health admissions and contacts were linked to HadUK-Grid temperatures and analyzed with conditional-Poisson distributed-lag time-series models; admission RRs and intervals are reported.,META_ELIGIBLE,"Time-series population-based study using daily 1km gridded temperature linked to >2m psychiatric admissions and community contacts. Conditional Poisson DLNM estimates extreme heat effect on mental health service use, reporting RR 1.06 (1.04-1.08) for admissions.",PRIORITY_FULLTEXT
646,D0093282,Investigating the Dynamic Coevolution of Coping Self-Efficacy and Posttraumatic Stress Symptoms after Hurricane Florence: An Empirical Test of Self-Regulation Shift Theory,2026,SSRN,cyclone,NARRATIVE_ONLY,Six weeks of post-Florence symptom trajectories test coevolution of coping efficacy and PTSS among survivors; hurricane exposure does not vary during follow-up and no hazard effect is estimated.,NARRATIVE_ONLY,"Analyzes coevolution of coping self-efficacy and PTSS among 81 Hurricane Florence survivors using six weeks EMA; no objective within-study hazard variation or counterfactual, and no hurricane effect estimate. Unsuitable for causal hazard meta-analysis.",DO_NOT_ADVANCE_MAIN_META
647,D0093336,Mental Health Support Seeking Behaviour During Hot Weather: Daily Time-Series Regression Analysis of Almost 2 Million Calls Made to NHS Mental Health Hotlines in England,2026,SSRN,temperature,META_ELIGIBLE,Nearly two million daily mental-health hotline calls were linked to location-specific temperature and analyzed with distributed-lag time-series regression; heat relative risks and confidence intervals are reported.,META_ELIGIBLE,"Daily time-series of 1,916,748 NHS mental health hotline calls linked to location-specific daily mean temperature using distributed lag non-linear models, controlling for trend, seasonality, and day-of-week. Reports relative risks with confidence intervals for temperature percentiles, satisfying an extractable quantitative hazard effect with temporal counterfactual.",PRIORITY_FULLTEXT
648,D0093420,"Long-term temperature exposure and depression incidence in the Nurses’ Health Study II, a U.S.-based prospective cohort",2026,Environment International,temperature,META_ELIGIBLE,"A depression-free prospective cohort was followed for incident depression, with annual PRISM temperature linked to updated addresses; adjusted hazard ratios and 95% CIs are reported.",META_ELIGIBLE,Prospective cohort with time-varying objectively modeled annual PRISM temperature linked to biennial addresses; incident clinician-diagnosed depression; adjusted Cox HR 1.06 per IQR (95% CI 1.02-1.08) reported.,PRIORITY_FULLTEXT
649,D0093501,Impact of Outdoor Environmental Exposome on Depressive Symptoms Among Children Aged 9–14 in China,2026,Environmental Science and Technology,temperature,FULLTEXT_REVIEW,"A two-wave student study finds temperature associated with depressive symptoms among 20 exposures, but the abstract does not state the temperature source, temporal exposure contrast, or temperature-specific effect with uncertainty.",FULLTEXT_REVIEW,"Longitudinal exposome-wide study with objectively assessed temperature among 20 exposures and depressive symptoms, but abstract reports no temperature-specific effect size or CI and does not clarify whether analysis uses within-unit temporal variation in temperature.",FULLTEXT_REVIEW
650,D0093685,Differential Associations of Heat Metrics with Wellbeing across 13 Thai Provinces: The Role of Social Vulnerability in a Longitudinal Cohort of Older Adults,2026,medRxiv,temperature,META_ELIGIBLE,Longitudinal older-adult data were linked to provincial meteorology and mixed models explicitly decomposed within-province monthly heat fluctuations; psychological-distress effects and 95% CIs are reported.,META_ELIGIBLE,"Original longitudinal cohort linked to province-level meteorological data; uses within-province monthly heat variation in multilevel mixed-effects models to estimate effects on psychological distress and self-rated mental health, with β coefficients and 95% CIs reported.",PRIORITY_FULLTEXT
651,D0093999,Association between occupational heat exposure and mental health among informal workers in Tamil Nadu,2026,Indian Journal of Occupational and Environmental Medicine,temperature,NARRATIVE_ONLY,"WBGT was objectively measured, but the study is explicitly cross-sectional and relates contemporaneous heat, heat illness, working conditions, and distress without a temporal counterfactual.",NARRATIVE_ONLY,"Cross-sectional survey of 300 informal workers with WBGT-measured heat exposure and concurrent psychological distress. No temporal or quasi-experimental counterfactual; reported ORs are same-wave associations (e.g., HRI with distress), not a credible hazard effect on mental health.",DO_NOT_ADVANCE_MAIN_META
652,D0094363,Prenatal heat and air pollution exposure alter progesterone and child behavior: A longitudinal study,2025,Environmental Research,temperature,NARRATIVE_ONLY,"Prenatal heat is represented by trimester exposure to summer and related to later child internalizing behavior, but the cohort has no pre-exposure outcome or quasi-experimental counterfactual and heat is confounded with season.",FULLTEXT_REVIEW,Prospective cohort reports beta/P for prenatal heat on child internalizing/externalizing. Abstract does not resolve whether heat used measured ambient temperature or only summer-month calendar proxy; outcome measure not confirmed as an eligible mental-health outcome; adjustment/identification strategy unclear.,ADJUDICATE_PRIORITY
653,D0094599,EXPANSE Urban Labs: a panel study to deepen understanding of healthy urban living environments,2025,SSRN,temperature,NARRATIVE_ONLY,"The illustrative depression result uses perceived heat and reported fan use; despite repeated panel measurements, no objectively measured temperature effect on depression is reported.",NARRATIVE_ONLY,"The abstract clearly describes a time-varying association between perceived heat and depression. Exposure is self-reported perceived heat, not objectively measured temperature, so the study is unsuitable for the causal meta-analysis.",DO_NOT_ADVANCE_MAIN_META
654,D0094613,Cumulative effects of severe childhood maltreatment and flood-related residential displacement on PTSD risk among pregnant women in southern Brazil,2025,SSRN,flood,NARRATIVE_ONLY,"Women were assessed once after the flood, and self-reported residential displacement was associated with PTSD; no measured preflood outcome or externally linked exposure is described.",NARRATIVE_ONLY,"Cross-sectional study of postpartum women after a 2024 flood; residential displacement vs not has no pre-event baseline or credible counterfactual. Although PTSD effects are quantified with uncertainty, design cannot support causal flood effect.",DO_NOT_ADVANCE_MAIN_META
655,D0095370,Linking climate change to self-harm: A global study of over 200 countries from 1990 to 2020,2025,medRxiv,temperature,FULLTEXT_REVIEW,"Global 1990-2020 datasets relate temperature change and other climate parameters to self-harm with GAMs, but the abstract does not establish objective linkage, within-country temporal identification, or a temperature-specific extractable effect.",FULLTEXT_REVIEW,"Abstract reports self-harm associations with 'climate change parameters' including greenhouse gas emission, temperature change, and PM2.5. It does not isolate objective ambient temperature as the registered hazard, nor report a hazard-specific quantitative effect with uncertainty or a clear counterfactual; full text must establish these.",FULLTEXT_REVIEW
656,D0095528,Heat and Health Service Use: A Spatiotemporal Analysis,2025,medRxiv,temperature,FULLTEXT_REVIEW,"Twenty years of weekly regional data were analyzed with fixed-effects panels and acute heatwaves were associated with mental-health service use, but no mental-health effect magnitude or uncertainty is reported.",FULLTEXT_REVIEW,"Fixed-effects panel models use objectively measured weekly maximum temperature and heatwave events to estimate effects on mental health service use, a credible within-unit temporal design and eligible outcome. However, abstract reports only directional associations and no quantitative effect or uncertainty, so full text must confirm extractable adjusted estimates.",FULLTEXT_REVIEW
657,D0095682,"Black Summer bushfires and psychological distress of young people: what mental health, economic, social, and community resources are risk and protective factors?",2025,medRxiv,wildfire,FULLTEXT_REVIEW,"A prospective cohort has extensive prefire mental-health history and postfire distress, but the abstract does not state whether Black Summer fire exposure was externally linked rather than self-reported or provide the fire-effect estimate.",FULLTEXT_REVIEW,"Prospective cohort of LSAC with K10 distress and bushfire exposure, but abstract reports only moderation results and no quantitative hazard effect with uncertainty; exposure measurement and counterfactual are unspecified.",FULLTEXT_REVIEW
658,D0095693,Differential Associations of Daytime and Nighttime Heatwave Intensity with Hospitalizations for Mental and Neurological Disorders in California: Humid Nighttime Heatwaves as a Stronger Driver,2025,SSRN,temperature,META_ELIGIBLE,"GridMET daytime and nighttime heatwave indices were analyzed in a time-stratified case-crossover design, with mental-disorder hospitalization percentage changes and 95% CIs reported.",META_ELIGIBLE,"Time-stratified case-crossover using gridMET temperature-based heatwave indices and California hospitalization records; reports 1.23% (95% CI 1.00-1.46%) increase in mental disorder hospitalizations per 1°C nighttime HWI, an eligible objective temperature exposure and psychiatric service use outcome.",PRIORITY_FULLTEXT
659,D0095700,Living through the heat: How urban children and young people experience and envision healthier cities,2025,medRxiv,temperature,NARRATIVE_ONLY,Separate online survey responses collected during heatwave and nonheatwave periods are compared without repeated within-person outcomes or a quasi-experimental counterfactual.,NARRATIVE_ONLY,Abstract describes online surveys comparing heatwave and non-heatwave periods; no within-person pre-exposure baseline or panel/temporal design is reported. Logistic regression of self-reported symptoms cannot provide a credible causal counterfactual.,DO_NOT_ADVANCE_MAIN_META
660,D0096170,High Temperature and Mental Health in 3.3 Million Adults Living in Barcelona Metropolitan Area: A 12-Year Time Series Analysis of Primary Care Data,2025,SSRN,temperature,META_ELIGIBLE,"A 12-year primary-care time series links Meteocat daily temperature to anxiety and depression diagnoses, prescriptions, and sick leave with distributed-lag models and reports percentage risk increases.",FULLTEXT_REVIEW,"Time-series analysis of objective daily temperature and primary care anxiety/depression outcomes (diagnoses, prescriptions, sick leave). Abstract reports effect sizes but no confidence intervals or standard errors; full text must confirm uncertainty for meta-analysis.",FULLTEXT_REVIEW
661,D0097011,"Association of Exposure to Humidex with Schizophrenia Admissions in Qingdao, China: A Time-Series Study",2025,Neuropsychiatric Disease and Treatment,temperature,META_ELIGIBLE,A distributed-lag time-series model quantifies humidex effects on schizophrenia admissions and reports lag-specific relative risks with 95% CIs and attributable fractions.,META_ELIGIBLE,"Time-series DLNM of objectively measured humidex (temperature-humidity index) and schizophrenia admissions; reports RR with 95% CI and attributable fraction, satisfying eligible design and extractable effect.",PRIORITY_FULLTEXT
662,D0097301,Cyclic time patterns of death from suicide in northern Finland,2004,Journal of Affective Disorders,temperature,FULLTEXT_REVIEW,"Daily local weather and suicide counts were modeled with Poisson regression and seasonal decomposition, but the abstract reports only that meteorological effects were absent and gives no temperature estimate or uncertainty.",FULLTEXT_REVIEW,"Original time-series Poisson regression of suicides and local weather appears eligible, but abstract reports only 'no evidence' of meteorological effect without a quantitative hazard estimate or uncertainty; full text needed to confirm extractable adjusted temperature effect.",FULLTEXT_REVIEW
663,D0097311,Retrospective interrupted time-series evaluation of mental distress among transgender and gender diverse youth after Hurricane Ian (2022),2026,The Journal of LGBTQ+ Mental Health,cyclone,META_ELIGIBLE,"An ARIMA interrupted time series uses a full pre-Ian year, poststorm observations, and unexposed neighboring-state and non-TGD comparisons; suicide and self-harm changes are reported quantitatively.",FULLTEXT_REVIEW,"ARIMA interrupted time-series of Hurricane Ian with objective exposure and eligible mental health outcomes; reports percent change in text volume but no uncertainty or significance tests, so effect extractability is unresolved from abstract.",FULLTEXT_REVIEW
664,D0097341,Extreme temperatures: Gender differences in well-being,2025,Journal of Behavioral and Experimental Economics,temperature,FULLTEXT_REVIEW,"Daily county temperature is related to time-use wellbeing, but the abstract does not state whether within-county temporal comparisons and adequate time controls identify the effect or provide an extractable estimate with uncertainty.",FULLTEXT_REVIEW,"Plausible original study linking daily temperature to subjective well-being/affect, with objective temperature exposure and possible daily variation. Abstract lacks numeric hazard effect and uncertainty and does not explicitly state time/county fixed-effects counterfactual; requires full text to confirm extractability and design.",FULLTEXT_REVIEW
665,D0097373,Katrina survivors relocated to Oklahoma: A tale of two cities,2008,Psychiatric Annals,cyclone,NARRATIVE_ONLY,A small relocated-survivor sample was assessed once 17 months after Katrina and the abstract reports psychiatric prevalence without a measured pre-event outcome or contemporaneous hurricane counterfactual.,NARRATIVE_ONLY,"Single post-event assessment 17.3 months after Katrina; reports prevalence of PTSD/depression among relocated survivors, with no pre-event baseline or hazard-effect estimate. Descriptive post-event prevalence only.",DO_NOT_ADVANCE_MAIN_META
666,D0097466,Relative humidity and affective disorders,2002,International Journal of Psychiatry in Clinical Practice,temperature,EXCLUDE,"The primary exposure and only significant weather result is relative humidity, which is not a registered hazard; temperature variation is secondary and nonsignificant.",EXCLUDE,"Main exposure is relative humidity, not a registered hazard; temperature is only a non-significant secondary parameter, so the study does not estimate an eligible hazard effect.",DO_NOT_ADVANCE_MAIN_META
667,D0097573,The impact of disaster on mental health: Prospective and retrospective analyses,1990,International Journal of Mental Health,flood,FULLTEXT_REVIEW,"Flood-exposed and unexposed people differed in onset of depression, anxiety, and PTSD, but the abstract omits assessment timing, exposure ascertainment, baseline status, and effect estimates.",FULLTEXT_REVIEW,"Title indicates prospective/retrospective analyses but abstract only reports exposed vs unexposed onset differences for depression, anxiety, PTSD; exposure measurement, pre-event baseline, analytic design, and quantitative effect estimates are unclear.",FULLTEXT_REVIEW
668,D0097635,Psychological distress of adolescents exposed to Hurricane Hugo,1994,Journal of Traumatic Stress,cyclone,NARRATIVE_ONLY,"Adolescents were surveyed once one year after Hugo, and self-reported hurricane exposure severity was associated with concurrent distress without a pre-event outcome or external linkage.",NARRATIVE_ONLY,"Single-wave survey one year post-Hugo; exposure and distress were self-reported concurrently, and dose-response association lacks any pre-event baseline or credible counterfactual.",DO_NOT_ADVANCE_MAIN_META
669,D0097825,"Self‐efficacy mediates effects of exposure, loss of resources, and life stress on posttraumatic distress among trauma survivors",2009,Applied Psychology: Health and Well-Being,cyclone,NARRATIVE_ONLY,Katrina survivors reported exposure and resource loss one year after the disaster and symptoms two years after; the follow-up begins postevent and the hazard exposure is self-reported.,NARRATIVE_ONLY,"Hurricane Katrina survivors were assessed for exposure/resource loss at 1 year and outcomes at 2 years post-disaster, with no pre-event baseline or unexposed comparator; abstract reports mediation effects and negligible direct exposure effects rather than a hazard-specific quantitative effect.",DO_NOT_ADVANCE_MAIN_META
670,D0097914,Emergency department visits for panic attacks and ambient temperature: A time‐stratified case‐crossover analysis,2020,Depression and Anxiety,temperature,META_ELIGIBLE,A time-stratified case-crossover analysis compares temperature on panic-attack ED days with matched control days and reports a per-degree risk increase with 95% CI.,META_ELIGIBLE,"Time-stratified case-crossover of ED visits for panic attacks in Seoul, using objective ambient temperature and conditional logistic regression; reports 2.2% (95% CI 0.7-3.8%) increase per 1°C. Panic attacks are an eligible anxiety outcome; design uses within-unit temporal exposure variation.",PRIORITY_FULLTEXT
671,D0098057,Psychosocial correlates of fire disaster among children and adolescents,1994,Journal of Traumatic Stress,wildfire,NARRATIVE_ONLY,Children were assessed six weeks after the wildfire and compared with a small community group; no measured prefire outcome or credible before-after counterfactual is available.,NARRATIVE_ONLY,"Abstract describes a single post-event (6-week) comparison of wildfire victims vs matched non-victims with no pre-event outcome, so no credible counterfactual; only descriptive diagnostic frequencies are reported, not a quantitative hazard effect.",DO_NOT_ADVANCE_MAIN_META
672,D0098259,The effects of weather on depressive symptoms in patients after cardiac surgery,2023,"Psychology, Health & Medicine",temperature,FULLTEXT_REVIEW,"Repeated anxiety and depression assessments were linked to daily weather and analyzed with mixed models, but only directions and thresholds are given without effect magnitudes or uncertainty.",FULLTEXT_REVIEW,"Prospective repeated-measures study links daily weather variables to SCL-90 depression/anxiety via mixed linear model. Objective exposure and eligible outcome are plausible, but the abstract gives no numeric adjusted effect sizes or uncertainty, so extractability is unresolved.",FULLTEXT_REVIEW
673,D0098379,Thinking clearly about climate change and mental health,2023,Australasian Psychiatry,temperature,NARRATIVE_ONLY,The paper critiques prior evidence and adds simple national and state-level temperature-suicide regressions; the abstract itself concludes these designs cannot identify a climate-caused suicide effect.,FULLTEXT_REVIEW,"Original aggregate US temperature-suicide analysis (1968-2004) with objective exposure and eligible outcome, but abstract reports only directional associations and does not specify time-series versus cross-sectional/ecological design, adjustment, or quantitative effect with uncertainty. Full text needed to confirm credible counterfactual and extractable estimates.",ADJUDICATE_PRIORITY
674,D0098419,No relevant impact of ambient temperature on disability measurements in a large cohort of patients with multiple sclerosis,2017,European Journal of Neurology,temperature,FULLTEXT_REVIEW,"Repeated depression items were matched to historical temperature and analyzed with mixed effects, but the abstract reports only a null mood finding without an estimate or uncertainty.",FULLTEXT_REVIEW,"Ambient temperature from historical weather data is objective; repeated clinical assessments include a depression QoL item; linear mixed models likely use within-person temporal variation. However abstract reports no coefficient or uncertainty for depression/mood, so effect is not extractable from abstract; full text required.",FULLTEXT_REVIEW
675,D0098516,Admission rates of bipolar depressed patients increase during spring/summer and correlate with maximal environmental temperature,2004,Bipolar Disorders,temperature,FULLTEXT_REVIEW,"Eleven years of psychiatric admissions were matched to meteorological data and bipolar-depression admissions correlated with monthly maximum temperature, but no effect magnitude or uncertainty is reported.",FULLTEXT_REVIEW,"Abstract reports an 11-year time series of psychiatric admissions and meteorological temperature, with significant correlation but no effect size/uncertainty and no explicit adjustment for seasonality, trend, or autocorrelation; full text must verify a credible time-series model.",FULLTEXT_REVIEW
676,D0098756,The transformation of suicide fluctuation in Slovenia,2006,Archives of Suicide Research,temperature,NARRATIVE_ONLY,"The study reports unadjusted correlations of annual suicide fluctuations with temperature and sunshine and speculates about antidepressant use, without a controlled hazard-effect design.",FULLTEXT_REVIEW,"Abstract reports a significant correlation between suicide incidence and temperature but gives no coefficient, uncertainty, or details of the time-series model; full text needed to establish credible counterfactual and extractable effect.",ADJUDICATE_PRIORITY
677,D0098759,"Temperature, health and wellbeing in Australia",2023,Journal of Behavioral and Experimental Economics,temperature,FULLTEXT_REVIEW,"Nineteen panel waves were combined with daily temperature and subjective wellbeing, but the abstract describes the wellbeing result as nonrobust and supplies no effect estimate or uncertainty.",FULLTEXT_REVIEW,"Uses 19-wave panel data with daily temperature and measures subjective wellbeing, an eligible outcome. However, the abstract states the temperature effect on subjective wellbeing is 'less robust' and reports no numeric estimate or uncertainty, so extractable quantitative effect must be confirmed in full text.",FULLTEXT_REVIEW
678,D0098761,Climatic conditions and southern state hospital admission rates,1967,Journal of Clinical Psychology,temperature,EXCLUDE,Only seasonal admission rates are reported; uncomfortable summer weather is speculative and no measured ambient-temperature exposure or hazard-effect estimate is described.,NARRATIVE_ONLY,"Abstract reports monthly state hospital admission rates over 5 years and notes summer had the highest rate, but no measured hazard exposure, causal design, quantitative effect, or uncertainty is reported. This is a descriptive seasonal pattern without a hazard effect.",DO_NOT_ADVANCE_MAIN_META
679,D0098771,"Tendency and seasonality of suicide in Chihuahua, México. A retrospective analysis from 2008 to 2018",2021,Salud Mental,temperature,FULLTEXT_REVIEW,"A Poisson time-series model uses environmental temperature as a suicide predictor, but the temperature data source is absent and the reported per-degree result lacks an uncertainty interval.",FULLTEXT_REVIEW,"Original time-series Poisson study uses objective environmental temperature to predict suicide counts; abstract reports a point estimate (1,028 suicides per 1°C) but no uncertainty and does not detail adjustment for trend/seasonality/confounding. Full text must confirm adjusted hazard effect extractability.",FULLTEXT_REVIEW
680,D0098774,Influence of method on seasonal distribution of attempted suicides in Italy,2000,Neuropsychobiology,temperature,FULLTEXT_REVIEW,"Twelve years of attempted-suicide admissions show correlations with temperature indicators, but the abstract does not state the exposure source, temporal model, confounder control, or an extractable effect.",NARRATIVE_ONLY,"Abstract reports a descriptive seasonal distribution/spectral analysis of attempted suicides and correlations with temperature indicators, not a hazard-specific effect estimate with uncertainty; no explicit causal counterfactual or adjusted temperature effect.",ADJUDICATE_PRIORITY
681,D0098816,Daily weather only has small effects on wellbeing in the US,2020,Journal of Economic Behavior & Organization,temperature,FULLTEXT_REVIEW,"Daily Gallup wellbeing was combined with daily weather, but the abstract does not establish within-area temporal identification or report the temperature effect and uncertainty from a prespecified controlled model.",FULLTEXT_REVIEW,Quantitative daily Gallup well-being data linked to temperature; subjective well-being is eligible. Abstract reports a small effect (0.3% income per 2°C) but no uncertainty and says non-robust to endogenous controls; design/counterfactual not explicitly stated.,FULLTEXT_REVIEW
682,D0098981,Association between daily environmental temperature and suicide mortality in Korea (2001–2005),2011,Psychiatry Research,temperature,META_ELIGIBLE,"Daily temperature and national suicide rates were analyzed with a GAM adjusted for sunshine, humidity, holidays, and long-term trends; the per-degree suicide increase and 95% CI are reported.",META_ELIGIBLE,Daily time-series study using objective temperature and suicide mortality in Korea with a generalized additive model adjusting for trends and confounders; reports 1.4% increase per 1°C (95% CI 1.0–1.7%).,PRIORITY_FULLTEXT
683,D0098991,Seasonality and climatic associations with violent and nonviolent suicide: A population-based study,2008,Neuropsychobiology,temperature,FULLTEXT_REVIEW,"Nationwide mortality and climate variables were analyzed with SARIMA and temperature predicted violent suicide, but no temperature effect magnitude or uncertainty is supplied.",FULLTEXT_REVIEW,"Population-based SARIMA time-series with objective meteorological exposures including ambient temperature. Abstract states increasing ambient temperature predicted increasing violent suicide rates, but reports no quantitative effect size or uncertainty, so extractability cannot be confirmed from abstract.",FULLTEXT_REVIEW
684,D0099074,"Global warming possibly linked to an enhanced risk of suicide: Data from Italy, 1974-2003",2007,Journal of Affective Disorders,temperature,FULLTEXT_REVIEW,"Thirty years of monthly temperature and suicide data were filtered and correlated, but the abstract does not establish adequate seasonality and trend control or report an extractable temperature effect with uncertainty.",FULLTEXT_REVIEW,"Monthly temperature-suicide time-series over 30 years is plausible, but abstract reports only correlation/filter associations without quantitative effect sizes or uncertainty, so extractability and causal adjustment are unclear.",FULLTEXT_REVIEW
685,D0099075,Seasonal admission rates in Texas mental hospitals,1968,Journal of Clinical Psychology,temperature,EXCLUDE,The abstract reports only seasonal mental-hospital admission counts in warm versus cold weather and does not identify a measured ambient-temperature exposure.,NARRATIVE_ONLY,"Abstract only describes seasonal admission patterns (increase in warm weather, decrease in cold) without a quantitative hazard effect, uncertainty, or credible counterfactual, so unsuitable for causal meta-analysis.",DO_NOT_ADVANCE_MAIN_META
686,D0099159,"Synchronized annual rhythms in violent suicide rate, ambient temperature and the light-dark span",1994,Acta Psychiatrica Scandinavica,temperature,FULLTEXT_REVIEW,"Belgian suicide counts were related to ambient temperature and annual rhythms, but the abstract does not describe a controlled temporal model or report a temperature effect with uncertainty.",FULLTEXT_REVIEW,"Belgium 1979-1987 suicide rates and ambient temperature suggest a time-series design, but abstract reports significant positive associations without numeric effect estimates or uncertainty. Full text needed to confirm extractable adjusted effect sizes and time-series counterfactual.",FULLTEXT_REVIEW
687,D0099192,"Suicide and meteorological factors in Huhhot, Inner Mongolia",1997,Crisis: The Journal of Crisis Intervention and Suicide Prevention,temperature,FULLTEXT_REVIEW,"The abstract states that 205 suicides were more frequent on days with extreme temperature, but gives no weather source, analytic design, confounder control, effect estimate, or uncertainty.",FULLTEXT_REVIEW,"Abstract reports higher suicide rates on extreme temperature days but gives no effect size, uncertainty, or model details; full text needed to confirm hazard-specific estimate and temporal counterfactual.",FULLTEXT_REVIEW
688,D0099205,Higher environmental temperature and global radiation are correlated with increasing suicidality—A localized data analysis,2011,Chronobiology International,temperature,FULLTEXT_REVIEW,"Regional meteorological data show same-day and prior-day associations with suicidality, but the abstract does not specify the risk-estimation design, temporal confounder control, or quantitative effects with uncertainty.",FULLTEXT_REVIEW,"Abstract reports an original human study using regional meteorological temperature and suicide/suicidality outcomes, with risk estimation for day of and day before suicide acts. However, it does not specify the analytic design, temporal counterfactual, adjustment, or whether hazard-specific effect estimates with uncertainty are reported. Full text must confirm causal design and extractable temperature effect.",FULLTEXT_REVIEW
689,D0099248,The effect of seasonal changes and climatic factors on suicide attempts of young people,2017,BMC Psychiatry,temperature,FULLTEXT_REVIEW,"Index-day and prior 10-day temperature were related to suicide attempts after removing seasonality, but the temperature source and effect magnitude with uncertainty are not reported.",FULLTEXT_REVIEW,"Abstract reports an association between objectively measured temperature and youth suicide attempts with seasonality removed, but no quantitative effect size or uncertainty given. Full text needed to confirm time-series model and extractable adjusted estimate.",FULLTEXT_REVIEW
690,D0099265,The effects of temperature on dynamics of psychiatric outpatients,2020,Frontiers in Psychiatry,temperature,FULLTEXT_REVIEW,"Five years of psychiatric outpatient counts were matched to weather reports and temperature predicted patient volume, but no effect estimate, uncertainty, or temporal adjustment details are provided.",FULLTEXT_REVIEW,"Abstract states objective weather data and psychiatric outpatient counts over 2014-2019, suggesting a time-series analysis. However it reports only directional prediction and no hazard-specific coefficient with uncertainty, so effect extractability must be confirmed in full text.",FULLTEXT_REVIEW
691,D0099299,Suicide rates and the association with climate: A population-based study,2006,Journal of Affective Disorders,temperature,FULLTEXT_REVIEW,"Nationwide suicide mortality was analyzed with ARIMA and ambient temperature remained associated after trend and seasonality adjustment, but no effect magnitude or uncertainty is reported.",FULLTEXT_REVIEW,"Nationwide time-series ARIMA of Taiwan 1997-2003 links ambient temperature to suicide, but abstract reports only direction of association without quantitative effect size or uncertainty, so full text is needed to confirm extractable adjusted estimate.",FULLTEXT_REVIEW
692,D0099412,Individual and community reactions to the Kentucky floods: Findings from a longitudinal study of older adults,1994,Individual and community responses to trauma and disaster:  The structure of human chaos,flood,FULLTEXT_REVIEW,"The chapter abstract identifies a prospective longitudinal study of two floods and mental wellbeing, but reports no exposure assignment, analysis, result, effect estimate, or uncertainty.",FULLTEXT_REVIEW,"Abstract describes a prospective longitudinal study of flood impacts on mental/physical functioning but reports no effect estimates, exposure assignment, baseline timing, or named mental-health measure; full text needed.",FULLTEXT_REVIEW
693,D0099429,Temperature change dominates the suicidal seasonality in Taiwan: A time-series analysis,2012,Journal of Affective Disorders,temperature,META_ELIGIBLE,Twenty years of monthly suicide rates were modeled with ARIMA/SARIMA using temperature change and economic inputs; temperature coefficients and P values are reported after temporal modeling.,META_ELIGIBLE,Time-series analysis of monthly suicide death rates in Taiwan using ARIMA/SARIMA with objectively measured monthly temperature increase as exposure; reports quantitative effects with p-values for an eligible mental-health outcome.,PRIORITY_FULLTEXT
694,D0099568,Temperature and admission rates to Pennsylvania State Mental Hospitals,1969,Journal of Clinical Psychology,temperature,FULLTEXT_REVIEW,"Monthly temperature and state mental-hospital admissions were compared over four years and the relationship was significant, but no effect magnitude or uncertainty interval is reported.",FULLTEXT_REVIEW,"Abstract reports a statistically significant relationship between monthly temperature and mental hospital admission rates but gives no effect size, coefficient, or uncertainty; it does not state whether seasonal trends or other confounders were controlled. Full text must establish model, adjustment, and extractable effect.",FULLTEXT_REVIEW
695,D0099657,"Suicide and meteorological factors in São Paulo, Brazil, 1996-2011: A time series analysis",2017,Revista Brasileira de Psiquiatria,temperature,META_ELIGIBLE,Weekly suicide and meteorological time series were analyzed with distributed-lag GAMs controlling long-term trends and other weather; per-degree suicide changes and 95% CIs are reported.,META_ELIGIBLE,"Time-series analysis of weekly meteorological data and suicides in São Paulo, 1996-2011; objective temperature exposure, eligible suicide outcome, distributed lag GAM with long-term trend control, and quantitative hazard effect reported with 95% CI.",PRIORITY_FULLTEXT
696,D0099833,The impact of weather on a Canadian post-secondary walk-in counseling program,2021,Journal of College Student Psychotherapy,temperature,FULLTEXT_REVIEW,"Counseling attendance across an academic year was tested against temperature and found null, but the abstract gives no weather source, temperature estimate, uncertainty, or temporal model details.",FULLTEXT_REVIEW,"Plausible temporal study of counseling attendance and objectively measured weather (temperature, precipitation, daylight). Outcome is psychiatric service use and exposure variation is temporal. Abstract reports only null statistical relation without coefficients/uncertainty and does not specify model or confounders, so full text needed to verify extractable temperature effect.",FULLTEXT_REVIEW
697,D0099894,Symptoms of chronic stress following a natural disaster and discovery of a human-made hazard,1992,Environment and Behavior,flood,NARRATIVE_ONLY,"Flood victims, toxic-waste neighbors, and controls were assessed once nine months after exposure; no measured preflood outcome or credible temporal counterfactual is available.",NARRATIVE_ONLY,"Single-wave post-event comparison of 23 flood victims versus 27 controls 9 months after flood, with no pre-event baseline or credible counterfactual; flood victims reported less distress but no causal hazard-effect estimate.",DO_NOT_ADVANCE_MAIN_META
698,D0100058,The effects of weather on daily mood: A multilevel approach,2008,Emotion,temperature,FULLTEXT_REVIEW,"Repeated online mood diaries were linked to weather-station data and analyzed with multilevel models, but temperature effects on negative affect are reported without magnitude or uncertainty.",FULLTEXT_REVIEW,"Online daily diary linked to weather station data provides objective temperature exposure and repeated within-person affect measures. However, the abstract reports only qualitative main effects and small average effect size, without a numeric temperature coefficient or uncertainty, so extractable adjusted effects must be confirmed in full text.",FULLTEXT_REVIEW
699,D0100088,"Non-economic factors in violence: Evidence from organized crime, suicides and climate in Mexico",2019,Journal of Economic Behavior & Organization,temperature,EXCLUDE,"The target outcomes are organized-crime killings and interpersonal homicide; suicide appears only as a comparison, and no temperature effect on an eligible mental-health outcome is reported.",FULLTEXT_REVIEW,Abstract indicates a quantitative temperature relationship with suicides in Mexico but reports no suicide-specific effect size or uncertainty and does not specify exposure source or design.,ADJUDICATE_PRIORITY
700,D0100180,Immune function and affective states following a natural disaster,2002,Psychological Reports,cyclone,NARRATIVE_ONLY,"Participants were assessed only after Hurricane Andrew, and damaged-neighborhood comparisons of negative affect lack a measured pre-event outcome or credible before-after counterfactual.",NARRATIVE_ONLY,"Post-event only: 105 participants after Hurricane Andrew; negative affect compared between storm-damaged and less damaged neighborhoods. Damage-severity association without pre-event baseline or credible counterfactual; regression is for salivary IgA, not mental health. Not eligible for causal meta-analysis.",DO_NOT_ADVANCE_MAIN_META
701,D0100655,Environmental factors and admission rates in patients with major psychiatric disorders,1994,Chronobiology International,temperature,EXCLUDE,"Temperature was one of several environmental correlates, but the reported finding concerns photoperiod; the abstract does not report a temperature effect on admissions as the primary hazard analysis.",NARRATIVE_ONLY,"Monthly correlations between admission rates and environmental factors (temperature, humidity, etc.) are descriptive; only a photoperiod association is reported, no temperature-specific effect or uncertainty. Bivariate ecological correlations lack a credible counterfactual for causal meta-analysis.",DO_NOT_ADVANCE_MAIN_META
702,D0102198,Influence of attitude and expectation on moods and symptoms during cold weather military training.,1989,"Aviation, space, and environmental medicine",temperature,FULLTEXT_REVIEW,"Soldiers had repeated mood assessments during three days with varying ambient cold, and regression tested temperature, but the null temperature result has no estimate or uncertainty.",FULLTEXT_REVIEW,"Abstract reports 3-day cold-weather training with ambient temperature (-18 to 0 C) and POMS mood outcomes, but does not confirm within-soldier temporal exposure variation, separation of temperature from day/training effects, or a temperature effect estimate with uncertainty; only states temperature had no significant influence.",FULLTEXT_REVIEW
703,D0102199,Influence of attitude and expectation on moods and symptoms during cold weather military training,1989,Aviation Space and Environmental Medicine,temperature,FULLTEXT_REVIEW,"Soldiers had repeated mood assessments during three days with varying ambient cold, and regression tested temperature, but the null temperature result has no estimate or uncertainty.",FULLTEXT_REVIEW,"Abstract reports 59 soldiers, objective ambient temperature, and POMS mood outcomes with a null temperature effect over 3 cold days. However, it does not specify within-unit repeated-measures design or report a numeric hazard effect/uncertainty, so full text is needed to verify credible temporal counterfactual and extractable adjusted estimate.",FULLTEXT_REVIEW
704,D0102200,Influence of attitude and expectation on moods and symptoms during cold weather military training,1989,"Aviation, Space, and Environmental Medicine",temperature,FULLTEXT_REVIEW,"Mood was repeatedly assessed during three days of cold-weather training, but this abstract does not report the temperature coefficient, uncertainty, or even a temperature-specific result.",FULLTEXT_REVIEW,"Abstract says air temperature was included as a predictor but reports only expectation and life-stress associations, not a temperature-specific mood/illness effect estimate or uncertainty. Full text needed to establish hazard effect extraction.",FULLTEXT_REVIEW
705,D0103128,Psychiatric admissions and climatic factors in the coastal regions of Israel,1973,Israel Annals of Psychiatry and Related Disciplines,temperature,FULLTEXT_REVIEW,"Monthly psychiatric admissions were linked to meteorological-station temperature over 1961-1970, but only significance and direction are given for temperature.",FULLTEXT_REVIEW,"Monthly psychiatric admissions and objectively measured meteorological variables over 1961-1970 suggest a time-series design, but the abstract calls the analysis crude with uncontrolled variables, reports only significant correlations without coefficients/uncertainty, and does not describe seasonal adjustment or a credible counterfactual. Full text must establish a hazard-specific adjusted effect.",FULLTEXT_REVIEW
706,D0103129,Psychiatric admissions and climatic factors in the coastal regions of Israel,1973,Israel Annals of Psychiatry and Related Disciplines,temperature,FULLTEXT_REVIEW,"Monthly psychiatric admissions were linked to meteorological-station temperature over 1961-1970, but only significance and direction are given for temperature.",FULLTEXT_REVIEW,"Abstract reports monthly psychiatric admissions compared with meteorological factors over 10 years and significant correlations with heat/radiation/temperature, but no numeric effect size or uncertainty and no adjustment for seasonality/trend; full text needed to confirm extractable time-series estimates.",FULLTEXT_REVIEW
707,D0103130,Psychiatric admissions and climatic factors in the coastal regions of Israel,1973,Israel Annals of Psychiatry & Related Disciplines,temperature,FULLTEXT_REVIEW,"The ten-year admission series was analyzed against temperature and other meteorological factors, but the abstract supplies only p<.05 for the temperature correlation.",FULLTEXT_REVIEW,"Objective meteorological exposure and psychiatric admissions are eligible, but abstract reports only seasonal peaks and p<.05 correlations without magnitudes or adjusted estimates; full text must confirm time-series analysis and extractable effect.",FULLTEXT_REVIEW
708,D0103683,Health of a team competing in the 1990 World Solar Car Challenge.,1992,Journal of the Royal Society of Medicine,temperature,FULLTEXT_REVIEW,"Daily emotional-reaction scores were correlated with changing maximum temperature during the race, but the abstract does not identify the temperature data source or report an effect with uncertainty.",FULLTEXT_REVIEW,"Repeated daily NHP measures over 10 race days with ambient maximum/minimum temperature suggest a time-series/repeated-measures design with an eligible emotional-reactions outcome, but the abstract reports only 'significant correlations' without numeric coefficients or adjusted effect estimates; full text needed to confirm extractable hazard effect and credible temporal counterfactual.",FULLTEXT_REVIEW
709,D0104530,[Psychological and physical health of the July 1996 disaster victims: A comparative study between victims and non-victims.].,2000,Sante mentale au Quebec,flood,NARRATIVE_ONLY,Victims and non-victims were compared once two years after the flood; no pre-flood outcome or before-after control is described.,NARRATIVE_ONLY,"The abstract compares flood victims and non-victims only two years after the flood, measuring depression, anxiety, PTSD and wellbeing; this exposed/unexposed single post-event comparison has no pre-event outcome or credible counterfactual.",DO_NOT_ADVANCE_MAIN_META
710,D0104577,[Post-traumatic stress disorder. After the flood in Saguenay].,2000,Canadian family physician Medecin de famille canadien,flood,NARRATIVE_ONLY,The abstract explicitly identifies a cross-sectional telephone survey comparing flooded and adjacent control areas four months after the event.,NARRATIVE_ONLY,"Cross-sectional post-flood telephone survey comparing PTSD/emotional distress prevalence in flooded vs control group; no pre-event baseline or temporal counterfactual, so unsuitable for causal meta-analysis.",DO_NOT_ADVANCE_MAIN_META
711,D0104578,Post-traumatic stress disorder. After the flood in Saguenay,2000,Canadian family physician Médecin de famille canadien,flood,NARRATIVE_ONLY,The abstract explicitly identifies a cross-sectional telephone survey comparing flooded and adjacent control areas four months after the event.,NARRATIVE_ONLY,"Cross-sectional post-flood telephone survey comparing 62 flooded-area adults with 79 controls; no pre-event baseline or temporal counterfactual. PTSD and emotional distress ORs with CIs are reported, but design is a single post-event exposed/unexposed comparison, so not eligible for causal meta-analysis.",DO_NOT_ADVANCE_MAIN_META
712,D0104593,[Risk factors for post traumatic stress symptoms five years after the 1992 flood in the Vaucluse (France)].,2000,Revue d'epidemiologie et de sante publique,flood,NARRATIVE_ONLY,"Five years after the flood, both cumulative individual exposure and PTSD symptoms were measured in one retrospective telephone questionnaire, with no external exposure linkage.",NARRATIVE_ONLY,"Single-wave telephone survey conducted 5 years post-flood in one affected municipality; individual exposure was retrospectively self-reported via questionnaire, with no pre-event outcome or temporal counterfactual. This is a cross-sectional exposed-only design unsuitable for causal hazard-effect estimation.",DO_NOT_ADVANCE_MAIN_META
713,D0104594,Risk factors for post traumatic stress symptoms five years after the 1992 flood in the Vaucluse (France),2000,Revue D Epidemiologie Et De Sante Publique,flood,NARRATIVE_ONLY,"Five years after the flood, both cumulative individual exposure and PTSD symptoms were measured in one retrospective telephone questionnaire, with no external exposure linkage.",NARRATIVE_ONLY,"Five-year post-flood telephone survey with retrospective self-reported individual exposure and PTSD symptoms; no pre-event baseline or credible counterfactual, so unsuitable for causal meta-analysis.",DO_NOT_ADVANCE_MAIN_META
714,D0105139,Health impacts of flooding in Lewes: a comparison of reported gastrointestinal and other illness and mental health in flooded and non-flooded households.,2004,Communicable disease and public health,flood,NARRATIVE_ONLY,Flooded and non-flooded households were recruited and assessed only after the event; the historical-cohort label does not supply a pre-event mental-health baseline.,NARRATIVE_ONLY,"Historical cohort compares flooded vs non-flooded households after severe flooding. Psychological distress measured by GHQ-12 post-event only, with no pre-event baseline. This is an affected-versus-unaffected post-event comparison, not a credible counterfactual for flood mental-health effects. RR 4.1 [2.6, 6.4] is reported but design unsuitable for causal meta-analysis.",DO_NOT_ADVANCE_MAIN_META
715,D0105140,Health impacts of flooding in Lewes: a comparison of reported gastrointestinal and other illness and mental health in flooded and non-flooded households.,2004,Communicable Disease and Public Health PHLS,flood,NARRATIVE_ONLY,Flooded and non-flooded households were recruited and assessed only after the event; the historical-cohort label does not supply a pre-event mental-health baseline.,NARRATIVE_ONLY,"Post-event comparison of flooded vs non-flooded households with GHQ-12 distress; no pre-flood baseline, so affected-versus-unaffected comparison alone is not a credible counterfactual.",DO_NOT_ADVANCE_MAIN_META
716,D0105141,Health impacts of flooding in Lewes: a comparison of reported gastrointestinal and other illness and mental health in flooded and non-flooded households.,2004,Communicable disease and public health / PHLS,flood,NARRATIVE_ONLY,Flooded and non-flooded households were recruited and assessed only after the event; the historical-cohort label does not supply a pre-event mental-health baseline.,NARRATIVE_ONLY,"Post-flood telephone survey compares GHQ-12 psychological distress in flooded vs non-flooded households; no pre-event mental-health baseline or credible counterfactual. Flood-depth trend is an affected-only/post-event gradient, so design is unsuitable despite RR 4.1 [2.6, 6.4].",DO_NOT_ADVANCE_MAIN_META
717,D0105180,[Influence of weather factors on suicidal hangings].,2005,Przeglad lekarski,temperature,FULLTEXT_REVIEW,"Suicidal hangings were evaluated across 1991-2002 against daily heat, cold, and temperature changes, but the weather source and quantitative temperature effect are not reported.",FULLTEXT_REVIEW,"Abstract reports weather-suicide frequency associations in Cracow but only qualitative 'more frequency' statements; no quantitative effect size, uncertainty, or statistical model is given. Temperature is one of multiple weather factors. Full text needed to determine whether an extractable adjusted temperature hazard effect exists in a credible time-series design.",FULLTEXT_REVIEW
718,D0105181,Influence of weather factors on suicidal hangings,2005,Przeglad Lekarski,temperature,FULLTEXT_REVIEW,"Suicidal hangings were evaluated across 1991-2002 against daily heat, cold, and temperature changes, but the weather source and quantitative temperature effect are not reported.",FULLTEXT_REVIEW,"Abstract describes association between weather factors (including temperature extremes) and suicide frequency over 1991-2002 but reports no quantitative effect sizes or uncertainty, and does not specify statistical model or exposure measurement. Full text needed to verify extractable hazard-specific estimates and time-series counterfactual.",FULLTEXT_REVIEW
719,D0105182,Influence of weather factors on suicidal hangings,2005,Przegla̧d lekarski,temperature,FULLTEXT_REVIEW,"Suicidal hangings were evaluated across 1991-2002 against daily heat, cold, and temperature changes, but the weather source and quantitative temperature effect are not reported.",FULLTEXT_REVIEW,"Relevant suicide outcome and objective weather data over 1991-2002, but abstract reports only directional frequency patterns for multiple weather factors; no quantitative hazard-specific effect or uncertainty and temperature is not isolated.",FULLTEXT_REVIEW
720,D0105959,[Impact of the summer 2003 heat wave on the activity of two psychiatric emergency departments].,2009,Actas espanolas de psiquiatria,temperature,FULLTEXT_REVIEW,"Psychiatric emergencies during a defined 15-day heatwave were compared with other summer days, but no heatwave effect estimate or uncertainty is supplied.",FULLTEXT_REVIEW,"Abstract reports a comparison of psychiatric emergency department activity during a 15-day heatwave vs rest of summer, but provides only directional/significance statements without quantitative effect sizes or confidence intervals and does not specify analytic model or control for temporal confounders. Full text needed to verify temporal design and extractable effects.",FULLTEXT_REVIEW
721,D0105960,Impact of the summer 2003 heat wave on the activity of two psychiatric emergency departments,2009,Actas Espanolas De Psiquiatria,temperature,FULLTEXT_REVIEW,"Psychiatric emergencies during a defined 15-day heatwave were compared with other summer days, but no heatwave effect estimate or uncertainty is supplied.",FULLTEXT_REVIEW,"Abstract describes an original emergency-department comparison of a heatwave period vs the rest of summer for psychiatric outcomes, with objective temperature exposure and eligible psychiatric service use/diagnosis outcomes. However, it reports mostly descriptive between-period differences and significance without quantitative effect estimates or uncertainty, so extractability is unresolved.",FULLTEXT_REVIEW
722,D0105961,Impact of the summer 2003 heat wave on the activity of two psychiatric emergency departments,2009,Actas españolas de psiquiatría,temperature,FULLTEXT_REVIEW,"Psychiatric emergencies during a defined 15-day heatwave were compared with other summer days, but no heatwave effect estimate or uncertainty is supplied.",FULLTEXT_REVIEW,Abstract reports only qualitative period comparisons of psychiatric emergency activity during a heat wave versus the rest of summer; no quantitative hazard effect or uncertainty is given and no adjusted/time-series model is stated. Full text needed to verify design and extractability.,FULLTEXT_REVIEW
723,D0105962,Impact of the summer 2003 heat wave on the activity of two psychiatric emergency departments,2009,Actas Españolas de Psiquiatría,temperature,FULLTEXT_REVIEW,"Psychiatric emergencies during a defined 15-day heatwave were compared with other summer days, but no heatwave effect estimate or uncertainty is supplied.",FULLTEXT_REVIEW,"Abstract compares psychiatric emergency outcomes during a 15-day heat wave with the rest of summer, a within-unit temporal design, but reports only directional/significance findings without numerical effect estimates or uncertainty. Full text needed to confirm extractable adjusted hazard effect.",FULLTEXT_REVIEW
724,D0106288,Psychological distress following wildfires disaster in a rural part of Greece: a case-control population-based study.,2011,International journal of emergency mental health,wildfire,NARRATIVE_ONLY,"The abstract explicitly describes a cross-sectional case-control interview after the wildfire, with losses used to characterize exposure and no pre-event outcome.",NARRATIVE_ONLY,"Cross-sectional case-control comparing wildfire-exposed to unexposed controls after the event, with no pre-event baseline or temporal/quasi-experimental counterfactual. Relevant mental health outcomes but design is unsuitable for causal meta-analysis.",DO_NOT_ADVANCE_MAIN_META
725,D0106289,Psychological distress following wildfires disaster in a rural part of greece: A case-control population-based study,2011,International Journal of Emergency Mental Health,wildfire,NARRATIVE_ONLY,"The abstract explicitly describes a cross-sectional case-control interview after the wildfire, with losses used to characterize exposure and no pre-event outcome.",NARRATIVE_ONLY,"The abstract explicitly describes a cross-sectional case-control study comparing wildfire-exposed vs controls after the event. This is a single-wave post-event comparison with no pre-event baseline or temporal counterfactual, so it cannot support a causal hazard effect for the meta-analysis.",DO_NOT_ADVANCE_MAIN_META
726,D0106290,Psychological distress following wildfires disaster in a rural part of Greece: a case-control population-based study.,2011,International journal of emergency mental health,wildfire,NARRATIVE_ONLY,"The abstract explicitly describes a cross-sectional case-control interview after the wildfire, with losses used to characterize exposure and no pre-event outcome.",NARRATIVE_ONLY,The abstract explicitly describes a cross-sectional case-control study comparing post-event exposed vs controls with no pre-exposure baseline or temporal counterfactual; it reports only group differences without a quantitative hazard effect and uncertainty.,DO_NOT_ADVANCE_MAIN_META
727,D0106291,Psychological distress following wildfires disaster in a rural part of Greece: A case-control population-based study,2011,International Journal of Emergency Mental Health,wildfire,NARRATIVE_ONLY,"The abstract explicitly describes a cross-sectional case-control interview after the wildfire, with losses used to characterize exposure and no pre-event outcome.",NARRATIVE_ONLY,"Cross-sectional case-control study comparing wildfire-exposed and control groups after the event, with no pre-event baseline or credible temporal counterfactual. Eligible distress outcomes were measured, but the design is unsuitable for causal meta-analysis.",DO_NOT_ADVANCE_MAIN_META
728,D0106616,"Associations between air temperature and daily suicide counts in Astana, Kazakhstan.",2013,"Medicina (Kaunas, Lithuania)",temperature,META_ELIGIBLE,Daily suicide counts were modeled against daily apparent temperature over six years with temporal and weather controls; adjusted percent changes and 95% CIs are reported.,META_ELIGIBLE,"Daily suicide counts in Astana 2005-2010 analyzed with negative binomial regression against ambient apparent temperature, adjusting for month, year, weekends, holidays, wind, pressure, and humidity. Reports adjusted quantitative effects with 95% CIs (mean apparent temperature 2.1%, 95% CI 0.4-3.8; maximum apparent temperature 1.2%, 95% CI 0.1-2.3).",PRIORITY_FULLTEXT
729,D0106617,"Associations between air temperature and daily suicide counts in Astana, Kazakhstan",2013,"Medicina (Kaunas, Lithuania)",temperature,META_ELIGIBLE,Daily suicide counts were modeled against daily apparent temperature over six years with temporal and weather controls; adjusted percent changes and 95% CIs are reported.,META_ELIGIBLE,"Daily suicide counts in Astana were analyzed with negative binomial time-series regression, controlling for month, year, weekends, holidays, wind, pressure, and humidity. The abstract reports an adjusted effect: a 1°C increase in mean apparent temperature was associated with a 2.1% increase in suicide counts (95% CI, 0.4-3.8).",PRIORITY_FULLTEXT
730,D0107358,The association of adverse mental health effects with repeated exposure to disasters.,2018,Annals of clinical psychiatry : official journal of the American Academy of Clinical Psychiatrists,flood,FULLTEXT_REVIEW,"The study modeled post-flood disorders by number of flood exposures while controlling lifetime pre-disaster disorders, but it is unclear whether pre-event outcomes were prospectively measured or reconstructed retrospectively.",EXCLUDE,"Abstract reports post-disaster psychopathology consisted mainly of alcohol use disorder that predated floods; PTSD and incident psychiatric disorders were nonexistent or rare. Alcohol use disorder is not an eligible mental-health outcome, and no extractable effect on an eligible outcome is shown.",ADJUDICATE_PRIORITY
731,D0107359,The association of adverse mental health effects with repeated exposure to disasters,2018,Annals of Clinical Psychiatry Official Journal of the American Academy of Clinical Psychiatrists,flood,FULLTEXT_REVIEW,"The study modeled post-flood disorders by number of flood exposures while controlling lifetime pre-disaster disorders, but it is unclear whether pre-event outcomes were prospectively measured or reconstructed retrospectively.",EXCLUDE,"The abstract reports post-disaster psychopathology consisted mainly of alcohol use disorder that predated the disasters, while disaster-related PTSD and incident psychiatric disorders were nonexistent or rare. Alcohol use disorder is not an eligible mental health outcome.",ADJUDICATE_PRIORITY
732,D0107360,The association of adverse mental health effects with repeated exposure to disasters,2018,Annals of clinical psychiatry : official journal of the American Academy of Clinical Psychiatrists,flood,FULLTEXT_REVIEW,"The study modeled post-flood disorders by number of flood exposures while controlling lifetime pre-disaster disorders, but it is unclear whether pre-event outcomes were prospectively measured or reconstructed retrospectively.",FULLTEXT_REVIEW,"Abstract reports pre/post psychiatric assessments after repeated disasters including floods, but does not show a credible counterfactual or hazard-specific adjusted effect; exposure measurement is unspecified.",FULLTEXT_REVIEW
733,D0107361,The association of adverse mental health effects with repeated exposure to disasters,2018,Annals of Clinical Psychiatry,flood,FULLTEXT_REVIEW,"The study modeled post-flood disorders by number of flood exposures while controlling lifetime pre-disaster disorders, but it is unclear whether pre-event outcomes were prospectively measured or reconstructed retrospectively.",FULLTEXT_REVIEW,"Abstract reports mixed disaster exposures (flood, tornado, dioxin, radioactive well water) and psychiatric outcomes dominated by alcohol use disorder; no flood-specific adjusted effect or uncertainty is shown, so full text must establish eligible outcome and extractable estimate.",FULLTEXT_REVIEW
734,D0108093,Psychological effects of hurricane andrew on an elementary school population,1995,Journal of the American Academy of Child and Adolescent Psychiatry,cyclone,NARRATIVE_ONLY,"PTSD and teacher psychopathology measures began 8 weeks after Hurricane Andrew; the only pre-event series was disruptive school behavior, not a clearly eligible mental-health outcome.",NARRATIVE_ONLY,Abstract describes post-hurricane comparison of HI-IMPACT vs LO-IMPACT schools with PTS/TRF measured only at 8 and 32 weeks after Hurricane Andrew; no pre-event baseline for eligible outcomes. Exposed/unexposed post-event comparison is not a credible counterfactual.,DO_NOT_ADVANCE_MAIN_META
735,D0108705,L'état de stress post-traumatique: L'après-déluge au Saguenay,2000,Canadian Family Physician,flood,NARRATIVE_ONLY,The abstract explicitly identifies a cross-sectional telephone survey comparing flooded and adjacent control areas four months after the event.,NARRATIVE_ONLY,"Cross-sectional telephone survey comparing flooded victims (n=62) with controls (n=79), measured 4 months post-flood. Reports ORs for PTSD and distress but lacks pre-event baseline or credible counterfactual; single post-event exposed/unexposed comparison.",DO_NOT_ADVANCE_MAIN_META
736,D0109090,A polar expedition in challenging circumstances: Experiences and reactions,2003,Tidsskrift for den Norske Laegeforening,temperature,EXCLUDE,"The study evaluates psychological reactions before, during, and after a polar expedition as a bundled experience; it does not measure ambient temperature as the explanatory exposure.",NARRATIVE_ONLY,"Case series of four expeditioners with GHQ-30 and STAI measured before, during, and after an expedition; abstract reports qualitative themes and descriptive psychometric trajectories but no objective temperature exposure measure or hazard-specific causal effect.",DO_NOT_ADVANCE_MAIN_META
737,D0109324,Trauma and stress eight months after floods in 2002,2004,Psychiatrie,flood,NARRATIVE_ONLY,"Affected and control participants were assessed once eight months after the flood, without a pre-event outcome baseline or before-after control.",NARRATIVE_ONLY,Affected vs unaffected groups compared once at 8 months post-flood; PTSD and IES-R outcomes. No pre-flood measurement or temporal counterfactual; single post-event comparison cannot estimate a causal hazard effect.,DO_NOT_ADVANCE_MAIN_META
738,D0109325,Trauma and stress eight months after floods in 2002,2004,Psychiatrie,flood,NARRATIVE_ONLY,"Affected and control participants were assessed once eight months after the flood, without a pre-event outcome baseline or before-after control.",NARRATIVE_ONLY,"Single-wave post-flood cross-sectional comparison of affected (N=71) versus matched unaffected controls (N=67), no pre-flood mental health measures. PTSD prevalence did not differ significantly; IES-R scores were higher in affected subjects but no pre-event baseline or temporal counterfactual, so the design is unsuitable for causal meta-analysis.",DO_NOT_ADVANCE_MAIN_META
739,D0109388,Relationships between metal stress and cerebrovascular diseases of colony after disaster,2004,Chinese Journal of Clinical Rehabilitation,flood,NARRATIVE_ONLY,"Flood-damage groups and a control were followed only after the disaster; no pre-flood mental-health outcome is described, and the main endpoint is cerebrovascular disease.",NARRATIVE_ONLY,"Abstract compares mental health (SCL-90) after flood among severe/slight disaster groups and a control group; no pre-flood mental health measurement is reported. This is an affected-versus-unaffected post-event comparison without a pre-event baseline, so the flood effect on mental health is not a credible causal estimate.",DO_NOT_ADVANCE_MAIN_META
740,D0109756,Sense of mastery as a moderator of longerterm effects of disaster impact on psychological distress,2006,People Under Extreme Stress,flood,NARRATIVE_ONLY,"All assessments began 12 months after the flood, and the predictor was self-reported threat and injury; repeated follow-up measures only post-disaster recovery.",NARRATIVE_ONLY,"First interviews occurred 12 months post-flood with no pre-event baseline; the sample is exposed-only and exposure is self-reported disaster trauma. Analyses test predictors/moderators of distress, not a flood hazard effect.",DO_NOT_ADVANCE_MAIN_META
741,D0111329,Indoor environment and health effects in water-damaged homes after flooding,2012,10th International Conference on Healthy Buildings 2012,flood,NARRATIVE_ONLY,A single household questionnaire compared self-reported water damage and post-flood symptoms; no pre-event outcome or external household exposure linkage is described.,NARRATIVE_ONLY,"Post-flood single-wave questionnaire survey comparing water-damaged and non-damaged homes; no pre-event baseline or within-unit temporal variation, so the exposed/unexposed post-event comparison is not a credible counterfactual.",DO_NOT_ADVANCE_MAIN_META
742,D0112790,Effects of meteorological factors on higher mental functions and autonomic nervous system in southern population,2019,New Armenian Medical Journal,temperature,FULLTEXT_REVIEW,"The same 45 people were assessed in autumn and winter and anxiety was associated with meteorological factors during a heatwave observation, but exposure source and effect estimates are absent.",FULLTEXT_REVIEW,"Repeated measures in two seasons with meteorological factors including temperature and anxiety outcome are plausible, but abstract only reports correlations and significant associations without a clear causal counterfactual or quantitative hazard-specific estimate.",FULLTEXT_REVIEW
743,D0113679,Impact of climate change on mental health Quantitative research,2026,Archives of Hellenic Medicine,temperature,FULLTEXT_REVIEW,"Participants reported mental health once during high and once during low temperatures, but the abstract does not identify objective weather data or provide effect estimates with uncertainty.",FULLTEXT_REVIEW,"Abstract reports a repeated survey of 120 Greek citizens measured once during high and once during low temperatures, with eligible outcomes (stress, anxiety, life satisfaction). It does not state whether temperature exposure was objectively measured, whether the analysis adjusted for seasonal/time confounders, or report quantitative effect sizes/uncertainty; only significance is noted. Full text is required to resolve these issues.",FULLTEXT_REVIEW
744,D0113680,Impact of climate change on mental health Quantitative research,2026,Archives of Hellenic Medicine,temperature,FULLTEXT_REVIEW,"Participants reported mental health once during high and once during low temperatures, but the abstract does not identify objective weather data or provide effect estimates with uncertainty.",FULLTEXT_REVIEW,"Abstract reports a repeated within-person comparison of self-reported stress, anxiety, and life satisfaction across high- vs low-temperature periods in 120 Greek citizens, with statistically significant differences. It does not, however, report effect sizes or uncertainty estimates; full text must confirm extractable quantitative effects and design details.",FULLTEXT_REVIEW
745,D0114913,Immune function and affective states following a natural disaster.,2002,Psychological reports,cyclone,NARRATIVE_ONLY,Students in more- and less-damaged neighborhoods were assessed only after Hurricane Andrew; there is no pre-event affect baseline or credible before-after control.,NARRATIVE_ONLY,"Abstract reports a post-event comparison of students living in storm-damaged versus less damaged neighborhoods after Hurricane Andrew, with no pre-event negative affect measure. This is a damage-severity association without a credible counterfactual for a causal hazard effect.",DO_NOT_ADVANCE_MAIN_META
746,D0115136,Natural disaster and depression: a prospective investigation of reactions to the 1993 midwest floods.,2000,American journal of community psychology,flood,FULLTEXT_REVIEW,"The statewide sample had pre-flood outcomes and a post-flood control comparison, but the abstract does not explain how victim status or flood impact was ascertained and gives no extractable effect.",FULLTEXT_REVIEW,"Prospective pre/post design with control group and depression outcomes is relevant, but abstract lacks numeric effect size and uncertainty and does not specify how flood exposure was objectively measured; full text needed to confirm extractable adjusted estimates.",FULLTEXT_REVIEW
747,D0115503,Received and perceived social support in times of stress: a test of the social support deterioration deterrence model.,1996,Journal of personality and social psychology,cyclone,NARRATIVE_ONLY,Both hurricane samples consist of victims first assessed months after the storms; scope of self-reported exposure predicts later distress without a pre-event outcome baseline.,NARRATIVE_ONLY,"Post-disaster longitudinal samples of hurricane victims only, with waves 12/24 and 6/28 months after the event; no pre-event outcome or unaffected comparator, so no credible counterfactual for a hazard effect. Abstract focuses on social support mediation and reports no quantitative hazard effect with uncertainty.",DO_NOT_ADVANCE_MAIN_META
748,D0115865,Post-traumatic stress disorder in adolescents after a hurricane,1993,American Journal of Epidemiology,cyclone,NARRATIVE_ONLY,"Adolescents completed a single questionnaire one year after Hurricane Hugo, and hurricane exposure was a contemporaneously reported correlate of PTSD.",NARRATIVE_ONLY,"Single-wave school-based survey conducted one year after Hurricane Hugo; no pre-event baseline or credible counterfactual, and exposure measurement is unresolved. Reports an adjusted OR but the design cannot support causal inference for the meta-analysis.",DO_NOT_ADVANCE_MAIN_META
749,D0115944,A test of the social support deterioration model in the context of natural disaster.,1993,Journal of personality and social psychology,flood,FULLTEXT_REVIEW,"Older adults were interviewed before and twice after a flood and LISREL estimated disaster effects on depression, but the exposure source and numerical effects are not reported.",FULLTEXT_REVIEW,"Prospective pre-flood/post-flood longitudinal study with depression outcome, but abstract calls exposure 'disaster exposure (stress)' without specifying objective measurement or reporting effect estimates/uncertainty. Full text must verify objective flood exposure and a hazard-specific direct effect.",FULLTEXT_REVIEW
750,D0116098,Children's reactions to a natural disaster: Symptom severity and degree of exposure,1991,Advances in Behaviour Research and Therapy,cyclone,NARRATIVE_ONLY,"Children were surveyed once three months after Hurricane Hugo, and exposure levels were constructed from their perceptions, reported home damage, and parental job loss.",NARRATIVE_ONLY,"Single post-event cross-sectional survey collected about 3 months after Hurricane Hugo; anxiety and PTSD measured once and hurricane exposure graded by self-reported severity, home damage, and job loss. No pre-event baseline or credible temporal counterfactual, so unsuitable for causal meta-analysis.",DO_NOT_ADVANCE_MAIN_META
751,D0116347,Morbidity of Hurricane Elena,1988,Southern Medical Journal,cyclone,FULLTEXT_REVIEW,"Emergency-department psychiatric visits were compared for one week before and two weeks after hurricane landfall, but only a significant increase is reported.",FULLTEXT_REVIEW,"Hurricane Elena pre/post ED log study with psychiatric service use outcome; abstract reports only a 'significant increase' but gives no counts, effect size, or uncertainty. Full text is needed to verify an extractable hazard effect and whether the short pre/post comparison is a credible counterfactual.",FULLTEXT_REVIEW
752,D0116368,Prior experience as a moderator of disaster impact on anxiety symptoms in older adults.,1988,American journal of community psychology,flood,FULLTEXT_REVIEW,"Older adults were interviewed before and after serious flooding with pre-flood symptoms controlled, but personal and community flood impact ascertainment and numerical effects are not described.",FULLTEXT_REVIEW,"Panel pre/post flood study with preflood anxiety controlled and plausible temporal counterfactual, but abstract reports only 'modest flood effects' without quantitative effect size or uncertainty; full text needed for extractable adjusted estimates.",FULLTEXT_REVIEW
753,D0116398,The longitudinal course of posttraumatic morbidity. The range of outcomes and their predictors,1988,Journal of Nervous and Mental Disease,wildfire,NARRATIVE_ONLY,The study follows exposed firefighters for 25 months after a bushfire and relates symptom courses to losses and exposure extent; no pre-fire outcome baseline is described.,NARRATIVE_ONLY,"All 469 firefighters were exposed to a bushfire disaster and followed for 25 months after the event; the abstract reports posttraumatic morbidity course and predictors without a pre-event outcome or unexposed counterfactual, so no hazard effect can be extracted.",DO_NOT_ADVANCE_MAIN_META
754,D0119871,"Resource loss, resource gain, and mental health among survivors of Hurricane Katrina.",2010,Journal of traumatic stress,cyclone,EXCLUDE,The explanatory variables are post-hurricane losses and gains in resources; hurricane exposure is controlled rather than estimated as the primary hazard effect.,NARRATIVE_ONLY,"Abstract tests resource loss/gain as predictors of posthurricane distress among 402 Katrina survivors, not a hurricane hazard effect. All participants experienced the same event; no hazard variation or credible counterfactual, so no extractable hazard effect.",DO_NOT_ADVANCE_MAIN_META
755,D0119948,Intrusive thoughts and young children's knowledge about thinking following a natural disaster.,2010,"Journal of child psychology and psychiatry, and allied disciplines",cyclone,NARRATIVE_ONLY,"Hurricane-exposed and control children were surveyed ten months after Katrina, with no pre-event intrusive-thought or mental-health outcome.",EXCLUDE,"Study measures children's intrusive thoughts and knowledge about thinking, not an eligible mental-health outcome (e.g., PTSD, depression, distress). Post-event hurricane-exposed vs control comparison only.",DO_NOT_ADVANCE_MAIN_META
756,D0120213,Emotional and biological stress measures in Katrina survivors relocated to Oklahoma.,2010,American journal of disaster medicine,cyclone,NARRATIVE_ONLY,Relocated Katrina survivors and Oklahoma controls were compared only 20 months after the disaster; no pre-hurricane mental-health outcome is available.,NARRATIVE_ONLY,"Single postdisaster assessment 20 months after Katrina comparing 34 relocated survivors with matched Oklahoma controls; no pre-event baseline or within-unit temporal variation, so exposed/unexposed single post-event comparison lacks a credible counterfactual.",DO_NOT_ADVANCE_MAIN_META
757,D0120775,Change of mental health status caused by flood in a Korean village: Prospective study over an eighteen-month period,2008,European Neuropsychopharmacology,flood,FULLTEXT_REVIEW,"Residents and a control village had pre- and post-flood measures, but the abstract reports within-flood-village change and post-event control prevalence without a clear comparative-change estimate.",META_ELIGIBLE,"Prospective cohort with pre-disaster mental-health measures in a village before a 2006 flood and follow-up after, reporting quantitative pre-post changes in PWI and SF-36 mental health with t, df, and p; qualifies as longitudinal pre/post with objectively verified flood exposure.",FULLTEXT_REVIEW
758,D0121868,Effect of heat stress on patients with COPD-a prospective telemedicine study on climate change,2013,American Journal of Respiratory and Critical Care Medicine,temperature,META_ELIGIBLE,"COPD patients were monitored repeatedly while stationary weather data identified matched heat and normal days; subjective wellbeing means, SDs, sample size, and p value are reported.",META_ELIGIBLE,"Prospective repeated-measures telemedicine study of COPD patients with daily objective temperature exposure and daily subjective well-being outcome. Heat days vs normal temperature days within patients provide temporal counterfactual; subjective well-being difference reported as 3.7±1.2 vs 2.1±0.6, P<0.002, giving extractable quantitative effect with uncertainty.",PRIORITY_FULLTEXT
759,D0122204,A prospective study of the impact of floods on the mental and physical health of older adults.,2013,Aging & mental health,flood,FULLTEXT_REVIEW,"Older adults completed mental-health surveys before and after a flood and affected versus unaffected change was compared, but flood experience ascertainment and numerical effects are not reported.",NARRATIVE_ONLY,"Longitudinal pre/post flood study with baseline and eligible outcomes, but flood exposure ('personally affected', 'greater flood exposure') is self-reported via flood experience questionnaires; no objective/externally verifiable exposure stated. Self-reported exposure only makes causal hazard effect unsuitable for meta-analysis.",ADJUDICATE_PRIORITY
760,D0122216,Posttraumatic stress disorder and use of psychiatric and alcohol related services: the effect of the 2004-2005 Florida hurricane seasons on veterans.,2013,Community mental health journal,cyclone,META_ELIGIBLE,Administrative service use changed after hurricane landfall in affected counties and was contrasted with non-affected counties; percentage changes and p values are reported.,FULLTEXT_REVIEW,"Abstract suggests pre-post change in mental health service use comparing hurricane-affected vs nonaffected counties (+28.0 vs -6.5%, p=0.001), but does not clearly describe pre-hurricane baseline, adjustment for confounding, or the counterfactual. Missing design details preclude META_ELIGIBLE.",FULLTEXT_REVIEW
761,D0122217,The course of posttraumatic stress symptoms and functional impairment following a disaster: what is the lasting influence of acute versus ongoing traumatic events and stressors?,2013,Social psychiatry and psychiatric epidemiology,cyclone,NARRATIVE_ONLY,"The cohort began 2-6 months after Hurricane Ike and followed symptoms thereafter; acute exposure was self-reported events and stressors, with no pre-event outcome.",NARRATIVE_ONLY,"Longitudinal post-hurricane study with three post-event interviews. Exposures are self-reported acute hurricane-related traumatic events/stressors and ongoing stressors, not objective or externally verifiable hurricane variation. No pre-event baseline or credible counterfactual for a registered hazard effect; reports associations of self-reported exposures with PTSS and functional impairment.",DO_NOT_ADVANCE_MAIN_META
762,D0125768,"Short-term effects of ambient temperature and air pollution on mental health hospitalizations in Bern, Switzerland",2021,Environmental Epidemiology,temperature,META_ELIGIBLE,Daily psychiatric hospitalizations over 1973-2018 were analyzed with conditional quasi-Poisson distributed-lag models; a temperature effect and 95% CI are reported.,META_ELIGIBLE,"Daily mental health hospitalizations and ambient temperature were analyzed with distributed lag quasi-Poisson regression, reporting a 4% (95% CI 2%-7%) increase per 10°C. Objective temperature exposure, eligible psychiatric service use outcome, and quantitative effect with uncertainty satisfy criteria.",PRIORITY_FULLTEXT
763,D0127791,Assessing heat vulnerability across life-cycle: Differential impacts on human health,2024,Environmental Epidemiology,temperature,FULLTEXT_REVIEW,"A time-stratified case-crossover analysis links heat to ED admissions, but the abstract gives no heat effect or uncertainty for the eligible mental-disease subgroup.",FULLTEXT_REVIEW,"Objective heat exposure and time-stratified case-crossover design are clear, but the abstract reports only all-cause ED admission ORs. Mental diseases appear as a cause-specific outcome with elevated risk but no quantitative mental-health effect or uncertainty, so full text is needed for an extractable mental-health estimate.",FULLTEXT_REVIEW
764,D0127794,Health impacts of dry and moist heat in South Korea,2024,Environmental Epidemiology,temperature,FULLTEXT_REVIEW,"The time-stratified case-crossover study reports higher mental-disease risk during moist heatwaves, but supplies no mental-health effect estimate or uncertainty.",FULLTEXT_REVIEW,"Objective dry/moist heatwave exposure and time-stratified case-crossover design are eligible, and mental disease ER hospitalization is an eligible psychiatric service use outcome. However, the abstract reports only that moist heatwave risk is higher for mental diseases without a mental-disease-specific quantitative effect and uncertainty, so full text is needed to confirm extractability.",FULLTEXT_REVIEW
765,D0127800,Climate change during one year before birth predicted child mental problems at age four,2024,Environmental Epidemiology,temperature,NARRATIVE_ONLY,Prenatal reanalysis temperature was linked to a single child mental-health assessment at age four; no pre-exposure outcome or quasi-experimental counterfactual is described.,FULLTEXT_REVIEW,"Objective ambient temperature from TReAD and caregiver-reported CBCL anxiety/depression outcomes are eligible, but abstract reports ORs without confidence intervals and does not describe adjustment for confounders or the counterfactual in the DLNM. Full text must establish adjusted hazard-specific estimates with uncertainty and credible temporal control.",ADJUDICATE_PRIORITY
766,D0127802,"A protective role of urban greenspace on the association between night-time heat and suicide in Seoul, South Korea",2024,Environmental Epidemiology,temperature,META_ELIGIBLE,A space-time-stratified case-crossover design links hot-night indices to suicides over 2000-2020 and reports subgroup RRs with 95% CIs.,META_ELIGIBLE,"Original case-crossover study with distributed lag model using objectively measured hot night indices; suicide outcome; reports RR with 95% CI (e.g., HNd RR 1.059, CI 1.017-1.103).",PRIORITY_FULLTEXT
767,D0127803,An evidence-based association between extreme temperatures and mental disorder: A time-series study of Taiwan,2024,Environmental Epidemiology,temperature,META_ELIGIBLE,"Daily mental-disorder visits over 11 years were modeled with distributed-lag nonlinear methods, and extreme-temperature RRs with 95% CIs are reported.",META_ELIGIBLE,Time-series study using 11 years of daily outpatient mental disorder visits and distributed lag non-linear model; objective extreme temperature percentiles; reports RR and 95% CI. Satisfies temporal counterfactual and extractable effect.,PRIORITY_FULLTEXT
768,D0128531,Developing high-resolution meteorological datasets to assess the short-term association between meteorological factors and green space and mental disorders,2022,Dissertation Abstracts International: Section B: The Sciences and Engineering,temperature,FULLTEXT_REVIEW,"The dissertation built high-resolution weather exposures and reports lagged temperature associations with mental-disorder ED visits, but the health-effect design and quantitative estimate are not stated.",FULLTEXT_REVIEW,"Dissertation abstract reports lagged associations between objective meteorological exposures (temperature, heat index) and mental-disorder ED visits, but does not state the exact analytic design or provide numerical effect estimates with uncertainty.",FULLTEXT_REVIEW
769,D0128575,"The impact of meteorological factors on involuntary admission in Attica, Greece",2023,Psychiatriki,temperature,FULLTEXT_REVIEW,"Eight years of daily involuntary admissions were modeled against National Observatory temperature using count regression, but no temperature coefficient or uncertainty is reported.",FULLTEXT_REVIEW,"Time-series study of 8 years using objective meteorological data and involuntary psychiatric admissions (eligible service use). Abstract reports direction/significance of temperature associations but no quantitative effect sizes or uncertainty, so extractability must be checked in full text. Exposure includes composite weather types; need verify hazard-specific temperature estimates and adjustment.",FULLTEXT_REVIEW
770,D0128586,Impacts of high temperatures on cause-specific emergency department visits in North Carolina,2016,Dissertation Abstracts International: Section B: The Sciences and Engineering,temperature,FULLTEXT_REVIEW,"County daily temperature from meteorological archives was modeled with psychiatric ED visits, but the abstract reports only an inverse mental-illness pattern without an estimate or uncertainty.",FULLTEXT_REVIEW,"Daily temperature and ED visits analyzed with Poisson regression suggest an objective time-series design, and mental illness ED visits are eligible psychiatric service use. However, the abstract reports only an inverse association for mental illness without a quantitative effect estimate or uncertainty, so full text is needed to extract a hazard-specific effect.",FULLTEXT_REVIEW
771,D0128667,The population health impacts of large-scale disasters in Puerto Rico,2026,Dissertation Abstracts International: Section B: The Sciences and Engineering,cyclone,FULLTEXT_REVIEW,"The dissertation includes an original study of psychiatric prevalence before and after Hurricane Maria, but the abstract does not identify a control, analytic counterfactual, or quantitative hurricane effect.",FULLTEXT_REVIEW,"Dissertation combines quantitative pre/post Hurricane Maria prevalence study with self-reported exposure-predictor study and qualitative interviews. Abstract does not specify whether Study 1 uses multiple time points or a control group, nor does it report effect estimates/uncertainty. Full text must establish credible design and extractability.",FULLTEXT_REVIEW
772,D0128717,"Disaster, well-being, and sense of control: Testing a reciprocal path in the stress process model",2004,Dissertation Abstracts International Section A: Humanities and Social Sciences,flood,FULLTEXT_REVIEW,"Prospective data from 1,735 respondents indicate flood-related mental-health effects, but interview timing, flood exposure ascertainment, and the extractable path effect are not stated.",FULLTEXT_REVIEW,"Prospective flood study with eligible outcomes but abstract does not specify objective exposure measurement, pre-event baseline/counterfactual, or report quantitative hazard effect; full text needed.",FULLTEXT_REVIEW
773,D0128732,La evacuación por inundaciones y su impacto en la percepción de riesgo y el estrés postraumático,2015,Psicología y Salud,flood,NARRATIVE_ONLY,Residents of one high-risk zone completed a single survey comparing evacuated and non-evacuated participants; no pre-flood outcome or temporal counterfactual is described.,NARRATIVE_ONLY,"Cross-sectional survey of 79 high-risk flood zone residents comparing evacuated versus not evacuated groups; exposure status and outcomes are self-reported, with no pre-event baseline or objective flood measure, so no credible hazard-effect estimate is extractable.",DO_NOT_ADVANCE_MAIN_META
774,D0128737,"The interaction of depression, anxiety and social support in predicting long-term distress in victims of hurricane andrew",1998,Dissertation Abstracts International: Section B: The Sciences and Engineering,cyclone,NARRATIVE_ONLY,All participants came from severely impacted areas and were first assessed three months after Hurricane Andrew; later waves track recovery without a pre-event outcome.,NARRATIVE_ONLY,"First assessment was about 3 months after Hurricane Andrew with no pre-event outcome; all participants were from severely impacted areas. Analyses are mediation of hurricane experience, not a hazard-effect estimate with a credible counterfactual.",DO_NOT_ADVANCE_MAIN_META
775,D0128740,"Hurricane Katrina and youth anxiety: The role of parental anxiety, parental and youth attachment beliefs, and parenting behaviors",2007,Dissertation Abstracts International: Section B: The Sciences and Engineering,cyclone,NARRATIVE_ONLY,"The analysis tests pre-Katrina anxiety, attachment, and parenting as predictors of post-Katrina anxiety; it does not estimate Hurricane Katrina's effect on mental health.",NARRATIVE_ONLY,"Abstract reports a pre/post Hurricane Katrina study of youth anxiety/PTSD but only tests whether pre-Katrina anxiety and attachment beliefs predict or moderate post-Katrina outcomes; no hurricane exposure effect or uncertainty is reported, so no causal hazard estimate is extractable.",DO_NOT_ADVANCE_MAIN_META
776,D0128753,Long-term negative psychological effects of a flood on adolescents,2002,Polish Psychological Bulletin,flood,NARRATIVE_ONLY,"Students completed one questionnaire 20 months after the flood, and self-reported dangers and losses predicted concurrent symptoms.",NARRATIVE_ONLY,"Single-wave cross-sectional survey 20 months post-flood; exposure variation is self-reported experiences/dangers/losses, with no pre-event baseline or credible counterfactual. Hierarchical regression cannot provide causal hazard effect.",DO_NOT_ADVANCE_MAIN_META
777,D0128755,Inondation au Québec. Étude longitudinale des effets à long terme sur la santé psychologique,2009,Revue Francophone du Stress et du Trauma,flood,NARRATIVE_ONLY,"Victims and non-victims were followed across post-flood years, but no pre-flood mental-health baseline or before-after control is described.",NARRATIVE_ONLY,"Compares flood victims and non-victims at 8 years post-event; longitudinal changes within victims are described, but no pre-flood baseline or credible counterfactual is reported. Affected-versus-unaffected comparison alone cannot support a causal hazard effect.",DO_NOT_ADVANCE_MAIN_META
778,D0128764,"Variable and dynamic associations between hot weather, thermal comfort, and individuals’ emotional states during summertime",2024,BMC Psychology,temperature,FULLTEXT_REVIEW,"Repeated ecological-momentary affect reports were linked to high-resolution modeled weather with substantial within-person variation, but no direct temperature-affect estimate or uncertainty is reported.",FULLTEXT_REVIEW,"EMA study with objective climate-modeled weather and negative affect suggests repeated within-person temporal variation; however abstract reports only variance-explained and moderation, no quantitative temperature effect or uncertainty, so full text required.",FULLTEXT_REVIEW
779,D0128792,Children's reactions to hurricane andrew: A forty-four month follow-up study,1998,Dissertation Abstracts International: Section B: The Sciences and Engineering,cyclone,NARRATIVE_ONLY,The study follows a selected high-symptom subgroup from 3 to 44 months after Hurricane Andrew; there is no pre-hurricane outcome and exposure does not vary.,NARRATIVE_ONLY,"Abstract describes an exposed-only longitudinal follow-up of children after Hurricane Andrew with repeated post-hurricane assessments but no pre-event outcome. It reports symptom persistence and predictors such as hurricane-related exposure severity, not a quantitative hazard effect with uncertainty.",DO_NOT_ADVANCE_MAIN_META
780,D0128794,Psychologiczne konsekwencje powodzi u dzieci i młodzieży,2000,Psychologia Wychowawcza,flood,NARRATIVE_ONLY,"Children were first assessed five months after the flood and reinterviewed later; home loss and threats were self-reported, with no pre-event outcome.",NARRATIVE_ONLY,"Two post-flood waves compare children with self-reported home loss vs others after the 1997 Opole flood; no pre-flood outcome or credible counterfactual, and no quantitative effect with uncertainty is reported.",DO_NOT_ADVANCE_MAIN_META
781,D0128802,Identifying pathways to postdisaster smoking and alcohol consumption after a natural disaster: Findings from hurricane Katrina,2019,Dissertation Abstracts International: Section B: The Sciences and Engineering,cyclone,NARRATIVE_ONLY,Disaster exposure and mental health were first measured nine months after Katrina and again at 18 months; reported prior poor mental health is not a prospective pre-event outcome.,NARRATIVE_ONLY,Post-event only cohort from Memphis and New Orleans at 9 and 18 months after Hurricane Katrina; no pre-event depression/PTSD outcomes reported. Affected/unaffected city comparison after the event lacks pre-event baseline or credible counterfactual. Depression/PTSD appear as mediators; no quantitative hazard effect with uncertainty in abstract.,DO_NOT_ADVANCE_MAIN_META
782,D0128817,"The effect of Hurricane Katrina on mental health conditions in postpartum women: Hurricane experience, housing problems and coping with daily stress",2018,Dissertation Abstracts International: Section B: The Sciences and Engineering,cyclone|flood,NARRATIVE_ONLY,"Postpartum women were interviewed only after Katrina and flooding, and exposure consisted of recalled experiences, injury, and floodwater contact; no pre-disaster outcome exists.",NARRATIVE_ONLY,"Prospective cohort interviewed only after Hurricane Katrina (6 weeks, 6 months, 12 months); no pre-event mental health baseline. Exposure is self-reported hurricane/flood experience and housing problems; no objective hazard variation or credible counterfactual; unsuitable for causal meta-analysis.",DO_NOT_ADVANCE_MAIN_META
783,D0128821,Cumulative trauma and the long-term health and recovery of disaster survivors,2024,Dissertation Abstracts International: Section B: The Sciences and Engineering,cyclone,NARRATIVE_ONLY,The quantitative manuscripts model reported pre-Katrina and Katrina-related traumatic experiences among survivors; no objective hurricane linkage or qualifying hazard counterfactual is described.,NARRATIVE_ONLY,Dissertation on Hurricane Katrina survivors examines pre-disaster trauma as predictor of Katrina-related PTSD trajectories and qualitative resilience; no climate hazard effect with credible counterfactual or extractable hazard estimate.,DO_NOT_ADVANCE_MAIN_META
784,D0128828,Psychological responses to drought in Northeastern Brazil: An exploratory study,2001,Dissertation Abstracts International: Section B: The Sciences and Engineering,drought,NARRATIVE_ONLY,"Residents of one drought city and one drought-free city were compared in a single interview, a purely spatial cross-sectional contrast without within-unit temporal variation.",NARRATIVE_ONLY,"The study compares 102 residents of a drought area with 102 residents of a drought-free control city at a single time point using interviews. No pre-exposure outcome, temporal within-unit variation, or quasi-experimental counterfactual is reported; this is an exposed/unexposed single post-event cross-sectional comparison, unsuitable for causal meta-analysis.",DO_NOT_ADVANCE_MAIN_META
785,D0128855,A longitudinal model of posttraumatic stress and posttraumatic growth in adults affected by hurricane Katrina,2022,Dissertation Abstracts International: Section B: The Sciences and Engineering,cyclone,NARRATIVE_ONLY,"The longitudinal path analysis includes only hurricane-exposed women and models post-event stress, growth, and distress over time without a pre-hurricane outcome.",NARRATIVE_ONLY,"Longitudinal path analysis of hurricane-exposed women only; no unexposed comparison, pre-event baseline, or exposure gradient. It models associations among PTSD, distress, and PTG rather than a hurricane effect.",DO_NOT_ADVANCE_MAIN_META
786,D0128882,Examination of the relationship between academic achievement and traumatic stress following Hurricane Katrina,2022,Dissertation Abstracts International Section A: Humanities and Social Sciences,cyclone,EXCLUDE,The main exposure is PTSD symptom severity and the outcome is academic achievement; hurricane exposure is not analyzed as the primary cause of an eligible mental-health outcome.,NARRATIVE_ONLY,Abstract reports HURTE self-reported hurricane-related traumatic experiences only; PTSD measured post-Katrina without pre-event mental-health baseline; analyses link PTSD to academic achievement rather than estimating a hazard effect on mental health.,DO_NOT_ADVANCE_MAIN_META
787,D0128929,"Emotional distress trajectories of survivors of Hurricanes Katrina and Rita: Roles of predisaster distress, social functioning and disaster stress exposure",2010,Dissertation Abstracts International: Section B: The Sciences and Engineering,cyclone,FULLTEXT_REVIEW,"Psychological distress was measured before and after Hurricanes Katrina and Rita, and HLM separated disaster occurrence from time, but no quantitative disaster effect or uncertainty is given.",FULLTEXT_REVIEW,Abstract reports HLM trajectories of pre/post hurricane distress but no numeric hazard effect or uncertainty; exposure partly self-reported disaster stress. Full text must confirm objective hurricane exposure coding and extractable adjusted coefficients.,FULLTEXT_REVIEW
788,D0128953,Mental health outcomes of young adults amid COVID-19: Examining pre-pandemic and current factors,2024,Dissertation Abstracts International: Section B: The Sciences and Engineering,cyclone|wildfire,EXCLUDE,The study's outcome period and analyses center on COVID-19 pandemic mental health; prior hurricane or wildfire exposure is only a background predictor and was not significant.,EXCLUDE,"Main exposure is COVID-19 pandemic, not a registered climate hazard; hurricane/wildfire exposure is a self-reported baseline predictor, and no climate-hazard effect is estimated.",DO_NOT_ADVANCE_MAIN_META
789,D0128955,Ambient exposures and population mental health in the U.S,2022,Dissertation Abstracts International: Section B: The Sciences and Engineering,temperature,FULLTEXT_REVIEW,"The dissertation reports a nationwide case-crossover temperature analysis of psychiatric hospitalization, but provides no temperature-specific estimate or uncertainty.",FULLTEXT_REVIEW,Abstract describes a case-crossover study of ambient temperature and psychiatric hospitalization but reports no numeric effect estimate or uncertainty; full text must confirm extractable quantitative temperature-specific adjusted effect.,FULLTEXT_REVIEW
790,D0128964,Self-reported effects of a natural disaster on the health and well-being of working class males,1978,Crisis Intervention,flood,NARRATIVE_ONLY,Post-flood interviews compared men who reported flood-related emotional stress with non-flooded controls; exposure and distress were self-reported and no pre-event outcome was measured.,NARRATIVE_ONLY,"Abstract describes post-flood personal interviews comparing flooded men with non-flooded controls, but no pre-event mental-health baseline or credible counterfactual. Only descriptive distress duration is reported, not a flood-effect estimate with uncertainty for mental health.",DO_NOT_ADVANCE_MAIN_META
791,D0128973,"Weathering the storm: The long-term consequences of Hurricane Katrina on mental health, mobility and recovery",2017,Dissertation Abstracts International Section A: Humanities and Social Sciences,cyclone,NARRATIVE_ONLY,"The dissertation follows highly affected Katrina survivors during recovery and models mobility, household change, and support; no pre-hurricane outcome or changing hazard exposure is described.",NARRATIVE_ONLY,"Sample is restricted to individuals highly affected by Hurricane Katrina; analyses concern mobility, household instability, and social support as predictors of mental health trajectories. No hurricane exposure contrast or pre-event baseline is described, so no extractable hazard effect.",DO_NOT_ADVANCE_MAIN_META
792,D0128977,Surviving the storm: An intersectional analysis of Hurricane Katrina’s effect on lingering physical and mental health disparities,2021,Dissertation Abstracts International: Section B: The Sciences and Engineering,cyclone,FULLTEXT_REVIEW,"The dissertation reports mental-health diagnoses before and after Katrina across race-sex groups, but the main dataset, repeated-unit structure, counterfactual, and effect estimates are unclear.",FULLTEXT_REVIEW,"Relevant cyclone and depression outcomes, but abstract does not specify whether mental-health outcomes were measured before and after Katrina, whether exposure has temporal variation, or whether it reports a hazard-specific adjusted effect with uncertainty; it focuses on race/sex disparities. Full text needed to establish design and extractability.",FULLTEXT_REVIEW
793,D0129019,"Trajectories of psychological distress among low-income, female survivors of Hurricane Katrina",2012,Dissertation Abstracts International: Section B: The Sciences and Engineering,cyclone,FULLTEXT_REVIEW,"Distress was measured before and twice after Katrina, but latent trajectory classes and stressor predictors are reported without an extractable hurricane-occurrence effect or uncertainty.",NARRATIVE_ONLY,"Longitudinal pre/post study of Katrina survivors, but uses LCGA to describe distress trajectories; hurricane-related stressors predict trajectory membership with no objective hazard variation or extractable hazard-effect estimate.",ADJUDICATE_PRIORITY
794,D0129032,Situational and psychological predictors of coping responses and mental health outcomes among flood victims,1997,Dissertation Abstracts International: Section B: The Sciences and Engineering,flood,FULLTEXT_REVIEW,"Flood victims had baseline, immediate, and one-year mental-health interviews, but flood exposure and losses appear interview-derived and no hazard-specific mental-health effect is reported.",FULLTEXT_REVIEW,"Prospective flood-victim study with pre-/post measures and psychopathology outcomes; abstract reports flood exposure predicting coping but not a direct hazard-specific mental-health effect with uncertainty, and exposure source/counterfactual are unclear; full text needed to confirm extractable effect.",FULLTEXT_REVIEW
795,D0129106,Sex differences in the stress responses of children affected by Hurricane Katrina,2008,Dissertation Abstracts International: Section B: The Sciences and Engineering,cyclone,NARRATIVE_ONLY,"Displaced Katrina youth and matched controls were assessed after the event only; no pre-hurricane anxiety, depression, or distress baseline is described.",NARRATIVE_ONLY,Post-event comparison of Hurricane Katrina-displaced youth versus matched controls with no pre-event outcome or within-unit temporal variation; unsuitable causal design.,DO_NOT_ADVANCE_MAIN_META
796,D0129122,"Measuring exposure in natural disaster: A meta-analysis, an integrative data analysis, and a multi-wave longitudinal study of hurricane Katrina survivors",2013,Dissertation Abstracts International: Section B: The Sciences and Engineering,cyclone,NARRATIVE_ONLY,Original components use survivor datasets to validate disaster-related stressor severity measures and a post-event panel; no objective hazard exposure or pre-event outcome is described.,NARRATIVE_ONLY,"Abstract describes a four-wave longitudinal panel of Hurricane Katrina survivors examining disaster-related stressors/severity and mental health. No pre-event outcome or unexposed counterfactual is mentioned, and no numeric hazard effect or uncertainty is reported, so causal meta-analysis target is not supported.",DO_NOT_ADVANCE_MAIN_META
797,D0129180,Difficultés et effets a-6 long terme d'une catastrophe en milieu rural: Étude combinant les approches qualitative et quantitative,2002,Revue Québécoise de Psychologie,flood,NARRATIVE_ONLY,Flood victims and unaffected residents were interviewed once three years after the event; there is no pre-flood mental-health outcome or before-after control.,NARRATIVE_ONLY,"Cross-sectional comparison of flood-affected vs unaffected adults 3 years post-event; no pre-event baseline or temporal counterfactual, so causal inference is not supported.",DO_NOT_ADVANCE_MAIN_META
798,D0129517,"Associations between mortality, morbidity from injuries and meteorological factors in Hong Kong: A time-series study",2020,Dissertation Abstracts International: Section B: The Sciences and Engineering,temperature,META_ELIGIBLE,Daily suicide mortality and attempts were linked to Observatory meteorology using adjusted GAM and distributed-lag models; the suicide-mortality RR and 95% CI are reported.,META_ELIGIBLE,"Daily time-series used objective Hong Kong Observatory temperature and GAM/DLNM to estimate temperature-suicide mortality RR 1.59 (95% CI 1.33-1.91), meeting exposure, outcome, design, and extractable effect criteria.",PRIORITY_FULLTEXT
799,D0129532,"Impact of emergency evacuations on skilled nursing facilities residents' health during 2009 floods in Fargo, North Dakota",2015,Dissertation Abstracts International: Section B: The Sciences and Engineering,flood,EXCLUDE,"The explanatory exposure is skilled-nursing-facility evacuation, with flood serving only as the reason for evacuation; it does not estimate flood exposure's mental-health effect.",NARRATIVE_ONLY,"Abstract describes a post-event comparison of evacuated vs control SNFs during the 2009 flood, with no stated pre-event outcome or credible counterfactual; exposed/unexposed post-event comparison alone is not eligible. Mental health outcome (mood/negative statements) is also unclear.",DO_NOT_ADVANCE_MAIN_META
800,D0129680,An SCL-90 evaluation in paratroopers before and after anti-flood rescue,2000,Chinese Mental Health Journal,flood,EXCLUDE,"The before-after exposure is participation in an anti-flood rescue mission, not objectively measured flood exposure; the study estimates the mission's effect on rescuers.",NARRATIVE_ONLY,"Single group of 200 paratroopers assessed before and after one anti-flood rescue mission; no unexposed comparison, exposure gradient, or variation in flood exposure. Changes in SCL-90 scores are descriptive pre/post mission effects, not a flood hazard effect.",DO_NOT_ADVANCE_MAIN_META
801,D0129871,The influence of weather on moods: An idiographic and nomothetic approach,2002,Dissertation Abstracts International: Section B: The Sciences and Engineering,temperature,FULLTEXT_REVIEW,"Participants repeatedly rated mood over a semester and archived weather supplied objective heat measures, but weighted mean correlations are reported without uncertainty.",FULLTEXT_REVIEW,"Repeated-measures study with archived weather and mood is plausible, but abstract reports only a range of weighted mean correlations (-.05 to .04) without exact temperature-specific estimates or uncertainty. Full text must establish isolated hazard effects and credible time-series controls.",FULLTEXT_REVIEW
802,D0129949,Utjecaj meteoroloških čimbenika na učestalost samoubojstava,2001,Socijalna Psihijatrija,temperature,FULLTEXT_REVIEW,"Daily suicide occurrence over 1992-1996 was evaluated against daily temperature and other meteorology, but the null temperature finding has no estimate or uncertainty.",FULLTEXT_REVIEW,"Abstract reports an ecological analysis of daily meteorological factors and 387 suicides in Split, Croatia, 1992-1996, finding no correlation with temperature but no effect estimates or uncertainty; design and counterfactual details are not stated.",FULLTEXT_REVIEW
