dedup_id,title,candidate_topics,mental_health_signal,final_decision,one_line_reason,per_topic,model_name,criteria_version,screened_at
D0057968,The Impact of Primary Disease on Patient Satisfaction in Outpatient Care: A Nationwide Analysis,,yes,EXCLUDE (no eligible topic),"Record about patient satisfaction and depression, no climate hazard.",{},deepseek-v4-flash,per-topic prompt set 00-05 v2 (outcome discipline),2026-07-19T07:33:15
D0060864,Effects of graded focal cold block in the solitary and para‐ambigual regions of the medulla in the cat,,no,EXCLUDE (no eligible topic),No hazard topics or mental health signal; animal study with focal cooling.,{},deepseek-v4-flash,per-topic prompt set 00-05 v2 (outcome discipline),2026-07-19T07:33:20
D0073944,Validation of histocultures from adult human brain as a tool to study age-associated neurodegenerative diseases,,no,EXCLUDE (no eligible topic),No mention of any climate hazard; study focuses on brain tissue cultures.,{},deepseek-v4-flash,per-topic prompt set 00-05 v2 (outcome discipline),2026-07-19T07:33:25
D0059771,"Socio-ecological factors associated with eco-anxiety following the 2023 wildfires among Northern and Indigenous youth in the Northwest Territories, Canada: Cros",wildfire,yes,INCLUDE,wildfire:INCLUDE,"{""wildfire"": {""decision"": ""INCLUDE"", ""review_flag"": false, ""reason"": ""Cross-sectional study of eco-anxiety after wildfires in NWT adolescents.""}}",deepseek-v4-flash,per-topic prompt set 00-05 v2 (outcome discipline),2026-07-19T07:33:32
D0114009,On the temporal variation of concentration and wet deposition of sulfate associated with a single event of frontal depression,,no,EXCLUDE (no eligible topic),Study on sulfate wet deposition in frontal depression; no human exposure or mental health signal.,{},deepseek-v4-flash,per-topic prompt set 00-05 v2 (outcome discipline),2026-07-19T07:33:36
D0044780,The development of anxiety and exploration in two species of the African striped mouseRhabdomys,,no,EXCLUDE (no eligible topic),Animal study on mice; no environmental hazard exposure.,{},deepseek-v4-flash,per-topic prompt set 00-05 v2 (outcome discipline),2026-07-19T07:33:40
D0034875,Trees in the urban environment: Response mechanisms and benefits for the ecosystem should guide plant selection for future plantings,,no,EXCLUDE (no eligible topic),Focus on tree physiology and urban forestry; no human hazard exposure or mental health signal.,{},deepseek-v4-flash,per-topic prompt set 00-05 v2 (outcome discipline),2026-07-19T07:33:44
D0005327,The state of ambient air quality in Pakistan--a review.,,no,EXCLUDE (no eligible topic),"Record is about ambient air quality, not any of the five hazard topics.",{},deepseek-v4-flash,per-topic prompt set 00-05 v2 (outcome discipline),2026-07-19T07:33:48
D0065633,Exploring children's conceptions of smoking addiction,,no,EXCLUDE (no eligible topic),No climate hazard topic present; record about smoking addiction.,{},deepseek-v4-flash,per-topic prompt set 00-05 v2 (outcome discipline),2026-07-19T07:33:52
D0022125,Evaluation of Remotely Sensed Inundation Data Sets to Estimate Flood-Associated Emergency Department Visits After Hurricane Harvey.,flood; cyclone,no,EXCLUDE,flood:EXCLUDE | cyclone:EXCLUDE,"{""flood"": {""decision"": ""EXCLUDE"", ""review_flag"": false, ""reason"": ""Outcome is intestinal infectious disease, not mental health.""}, ""cyclone"": {""decision"": ""EXCLUDE"", ""review_flag"": false, ""reason"": ""Outcome is infectious disease ED visits, not mental health.""}}",deepseek-v4-flash,per-topic prompt set 00-05 v2 (outcome discipline),2026-07-19T07:34:07
D0074826,"Evaluation of factors influencing the relationship between physical activity, the perception of pain and psychological attitudes to pain in humans.",,no,EXCLUDE (no eligible topic),No mention of climate hazard; study on exercise and pain perception.,{},deepseek-v4-flash,per-topic prompt set 00-05 v2 (outcome discipline),2026-07-19T07:34:11
D0099739,Distress vocalizations of young in three inbred strains of mice,,no,EXCLUDE (no eligible topic),Laboratory animal study; no human population or climate hazard exposure.,{},deepseek-v4-flash,per-topic prompt set 00-05 v2 (outcome discipline),2026-07-19T07:34:15
D0123227,Smoking policy in mental health care,,no,EXCLUDE (no eligible topic),No climate hazard mentioned; focuses on smoking policy in mental health care.,{},deepseek-v4-flash,per-topic prompt set 00-05 v2 (outcome discipline),2026-07-19T07:34:20
D0018510,Vitamin D3 suppresses astrocyte activation and ameliorates coal dust-induced mood disorders in mice.,,yes,EXCLUDE (no eligible topic),Coal dust exposure in mice; no climate hazard.,{},deepseek-v4-flash,per-topic prompt set 00-05 v2 (outcome discipline),2026-07-19T07:34:23
D0053053,The Role of Experiential Quality in a Vegetarian Restaurant from an Eco-Friendly Perspective,,no,EXCLUDE (no eligible topic),No mention of climate hazard; unrelated to climate and mental health.,{},deepseek-v4-flash,per-topic prompt set 00-05 v2 (outcome discipline),2026-07-19T07:34:30
D0067175,Suicidal and criminal immolations: An 18-year study and review of the literature,,yes,EXCLUDE (no eligible topic),Self-immolation by fire in suicide/homicide; no environmental hazard exposure.,{},deepseek-v4-flash,per-topic prompt set 00-05 v2 (outcome discipline),2026-07-19T07:34:34
D0104900,[Relations of German anesthesiology to east European societies of anesthesiology].,,no,EXCLUDE (no eligible topic),No mention of climate hazards or mental health; historical anesthesiology relations.,{},deepseek-v4-flash,per-topic prompt set 00-05 v2 (outcome discipline),2026-07-19T07:34:38
D0091719,"A systematic review of effective local, community or peer-delivered interventions to improve well-being and employment in regional, rural and remote areas of Au",,yes,EXCLUDE (no eligible topic),No climate hazard mentioned; focuses on general well-being and employment interventions.,{},deepseek-v4-flash,per-topic prompt set 00-05 v2 (outcome discipline),2026-07-19T07:34:51
D0049300,EECO: An AI-Based Algorithm for Energy-Efficient Comfort Optimisation,,no,EXCLUDE (no eligible topic),No climate hazard or mental health signal; indoor thermal comfort optimization.,{},deepseek-v4-flash,per-topic prompt set 00-05 v2 (outcome discipline),2026-07-19T07:34:55
D0088247,"Unveiling Spatial Associations between COVID-19 Severe Health Index, Racial/Ethnic Composition, and Community Factors in the United States",,no,EXCLUDE (no eligible topic),No climate hazard or mental health signal mentioned.,{},deepseek-v4-flash,per-topic prompt set 00-05 v2 (outcome discipline),2026-07-19T07:34:58
D0091407,Identifying Variation in Physical Health Behaviors and Depressive Symptoms among Religiosity Clusters of African American Adults in the United States,,yes,EXCLUDE (no eligible topic),No climate hazard mentioned; study focuses on religiosity and health behaviors.,{},deepseek-v4-flash,per-topic prompt set 00-05 v2 (outcome discipline),2026-07-19T07:35:02
D0026356,Three-dimensional seismic structure of the upper mantle beneath the central part of the Eurasian continent,,no,EXCLUDE (no eligible topic),No climate hazard or mental health signal present.,{},deepseek-v4-flash,per-topic prompt set 00-05 v2 (outcome discipline),2026-07-19T07:35:05
D0127827,Complementary Herbal Approach to Rheumatoid Management Study (CHARMS),,no,EXCLUDE (no eligible topic),No climate hazard or mental health topic present.,{},deepseek-v4-flash,per-topic prompt set 00-05 v2 (outcome discipline),2026-07-19T07:35:08
D0043441,Urban Sustainability Versus the Impact of Covid-19: A Madrid Case Study,,no,EXCLUDE (no eligible topic),No climate hazard exposure; focus is on Covid-19 and urban density.,{},deepseek-v4-flash,per-topic prompt set 00-05 v2 (outcome discipline),2026-07-19T07:35:13
D0120476,Smoked Marijuana Discrimination and Marijuana Choice in Humans: A Laboratory Mode,,no,EXCLUDE (no eligible topic),No mention of any climate hazard; record is about marijuana discrimination in humans.,{},deepseek-v4-flash,per-topic prompt set 00-05 v2 (outcome discipline),2026-07-19T07:35:16
D0119083,"Motherhood, infancy, and drugs: Clinical issues",,no,EXCLUDE (no eligible topic),No climate hazard or mental health signal; focuses on prenatal drug exposure.,{},deepseek-v4-flash,per-topic prompt set 00-05 v2 (outcome discipline),2026-07-19T07:35:20
D0099209,There's more to depression than melancholy,,yes,EXCLUDE (no eligible topic),No climate hazard mentioned; record is about depression in a psychological context.,{},deepseek-v4-flash,per-topic prompt set 00-05 v2 (outcome discipline),2026-07-19T07:35:24
D0050859,Architecture Transforms the City,,no,EXCLUDE (no eligible topic),No specific climate hazard or mental health outcome; topic is architecture.,{},deepseek-v4-flash,per-topic prompt set 00-05 v2 (outcome discipline),2026-07-19T07:35:38
D0089725,Similarities and differences regarding acute anorexia nervosa and semi-starvation: does behavioral thermoregulation play a central role?,,yes,EXCLUDE (no eligible topic),No environmental hazard exposure; focuses on body temperature regulation in anorexia.,{},deepseek-v4-flash,per-topic prompt set 00-05 v2 (outcome discipline),2026-07-19T07:35:41
D0085753,Dying to Breathe: Air Pollution Adds Insult to Injury in COVID-19,,no,EXCLUDE (no eligible topic),"Title only mentions air pollution, no climate hazard or mental health signal.",{},deepseek-v4-flash,per-topic prompt set 00-05 v2 (outcome discipline),2026-07-19T07:35:47
D0125867,Psychological distress among adolescents in lebanon: Results from a national school survey in 2017,,yes,EXCLUDE (no eligible topic),No climate hazard topic mentioned; purely about psychological distress correlates.,{},deepseek-v4-flash,per-topic prompt set 00-05 v2 (outcome discipline),2026-07-19T07:35:59
D0088055,HUMAN METAPNUEUMOVIRUS INDUCED ACUTE RESPIRATORY DISTRESS SYNDROME REQUIRING EXTRACORPOREAL MEMBRANE OXYGENATION,,no,EXCLUDE (no eligible topic),No climate hazard or mental health signal present.,{},deepseek-v4-flash,per-topic prompt set 00-05 v2 (outcome discipline),2026-07-19T07:36:03
D0051957,A diagnosis that’s hard to swallow: case report of delayed onset lateral medullary syndrome presenting with only dysphagia,,no,EXCLUDE (no eligible topic),No climate hazard mentioned; case report of lateral medullary syndrome.,{},deepseek-v4-flash,per-topic prompt set 00-05 v2 (outcome discipline),2026-07-19T07:36:06
D0015833,COVID-19 hospitalizations: Another adverse impact of ambient air pollution?,,no,EXCLUDE (no eligible topic),"Title and abstract discuss ambient air pollution, not any of the five hazard topics.",{},deepseek-v4-flash,per-topic prompt set 00-05 v2 (outcome discipline),2026-07-19T07:36:10
D0019519,The Influence of Children's Pain-Related Attention Shifting Ability and Pain Catastrophizing Upon Negatively Biased Pain Memories in Healthy School Children.,,no,EXCLUDE (no eligible topic),No hazard exposure; laboratory heat stimulus not ambient temperature.,{},deepseek-v4-flash,per-topic prompt set 00-05 v2 (outcome discipline),2026-07-19T07:36:15
D0107881,"Integration of SCADA and GIS technologies in Jefferson parish, Louisiana",flood,no,EXCLUDE,flood:EXCLUDE,"{""flood"": {""decision"": ""EXCLUDE"", ""review_flag"": false, ""reason"": ""Focuses on SCADA/GIS flood infrastructure; no mental health outcome.""}}",deepseek-v4-flash,per-topic prompt set 00-05 v2 (outcome discipline),2026-07-19T07:36:23
D0075913,Sirtuins Link Inflammation and Metabolism,,no,EXCLUDE (no eligible topic),No hazard or mental health signal; discusses sirtuins and inflammation only.,{},deepseek-v4-flash,per-topic prompt set 00-05 v2 (outcome discipline),2026-07-19T07:36:26
D0094373,Effects of bottle gourd moxibustion combined with umbilical therapy for cancer-related incomplete bowel obstruction on inflammatory cytokine levels,,no,EXCLUDE (no eligible topic),No hazard topic present; record is about moxibustion for cancer bowel obstruction.,{},deepseek-v4-flash,per-topic prompt set 00-05 v2 (outcome discipline),2026-07-19T07:36:30
D0097985,Tyrosine prevents effects of hyperthermia on behavior and increases norepinephrine,,no,EXCLUDE (no eligible topic),Animal study on hyperthermia; no human population or ambient temperature exposure.,{},deepseek-v4-flash,per-topic prompt set 00-05 v2 (outcome discipline),2026-07-19T07:36:35
D0114460,Barbiturate endarteritis of foot,,no,EXCLUDE (no eligible topic),No climate hazard or mental health signal present.,{},deepseek-v4-flash,per-topic prompt set 00-05 v2 (outcome discipline),2026-07-19T07:36:39
D0115408,Occupational stress in the ambulance service: a diagnostic study.,,yes,EXCLUDE (no eligible topic),No mention of climate hazard; focuses on occupational stress in ambulance service.,{},deepseek-v4-flash,per-topic prompt set 00-05 v2 (outcome discipline),2026-07-19T07:36:52
D0066502,Obesity related to smoking and alcohol,,no,EXCLUDE (no eligible topic),"No climate hazard or mental health outcome mentioned; focuses on obesity, smoking, alcohol.",{},deepseek-v4-flash,per-topic prompt set 00-05 v2 (outcome discipline),2026-07-19T07:36:55
D0065013,Venom immunotherapy - An Australian perspective,,no,EXCLUDE (no eligible topic),No climate hazard topic; focuses on insect venom immunotherapy.,{},deepseek-v4-flash,per-topic prompt set 00-05 v2 (outcome discipline),2026-07-19T07:36:58
D0017170,Hurricane Florence and suicide mortality in North Carolina: a controlled interrupted time-series analysis,cyclone,yes,INCLUDE,cyclone:INCLUDE,"{""cyclone"": {""decision"": ""INCLUDE"", ""review_flag"": false, ""reason"": ""Hurricane Florence linked to suicide mortality in NC time-series study.""}}",deepseek-v4-flash,per-topic prompt set 00-05 v2 (outcome discipline),2026-07-19T07:37:07
D0130367,Cardiovascular and pain responses to stress in healthy adults and temporomandibular disorder patients,,yes,EXCLUDE (no eligible topic),"Record is about pain and cardiovascular responses to stress, no climate hazard mentioned.",{},deepseek-v4-flash,per-topic prompt set 00-05 v2 (outcome discipline),2026-07-19T09:30:09
D0127069,Switching Individuals in Treatment for Opioid Use Disorder Who Smoke Cigarettes to the SREC,,no,EXCLUDE (no eligible topic),No climate hazard mentioned; focus is on opioid treatment and smoking cessation.,{},deepseek-v4-flash,per-topic prompt set 00-05 v2 (outcome discipline),2026-07-19T07:37:44
D0083129,"Epidemiology of injuries from fire, heat and hot substances: global, regional and national morbidity and mortality estimates from the Global Burden of Disease 2",,no,EXCLUDE (no eligible topic),"Injuries from fire and hot substances, not ambient temperature exposure.",{},deepseek-v4-flash,per-topic prompt set 00-05 v2 (outcome discipline),2026-07-19T07:37:49
D0006492,My disaster recovery: A pilot randomized controlled trial of an internet intervention,cyclone,yes,INCLUDE,cyclone:INCLUDE,"{""cyclone"": {""decision"": ""INCLUDE"", ""review_flag"": false, ""reason"": ""RCT of internet intervention for Hurricane Ike survivors, measuring worry and depression.""}}",deepseek-v4-flash,per-topic prompt set 00-05 v2 (outcome discipline),2026-07-19T07:37:57
D0009123,Nonverbal Reasoning in Preschool Children: Investigating the Putative Risk of Secondhand Smoke Exposure and Attention-Deficit/Hyperactivity Disorder as a Mediat,,no,EXCLUDE (no eligible topic),No climate hazard topic; exposure is secondhand smoke.,{},deepseek-v4-flash,per-topic prompt set 00-05 v2 (outcome discipline),2026-07-19T07:38:01
D0120845,Managing multiple cardiovascular risk factors,,no,EXCLUDE (no eligible topic),No climate hazard or mental health content.,{},deepseek-v4-flash,per-topic prompt set 00-05 v2 (outcome discipline),2026-07-19T07:38:06
D0070845,Association between positivity and smoking cessation,,no,EXCLUDE (no eligible topic),No mention of any climate hazard; record focuses on smoking cessation and positivity.,{},deepseek-v4-flash,per-topic prompt set 00-05 v2 (outcome discipline),2026-07-19T07:38:10
D0081288,Child mortality in Saudi Arabia: Time for action at all levels,,no,EXCLUDE (no eligible topic),No climate hazard or mental health signal present; child mortality causes unrelated to climate.,{},deepseek-v4-flash,per-topic prompt set 00-05 v2 (outcome discipline),2026-07-19T07:38:14
D0011075,GNB3 overexpression causes obesity and metabolic syndrome.,,yes,EXCLUDE (no eligible topic),No environmental hazard exposure; animal study; mental health signal but no human population.,{},deepseek-v4-flash,per-topic prompt set 00-05 v2 (outcome discipline),2026-07-19T07:38:20
D0110860,Risk factors for psychiatric disorders in female bundeswehr personnel,,yes,EXCLUDE (no eligible topic),No climate hazard mentioned; focuses on military deployment stress,{},deepseek-v4-flash,per-topic prompt set 00-05 v2 (outcome discipline),2026-07-19T07:38:23
D0054074,Pearl Millet Genetic Improvement for Food and Nutrition Security,,no,EXCLUDE (no eligible topic),Crop science record; no human hazard exposure or mental health outcome.,{},deepseek-v4-flash,per-topic prompt set 00-05 v2 (outcome discipline),2026-07-19T07:38:27
D0044676,"Statistical Exploration of SENTINEL-1 Data, Terrain Parameters, and in-situ Data for Estimating the Near-Surface Soil Moisture in a Mediterranean Agroecosystem",,no,EXCLUDE (no eligible topic),"No hazard topic, mental health, or human population signal present.",{},deepseek-v4-flash,per-topic prompt set 00-05 v2 (outcome discipline),2026-07-19T07:38:30
D0063716,"Serotonergic dysfunction in addiction: Effects of alcohol, cigarette smoking and heroin on platelet 5-HT content",,no,EXCLUDE (no eligible topic),No climate hazard or mental health signal present.,{},deepseek-v4-flash,per-topic prompt set 00-05 v2 (outcome discipline),2026-07-19T07:38:35
D0107776,"The vegetation of the maritime sands of the Casamance-country, southern Senegal",,no,EXCLUDE (no eligible topic),No mention of climate hazards or human mental health.,{},deepseek-v4-flash,per-topic prompt set 00-05 v2 (outcome discipline),2026-07-19T07:38:37
D0005800,Development of disaster pamphlets based on health needs of patients with chronic illnesses.,cyclone,yes,EXCLUDE,cyclone:EXCLUDE,"{""cyclone"": {""decision"": ""EXCLUDE"", ""review_flag"": false, ""reason"": ""Pamphlet development study; no empirical mental health outcome data.""}}",deepseek-v4-flash,per-topic prompt set 00-05 v2 (outcome discipline),2026-07-19T07:38:59
D0111653,Review of randomized control trials with endovenous laser in varices treatment,,no,EXCLUDE (no eligible topic),No hazard or mental health signal; topic is medical procedure for varicose veins.,{},deepseek-v4-flash,per-topic prompt set 00-05 v2 (outcome discipline),2026-07-19T07:39:03
D0104413,PTSD as a result of a natural disaster,flood,yes,INCLUDE (needs review),flood:INCLUDE,"{""flood"": {""decision"": ""INCLUDE"", ""review_flag"": true, ""reason"": ""Review of PTSD diagnosis in flood victims; eligible exposure and outcome.""}}",deepseek-v4-flash,per-topic prompt set 00-05 v2 (outcome discipline),2026-07-19T07:39:22
D0069325,Advocacy and the paediatrician,,no,EXCLUDE (no eligible topic),No hazard or mental health signal; focuses on paediatric advocacy training.,{},deepseek-v4-flash,per-topic prompt set 00-05 v2 (outcome discipline),2026-07-19T07:39:26
D0076745,Legal highs: staying on top of the flood of novel psychoactive substances,,unclear,EXCLUDE (no eligible topic),No climate hazard topic present; 'flood' is metaphorical.,{},deepseek-v4-flash,per-topic prompt set 00-05 v2 (outcome discipline),2026-07-19T07:39:33
D0021164,Homes Heat Health protocol: An observational cohort study measuring the effect of summer temperatures on sleep quality,temperature,yes,EXCLUDE,temperature:EXCLUDE,"{""temperature"": {""decision"": ""EXCLUDE"", ""review_flag"": false, ""reason"": ""Outcome is sleep quality, not an eligible mental health/wellbeing outcome.""}}",deepseek-v4-flash,per-topic prompt set 00-05 v2 (outcome discipline),2026-07-19T07:39:42
D0039599,Interactions among polymorphisms of susceptibility loci for Alzheimer’s disease or depressive disorder,,yes,EXCLUDE (no eligible topic),No hazard topic mentioned; genetic study on depression and Alzheimer's.,{},deepseek-v4-flash,per-topic prompt set 00-05 v2 (outcome discipline),2026-07-19T07:39:45
D0044053,"The prevalence of complementary and alternative medicine use in the general population of Babol, North of Iran, 2018",,no,EXCLUDE (no eligible topic),No climate hazard or mental health topic mentioned; study on CAM use only.,{},deepseek-v4-flash,per-topic prompt set 00-05 v2 (outcome discipline),2026-07-19T07:39:50
D0076183,Drug-induced hyperthermia in critical care,,no,EXCLUDE (no eligible topic),"Drug-induced hyperthermia is clinical, not environmental temperature exposure.",{},deepseek-v4-flash,per-topic prompt set 00-05 v2 (outcome discipline),2026-07-19T07:39:55
D0071024,Could adult female acne be associated with modern life?,,yes,EXCLUDE (no eligible topic),"No mention of any climate hazard; focuses on acne, stress, and sleep.",{},deepseek-v4-flash,per-topic prompt set 00-05 v2 (outcome discipline),2026-07-19T07:39:59
D0082724,HC2i: Human-computer chemosensory interfaces,,no,EXCLUDE (no eligible topic),No environmental hazard exposure or mental health signal; discusses chemosensory interfaces.,{},deepseek-v4-flash,per-topic prompt set 00-05 v2 (outcome discipline),2026-07-19T07:40:02
D0061030,Metabolism and bound water in overwintering insects,,no,EXCLUDE (no eligible topic),No human population or ambient temperature exposure; insect physiology study.,{},deepseek-v4-flash,per-topic prompt set 00-05 v2 (outcome discipline),2026-07-19T07:40:07
D0052979,"Global climate change: Effects of future temperatures on emergency department visits for mental disorders in Beijing, China",temperature,yes,INCLUDE,temperature:INCLUDE,"{""temperature"": {""decision"": ""INCLUDE"", ""review_flag"": false, ""reason"": ""Study examines daily temperature and mental disorder ED visits, projecting future burden.""}}",deepseek-v4-flash,per-topic prompt set 00-05 v2 (outcome discipline),2026-07-19T07:40:14
D0127658,Investigating the Impact of Acupuncture on the Quality of Life of Primitive Headaches Patients,,no,EXCLUDE (no eligible topic),No hazard topic or mental health signal present.,{},deepseek-v4-flash,per-topic prompt set 00-05 v2 (outcome discipline),2026-07-19T07:40:19
D0025710,Effects of the neonatal vitamin A exposure on behaviors of adult rats,,no,EXCLUDE (no eligible topic),Animal study on vitamin A; no climate hazard or mental health signal.,{},deepseek-v4-flash,per-topic prompt set 00-05 v2 (outcome discipline),2026-07-19T07:40:22
D0025360,"Yangtze delta, eastern China: 1. Geometry and subsidence of Holocene depocenter",,no,EXCLUDE (no eligible topic),No explicit climate hazard or mental health signal; geological study of subsidence.,{},deepseek-v4-flash,per-topic prompt set 00-05 v2 (outcome discipline),2026-07-19T07:40:27
D0046278,Research and design of broadband muffler based on second-order Helmholtz resonators,,no,EXCLUDE (no eligible topic),No climate hazard or mental health signal; acoustic engineering study only.,{},deepseek-v4-flash,per-topic prompt set 00-05 v2 (outcome discipline),2026-07-19T07:40:30
D0120536,Efficacy of the terminal complement inhibitor eculizumab used chronically in a patient with cold agglutinin disease,,no,EXCLUDE (no eligible topic),No climate hazard; clinical treatment for cold agglutinin disease.,{},deepseek-v4-flash,per-topic prompt set 00-05 v2 (outcome discipline),2026-07-19T07:40:35
D0061734,The response of lucerne cultivars to levels of waterlogging,,no,EXCLUDE (no eligible topic),"Record about plant waterlogging, no human hazard or mental health signal.",{},deepseek-v4-flash,per-topic prompt set 00-05 v2 (outcome discipline),2026-07-19T07:40:39
D0009938,Safety and Utility of Quantitative Sensory Testing among Adults with Sickle Cell Disease: Indicators of Neuropathic Pain?,,no,EXCLUDE (no eligible topic),No climate hazard mentioned; study about pain mechanisms in sickle cell disease.,{},deepseek-v4-flash,per-topic prompt set 00-05 v2 (outcome discipline),2026-07-19T07:40:44
D0077554,Exhaled carbon monoxide levels in forty resistant to cessation male smokers after six months of full switch to electronic cigarettes (E-cigs) or to a tobacco he,,no,EXCLUDE (no eligible topic),No climate hazard or mental health mention; smoking cessation study.,{},deepseek-v4-flash,per-topic prompt set 00-05 v2 (outcome discipline),2026-07-19T07:40:47
D0072384,Attention-deficit/hyperactivity disorder: A preventable epidemic?,,no,EXCLUDE (no eligible topic),No climate hazard or mental health signal detected.,{},deepseek-v4-flash,per-topic prompt set 00-05 v2 (outcome discipline),2026-07-19T07:40:52
D0010964,Modern Intermittent Haemodialysis (IHD) is an Effective Method of Removing Salicylate in Chronic Topical Salicylate Toxicity.,,no,EXCLUDE (no eligible topic),No climate hazard topic present; record is about salicylate poisoning from topical gel.,{},deepseek-v4-flash,per-topic prompt set 00-05 v2 (outcome discipline),2026-07-19T07:40:57
D0061373,Investigation of freezing of salt solutions in cells,,no,EXCLUDE (no eligible topic),No climate hazard or mental health signal.,{},deepseek-v4-flash,per-topic prompt set 00-05 v2 (outcome discipline),2026-07-19T07:41:00
D0001132,Markers of serious illness in infants under 6 months old presenting to a children's hospital.,,no,EXCLUDE (no eligible topic),No climate hazard or mental health signal; purely clinical study.,{},deepseek-v4-flash,per-topic prompt set 00-05 v2 (outcome discipline),2026-07-19T07:41:03
D0129713,Program Prioritization to Control Chronic Diseases in African-American Faith-Based Communities,,no,EXCLUDE (no eligible topic),No climate hazard or mental health signal; chronic disease program prioritization.,{},deepseek-v4-flash,per-topic prompt set 00-05 v2 (outcome discipline),2026-07-19T07:41:07
D0107224,Treatments for Basal Cell and Squamous Cell Carcinoma of the Skin,,yes,EXCLUDE (no eligible topic),No climate hazard mentioned; record is about skin cancer treatments.,{},deepseek-v4-flash,per-topic prompt set 00-05 v2 (outcome discipline),2026-07-19T07:41:13
D0073161,A case of Susac's syndrome in a Chinese male,,no,EXCLUDE (no eligible topic),No climate hazard or mental health signal; record is about Susac's syndrome.,{},deepseek-v4-flash,per-topic prompt set 00-05 v2 (outcome discipline),2026-07-19T07:41:17
D0020934,Population-level effects of Hurricane Sandy on adolescent health,cyclone,yes,INCLUDE,cyclone:INCLUDE,"{""cyclone"": {""decision"": ""INCLUDE"", ""review_flag"": false, ""reason"": ""Hurricane Sandy impact on adolescent sadness and suicidality.""}}",deepseek-v4-flash,per-topic prompt set 00-05 v2 (outcome discipline),2026-07-19T07:41:25
D0062320,Studies on dew formation under semi-arid conditions,,no,EXCLUDE (no eligible topic),No mention of climate hazard or mental health; focuses on dew formation in semi-arid conditions.,{},deepseek-v4-flash,per-topic prompt set 00-05 v2 (outcome discipline),2026-07-19T07:41:30
D0119458,Sulforaphane-rich Broccoli Sprout Extract for Autism,,no,EXCLUDE (no eligible topic),No climate hazard or mental health signal present.,{},deepseek-v4-flash,per-topic prompt set 00-05 v2 (outcome discipline),2026-07-19T07:41:35
D0092674,"Association of hemoglobin, albumin, lymphocyte, and platelet score with risk of all-cause and cause-specific mortality among cancer survivors: NHANES 1999-2018",,no,EXCLUDE (no eligible topic),No mention of any climate hazard or mental health signal; record is about cancer mortality and HALP score.,{},deepseek-v4-flash,per-topic prompt set 00-05 v2 (outcome discipline),2026-07-19T07:41:41
D0046156,Forging compromiso after the storm: activism as ethics of care among health care workers in Puerto Rico,cyclone,unclear,EXCLUDE,cyclone:EXCLUDE,"{""cyclone"": {""decision"": ""EXCLUDE"", ""review_flag"": false, ""reason"": ""No measured mental health outcome; focuses on ethics of care and activism.""}}",deepseek-v4-flash,per-topic prompt set 00-05 v2 (outcome discipline),2026-07-19T07:41:52
D0130059,Crisis preparedness of leadership behaviors among governors during Hurricanes,cyclone,yes,EXCLUDE,cyclone:EXCLUDE,"{""cyclone"": {""decision"": ""EXCLUDE"", ""review_flag"": false, ""reason"": ""Study on leadership behaviors, not measured mental health outcome.""}}",deepseek-v4-flash,per-topic prompt set 00-05 v2 (outcome discipline),2026-07-19T07:42:04
D0113306,Seafarers' welfare under the maritime labour convention of 2006,,yes,EXCLUDE (no eligible topic),"Heat exposure is occupational, not ambient/climate; no eligible hazard topic.",{},deepseek-v4-flash,per-topic prompt set 00-05 v2 (outcome discipline),2026-07-19T07:42:09
D0045548,Influence of planes of anisotropy on physical and mechanical properties of freshwater limestone (Mudstone),,no,EXCLUDE (no eligible topic),No climate hazard or mental health signal present.,{},deepseek-v4-flash,per-topic prompt set 00-05 v2 (outcome discipline),2026-07-19T07:42:12
D0069101,Treatment of low strength complex wastewater using an anaerobic baffled reactor (ABR),,no,EXCLUDE (no eligible topic),No mention of any climate hazard or mental health outcome.,{},deepseek-v4-flash,per-topic prompt set 00-05 v2 (outcome discipline),2026-07-19T07:42:16
D0115893,Serum nicotine and cotinine levels during nicotine-patch therapy,,no,EXCLUDE (no eligible topic),No climate hazard or mental health signal in title or abstract.,{},deepseek-v4-flash,per-topic prompt set 00-05 v2 (outcome discipline),2026-07-19T07:42:20
D0008034,"Association between Ambient Temperature and Acute Myocardial Infarction Hospitalisations in Gothenburg, Sweden: 1985-2010",temperature,no,EXCLUDE,temperature:EXCLUDE,"{""temperature"": {""decision"": ""EXCLUDE"", ""review_flag"": false, ""reason"": ""Outcome is physical (AMI hospitalisations), not mental health.""}}",deepseek-v4-flash,per-topic prompt set 00-05 v2 (outcome discipline),2026-07-19T07:42:27
D0014748,Benefit and Risk Evaluation of Biased μ-Receptor Agonist Oliceridine versus Morphine,,no,EXCLUDE (no eligible topic),No climate hazard or mental health topic present.,{},deepseek-v4-flash,per-topic prompt set 00-05 v2 (outcome discipline),2026-07-19T07:42:30
D0130934,Hospital fires: Preparing staff before one starts,,no,EXCLUDE (no eligible topic),"Only discusses hospital fire safety training, not a climate hazard.",{},deepseek-v4-flash,per-topic prompt set 00-05 v2 (outcome discipline),2026-07-19T07:42:34
D0105893,[Micro-scale soil characteristics in salinization area of Songnen plain].,,no,EXCLUDE (no eligible topic),No hazard or mental health signal; soil science study unrelated to climate hazards.,{},deepseek-v4-flash,per-topic prompt set 00-05 v2 (outcome discipline),2026-07-19T07:42:38
D0031121,Uniformed rescue workers responding to disaster,,yes,HUMAN_REVIEW (no topic),No specific hazard named; generic disaster with mental health focus.,{},deepseek-v4-flash,per-topic prompt set 00-05 v2 (outcome discipline),2026-07-19T07:42:53
D0002505,Abuse of Coricidin HBP Cough & Cold tablets: Episodes recorded by a poison center,,yes,EXCLUDE (no eligible topic),No mention of climate hazard; drug abuse study.,{},deepseek-v4-flash,per-topic prompt set 00-05 v2 (outcome discipline),2026-07-19T07:42:59
D0017866,Incidence and factors impacting PTSD following the 2005 Eyre Peninsula bushfires in South Australia – A 7 year follow up study,wildfire,yes,INCLUDE,wildfire:INCLUDE,"{""wildfire"": {""decision"": ""INCLUDE"", ""review_flag"": false, ""reason"": ""7-year follow-up study of PTSD incidence after 2005 bushfire.""}}",deepseek-v4-flash,per-topic prompt set 00-05 v2 (outcome discipline),2026-07-19T07:43:05
D0094296,Olfactorymarkers using ScentAware in LMICs,,no,EXCLUDE (no eligible topic),No climate hazard or mental health signal present.,{},deepseek-v4-flash,per-topic prompt set 00-05 v2 (outcome discipline),2026-07-19T07:43:09
D0053009,Efficiency of PGK1 proteins delivered to the brain via a liposomal system through intranasal route administration for the treatment of spinocerebellar ataxia ty,,no,EXCLUDE (no eligible topic),Record about SCA3 treatment; no climate hazard or mental health signal.,{},deepseek-v4-flash,per-topic prompt set 00-05 v2 (outcome discipline),2026-07-19T07:43:13
D0081650,Lower PTIP expression in appendiceal cancer is linked to oxaliplatin based HIPEC therapy resistance in patient derived tumor organoids,,no,EXCLUDE (no eligible topic),"Hyperthermia in HIPEC is medical, not environmental; no other hazard present.",{},deepseek-v4-flash,per-topic prompt set 00-05 v2 (outcome discipline),2026-07-19T07:43:18
D0118869,Pathogenic bacteria: How to get them back into the line of fire?,,no,EXCLUDE (no eligible topic),Title is metaphorical; no hazard or mental health signal.,{},deepseek-v4-flash,per-topic prompt set 00-05 v2 (outcome discipline),2026-07-19T07:43:21
D0019142,"Protocol Study: Resistance Training Program, Nutritional, Sleep, and Screen Use Recommendations in Schoolchildren from Educational Centers in the Extreme South ",,no,EXCLUDE (no eligible topic),No climate hazard exposure or mental health outcome; protocol study on lifestyle interventions in cold climate region.,{},deepseek-v4-flash,per-topic prompt set 00-05 v2 (outcome discipline),2026-07-19T07:43:27
D0051796,Inhibition of zDHHC7-driven protein S-palmitoylation prevents cognitive deficits in an experimental model of Alzheimer’s disease,,no,EXCLUDE (no eligible topic),No climate hazard or environmental exposure mentioned; topic is Alzheimer's disease.,{},deepseek-v4-flash,per-topic prompt set 00-05 v2 (outcome discipline),2026-07-19T07:43:31
D0120646,Management of patients with left ventricular assist devices during natural disasters,cyclone,no,EXCLUDE,cyclone:EXCLUDE,"{""cyclone"": {""decision"": ""EXCLUDE"", ""review_flag"": false, ""reason"": ""No mental health outcome measured; only patient safety and satisfaction.""}}",deepseek-v4-flash,per-topic prompt set 00-05 v2 (outcome discipline),2026-07-19T07:43:38
D0056686,Students’ Perceptions of Campus Green Open Space Patronage in a Nigerian University,,no,EXCLUDE (no eligible topic),"Abstract discusses green space benefits, not hazard exposure; no mental health signal.",{},deepseek-v4-flash,per-topic prompt set 00-05 v2 (outcome discipline),2026-07-19T07:43:44
D0012795,Predictors of youth e-cigarette use susceptibility in a U.S. nationally representative sample.,,no,EXCLUDE (no eligible topic),No climate hazard topic present; record unrelated to climate hazards.,{},deepseek-v4-flash,per-topic prompt set 00-05 v2 (outcome discipline),2026-07-19T07:43:49
D0083390,"Dual inhibition of BRAF and mTOR in BRAFV600E-mutant pediatric, adolescent, and young adult brain tumors",,no,EXCLUDE (no eligible topic),No climate hazard or mental health signal in title/abstract.,{},deepseek-v4-flash,per-topic prompt set 00-05 v2 (outcome discipline),2026-07-19T07:43:53
D0110614,Presence of enterotoxin genes in Klebsiella strains isolated from children with diarrhea,,no,EXCLUDE (no eligible topic),No climate hazard or mental health signal; study on enterotoxin genes in Klebsiella.,{},deepseek-v4-flash,per-topic prompt set 00-05 v2 (outcome discipline),2026-07-19T07:43:56
D0041321,A new analysis of wind on chloride deposition for long-term aerosol chloride deposition monitoring with weekly sampling frequency,,no,EXCLUDE (no eligible topic),No eligible hazard exposure or mental health signal; focus is on chloride deposition monitoring.,{},deepseek-v4-flash,per-topic prompt set 00-05 v2 (outcome discipline),2026-07-19T07:44:01
D0081657,A review on β-carboline alkaloids and their distribution in foodstuffs: A class of potential functional components or not?,,yes,EXCLUDE (no eligible topic),No climate hazard mentioned; record about food alkaloids and depression treatment.,{},deepseek-v4-flash,per-topic prompt set 00-05 v2 (outcome discipline),2026-07-19T07:44:16
D0011797,Effect of,,no,EXCLUDE (no eligible topic),Insufficient information in title/abstract.,{},deepseek-v4-flash,per-topic prompt set 00-05 v2 (outcome discipline),2026-07-19T07:44:19
D0054090,Editorial: Exploring the effects of human activities and climate change on soil microorganisms in grasslands,,no,EXCLUDE (no eligible topic),"No specific climate hazard; topic is soil microbiology, no human population or mental health signal.",{},deepseek-v4-flash,per-topic prompt set 00-05 v2 (outcome discipline),2026-07-19T07:44:25
D0068621,"GSK-3β, a therapeutic target for cardiomyocyte protection",,no,EXCLUDE (no eligible topic),No climate hazard or mental health signal; molecular cardiology study.,{},deepseek-v4-flash,per-topic prompt set 00-05 v2 (outcome discipline),2026-07-19T07:44:29
D0029436,Projection bias in catalog orders,temperature,no,EXCLUDE,temperature:EXCLUDE,"{""temperature"": {""decision"": ""EXCLUDE"", ""review_flag"": false, ""reason"": ""Outcome is catalog order return probability, not mental health.""}}",deepseek-v4-flash,per-topic prompt set 00-05 v2 (outcome discipline),2026-07-19T07:44:39
D0049873,Quantification of visual thermal perception changes in a wooden interior environment using physiological responses and immersive virtual environment,,no,EXCLUDE (no eligible topic),"Study on visual thermal perception in VR wooden interior, no ambient hazard exposure.",{},deepseek-v4-flash,per-topic prompt set 00-05 v2 (outcome discipline),2026-07-19T07:44:43
D0122982,Neuroprotection and enhancement of cognition of sildenafil in noise-exposed stress mice,,no,EXCLUDE (no eligible topic),No climate hazard; noise exposure in mice.,{},deepseek-v4-flash,per-topic prompt set 00-05 v2 (outcome discipline),2026-07-19T07:44:47
D0042359,"Disaster Resilience Education (DRE) Programmes in Schools: A Case Study in Kelantan, Malaysia",flood,unclear,EXCLUDE,flood:EXCLUDE,"{""flood"": {""decision"": ""EXCLUDE"", ""review_flag"": false, ""reason"": ""Study explores disaster resilience education awareness, not mental health outcomes.""}}",deepseek-v4-flash,per-topic prompt set 00-05 v2 (outcome discipline),2026-07-19T07:44:57
D0011467,The Specific Vulnerabilities of Cancer Cells to the Cold Atmospheric Plasma-Stimulated Solutions,,no,EXCLUDE (no eligible topic),"Record discusses cold atmospheric plasma as cancer treatment, not climate hazard.",{},deepseek-v4-flash,per-topic prompt set 00-05 v2 (outcome discipline),2026-07-19T07:45:01
D0121331,Expression of hemeoxygenase-1 in brain of late-onset Alzheimer's disease,,no,EXCLUDE (no eligible topic),No climate hazard exposure; study on heat shock protein in Alzheimer's.,{},deepseek-v4-flash,per-topic prompt set 00-05 v2 (outcome discipline),2026-07-19T07:45:06
D0072213,Neuroinflammation and autism: Toward mechanisms and treatments,,no,EXCLUDE (no eligible topic),No climate hazard or mental health signal in title; abstract missing.,{},deepseek-v4-flash,per-topic prompt set 00-05 v2 (outcome discipline),2026-07-19T07:45:09
D0051869,An Asymmetric Model of the Tropical Cyclone Surface Wind Field and Probabilistic Climatology of Structural Parameters,cyclone,no,EXCLUDE,cyclone:EXCLUDE,"{""cyclone"": {""decision"": ""EXCLUDE"", ""review_flag"": false, ""reason"": ""Meteorological modeling only; no mental health outcome.""}}",deepseek-v4-flash,per-topic prompt set 00-05 v2 (outcome discipline),2026-07-19T07:45:15
D0077697,A unique case of acute liver injury due to severe epstein-barr virus infection,,no,EXCLUDE (no eligible topic),No environmental hazard exposure; case report of EBV hepatitis.,{},deepseek-v4-flash,per-topic prompt set 00-05 v2 (outcome discipline),2026-07-19T07:45:18
D0120297,Heart disease & the workplace,,no,EXCLUDE (no eligible topic),No hazard or mental health topic in title.,{},deepseek-v4-flash,per-topic prompt set 00-05 v2 (outcome discipline),2026-07-19T07:45:23
D0045615,A Solution-Processable Polymer-Based Thin-Film Thermoelectric Generator,,no,EXCLUDE (no eligible topic),"Record is about thermoelectric generator materials, not climate hazard or mental health.",{},deepseek-v4-flash,per-topic prompt set 00-05 v2 (outcome discipline),2026-07-19T07:45:27
D0026430,Effect of CO2 gas warming on pain after laparoscopic surgery: A randomized double-blind controlled trial,,no,EXCLUDE (no eligible topic),No environmental hazard exposure; focuses on surgical gas temperature.,{},deepseek-v4-flash,per-topic prompt set 00-05 v2 (outcome discipline),2026-07-19T07:45:30
D0043738,Analysis of geothermal resources potential for hot dry rock in the Subei Basin,,no,EXCLUDE (no eligible topic),No mention of climate hazards or mental health; topic is geothermal energy.,{},deepseek-v4-flash,per-topic prompt set 00-05 v2 (outcome discipline),2026-07-19T07:45:34
D0074331,Use of temperature-controlled laminar airflow in the management of atopic asthma: Clinical evidence and experience,,no,EXCLUDE (no eligible topic),"No climate hazard mentioned; temperature-controlled refers to device, not ambient exposure.",{},deepseek-v4-flash,per-topic prompt set 00-05 v2 (outcome discipline),2026-07-19T07:45:37
D0116341,Exposure techniques in the reduction of fear: A comparative review of the procedure in animals and humans,,unclear,EXCLUDE (no eligible topic),No climate hazard mentioned; record focuses on exposure therapy for phobias.,{},deepseek-v4-flash,per-topic prompt set 00-05 v2 (outcome discipline),2026-07-19T07:45:41
D0077692,Putting out fires: Assessing burnout within an infectious diseases fellowship at an academic medical center,,yes,EXCLUDE (no eligible topic),No climate hazard mentioned; focus is on job burnout in physicians.,{},deepseek-v4-flash,per-topic prompt set 00-05 v2 (outcome discipline),2026-07-19T07:45:45
D0085230,MISSED OPPORTUNITIES AND ECHOCARDIOGRAPHIC EVIDENCE OF PULMONARY HYPERTENSION: A QUALITY-IMPROVEMENT TASK FORCE TO TRIGGER EARLY REFERRAL,,no,EXCLUDE (no eligible topic),No climate hazard exposure mentioned; solely medical/quality improvement.,{},deepseek-v4-flash,per-topic prompt set 00-05 v2 (outcome discipline),2026-07-19T07:45:48
D0040111,The dependency approach,,no,EXCLUDE (no eligible topic),No mention of climate hazards or mental health.,{},deepseek-v4-flash,per-topic prompt set 00-05 v2 (outcome discipline),2026-07-19T07:45:51
D0036790,Securing African forests for future drier climates: applying ecophysiology in tree improvement,,no,EXCLUDE (no eligible topic),No human mental health or hazard exposure signal; plant ecophysiology study.,{},deepseek-v4-flash,per-topic prompt set 00-05 v2 (outcome discipline),2026-07-19T07:45:57
D0109010,Physiological traits associated with yield performance of spring wheat (Triticum aestivum) under late-sown conditions,,no,EXCLUDE (no eligible topic),Plant study on wheat yield under late sowing; no human exposure or mental health signal.,{},deepseek-v4-flash,per-topic prompt set 00-05 v2 (outcome discipline),2026-07-19T07:46:00
D0036843,Detecting the structure of the mantle transition zone in Japan subduction zone from the waveform triplications,,no,EXCLUDE (no eligible topic),No climate hazard or mental health signal; seismology only.,{},deepseek-v4-flash,per-topic prompt set 00-05 v2 (outcome discipline),2026-07-19T07:46:03
D0124747,Chinese Herbal Medicine for the Treatment of Psoriasis Vulgaris: a Real World Study,,no,EXCLUDE (no eligible topic),No climate hazard or mental health mention.,{},deepseek-v4-flash,per-topic prompt set 00-05 v2 (outcome discipline),2026-07-19T07:46:09
D0125739,Comparing the Effectiveness of Safety Planning Plus Follow-Up From a Suicide Prevention Hotline (SPI+) vs Safety Planning Plus Caring Contacts (SP+CC) Among Adu,,yes,EXCLUDE (no eligible topic),No climate hazard mentioned; solely a suicide prevention intervention trial.,{},deepseek-v4-flash,per-topic prompt set 00-05 v2 (outcome discipline),2026-07-19T07:46:12
D0027744,"Vegetation of inland endorheic pans in the North-West Province, South Africa",,no,EXCLUDE (no eligible topic),No climate hazard or mental health signal.,{},deepseek-v4-flash,per-topic prompt set 00-05 v2 (outcome discipline),2026-07-19T07:46:16
D0047903,"Mechanisms for the anisotropic enrichment of organic matter in saline lake basin: A case study of the Early Eocene Dongpu Depression, eastern China",,no,EXCLUDE (no eligible topic),No climate hazard or mental health signal; purely geological study.,{},deepseek-v4-flash,per-topic prompt set 00-05 v2 (outcome discipline),2026-07-19T07:46:19
D0046445,Silvopastoralism and the shaping of forest patches in the Atacama Desert during the Formative Period (ca. 3000–1500 years BP),,no,EXCLUDE (no eligible topic),No climate hazard exposure; paleoecological study,{},deepseek-v4-flash,per-topic prompt set 00-05 v2 (outcome discipline),2026-07-19T07:46:23
D0111093,"Cosmetic concerns in melasma, Part 1: Pathogenesis and clinical considerations",,yes,EXCLUDE (no eligible topic),"Record about melasma pathogenesis, not climate hazards.",{},deepseek-v4-flash,per-topic prompt set 00-05 v2 (outcome discipline),2026-07-19T07:46:28
D0044702,A study of effect and safety of different heating methods in continuous renal replacement therapy treatment,,no,EXCLUDE (no eligible topic),"Clinical temperature monitoring, not environmental temperature; no hazard mentioned.",{},deepseek-v4-flash,per-topic prompt set 00-05 v2 (outcome discipline),2026-07-19T07:46:31
D0061189,Effect of cryoprotectants on the activity of hemolymph nucleating agents in physical solutions,,no,EXCLUDE (no eligible topic),No human hazard or mental health signal; insect cold tolerance study unrelated.,{},deepseek-v4-flash,per-topic prompt set 00-05 v2 (outcome discipline),2026-07-19T07:46:35
D0116036,Outpatient management of burns,,no,EXCLUDE (no eligible topic),No climate hazard mentioned; record about clinical burn management.,{},deepseek-v4-flash,per-topic prompt set 00-05 v2 (outcome discipline),2026-07-19T07:46:41
D0110470,"Globalization: Understanding, management and effects 2009",,no,EXCLUDE (no eligible topic),No climate hazard or mental health signal present.,{},deepseek-v4-flash,per-topic prompt set 00-05 v2 (outcome discipline),2026-07-19T07:46:45
D0014132,Longitudinal phenotypes of respiratory health in a high-risk urban birth cohort,,no,EXCLUDE (no eligible topic),No climate hazard mentioned; focuses on respiratory phenotypes and indoor exposures.,{},deepseek-v4-flash,per-topic prompt set 00-05 v2 (outcome discipline),2026-07-19T07:46:49
D0079254,Passive enhanced safety surveillance in children receiving Fluenz® Tetra vaccination in England during the early 2017-2018 influenza season,,no,EXCLUDE (no eligible topic),"No mention of any climate hazard (temperature, wildfire, flood, cyclone, drought).",{},deepseek-v4-flash,per-topic prompt set 00-05 v2 (outcome discipline),2026-07-19T07:46:53
D0003338,Chronic treatment with antipsychotics enhances intraoperative core hypothermia.,,no,EXCLUDE (no eligible topic),"Core hypothermia from antipsychotics, not ambient temperature.",{},deepseek-v4-flash,per-topic prompt set 00-05 v2 (outcome discipline),2026-07-19T07:46:56
D0121352,"Smoking cessation changes basic metabolism, body weight, leptin and insulin levels, adipose tissue percentage, index of insulin resistance and index of insulin ",,no,EXCLUDE (no eligible topic),Study on smoking cessation and metabolism; no climate hazard or mental health signal.,{},deepseek-v4-flash,per-topic prompt set 00-05 v2 (outcome discipline),2026-07-19T07:47:01
D0129101,Investigating the mechanisms and consequences of repetitive negative thinking,,yes,EXCLUDE (no eligible topic),No climate hazard topic mentioned; focuses on repetitive negative thinking.,{},deepseek-v4-flash,per-topic prompt set 00-05 v2 (outcome discipline),2026-07-19T07:47:06
D0090770,A SURPRISING CASE OF STRONGYLOIDES IN AN ASTHMATIC PATIENT WITH SPONTANEOUS PNEUMOMEDIASTINUM FOLLOWING AIR TRAVEL,,no,EXCLUDE (no eligible topic),No climate hazard exposure; case report of parasitic infection.,{},deepseek-v4-flash,per-topic prompt set 00-05 v2 (outcome discipline),2026-07-19T07:47:09
D0072002,An exploration of how culture plays a role in one's perception of acne,,yes,EXCLUDE (no eligible topic),No hazard topics present; record about acne and culture.,{},deepseek-v4-flash,per-topic prompt set 00-05 v2 (outcome discipline),2026-07-19T07:47:13
D0020298,Examining the reach of a diabetes screening program in an urban emergency department,,no,EXCLUDE (no eligible topic),No climate hazard or mental health signal; diabetes screening study.,{},deepseek-v4-flash,per-topic prompt set 00-05 v2 (outcome discipline),2026-07-19T07:47:16
D0085408,COMPARATIVE EFFECTIVENESS OF INHALED NITRIC OXIDE IN ARDS AND VIRAL PNEUMONIA WITH AND WITHOUT COVID-19,,no,EXCLUDE (no eligible topic),No mention of any climate hazard; record is about medical treatment for ARDS/COVID-19.,{},deepseek-v4-flash,per-topic prompt set 00-05 v2 (outcome discipline),2026-07-19T07:47:19
D0111672,Working conditions in the urban transport sector in the metropolitan region of Recife: Risk analysis of the jobs of driver and conductor,temperature,no,EXCLUDE,temperature:EXCLUDE,"{""temperature"": {""decision"": ""EXCLUDE"", ""review_flag"": false, ""reason"": ""Measures prevalence of pain (physical), not mental health""}}",deepseek-v4-flash,per-topic prompt set 00-05 v2 (outcome discipline),2026-07-19T07:47:29
D0092067,Is social media our new quitline? A descriptive study assessing youtube coverage of tobacco cessation,,no,EXCLUDE (no eligible topic),No climate hazard mentioned; record is about smoking cessation.,{},deepseek-v4-flash,per-topic prompt set 00-05 v2 (outcome discipline),2026-07-19T07:47:33
D0003382,An integrated program to train local health care providers to meet post-disaster mental health needs.,cyclone,yes,EXCLUDE,cyclone:EXCLUDE,"{""cyclone"": {""decision"": ""EXCLUDE"", ""review_flag"": false, ""reason"": ""Describes a training program, not a study measuring mental health outcomes.""}}",deepseek-v4-flash,per-topic prompt set 00-05 v2 (outcome discipline),2026-07-19T07:47:39
D0102625,Cardiotoxins: a neglected culprit?,,no,EXCLUDE (no eligible topic),No hazard topic or mental health signal in title; abstract empty.,{},deepseek-v4-flash,per-topic prompt set 00-05 v2 (outcome discipline),2026-07-19T07:47:42
D0091082,Experiences and actions of part-time firefighters' family members: a critical incident study,,yes,EXCLUDE (no eligible topic),No specific climate hazard mentioned; record about firefighter family experiences.,{},deepseek-v4-flash,per-topic prompt set 00-05 v2 (outcome discipline),2026-07-19T07:47:47
D0082888,The Mutational Landscape of Cold Agglutinin Disease,,no,EXCLUDE (no eligible topic),No hazard topic present; study on medical genetics of cold agglutinin disease.,{},deepseek-v4-flash,per-topic prompt set 00-05 v2 (outcome discipline),2026-07-19T07:47:51
D0026051,Wetland hydrology as a function of hydrogeomorphic (HGM) subclass,,no,EXCLUDE (no eligible topic),"No hazard topic, mental health, or human population signal; wetland hydrology only.",{},deepseek-v4-flash,per-topic prompt set 00-05 v2 (outcome discipline),2026-07-19T07:47:55
D0037890,Physics of hollow Bose-Einstein condensates,,no,EXCLUDE (no eligible topic),No climate hazard or mental health signal; physics record.,{},deepseek-v4-flash,per-topic prompt set 00-05 v2 (outcome discipline),2026-07-19T07:47:58
D0057394,The impact of land use transition on ecosystem service value in Lixiahe area: Multi-scenario simulation based on Markov-FLUS model,,no,EXCLUDE (no eligible topic),No mention of climate hazards or mental health.,{},deepseek-v4-flash,per-topic prompt set 00-05 v2 (outcome discipline),2026-07-19T07:48:02
D0051124,Neuropsychiatric Manifestations of Neurocysticercosis: A Comprehensive Review,,no,EXCLUDE (no eligible topic),No climate hazard or mental health signal related to climate hazards.,{},deepseek-v4-flash,per-topic prompt set 00-05 v2 (outcome discipline),2026-07-19T07:48:06
D0042678,"An internet-based psychological intervention with a serious game to improve vitality, psychological and physical condition, and immune function in healthy male ",,yes,EXCLUDE (no eligible topic),No mention of any climate hazard; study focuses on internet-based psychological intervention.,{},deepseek-v4-flash,per-topic prompt set 00-05 v2 (outcome discipline),2026-07-19T07:48:10
D0036838,Seasonal cycle of snow cover changes in Eastern Siberia and its synoptic preconditions,,no,EXCLUDE (no eligible topic),No human exposure to climate hazards or mental health outcomes mentioned.,{},deepseek-v4-flash,per-topic prompt set 00-05 v2 (outcome discipline),2026-07-19T07:48:14
D0094240,"Knowledge, attitude, and practice regarding the COVID-19 pandemic and its psychological impact on nursing students in Palestine",,yes,EXCLUDE (no eligible topic),"COVID-19 pandemic, not a climate hazard; no candidate topics assigned.",{},deepseek-v4-flash,per-topic prompt set 00-05 v2 (outcome discipline),2026-07-19T07:48:27
D0003834,"Risk and Rationality in Adolescent Decision Making: Implications for Theory, Practice, and Public Policy",,no,EXCLUDE (no eligible topic),No mention of any climate hazard; focuses on adolescent risk behavior.,{},deepseek-v4-flash,per-topic prompt set 00-05 v2 (outcome discipline),2026-07-19T07:48:31
D0068016,Canakinumab (ILARIS) improves health-related quality of life (HRQoL) in patients with cryopyrin-associated periodic fever syndrome (CAPS): Results of a phase II,,yes,EXCLUDE (no eligible topic),No climate hazard exposure; study on drug treatment for genetic autoinflammatory syndrome.,{},deepseek-v4-flash,per-topic prompt set 00-05 v2 (outcome discipline),2026-07-19T07:48:36
D0087322,Harmonization of brain PET images in multi-center PET studies using Hoffman phantom scan,,no,EXCLUDE (no eligible topic),No climate hazard or mental health content; purely PET image harmonization.,{},deepseek-v4-flash,per-topic prompt set 00-05 v2 (outcome discipline),2026-07-19T07:48:39
D0075772,Psychological factors influence the symptoms of Gastroesophageal Reflux Disease (GERD) and their effect on quality of life in Korean fire fighter,,yes,EXCLUDE (no eligible topic),"No mention of temperature, wildfire, flood, cyclone, or drought.",{},deepseek-v4-flash,per-topic prompt set 00-05 v2 (outcome discipline),2026-07-19T07:48:43
D0068659,Biology of Genomes: Making sense of sequence,,no,EXCLUDE (no eligible topic),No climate hazard or mental health signal.,{},deepseek-v4-flash,per-topic prompt set 00-05 v2 (outcome discipline),2026-07-19T07:48:46
D0026260,Distribution of stable isotopes in arid storms II. A double-component model of kinematic wave flow and transport,,no,EXCLUDE (no eligible topic),No exposure to registered climate hazards; no mental-health signal.,{},deepseek-v4-flash,per-topic prompt set 00-05 v2 (outcome discipline),2026-07-19T07:48:50
D0125316,Chronic perceived stress heightens laboratory pain in healthy young adults,,unclear,EXCLUDE (no eligible topic),No mention of any climate hazard; only laboratory cold water bath used for pain induction.,{},deepseek-v4-flash,per-topic prompt set 00-05 v2 (outcome discipline),2026-07-19T07:48:55
D0117221,Group counseling in occupational health: a supportive measure for disengaged firefighters,,unclear,EXCLUDE (no eligible topic),No eligible hazard topic mentioned; firefighter counseling without wildfire exposure.,{},deepseek-v4-flash,per-topic prompt set 00-05 v2 (outcome discipline),2026-07-19T07:49:11
D0023894,Pre-disaster Health Vulnerabilities Predict Major Depressive Disorder Symptoms Among High-Risk Puerto Rican Adults after Hurricanes Maria and Irma,cyclone,yes,INCLUDE,cyclone:INCLUDE,"{""cyclone"": {""decision"": ""INCLUDE"", ""review_flag"": false, ""reason"": ""Pre-post study of Puerto Rican adults after Hurricanes Maria and Irma assessing MDD and PTSD symptoms.""}}",deepseek-v4-flash,per-topic prompt set 00-05 v2 (outcome discipline),2026-07-19T07:49:17
D0091422,MIXED-METHODS EVALUATION OF ACCEPTABILITY OF THE TOBACCO DEPENDENCY TREATMENT OFFER FOR NHS STAFF IN THE NORTH EAST NORTH CUMBRIA,,no,EXCLUDE (no eligible topic),No climate hazard or mental health signal present.,{},deepseek-v4-flash,per-topic prompt set 00-05 v2 (outcome discipline),2026-07-19T07:49:21
D0037248,Freezing and non-freezing cold weather injuries: A systematic review,temperature,no,EXCLUDE,temperature:EXCLUDE,"{""temperature"": {""decision"": ""EXCLUDE"", ""review_flag"": false, ""reason"": ""Focuses on physical cold injuries, no mental health outcome.""}}",deepseek-v4-flash,per-topic prompt set 00-05 v2 (outcome discipline),2026-07-19T07:49:28
D0008852,Subjective sleep characteristics associated with anxiety and depression in older adults: A population‐based study,,yes,EXCLUDE (no eligible topic),No climate hazard mentioned; only sleep and mental health.,{},deepseek-v4-flash,per-topic prompt set 00-05 v2 (outcome discipline),2026-07-19T07:49:32
D0106560,[Regularities of lateral distribution of uranium and thorium decay series radionuclides in the anthropogenically changed soils from the area of radium productio,,no,EXCLUDE (no eligible topic),Study on radionuclide distribution in soil; no climate hazard or mental health signal.,{},deepseek-v4-flash,per-topic prompt set 00-05 v2 (outcome discipline),2026-07-19T07:49:36
D0079188,"Associations between multipollutant day types and select cardiorespiratory outcomes in Columbia, South Carolina, 2002 to 2013",,no,EXCLUDE (no eligible topic),No climate hazard topic; air pollution study only.,{},deepseek-v4-flash,per-topic prompt set 00-05 v2 (outcome discipline),2026-07-19T07:49:39
D0045714,Integration of online education to tourism education: Cross cultural student voices,,no,EXCLUDE (no eligible topic),No mention of any climate hazard; focuses solely on online education perceptions.,{},deepseek-v4-flash,per-topic prompt set 00-05 v2 (outcome discipline),2026-07-19T07:49:44
D0043345,Perspective and Prospects on Applying Artifificial Intelligence to Address Water and Environmental Challenges of 21st Century,,no,EXCLUDE (no eligible topic),No hazard topic mentioned; general water and AI perspective.,{},deepseek-v4-flash,per-topic prompt set 00-05 v2 (outcome discipline),2026-07-19T07:49:49
D0072671,"Obstetric outcome in 1228 women hospitalized due to ovarian hyper stimulation syndrome (OHSS), a retrospective swedish cohort study 1998-2008 in comparison in v",,no,EXCLUDE (no eligible topic),No climate hazard or mental health signal; study on OHSS in IVF.,{},deepseek-v4-flash,per-topic prompt set 00-05 v2 (outcome discipline),2026-07-19T07:49:54
D0025273,"The thermal regime of intertidal permafrost, George River Estuary, Ungava Bay, Quebec",,no,EXCLUDE (no eligible topic),No hazard exposure or mental health signal; permafrost geophysics only.,{},deepseek-v4-flash,per-topic prompt set 00-05 v2 (outcome discipline),2026-07-19T07:49:58
D0039590,Associations between fish and cold-water coral habitats on the Icelandic shelf,,no,EXCLUDE (no eligible topic),No climate hazard topic present; marine ecology study on fish and coral habitats.,{},deepseek-v4-flash,per-topic prompt set 00-05 v2 (outcome discipline),2026-07-19T07:50:02
D0085080,QUALITATIVE ANALYSIS OF TROPONIN TESTING UTILIZATION IN ACUTE CORONARY SYNDROMES,,no,EXCLUDE (no eligible topic),No mention of any climate hazard; discusses troponin testing in ACS patients only.,{},deepseek-v4-flash,per-topic prompt set 00-05 v2 (outcome discipline),2026-07-19T07:50:06
D0012787,Prenatal smoking and postpartum depression: A meta-analysis,,yes,EXCLUDE (no eligible topic),No mention of eligible climate hazard; only smoking and depression.,{},deepseek-v4-flash,per-topic prompt set 00-05 v2 (outcome discipline),2026-07-19T07:50:10
D0107787,Reversing the anemia of renal failure,,no,EXCLUDE (no eligible topic),No climate hazard or mental health signal present.,{},deepseek-v4-flash,per-topic prompt set 00-05 v2 (outcome discipline),2026-07-19T07:50:13
D0017092,[The anesthetist's view on Jethro Tull's Aqualung].,,yes,EXCLUDE (no eligible topic),"Record discusses rock song and medical education, no climate hazard exposure.",{},deepseek-v4-flash,per-topic prompt set 00-05 v2 (outcome discipline),2026-07-19T07:50:20
D0007120,The effects of evacuation on nursing home residents with dementia,cyclone,no,EXCLUDE,cyclone:EXCLUDE,"{""cyclone"": {""decision"": ""EXCLUDE"", ""review_flag"": false, ""reason"": ""Outcome is mortality, not mental health or wellbeing.""}}",deepseek-v4-flash,per-topic prompt set 00-05 v2 (outcome discipline),2026-07-19T07:50:28
D0071054,Reduced nicotine cigarettes: Smoking behavior and biomarkers of exposure among smokers not intending to quit,,no,EXCLUDE (no eligible topic),No climate hazard mentioned; topic is reduced nicotine cigarettes only.,{},deepseek-v4-flash,per-topic prompt set 00-05 v2 (outcome discipline),2026-07-19T07:50:31
D0010006,Psychosocial stress-induced analgesia: An examination of effects on heat pain threshold and tolerance and of neuroendocrine mediation,,unclear,EXCLUDE (no eligible topic),"Laboratory heat pain study, no ambient temperature or climate hazard exposure.",{},deepseek-v4-flash,per-topic prompt set 00-05 v2 (outcome discipline),2026-07-19T07:50:36
D0049069,The 2023 China report of the Lancet Countdown on health and climate change: taking stock for a thriving future,,no,EXCLUDE (no eligible topic),"Title mentions health and climate change broadly, no specific hazard; no mental health signal.",{},deepseek-v4-flash,per-topic prompt set 00-05 v2 (outcome discipline),2026-07-19T07:50:41
D0069418,Self-reported motivation to smoke in schizophrenia is related to antipsychotic drug treatment,,no,EXCLUDE (no eligible topic),No climate hazard mentioned; record is about smoking motivation in schizophrenia patients.,{},deepseek-v4-flash,per-topic prompt set 00-05 v2 (outcome discipline),2026-07-19T07:50:44
D0047190,"New evidence for sedimentary volcanism on Chryse Planitia, Mars",,no,EXCLUDE (no eligible topic),No mention of climate hazards or human mental health; purely geological study.,{},deepseek-v4-flash,per-topic prompt set 00-05 v2 (outcome discipline),2026-07-19T07:50:47
D0087752,FUNGUS OR TUMOR: DISSEMINATED HISTOPLASMOSIS WITH ENDOBRONCHIAL INVOLVEMENT,,no,EXCLUDE (no eligible topic),No climate hazard or mental health signal; fungal infection case report.,{},deepseek-v4-flash,per-topic prompt set 00-05 v2 (outcome discipline),2026-07-19T07:50:51
D0050040,Genetic diversity assessment of Grewia tenax (Forssk.) Fiori. germplasm for fodder and other economic traits in hot-arid Kachchh region of India,,no,EXCLUDE (no eligible topic),No mention of climate hazards or mental health; plant genetic study in arid region.,{},deepseek-v4-flash,per-topic prompt set 00-05 v2 (outcome discipline),2026-07-19T07:50:55
D0032730,Long term intrathecal infusion of opiates for treatment of failed back surgery syndrome,,no,EXCLUDE (no eligible topic),No climate hazard or mental health signal present.,{},deepseek-v4-flash,per-topic prompt set 00-05 v2 (outcome discipline),2026-07-19T07:50:58
D0099967,Stress-induced hyperthermia depends on both time of day and light condition,,no,EXCLUDE (no eligible topic),Animal study on stress-induced hyperthermia; no human exposure to climate hazards.,{},deepseek-v4-flash,per-topic prompt set 00-05 v2 (outcome discipline),2026-07-19T07:51:01
D0018356,Dynamic Psychotherapy as a PTSD Treatment for Firefighters: A Case Study.,wildfire,yes,INCLUDE,wildfire:INCLUDE,"{""wildfire"": {""decision"": ""INCLUDE"", ""review_flag"": false, ""reason"": ""Case study linking firefighters' wildfire exposure to PTSD, eligible outcome.""}}",deepseek-v4-flash,per-topic prompt set 00-05 v2 (outcome discipline),2026-07-19T07:51:11
D0055066,Managing Disasters in Mountains: Challenges in the Era of Global Warming,flood; wildfire,no,EXCLUDE,flood:EXCLUDE | wildfire:EXCLUDE,"{""flood"": {""decision"": ""EXCLUDE"", ""review_flag"": false, ""reason"": ""No mental health/wellbeing outcome; focuses on ecosystem services and hazard mitigation.""}, ""wildfire"": {""decision"": ""EXCLUDE"", ""review_flag"": false, ""reason"": ""No mental health outcome; general discussion of mountain disasters.""}}",deepseek-v4-flash,per-topic prompt set 00-05 v2 (outcome discipline),2026-07-19T07:51:45
D0035902,"High-dose baclofen for the treatment of alcohol dependence (BACLAD study): A randomized, placebo-controlled trial",,no,EXCLUDE (no eligible topic),No climate hazard or mental health signal present.,{},deepseek-v4-flash,per-topic prompt set 00-05 v2 (outcome discipline),2026-07-19T07:51:49
D0028675,In the wake of hurricane Isabel: A prospective study of postevent trauma and injury control strategies,cyclone,no,EXCLUDE,cyclone:EXCLUDE,"{""cyclone"": {""decision"": ""EXCLUDE"", ""review_flag"": false, ""reason"": ""Abstract focuses solely on physical injuries, not mental health/wellbeing outcomes.""}}",deepseek-v4-flash,per-topic prompt set 00-05 v2 (outcome discipline),2026-07-19T07:51:57
D0054606,End-stage Renal Disease in Which Diazoxide Was Effective in Treating Hypoglycemia Caused by Late Dumping Syndrome after Gastrectomy,,no,EXCLUDE (no eligible topic),No climate hazard or mental health signal present.,{},deepseek-v4-flash,per-topic prompt set 00-05 v2 (outcome discipline),2026-07-19T07:52:00
D0022364,Epidemiology of Recurrent Herpes Labialis among Dentistry Students: A Cross-Sectional Survey in Egypt.,,no,EXCLUDE (no eligible topic),No climate hazard mentioned; focuses on recurrent herpes labialis triggers like stress.,{},deepseek-v4-flash,per-topic prompt set 00-05 v2 (outcome discipline),2026-07-19T07:52:05
D0092274,"UNCOVERING THE VULNERABILITY OF CANCER SURVIVALS, VIOLENCE AND MATERNAL HEALTH RISK DURING FLOODS IN PAKATAN",flood,yes,INCLUDE (needs review),flood:INCLUDE,"{""flood"": {""decision"": ""INCLUDE"", ""review_flag"": true, ""reason"": ""Reports psychological stress among cancer survivors during floods.""}}",deepseek-v4-flash,per-topic prompt set 00-05 v2 (outcome discipline),2026-07-19T07:52:15
D0027895,"Tectono-thermal modelling of sedimentary basins with episodic extension and inversion, a case history of the Jiyang Basin, North China",,no,EXCLUDE (no eligible topic),"Geological thermal modelling, no climate hazard or mental health signal.",{},deepseek-v4-flash,per-topic prompt set 00-05 v2 (outcome discipline),2026-07-19T07:52:19
D0001177,Cardiovascular reactivity to stress in men. Effects of masculine gender role stress appraisal and masculine performance challenge.,,no,EXCLUDE (no eligible topic),No climate hazard mentioned; lab cold pressor test not ambient temperature exposure.,{},deepseek-v4-flash,per-topic prompt set 00-05 v2 (outcome discipline),2026-07-19T07:52:25
D0099929,Alterations of reward mechanisms in bulbectomised rats,,no,EXCLUDE (no eligible topic),Animal study on depression and reward; no environmental hazard mentioned.,{},deepseek-v4-flash,per-topic prompt set 00-05 v2 (outcome discipline),2026-07-19T07:52:28
D0059826,"Accounting for non-economic loss and damages in the aftermath of tropical cyclone Idai in Chimanimani District, Zimbabwe",cyclone,yes,INCLUDE,cyclone:INCLUDE,"{""cyclone"": {""decision"": ""INCLUDE"", ""review_flag"": false, ""reason"": ""Examines psychological well-being losses after Cyclone Idai.""}}",deepseek-v4-flash,per-topic prompt set 00-05 v2 (outcome discipline),2026-07-19T07:52:35
D0018589,Comparison and outcomes of emergency department presentations with respiratory disorders among Australian indigenous and non-indigenous patients,,no,EXCLUDE (no eligible topic),No mention of any registered climate hazard; study focuses on respiratory ED presentations by Indigenous status.,{},deepseek-v4-flash,per-topic prompt set 00-05 v2 (outcome discipline),2026-07-19T07:52:39
D0010067,VRK3-mediated nuclear localization of HSP70 prevents glutamate excitotoxicity-induced apoptosis and Aβ accumulation via enhancement of ERK phosphatase VHR activ,,no,EXCLUDE (no eligible topic),No environmental hazard exposure or mental health outcome relevant to climate hazards.,{},deepseek-v4-flash,per-topic prompt set 00-05 v2 (outcome discipline),2026-07-19T07:52:43
D0112945,"Physicochemical characterization of the waters of the sinú river, downstream of the urrá reservoir, north of Colombia",,no,EXCLUDE (no eligible topic),No hazard topic; only water temperature monitoring of a reservoir.,{},deepseek-v4-flash,per-topic prompt set 00-05 v2 (outcome discipline),2026-07-19T07:52:47
D0026158,The Gruneisen parameter for iron at outer core conditions and the resulting conductive heat and power in the core,,no,EXCLUDE (no eligible topic),"Record concerns geophysics of Earth's core, not climate hazards or human health.",{},deepseek-v4-flash,per-topic prompt set 00-05 v2 (outcome discipline),2026-07-19T07:52:55
D0110934,Clinical characteristics of uremic pruritus in patient undergoing hemodialysis,,unclear,EXCLUDE (no eligible topic),No ambient hazard topic; only clinical heat/cold sensations.,{},deepseek-v4-flash,per-topic prompt set 00-05 v2 (outcome discipline),2026-07-19T07:52:59
D0069667,Role of acetaldehyde in tobacco smoke addiction,,no,EXCLUDE (no eligible topic),No climate hazard mentioned; topic is tobacco smoke addiction.,{},deepseek-v4-flash,per-topic prompt set 00-05 v2 (outcome discipline),2026-07-19T07:53:04
D0109987,Geographical distribution of swamp forests of Myrtaceae in Chile,,no,EXCLUDE (no eligible topic),No human population or mental health signal; purely botanical study.,{},deepseek-v4-flash,per-topic prompt set 00-05 v2 (outcome discipline),2026-07-19T07:53:08
D0109359,Tropical cyclones in complex vertical shears,cyclone,no,EXCLUDE,cyclone:EXCLUDE,"{""cyclone"": {""decision"": ""EXCLUDE"", ""review_flag"": false, ""reason"": ""Modeling study; no mental health outcome.""}}",deepseek-v4-flash,per-topic prompt set 00-05 v2 (outcome discipline),2026-07-19T07:53:16
D0130169,Smokefree laws and hospitality settings: An example from New Zealand of a deficient approach,,no,EXCLUDE (no eligible topic),No climate hazard mentioned; focus is on tobacco smoke laws.,{},deepseek-v4-flash,per-topic prompt set 00-05 v2 (outcome discipline),2026-07-19T07:53:19
D0113804,Mathematical simulation of temperature field during sedimentation,,no,EXCLUDE (no eligible topic),"No mention of ambient temperature, human exposure, or mental health.",{},deepseek-v4-flash,per-topic prompt set 00-05 v2 (outcome discipline),2026-07-19T07:53:22
D0023344,Short-term exposure to ambient temperature variability and myocardial infarction hospital admissions: A nationwide case-crossover study in Sweden,temperature,no,EXCLUDE,temperature:EXCLUDE,"{""temperature"": {""decision"": ""EXCLUDE"", ""review_flag"": false, ""reason"": ""Outcome is myocardial infarction, not mental health/wellbeing.""}}",deepseek-v4-flash,per-topic prompt set 00-05 v2 (outcome discipline),2026-07-19T07:53:29
D0007449,"Smoke-free air policies: past, present and future.",,no,EXCLUDE (no eligible topic),No candidate hazard topics; record is about tobacco smoke-free policies.,{},deepseek-v4-flash,per-topic prompt set 00-05 v2 (outcome discipline),2026-07-19T07:53:32
D0071531,Why we disagree about the nature of addiction,,no,EXCLUDE (no eligible topic),"Record is about addiction, not climate hazards or mental health related to them.",{},deepseek-v4-flash,per-topic prompt set 00-05 v2 (outcome discipline),2026-07-19T07:53:36
D0126760,GLOBAL WARMING AND PRESCRIBING: A REVIEW ON MEDICINES' EFFECTS AND PRECAUTIONS,temperature,no,EXCLUDE,temperature:EXCLUDE,"{""temperature"": {""decision"": ""EXCLUDE"", ""review_flag"": false, ""reason"": ""Review about drug stability during heatwaves, no measured mental-health outcome""}}",deepseek-v4-flash,per-topic prompt set 00-05 v2 (outcome discipline),2026-07-19T07:53:44
D0041953,Interdisciplinary significance of food-related adverse reactions in adulthood,,no,EXCLUDE (no eligible topic),No climate hazard mentioned; record focuses on food allergies.,{},deepseek-v4-flash,per-topic prompt set 00-05 v2 (outcome discipline),2026-07-19T07:53:48
D0076430,Endoplasmic reticulum disorganization is present in chronic obstructive pulmonary disease patients,,no,EXCLUDE (no eligible topic),No climate hazard or mental health signal; cell biology study on COPD.,{},deepseek-v4-flash,per-topic prompt set 00-05 v2 (outcome discipline),2026-07-19T07:53:53
D0062780,Pathogenesis and management of virus infection-induced exacerbation of senile bronchial asthma and chronic pulmonary emphysema,,no,EXCLUDE (no eligible topic),Record about rhinovirus infection and asthma; no climate hazard mentioned.,{},deepseek-v4-flash,per-topic prompt set 00-05 v2 (outcome discipline),2026-07-19T07:53:56
D0107387,The changing climate: Managing health impacts,,yes,HUMAN_REVIEW (no topic),General climate change health impacts review; no single hazard focus.,{},deepseek-v4-flash,per-topic prompt set 00-05 v2 (outcome discipline),2026-07-19T07:54:02
D0044921,Measuring the resilience to floods: A comparative analysis of key flood control cities in China,flood,no,EXCLUDE,flood:EXCLUDE,"{""flood"": {""decision"": ""EXCLUDE"", ""review_flag"": false, ""reason"": ""Resilience index not a measured mental health or wellbeing outcome""}}",deepseek-v4-flash,per-topic prompt set 00-05 v2 (outcome discipline),2026-07-19T07:54:10
D0068582,Parsing the Associations Between Prenatal Exposure to Nicotine and Offspring Psychopathology in a Nonreferred Sample,,yes,EXCLUDE (no eligible topic),No climate hazard mentioned; focuses on prenatal nicotine and psychopathology.,{},deepseek-v4-flash,per-topic prompt set 00-05 v2 (outcome discipline),2026-07-19T07:54:15
D0011207,Health impact of climate change in older people: An integrative review and implications for nursing,temperature; flood,yes,EXCLUDE,temperature:EXCLUDE | flood:EXCLUDE,"{""temperature"": {""decision"": ""EXCLUDE"", ""review_flag"": false, ""reason"": ""Integrative review, not original empirical study.""}, ""flood"": {""decision"": ""EXCLUDE"", ""review_flag"": false, ""reason"": ""Integrative review, not an original empirical study.""}}",deepseek-v4-flash,per-topic prompt set 00-05 v2 (outcome discipline),2026-07-19T07:54:29
D0017976,Turning up the heat does not affect quality of life.,temperature,unclear,INCLUDE (needs review),temperature:INCLUDE,"{""temperature"": {""decision"": ""INCLUDE"", ""review_flag"": true, ""reason"": ""Title suggests heat and QoL link; abstract empty so flagged for review""}}",deepseek-v4-flash,per-topic prompt set 00-05 v2 (outcome discipline),2026-07-19T07:54:40
D0093708,Evaluation of the Performance of the Phase Change Cooling Vest on the Heat Strain and Cognitive Indices of Women during the Use of Protective Clothing (Gown) in,,no,EXCLUDE (no eligible topic),No ambient hazard; heat stress from protective clothing in lab setting,{},deepseek-v4-flash,per-topic prompt set 00-05 v2 (outcome discipline),2026-07-19T07:54:54
D0078632,The pain in the leg of high school football,,no,EXCLUDE (no eligible topic),No climate hazard mentioned; medical case report.,{},deepseek-v4-flash,per-topic prompt set 00-05 v2 (outcome discipline),2026-07-19T07:54:57
D0105143,Combined effect of heat and noise on plasma angiotension II and adreomedullin content in pilots,temperature,no,EXCLUDE,temperature:EXCLUDE,"{""temperature"": {""decision"": ""EXCLUDE"", ""review_flag"": false, ""reason"": ""Outcome is physiological markers, not mental health/wellbeing.""}}",deepseek-v4-flash,per-topic prompt set 00-05 v2 (outcome discipline),2026-07-19T07:55:06
D0004940,"Citing serious risks, FDA recommends no cold and cough medicines for infants.",,no,EXCLUDE (no eligible topic),No hazard topic or mental health signal present.,{},deepseek-v4-flash,per-topic prompt set 00-05 v2 (outcome discipline),2026-07-19T07:55:09
D0082836,Maternal cardiovascular risk after hypertensive disorder of pregnancy,,no,EXCLUDE (no eligible topic),No climate hazard exposure mentioned; focuses on hypertensive disorders of pregnancy and cardiovascular risk.,{},deepseek-v4-flash,per-topic prompt set 00-05 v2 (outcome discipline),2026-07-19T07:55:13
D0043558,Omics approaches in Allium research: Progress and way ahead,,no,EXCLUDE (no eligible topic),Record is about Allium plant omics research; no hazard or mental health signal.,{},deepseek-v4-flash,per-topic prompt set 00-05 v2 (outcome discipline),2026-07-19T07:55:16
D0083535,Trait Gratitude Is Not Related to Psychological or Cardiovascular Responses to Acute Psychological Responses: Results from Two Independent Studies,,no,EXCLUDE (no eligible topic),No climate hazard mentioned; study on gratitude and acute psychological stress.,{},deepseek-v4-flash,per-topic prompt set 00-05 v2 (outcome discipline),2026-07-19T07:55:29
D0037915,How do primary healthcare and social services enable young people's participation?,,no,EXCLUDE (no eligible topic),No climate hazard or mental health signal in title/abstract.,{},deepseek-v4-flash,per-topic prompt set 00-05 v2 (outcome discipline),2026-07-19T07:55:32
D0066368,Habit or addiction: The critical tension in deciding who should enforce hospital smoke-free policies,,no,EXCLUDE (no eligible topic),No climate hazard or mental health signal detected.,{},deepseek-v4-flash,per-topic prompt set 00-05 v2 (outcome discipline),2026-07-19T07:55:37
D0080803,The blended phenotype of a germline RIT1 and a mosaic PIK3CA variant,,no,EXCLUDE (no eligible topic),No climate hazard or mental health signal; genetic case study only.,{},deepseek-v4-flash,per-topic prompt set 00-05 v2 (outcome discipline),2026-07-19T07:55:42
D0021598,Hurricane season hindsight 2020: Applying the IDEA model toward local tropical cyclone forecasts.,cyclone,no,EXCLUDE,cyclone:EXCLUDE,"{""cyclone"": {""decision"": ""EXCLUDE"", ""review_flag"": false, ""reason"": ""No mental health outcome measured; focuses on forecast communication.""}}",deepseek-v4-flash,per-topic prompt set 00-05 v2 (outcome discipline),2026-07-19T07:55:52
D0074842,Preoperative evaluation of pancreatic ductal adenocarcinoma with synchronous liver metastasis: Diagnosis and assessment of unresectability,,no,EXCLUDE (no eligible topic),No climate hazard or mental health signal present.,{},deepseek-v4-flash,per-topic prompt set 00-05 v2 (outcome discipline),2026-07-19T07:55:55
D0103831,"Maternal knowledge, attitudes and practice in diarrhea.",,no,EXCLUDE (no eligible topic),"Record concerns maternal knowledge of diarrhea, no climate hazard or mental health signal present.",{},deepseek-v4-flash,per-topic prompt set 00-05 v2 (outcome discipline),2026-07-19T07:55:58
D0087980,"HIV-AIDS PRESENTING WITH MULTI-ORGAN FAILURE, MIMICKING MONOCLONAL GAMMOPATHIES, PRIMARY HEMATOLOGIC AND LYMPHOPROLIFERATIVE DISORDERS",,no,EXCLUDE (no eligible topic),"Record is a medical case report on HIV/AIDS, no climate hazard exposure mentioned.",{},deepseek-v4-flash,per-topic prompt set 00-05 v2 (outcome discipline),2026-07-19T07:56:01
D0047331,Improving the prediction of monsoon depressions by assimilating ASCAT soil moisture in NCUM-R modeling system,,no,EXCLUDE (no eligible topic),No eligible hazard topic; focuses on monsoon depression modeling and soil moisture assimilation.,{},deepseek-v4-flash,per-topic prompt set 00-05 v2 (outcome discipline),2026-07-19T07:56:06
D0113250,Perfectionism and Health-Related Behaviors: Why What I Do To Be Healthy May Become Unhealthy?,,no,EXCLUDE (no eligible topic),No climate hazard topic or mental health signal related to climate hazards.,{},deepseek-v4-flash,per-topic prompt set 00-05 v2 (outcome discipline),2026-07-19T07:56:09
D0109844,Crisis not over for hurricane victims.,cyclone,unclear,EXCLUDE,cyclone:EXCLUDE,"{""cyclone"": {""decision"": ""EXCLUDE"", ""review_flag"": false, ""reason"": ""Title suggests hurricane but no abstract; no mental health outcome mentioned.""}}",deepseek-v4-flash,per-topic prompt set 00-05 v2 (outcome discipline),2026-07-19T07:56:31
D0049845,"Vapor liquid equilibrium of pure and aqueous Methyl diethanolamine (MDEA), 2-Dimethylmonoethanolamine (DMMEA), N-Methylmonoethanolamine (MMEA) and 1-(2-Aminoeth",,no,EXCLUDE (no eligible topic),No climate hazard or mental health topic present; purely chemical engineering study.,{},deepseek-v4-flash,per-topic prompt set 00-05 v2 (outcome discipline),2026-07-19T07:56:35
D0072705,"Neurophysiological, cellular and environmental regulation of visceral hypersensitivity in ulcerative colitis like inflammation",,no,EXCLUDE (no eligible topic),No climate hazard; animal study on visceral hypersensitivity.,{},deepseek-v4-flash,per-topic prompt set 00-05 v2 (outcome discipline),2026-07-19T07:56:38
D0028899,Neuroproteomics: Relevance to anxiety disorders,,yes,EXCLUDE (no eligible topic),No climate hazard mentioned; focuses on neuroproteomics for anxiety.,{},deepseek-v4-flash,per-topic prompt set 00-05 v2 (outcome discipline),2026-07-19T07:56:42
D0042304,"After 62 years of regulating immunity, dexamethasone meets COVID-19",,no,EXCLUDE (no eligible topic),No climate hazard or mental health signal; record discusses dexamethasone and COVID-19.,{},deepseek-v4-flash,per-topic prompt set 00-05 v2 (outcome discipline),2026-07-19T07:56:46
D0022654,Novel Lactobacillus Strains Alleviate E. coli-induced Inflammation in a Urinary Tract Infection Rat Model.,,no,EXCLUDE (no eligible topic),No ambient hazard exposure or mental health signal; heat-inactivated is lab processing.,{},deepseek-v4-flash,per-topic prompt set 00-05 v2 (outcome discipline),2026-07-19T07:56:50
D0128003,"The Effect of Pecha Kucha Training on Noninvasive Mechanical Ventilation Support for Individuals With Chronic Obstructive Pulmonary Disease on Self-Efficacy, Sy",,no,EXCLUDE (no eligible topic),"Record about COPD and mechanical ventilation, no climate hazard mentioned.",{},deepseek-v4-flash,per-topic prompt set 00-05 v2 (outcome discipline),2026-07-19T07:56:53
D0113534,Development of greenery in the village of Husinec and the town of Klecany,,no,EXCLUDE (no eligible topic),No specific climate hazard mentioned; focuses on urban greenery and heat island effect without explicit hazard exposure.,{},deepseek-v4-flash,per-topic prompt set 00-05 v2 (outcome discipline),2026-07-19T07:56:58
D0058681,Climate-Induced Forced Migration in South Asia,temperature; wildfire; flood; cyclone; drought,unclear,EXCLUDE,temperature:EXCLUDE | wildfire:EXCLUDE | flood:EXCLUDE | cyclone:EXCLUDE | drought:EXCLUDE,"{""temperature"": {""decision"": ""EXCLUDE"", ""review_flag"": false, ""reason"": ""No measured mental health outcome; discusses migration and well-being broadly.""}, ""wildfire"": {""decision"": ""EXCLUDE"", ""review_flag"": false, ""reason"": ""Wildfire only mentioned in list of hazards; no mental health outcome.""}, ""flood"": {""decision"": ""EXCLUDE"", ""review_flag"": false, ""reason"": ""No measured mental health outcome; only discusses human well-being in general.""}, ""cyclone"": {""decision"": ""EXCLUDE"", ""review_flag"": false, ""reason"": ""No measured mental-health outcome; focuses on migration and general well-being.""}, ""drought"": {""decision"": ""EXCLUDE"", ""review_flag"": false, ""reason"": ""No measured mental health outcome.""}}",deepseek-v4-flash,per-topic prompt set 00-05 v2 (outcome discipline),2026-07-19T07:57:21
D0023283,Between a B.A. Generalist and an Expert: Challenges and Improvements in the Training Curriculum and Implementation of Peace Corps Health Auxiliary Program in Ko,,no,EXCLUDE (no eligible topic),No climate hazard or mental health signal; historical public health program description.,{},deepseek-v4-flash,per-topic prompt set 00-05 v2 (outcome discipline),2026-07-19T07:57:24
D0084234,Hypothermia during surgical treatment of type a aortic dissection: A 16 years' experience,,no,EXCLUDE (no eligible topic),"Clinical hypothermia during surgery, not ambient temperature exposure.",{},deepseek-v4-flash,per-topic prompt set 00-05 v2 (outcome discipline),2026-07-19T07:57:27
D0071918,The unfolded protein response triggered by environmental factors,,no,EXCLUDE (no eligible topic),No mention of any climate hazard; abstract focuses on cellular stress response.,{},deepseek-v4-flash,per-topic prompt set 00-05 v2 (outcome discipline),2026-07-19T07:57:31
D0040088,Heat stress: Impact on livestock well-being and productivity and mitigation strategies to alleviate the negative effects,,no,EXCLUDE (no eligible topic),"Focuses on livestock heat stress, no human or mental health aspects.",{},deepseek-v4-flash,per-topic prompt set 00-05 v2 (outcome discipline),2026-07-19T07:57:43
D0022979,Brief Report: Post Hoc Validation of Platinum Ineligibility in NSCLC From the Phase III IPSOS Study,,no,EXCLUDE (no eligible topic),No climate hazard or mental health topic present.,{},deepseek-v4-flash,per-topic prompt set 00-05 v2 (outcome discipline),2026-07-19T07:57:47
D0098200,Effects of a relaxation training programme on immediate and prolonged stress responses in women with preterm labour,,yes,EXCLUDE (no eligible topic),No climate hazard topic; relaxation training in preterm labour.,{},deepseek-v4-flash,per-topic prompt set 00-05 v2 (outcome discipline),2026-07-19T07:57:51
D0060743,Polygraphic study of anterior hypothalamic-preoptic neuron thermosensitivity during sleep,,no,EXCLUDE (no eligible topic),Laboratory neurophysiology study in cats; no ambient hazard exposure or mental health.,{},deepseek-v4-flash,per-topic prompt set 00-05 v2 (outcome discipline),2026-07-19T07:57:55
D0104106,"Cases of gastroenteritis associated to Vibrio cholerae no 01 in Oran, Salta",,no,EXCLUDE (no eligible topic),No climate hazard topic present; record about bacterial gastroenteritis.,{},deepseek-v4-flash,per-topic prompt set 00-05 v2 (outcome discipline),2026-07-19T07:57:58
D0059349,Enhanced environmental acclimation of cats using an innovative passive diffuser of the facial-marking pheromone (F3),,no,EXCLUDE (no eligible topic),No hazard topics or mental health signal; study on cats acclimating to a novel environment.,{},deepseek-v4-flash,per-topic prompt set 00-05 v2 (outcome discipline),2026-07-19T07:58:02
D0117032,Juvenile firesetters: do the agencies help?,,unclear,EXCLUDE (no eligible topic),No mention of climate hazards; focuses on juvenile firesetters and agency coordination.,{},deepseek-v4-flash,per-topic prompt set 00-05 v2 (outcome discipline),2026-07-19T07:58:06
D0118259,The role of cultural factors in paranoid psychosis among the Yoruba tribe,,yes,EXCLUDE (no eligible topic),No climate hazard mention; purely cultural psychiatry study.,{},deepseek-v4-flash,per-topic prompt set 00-05 v2 (outcome discipline),2026-07-19T07:58:10
D0109185,Characteristics of Multiple Sclerosis as a Function of the Severity of Speech Disorders,,yes,EXCLUDE (no eligible topic),No climate hazard topic present; record focuses on multiple sclerosis and speech disorders.,{},deepseek-v4-flash,per-topic prompt set 00-05 v2 (outcome discipline),2026-07-19T07:58:16
D0094699,S4469 Revealing the Hidden Cause of Dysphagia: A Case of Benign Esophageal Polyps (Squamous Papillomas) Misdiagnosed as GERD,,no,EXCLUDE (no eligible topic),No climate hazard or mental health signal mentioned.,{},deepseek-v4-flash,per-topic prompt set 00-05 v2 (outcome discipline),2026-07-19T07:58:20
D0000576,"When drugs come into the picture, love flies out the window: Women addicts' love relationships",,no,EXCLUDE (no eligible topic),No mention of any climate hazard or mental health outcome.,{},deepseek-v4-flash,per-topic prompt set 00-05 v2 (outcome discipline),2026-07-19T07:58:23
D0035557,A New Islamic Populism and the Contradictions of Development,,no,EXCLUDE (no eligible topic),No climate hazard or mental health signal; topic is Islamic populism and development.,{},deepseek-v4-flash,per-topic prompt set 00-05 v2 (outcome discipline),2026-07-19T07:58:26
D0038062,Early posthatch thermal stress affects breast muscle development and satellite cell growth and characteristics in broilers,,no,EXCLUDE (no eligible topic),"Record about broiler chicken muscle development, not human mental health or climate hazards.",{},deepseek-v4-flash,per-topic prompt set 00-05 v2 (outcome discipline),2026-07-19T07:58:31
D0040415,Treating nasal symptoms associated with rhinitis using the intranasal herbal ointment Biyeom-go: A prospective observational study,,no,EXCLUDE (no eligible topic),No mention of climate hazards; focuses solely on rhinitis treatment.,{},deepseek-v4-flash,per-topic prompt set 00-05 v2 (outcome discipline),2026-07-19T07:58:34
D0126264,Diagnostic Accuracy of Electrochemical Skin Conductance Measurement in Paediatric Small Fibre Neuropathy Following Neurotoxic Chemotherapy,,no,EXCLUDE (no eligible topic),No climate hazard or mental health signal; record is about chemotherapy-induced neuropathy.,{},deepseek-v4-flash,per-topic prompt set 00-05 v2 (outcome discipline),2026-07-19T07:58:39
D0047133,"Remote Sensing Image-Based Analysis of the Urban Heat Island Effect in Bragança, Portugal",temperature,unclear,EXCLUDE,temperature:EXCLUDE,"{""temperature"": {""decision"": ""EXCLUDE"", ""review_flag"": false, ""reason"": ""Study does not measure mental-health or wellbeing outcome.""}}",deepseek-v4-flash,per-topic prompt set 00-05 v2 (outcome discipline),2026-07-19T07:58:46
D0112589,Routine Screening Laboratory Studies for Nonheat Stroke Field Heat Injuries Are Unnecessary: A Retrospective Review,temperature,no,EXCLUDE,temperature:EXCLUDE,"{""temperature"": {""decision"": ""EXCLUDE"", ""review_flag"": false, ""reason"": ""Only physical heat injury outcomes, no mental health or wellbeing outcome measured.""}}",deepseek-v4-flash,per-topic prompt set 00-05 v2 (outcome discipline),2026-07-19T07:58:54
D0018347,"Sustainable Biochar and/or Melatonin Improve Salinity Tolerance in Borage Plants by Modulating Osmotic Adjustment, Antioxidants, and Ion Homeostasis",,no,EXCLUDE (no eligible topic),No climate hazard or mental health signal; plant salinity study.,{},deepseek-v4-flash,per-topic prompt set 00-05 v2 (outcome discipline),2026-07-19T07:58:57
D0012582,"Dose–response relationships between second-hand smoke exposure and depressive symptoms among adolescents in Guangzhou, China",,yes,EXCLUDE (no eligible topic),No climate hazard; focuses on second-hand smoke and depressive symptoms.,{},deepseek-v4-flash,per-topic prompt set 00-05 v2 (outcome discipline),2026-07-19T07:59:03
D0104074,Alcohol intoxication in childhood and adolescence,,yes,EXCLUDE (no eligible topic),No climate hazard topic; discusses alcohol intoxication and hypothermia risk in cold environments.,{},deepseek-v4-flash,per-topic prompt set 00-05 v2 (outcome discipline),2026-07-19T07:59:08
D0117303,The effects of dimethindine maleate on caloric induced optokinetic nystagmus,,no,EXCLUDE (no eligible topic),No climate hazard or mental health signal present.,{},deepseek-v4-flash,per-topic prompt set 00-05 v2 (outcome discipline),2026-07-19T07:59:11
D0096625,Investigating the Effects of Cue-Reactivity in Young Adult Vapers Using Functional Mri,,no,EXCLUDE (no eligible topic),No mention of climate hazards or mental health related to hazards.,{},deepseek-v4-flash,per-topic prompt set 00-05 v2 (outcome discipline),2026-07-19T07:59:15
D0112459,Modified emotion recognition system to study the emotion cues through thermal facial analysis,,yes,EXCLUDE (no eligible topic),Only facial thermal analysis; no environmental hazard exposure.,{},deepseek-v4-flash,per-topic prompt set 00-05 v2 (outcome discipline),2026-07-19T07:59:20
D0018787,The Impact of Sensory Stimuli on Healthcare Workers and Outcomes in Trauma Rooms: A Focus Group Study,,yes,EXCLUDE (no eligible topic),"Indoor temperature control in trauma rooms, not climate hazard.",{},deepseek-v4-flash,per-topic prompt set 00-05 v2 (outcome discipline),2026-07-19T07:59:24
D0032674,Steroid up-regulation of FKBP51 and its role in hormone signaling,,no,EXCLUDE (no eligible topic),No climate hazard exposure mentioned; molecular biology review.,{},deepseek-v4-flash,per-topic prompt set 00-05 v2 (outcome discipline),2026-07-19T07:59:29
D0018413,Compliance with the smoke-free public places legislation in Nepal: A cross-sectional study from Biratnagar Metropolitan City,,no,EXCLUDE (no eligible topic),"No hazard topic (temperature, wildfire, flood, cyclone, drought) mentioned; study on smoke-free legislation.",{},deepseek-v4-flash,per-topic prompt set 00-05 v2 (outcome discipline),2026-07-19T07:59:33
D0036773,Autoimmune Thyroiditis in an Adolescent Girl on Lithium,,no,EXCLUDE (no eligible topic),No climate hazard mentioned; unrelated to mental health or hazard exposure.,{},deepseek-v4-flash,per-topic prompt set 00-05 v2 (outcome discipline),2026-07-19T07:59:37
D0008507,A case-crossover analysis of the impact of PM2.5 on cardiovascular disease hospitalizations for selected CDC tracking states,,no,EXCLUDE (no eligible topic),Study on PM2.5 and cardiovascular disease; no specific climate hazard mentioned.,{},deepseek-v4-flash,per-topic prompt set 00-05 v2 (outcome discipline),2026-07-19T07:59:40
D0033835,Altered neuropathic pain behaviour in a rat model of depression is associated with changes in inflammatory gene expression in the amygdala,,yes,EXCLUDE (no eligible topic),No mention of climate hazards; animal study on pain and depression with thermal stimuli.,{},deepseek-v4-flash,per-topic prompt set 00-05 v2 (outcome discipline),2026-07-19T07:59:45
D0038476,Potential pathophysiological pathways that can explain the positive effects of exercise on fatigue in multiple sclerosis: A scoping review,,no,EXCLUDE (no eligible topic),No mention of any climate hazard or mental health; irrelevant to screening.,{},deepseek-v4-flash,per-topic prompt set 00-05 v2 (outcome discipline),2026-07-19T07:59:50
D0044752,Intestinal stricture in Crohn's disease: A 2020 update,,no,EXCLUDE (no eligible topic),No climate hazard or mental health signal in this gastrointestinal medicine review.,{},deepseek-v4-flash,per-topic prompt set 00-05 v2 (outcome discipline),2026-07-19T07:59:53
D0002030,Deleterious effects of delayed graft function in cadaveric renal transplant recipients independent of acute rejection,,no,EXCLUDE (no eligible topic),No climate hazard or mental health signal present.,{},deepseek-v4-flash,per-topic prompt set 00-05 v2 (outcome discipline),2026-07-19T07:59:56
D0116783,"Effects of alcohol consumption, smoking and physical activity on plasma lipids",,no,EXCLUDE (no eligible topic),No climate hazard or mental health signal present.,{},deepseek-v4-flash,per-topic prompt set 00-05 v2 (outcome discipline),2026-07-19T08:00:00
D0083205,Systemic inflammatory response and outcomes in community-acquired pneumonia patients categorized according to the smoking habit or presence of chronic obstructi,,no,EXCLUDE (no eligible topic),No climate hazard topic present; record about smoking and pneumonia.,{},deepseek-v4-flash,per-topic prompt set 00-05 v2 (outcome discipline),2026-07-19T08:00:03
D0085542,Impact of COVID-19 on lifestyle and mental wellbeing in a drought-affected rural Australian population: A mixed method approach,drought,yes,INCLUDE,drought:INCLUDE,"{""drought"": {""decision"": ""INCLUDE"", ""review_flag"": false, ""reason"": ""Associates drought impact with psychological distress in rural Australia during COVID-19.""}}",deepseek-v4-flash,per-topic prompt set 00-05 v2 (outcome discipline),2026-07-19T08:00:13
D0006782,Multiple component patient safety intervention in English hospitals: controlled evaluation of second phase.,,no,EXCLUDE (no eligible topic),Patient safety intervention record; no climate hazard mentioned.,{},deepseek-v4-flash,per-topic prompt set 00-05 v2 (outcome discipline),2026-07-19T08:00:17
D0002402,Unmet needs in the treatment of asthmatic children and adolescents: 2.,,no,EXCLUDE (no eligible topic),No climate hazard or mental health signal present; topic is asthma treatment.,{},deepseek-v4-flash,per-topic prompt set 00-05 v2 (outcome discipline),2026-07-19T08:00:22
D0114746,Induction of simian virus 40 antigen in BSC1 transformed cells.,,no,EXCLUDE (no eligible topic),"No climate hazard, mental health, or human population signal; basic virology study.",{},deepseek-v4-flash,per-topic prompt set 00-05 v2 (outcome discipline),2026-07-19T08:00:25
D0116339,Benzodiazepines under the cross-fire of criticism,,unclear,EXCLUDE (no eligible topic),Title discusses benzodiazepines; no climate hazard mentioned.,{},deepseek-v4-flash,per-topic prompt set 00-05 v2 (outcome discipline),2026-07-19T08:00:29
D0112354,"Effects of drought stress on growth, solute accumulation and membrane stability of leafy vegetable, huckleberry (Solarium scabrum Mill.)",,no,EXCLUDE (no eligible topic),Plant physiology study; no human exposure or mental health signal.,{},deepseek-v4-flash,per-topic prompt set 00-05 v2 (outcome discipline),2026-07-19T08:00:33
D0060043,Reevaluating pain catastrophizing as a moderator of mindfulness-induced pain modulation: A failed replication,,no,EXCLUDE (no eligible topic),No mention of any registered hazard topic.,{},deepseek-v4-flash,per-topic prompt set 00-05 v2 (outcome discipline),2026-07-19T08:00:38
D0101276,Patient advocacy in research: Merely an afterthought?,,no,EXCLUDE (no eligible topic),No mention of climate hazards or mental health.,{},deepseek-v4-flash,per-topic prompt set 00-05 v2 (outcome discipline),2026-07-19T08:00:41
D0117405,Sweat depression during controlled hyperthermia in man. Effects on sweat rate and sweat electrolytes content,,no,EXCLUDE (no eligible topic),Lab study on sweat depression during controlled hyperthermia; no climate hazard or mental health signal.,{},deepseek-v4-flash,per-topic prompt set 00-05 v2 (outcome discipline),2026-07-19T08:00:45
D0019445,"Causal relationship between particulate matter 2.5 (PM2.5), PM2.5 absorbance, and COVID-19 risk: A two-sample Mendelian randomisation study",,no,EXCLUDE (no eligible topic),"No mention of temperature, wildfire, flood, cyclone, or drought.",{},deepseek-v4-flash,per-topic prompt set 00-05 v2 (outcome discipline),2026-07-19T08:00:50
D0130627,Major determinants of job satisfaction among mid-level police managers,,no,EXCLUDE (no eligible topic),No climate hazard mentioned; study on police job satisfaction.,{},deepseek-v4-flash,per-topic prompt set 00-05 v2 (outcome discipline),2026-07-19T08:00:53
D0057557,Impact of a place-based educational approach on student and community members’ experiences and learning within a post-secondary GIS course,,no,EXCLUDE (no eligible topic),No climate hazard or mental health signal present.,{},deepseek-v4-flash,per-topic prompt set 00-05 v2 (outcome discipline),2026-07-19T08:00:57
D0056462,Dual-Transformer Deep Learning Framework for Seasonal Forecasting of Great Lakes Water Levels,,no,EXCLUDE (no eligible topic),"Water level forecasting study, no hazard exposure or human mental health signal.",{},deepseek-v4-flash,per-topic prompt set 00-05 v2 (outcome discipline),2026-07-19T08:01:00
D0065833,Developmental effects of exposure to environmental tobacco smoke and material hardship among inner-city children,,no,EXCLUDE (no eligible topic),No climate hazard mentioned; focuses on tobacco smoke exposure.,{},deepseek-v4-flash,per-topic prompt set 00-05 v2 (outcome discipline),2026-07-19T08:01:05
D0096458,The impact of pre-implantation donor biopsy on kidney transplantation outcomes: A single-center cohort study,,no,EXCLUDE (no eligible topic),No climate hazard or mental health topic present.,{},deepseek-v4-flash,per-topic prompt set 00-05 v2 (outcome discipline),2026-07-19T08:01:08
D0027926,A new concept in prosthetic interface design for hemicorporectomy amputees using ROHO compression therapy: A case study from a CPO's perspective,,no,EXCLUDE (no eligible topic),No climate hazard or mental health signal in title/abstract.,{},deepseek-v4-flash,per-topic prompt set 00-05 v2 (outcome discipline),2026-07-19T08:01:12
D0112926,Indoor workplace environmental condition in textile dyeing and printing processing house: A case study,,no,EXCLUDE (no eligible topic),"Indoor industrial heat exposure, not ambient temperature; no mental health signal.",{},deepseek-v4-flash,per-topic prompt set 00-05 v2 (outcome discipline),2026-07-19T08:01:17
D0130487,Speculative mechanisms affecting sex ratio,,no,EXCLUDE (no eligible topic),No ambient temperature or other hazard exposure; basal body temperature is a biological measure.,{},deepseek-v4-flash,per-topic prompt set 00-05 v2 (outcome discipline),2026-07-19T08:01:21
D0093122,Racism-related developmental origins of mental health: a conceptual model and scoping review,,yes,EXCLUDE (no eligible topic),No mention of climate hazards; focuses on racism and mental health.,{},deepseek-v4-flash,per-topic prompt set 00-05 v2 (outcome discipline),2026-07-19T08:01:25
D0034771,Met Office Unified Model high-resolution simulations of a strong wind event in Antarctica,,no,EXCLUDE (no eligible topic),No eligible hazard or human mental health signal; describes Antarctic wind simulation.,{},deepseek-v4-flash,per-topic prompt set 00-05 v2 (outcome discipline),2026-07-19T08:01:29
D0114977,Sick building syndrome in domestic interiors in Mauritius,,unclear,EXCLUDE (no eligible topic),No mention of any climate hazard; focuses on indoor sick building syndrome.,{},deepseek-v4-flash,per-topic prompt set 00-05 v2 (outcome discipline),2026-07-19T08:01:37
D0126691,The Use of Cooling Helmet for Neuroprotection Management in Patient Undergoing Open Heart Surgery: an Evaluation of Postoperative Neuron-specific Enolase (NSE) ,,no,EXCLUDE (no eligible topic),"No hazard topic identified; cooling helmet is therapeutic, not ambient exposure.",{},deepseek-v4-flash,per-topic prompt set 00-05 v2 (outcome discipline),2026-07-19T08:01:43
D0075581,Fully laparoscopic versus open living donor left lateral segmentectomy for pediatric recipients: Prospective comparison,,no,EXCLUDE (no eligible topic),No climate hazard or mental health signal; record describes surgical technique.,{},deepseek-v4-flash,per-topic prompt set 00-05 v2 (outcome discipline),2026-07-19T08:01:51
D0020550,Effectiveness of electroacupuncture and acupuncture in alleviating cold hypersensitivity in the hands and feet: A randomized controlled trial,,no,EXCLUDE (no eligible topic),Study on cold hypersensitivity in hands and feet; no environmental hazard exposure mentioned.,{},deepseek-v4-flash,per-topic prompt set 00-05 v2 (outcome discipline),2026-07-19T08:01:59
D0099671,Psychosocial inter-relations of benign prostatic hypertrophy,,yes,EXCLUDE (no eligible topic),No candidate hazard topics; irrelevant to climate hazards.,{},deepseek-v4-flash,per-topic prompt set 00-05 v2 (outcome discipline),2026-07-19T08:02:06
D0045258,Neo-clerodane diterpenic influence in the antinociceptive and anti-inflammatory properties of Salvia circinnata Cav.,,no,EXCLUDE (no eligible topic),"Record about plant extract pharmacology, no climate hazard or mental health exposure.",{},deepseek-v4-flash,per-topic prompt set 00-05 v2 (outcome discipline),2026-07-19T08:02:10
D0031838,Current management of male chronic pelvic pain syndromes,,yes,EXCLUDE (no eligible topic),No mention of any climate hazard; record is about medical management of chronic pelvic pain.,{},deepseek-v4-flash,per-topic prompt set 00-05 v2 (outcome discipline),2026-07-19T08:02:15
D0114721,Biological and physicochemical properties of porcine parvovirus recovered from stillborn piglets.,,no,EXCLUDE (no eligible topic),No climate hazard or human mental health signal; record concerns porcine parvovirus in piglets.,{},deepseek-v4-flash,per-topic prompt set 00-05 v2 (outcome discipline),2026-07-19T08:02:19
D0108055,Inhibition by sedatives of compensatory vasoconstriction during lumbar epidural anesthesia,,no,EXCLUDE (no eligible topic),No climate hazard; temperature measurements are body temperatures during anesthesia.,{},deepseek-v4-flash,per-topic prompt set 00-05 v2 (outcome discipline),2026-07-19T08:02:23
D0087238,DALY trend and predictive analysis of COPD in China and its provinces: Findings from the global burden of disease study,,no,EXCLUDE (no eligible topic),No climate hazard mentioned; only COPD and air pollution.,{},deepseek-v4-flash,per-topic prompt set 00-05 v2 (outcome discipline),2026-07-19T08:02:27
D0023318,The role of the components of PM2.5 in the incidence of Alzheimer's disease and related disorders,,no,EXCLUDE (no eligible topic),"No mention of any registered hazard topic (temperature, wildfire, flood, cyclone, drought).",{},deepseek-v4-flash,per-topic prompt set 00-05 v2 (outcome discipline),2026-07-19T08:02:32
D0113127,"The efficacy and safety of the application of pulsed radiofrequency, combined with low-temperature continuous radiofrequency, to the gasserian ganglion for the ",,no,EXCLUDE (no eligible topic),No climate hazard or mental health topic; medical procedure study.,{},deepseek-v4-flash,per-topic prompt set 00-05 v2 (outcome discipline),2026-07-19T08:02:36
D0092980,"The association between outdoor noise and temperature exposure with incident type 2 diabetes, and mediation by sleep and body mass index: A multi-cohort analysi",temperature,no,EXCLUDE,temperature:EXCLUDE,"{""temperature"": {""decision"": ""EXCLUDE"", ""review_flag"": false, ""reason"": ""Outcome is type 2 diabetes, not mental health or wellbeing.""}}",deepseek-v4-flash,per-topic prompt set 00-05 v2 (outcome discipline),2026-07-19T08:02:43
D0035622,Influence of equatorial waves on the genesis of Super Typhoon Haiyan (2013),cyclone,no,EXCLUDE,cyclone:EXCLUDE,"{""cyclone"": {""decision"": ""EXCLUDE"", ""review_flag"": false, ""reason"": ""No mental health outcome; purely meteorological study.""}}",deepseek-v4-flash,per-topic prompt set 00-05 v2 (outcome discipline),2026-07-19T08:02:51
D0035732,Interface Engineering toward Promoting Silanization by Ionic Liquid for High-Performance Rubber/Silica Composites,,no,EXCLUDE (no eligible topic),No climate hazard or mental health signal present.,{},deepseek-v4-flash,per-topic prompt set 00-05 v2 (outcome discipline),2026-07-19T08:02:54
D0094361,Morbidity and its economic impacts attributable to long-term exposure to fine particles in France,,no,EXCLUDE (no eligible topic),No mention of any climate hazard; only PM2.5 air pollution.,{},deepseek-v4-flash,per-topic prompt set 00-05 v2 (outcome discipline),2026-07-19T08:02:58
D0019969,"Heatwaves, hospitals and health system resilience in England: a qualitative assessment of frontline perspectives from the hot summer of 2019.",temperature,no,EXCLUDE,temperature:EXCLUDE,"{""temperature"": {""decision"": ""EXCLUDE"", ""review_flag"": false, ""reason"": ""Study focuses on healthcare disruption and patient safety, not mental health outcomes.""}}",deepseek-v4-flash,per-topic prompt set 00-05 v2 (outcome discipline),2026-07-19T08:03:08
D0094779,BEYOND CHILDHOOD: MEDIASTINAL LIPOBLASTOMA DIAGNOSED IN AN ADULT PATIENT,,no,EXCLUDE (no eligible topic),No climate hazard or mental health signal; record is about a medical case of lipoblastoma.,{},deepseek-v4-flash,per-topic prompt set 00-05 v2 (outcome discipline),2026-07-19T08:03:12
D0063902,Heat shock factor-1 mediates the transcriptional activation of Alzheimer's β-amyloid precursor protein gene in response to stress,,no,EXCLUDE (no eligible topic),No environmental hazard exposure; cellular heat shock response only.,{},deepseek-v4-flash,per-topic prompt set 00-05 v2 (outcome discipline),2026-07-19T08:03:16
D0066623,Kidney cancer,,no,EXCLUDE (no eligible topic),No climate hazard mentioned; title only refers to kidney cancer.,{},deepseek-v4-flash,per-topic prompt set 00-05 v2 (outcome discipline),2026-07-19T08:03:21
D0043874,Integration of ZiYuan-3 multispectral and stereo imagery for mapping urban vegetation using the hierarchy-based classifier,,no,EXCLUDE (no eligible topic),No mention of climate hazards or mental health.,{},deepseek-v4-flash,per-topic prompt set 00-05 v2 (outcome discipline),2026-07-19T08:03:25
D0089455,Photovoice as a tool for exploring perceptions of marijuana use among Appalachian adolescents,,no,EXCLUDE (no eligible topic),No climate hazard or mental health signal; unrelated to hazard modules.,{},deepseek-v4-flash,per-topic prompt set 00-05 v2 (outcome discipline),2026-07-19T08:03:30
D0113806,Examples of natural pastures in tropical Bolivia,flood,no,EXCLUDE,flood:EXCLUDE,"{""flood"": {""decision"": ""EXCLUDE"", ""review_flag"": false, ""reason"": ""Study on pasture productivity in flooded savannas, no human mental health outcome.""}}",deepseek-v4-flash,per-topic prompt set 00-05 v2 (outcome discipline),2026-07-19T08:03:41
D0063636,"A history of leisure activities at SANAE, an Antarctic research base (1970-93).",,no,EXCLUDE (no eligible topic),No hazard topic mentioned; abstract empty; title about leisure activities at an Antarctic base.,{},deepseek-v4-flash,per-topic prompt set 00-05 v2 (outcome discipline),2026-07-19T08:03:47
D0037518,Assessment of viability of fresh and delayed germination seeds of narrow-leaved ash (Fraxinus angustifolia Vahl),,no,EXCLUDE (no eligible topic),No climate hazard or mental health signal; record is about plant seed viability.,{},deepseek-v4-flash,per-topic prompt set 00-05 v2 (outcome discipline),2026-07-19T08:03:50
D0071752,Elucidating Alzheimer's disease neuronal death by the 'calpaincathepsin hypothesis',,no,EXCLUDE (no eligible topic),No candidate hazard topics; focuses on cellular Alzheimer's pathology.,{},deepseek-v4-flash,per-topic prompt set 00-05 v2 (outcome discipline),2026-07-19T08:03:55
D0059269,Serum Biochemical and Gene Expression Changes in the Spermatozoa of Buffalo Bulls Under Heat Stress,temperature,no,EXCLUDE,temperature:EXCLUDE,"{""temperature"": {""decision"": ""EXCLUDE"", ""review_flag"": false, ""reason"": ""Animal study on buffalo bulls, no human mental health outcome.""}}",deepseek-v4-flash,per-topic prompt set 00-05 v2 (outcome discipline),2026-07-19T08:04:33
D0099825,Facultative polyandry protects females from compromised male fertility caused by heatwave conditions,,no,EXCLUDE (no eligible topic),No human population; laboratory study with beetles; no hazard exposure.,{},deepseek-v4-flash,per-topic prompt set 00-05 v2 (outcome discipline),2026-07-19T08:04:37
D0001729,Acute ischemia of the hand following intra-arterial oxymetazoline injection.,,no,EXCLUDE (no eligible topic),No climate hazards or mental health signal present.,{},deepseek-v4-flash,per-topic prompt set 00-05 v2 (outcome discipline),2026-07-19T08:04:42
D0017498,"Air pollution, depressive and anxiety disorders, and brain effects: A systematic review",,yes,EXCLUDE (no eligible topic),"Generic air pollution, not one of the five climate hazards.",{},deepseek-v4-flash,per-topic prompt set 00-05 v2 (outcome discipline),2026-07-19T09:30:13
D0078828,Two original czech tests for memory evaluation in three minutes – amnesia light and brief assessment (ALBA),,no,EXCLUDE (no eligible topic),No mention of any climate hazard or mental health signal; focus on memory assessment.,{},deepseek-v4-flash,per-topic prompt set 00-05 v2 (outcome discipline),2026-07-19T08:05:20
D0115200,Nicotine withdrawal in alcoholics - An introduction to the theme,,no,EXCLUDE (no eligible topic),No climate hazard mentioned; focuses on smoking and alcohol dependency.,{},deepseek-v4-flash,per-topic prompt set 00-05 v2 (outcome discipline),2026-07-19T08:05:25
D0114254,"Phase I study of a new antitumor drug, 1-hexylcarbamoyl-5-fluorouracil (HCFU), administered orally: An HCFU clinical stud group report",,no,EXCLUDE (no eligible topic),No climate hazard exposure or mental health signal.,{},deepseek-v4-flash,per-topic prompt set 00-05 v2 (outcome discipline),2026-07-19T08:05:30
D0012916,Genetics of intellectual disability in consanguineous families.,,no,EXCLUDE (no eligible topic),No climate hazard mentioned; study is on genetics of intellectual disability.,{},deepseek-v4-flash,per-topic prompt set 00-05 v2 (outcome discipline),2026-07-19T08:05:35
D0037225,Phantom limb pain: A review,,no,EXCLUDE (no eligible topic),No climate hazard or mental health signal mentioned.,{},deepseek-v4-flash,per-topic prompt set 00-05 v2 (outcome discipline),2026-07-19T08:05:40
D0067454,Measurement of brain temperature changes in healthy volunteers during intranasal cooling,,no,EXCLUDE (no eligible topic),"Medical induced hypothermia, no environmental hazard exposure or mental health signal.",{},deepseek-v4-flash,per-topic prompt set 00-05 v2 (outcome discipline),2026-07-19T08:05:44
D0070572,HSF1 protects neurons through a novel trimerization- and HSP-independent mechanism,,no,EXCLUDE (no eligible topic),"Cellular heat shock response, not ambient environmental temperature exposure.",{},deepseek-v4-flash,per-topic prompt set 00-05 v2 (outcome discipline),2026-07-19T08:05:48
D0069013,Prolonged cough in children: A summary of the Belgian primary care clinical guideline,,no,EXCLUDE (no eligible topic),No climate hazard or mental health signal present.,{},deepseek-v4-flash,per-topic prompt set 00-05 v2 (outcome discipline),2026-07-19T08:05:53
D0036516,"Hydrogeochemical Processes Controlling the Water Chemistry of a Closed Saline Lake Located in Sahara Desert: Lake Qarun, Egypt",,no,EXCLUDE (no eligible topic),No hazard or mental health signal; hydrogeochemistry study.,{},deepseek-v4-flash,per-topic prompt set 00-05 v2 (outcome discipline),2026-07-19T08:05:57
D0007340,Experimental pain responses in children with chronic pain and in healthy children: How do they differ?,,yes,EXCLUDE (no eligible topic),No environmental hazard exposure; only laboratory-induced pain stimuli and psychological outcomes.,{},deepseek-v4-flash,per-topic prompt set 00-05 v2 (outcome discipline),2026-07-19T08:06:01
D0054016,"IoT Revolution: Exploring the Impact of loT Based Embedded System Technology on Healthcare, Agriculture and Business Startups in Smart Village",,no,EXCLUDE (no eligible topic),Technical IoT paper; no climate hazard or mental health signal.,{},deepseek-v4-flash,per-topic prompt set 00-05 v2 (outcome discipline),2026-07-19T08:06:07
D0022930,Antioxidant Activity and Total Terpenoid Content of Tropicoporus linteus Cultivar (Agaricomycetes) Cold Water Extract and In Silico Assessment of Potential Neur,,no,EXCLUDE (no eligible topic),No mention of any climate hazard or mental health; in vitro and in silico study.,{},deepseek-v4-flash,per-topic prompt set 00-05 v2 (outcome discipline),2026-07-19T08:06:11
D0031274,The effectiveness of low laser therapy in subacromial impingement syndrome: A randomized placebo controlled double-blind prospective study,,no,EXCLUDE (no eligible topic),No mention of any climate hazard or mental health; orthopedic study only.,{},deepseek-v4-flash,per-topic prompt set 00-05 v2 (outcome discipline),2026-07-19T08:06:15
D0028412,Herb-drug interactions: A literature review,,no,EXCLUDE (no eligible topic),"Record is about herb-drug interactions, no climate hazards mentioned.",{},deepseek-v4-flash,per-topic prompt set 00-05 v2 (outcome discipline),2026-07-19T08:06:19
D0055793,Women's health and wellbeing prioritisation in climate change national adaptation plans: A cross-sectional policy document analysis across 163 countries,,yes,HUMAN_REVIEW (no topic),No specific climate hazard mentioned; general climate change adaptation policy analysis with women's wellbeing.,{},deepseek-v4-flash,per-topic prompt set 00-05 v2 (outcome discipline),2026-07-19T08:06:24
D0123722,Psychometric evaluation of the composite catastrophizing measure-short form in a clinical chronic pain sample,,no,EXCLUDE (no eligible topic),No climate hazard exposure mentioned; focuses on pain catastrophizing measure.,{},deepseek-v4-flash,per-topic prompt set 00-05 v2 (outcome discipline),2026-07-19T08:06:28
D0012278,"Public Health Emergency Response Lessons Learned by Rapid Deployment Force 3, 2006-2016.",cyclone; flood,yes,EXCLUDE,cyclone:EXCLUDE | flood:EXCLUDE,"{""cyclone"": {""decision"": ""EXCLUDE"", ""review_flag"": false, ""reason"": ""No original human empirical mental health outcome data.""}, ""flood"": {""decision"": ""EXCLUDE"", ""review_flag"": false, ""reason"": ""No measured mental health outcome; lessons learned report on emergency response.""}}",deepseek-v4-flash,per-topic prompt set 00-05 v2 (outcome discipline),2026-07-19T08:06:42
D0026488,The Degree of Crystallinity of Monoclinic Isotactic Poly(propylene),,no,EXCLUDE (no eligible topic),No climate hazard or mental health signal in this materials science record.,{},deepseek-v4-flash,per-topic prompt set 00-05 v2 (outcome discipline),2026-07-19T08:06:46
D0097021,Varenicline Over-The-CounterTrial on Efficacy and Safety,,no,EXCLUDE (no eligible topic),No climate hazard or mental health signal present.,{},deepseek-v4-flash,per-topic prompt set 00-05 v2 (outcome discipline),2026-07-19T08:06:49
D0048580,Using the Theory of Motivated Information Management to Understand Direct Information Seeking on COVID-19 from Close Contacts,,no,EXCLUDE (no eligible topic),"No eligible hazard topic present; 'spread like wildfire' is metaphorical, not real wildfire exposure.",{},deepseek-v4-flash,per-topic prompt set 00-05 v2 (outcome discipline),2026-07-19T08:06:53
D0017290,"An open-label, single-arm trial of cryoneurolysis for improvements in pain, activities of daily living and quality of life in patients with symptomatic ankle os",,no,EXCLUDE (no eligible topic),No climate hazard topic mentioned; record is about cryoneurolysis for ankle osteoarthritis.,{},deepseek-v4-flash,per-topic prompt set 00-05 v2 (outcome discipline),2026-07-19T08:06:58
D0091839,Embers in Existence: Spiritual and Existential Distress in a Burn Injury Resulting from Spiritual Practice,,yes,EXCLUDE (no eligible topic),Burn injury from religious practice; no ambient climate hazard mentioned.,{},deepseek-v4-flash,per-topic prompt set 00-05 v2 (outcome discipline),2026-07-19T08:07:04
D0082331,A Song of Ice and Fire: Cold and Hot Properties of Traditional Chinese Medicines,,no,EXCLUDE (no eligible topic),Topic unrelated to climate hazards; discusses TCM cold/hot properties.,{},deepseek-v4-flash,per-topic prompt set 00-05 v2 (outcome discipline),2026-07-19T08:07:08
D0104137,A study of impact of shift work on fatigue level of workers in a sanitary-ware factory using a fuzzy set model.,,no,EXCLUDE (no eligible topic),No mention of climate hazard; focuses on shift work fatigue in factory setting.,{},deepseek-v4-flash,per-topic prompt set 00-05 v2 (outcome discipline),2026-07-19T08:07:12
D0048494,"Wildfires, haze, and climate change",temperature; wildfire,no,EXCLUDE,temperature:EXCLUDE | wildfire:EXCLUDE,"{""temperature"": {""decision"": ""EXCLUDE"", ""review_flag"": false, ""reason"": ""No mental health or wellbeing outcome mentioned""}, ""wildfire"": {""decision"": ""EXCLUDE"", ""review_flag"": false, ""reason"": ""No mental health outcome; discusses fire prediction models only.""}}",deepseek-v4-flash,per-topic prompt set 00-05 v2 (outcome discipline),2026-07-19T08:07:24
D0020206,On the bioprotective effects of 3-hydroxybutyrate: Thermodynamic study of binary 3HB-water systems,,no,EXCLUDE (no eligible topic),No human population or climate hazard exposure; biochemical study on bacteria.,{},deepseek-v4-flash,per-topic prompt set 00-05 v2 (outcome discipline),2026-07-19T08:07:29
D0053667,"Can ""Fire"" change medicinal effects? Processing heat transforms the efficacy of Chaihu from antipyretic to hepatic-soothing",,yes,EXCLUDE (no eligible topic),Study on heat processing of a herb in TCM; no environmental hazard exposure.,{},deepseek-v4-flash,per-topic prompt set 00-05 v2 (outcome discipline),2026-07-19T08:07:33
D0039789,Combining co-benefits and stakeholders perceptions into green infrastructure selection for flood risk reduction,flood,yes,EXCLUDE,flood:EXCLUDE,"{""flood"": {""decision"": ""EXCLUDE"", ""review_flag"": false, ""reason"": ""No mental health outcome measured; focuses on green infrastructure selection""}}",deepseek-v4-flash,per-topic prompt set 00-05 v2 (outcome discipline),2026-07-19T08:07:42
D0021251,Examining recurrent hurricane exposure and psychiatric morbidity in Medicaid-insured pregnant populations.,cyclone,yes,INCLUDE,cyclone:INCLUDE,"{""cyclone"": {""decision"": ""INCLUDE"", ""review_flag"": false, ""reason"": ""Hurricane exposure and psychiatric morbidity in pregnant population.""}}",deepseek-v4-flash,per-topic prompt set 00-05 v2 (outcome discipline),2026-07-19T08:07:52
D0122341,A review on Murraya koenigii: Multipotential medicinal plant,,no,EXCLUDE (no eligible topic),No mention of any climate hazard or mental health.,{},deepseek-v4-flash,per-topic prompt set 00-05 v2 (outcome discipline),2026-07-19T08:07:57
D0003050,Transvaginal radio frequency treatment of the endopelvic fascia: a prospective evaluation for the treatment of genuine stress urinary incontinence.,,no,EXCLUDE (no eligible topic),No climate hazard or mental health signal; purely medical treatment.,{},deepseek-v4-flash,per-topic prompt set 00-05 v2 (outcome discipline),2026-07-19T08:08:01
D0004233,The thermophysiological cascade leading to sleep initiation in relation to phase of entrainment.,,no,EXCLUDE (no eligible topic),No ambient temperature exposure; focuses on thermoregulation for sleep.,{},deepseek-v4-flash,per-topic prompt set 00-05 v2 (outcome discipline),2026-07-19T08:08:05
D0106953,[Experience of Pneumo 23 vaccine in patients with combination of COLD with pneumoconiosis].,,no,EXCLUDE (no eligible topic),No climate hazard or mental health signal mentioned.,{},deepseek-v4-flash,per-topic prompt set 00-05 v2 (outcome discipline),2026-07-19T08:08:09
D0087608,GAMMA-BAND MODULATIONS OF ELECTROCORTICOGRAM (ECOG) INDUCED BY COGNITIVELINGUISTIC TASKS DURING AWAKE CRANIOTOMY FOR FEASIBLE FUNCTIONAL LANGUAGE MAPPING,,no,EXCLUDE (no eligible topic),No climate hazard or mental health signal; record is about intraoperative language mapping.,{},deepseek-v4-flash,per-topic prompt set 00-05 v2 (outcome discipline),2026-07-19T08:08:13
D0114305,Hydrogen peroxide-releasing function of chemically elicited and immunologically activated macrophages: Differential response to wheat germ lectin and concanaval,,no,EXCLUDE (no eligible topic),Record about macrophage H2O2 release; no climate hazard or mental health content.,{},deepseek-v4-flash,per-topic prompt set 00-05 v2 (outcome discipline),2026-07-19T08:08:17
D0064602,Salivary immunoglobulins in patients with oropharyngeal and bronchopulmonary carcinoma,,no,EXCLUDE (no eligible topic),No climate hazard or mental health signal present; study on smoking and cancer.,{},deepseek-v4-flash,per-topic prompt set 00-05 v2 (outcome discipline),2026-07-19T08:08:20
D0125531,The Relationship on The Surgical Pleth Index Values Observed at The End of The Surgical Procedure With Postoperative Pain Score and Analgesia Consumption,,no,EXCLUDE (no eligible topic),No climate hazard or mental health signal.,{},deepseek-v4-flash,per-topic prompt set 00-05 v2 (outcome discipline),2026-07-19T08:08:24
D0091452,Erratum: Role of Daytime Continuous Polysomnography in the Diagnosis of Pediatric Narcolepsy Type 1 (Neurology (2024) 102:1 (e207815) DOI: 10.1212/wnl.000000000,,no,EXCLUDE (no eligible topic),Title and abstract discuss an erratum for narcolepsy diagnosis; no climate hazard or mental health exposure mentioned.,{},deepseek-v4-flash,per-topic prompt set 00-05 v2 (outcome discipline),2026-07-19T08:08:28
D0102276,The stressors and the post-traumatic stress syndrome after an industrial disaster,,yes,HUMAN_REVIEW (no topic),"Industrial explosion/fire, not a climate hazard; no candidate topics.",{},deepseek-v4-flash,per-topic prompt set 00-05 v2 (outcome discipline),2026-07-19T08:08:33
D0114065,Neurotic excoriations. A controlled psychiatric examination,,yes,EXCLUDE (no eligible topic),"Study on neurotic excoriations with psychiatric examination; heat mentioned as physiogenic factor, not ambient temperature hazard.",{},deepseek-v4-flash,per-topic prompt set 00-05 v2 (outcome discipline),2026-07-19T08:08:40
D0082053,Erythromelalgia-improvement of symptoms with therapeutic plasma exchange and pharmacological therapy,,no,EXCLUDE (no eligible topic),No ambient environmental hazard; only clinical temperature trigger.,{},deepseek-v4-flash,per-topic prompt set 00-05 v2 (outcome discipline),2026-07-19T08:08:44
D0065469,The influence of depressive symptoms on experimental smoking and intention to smoke in a diverse youth sample,,yes,EXCLUDE (no eligible topic),No climate hazard mentioned; discusses depression and smoking only.,{},deepseek-v4-flash,per-topic prompt set 00-05 v2 (outcome discipline),2026-07-19T08:08:47
D0038241,Cyclic Vomiting Syndrome in Adults and Children: A Hypothesis,,no,EXCLUDE (no eligible topic),No climate hazard or mental health signal present.,{},deepseek-v4-flash,per-topic prompt set 00-05 v2 (outcome discipline),2026-07-19T08:08:50
D0021616,Physical Activity-Induced Modification of the Association of Long-Term Air Pollution Exposure with the Risk of Depression in Older Adults,,yes,EXCLUDE (no eligible topic),No specific climate hazard topic present; only general air pollution.,{},deepseek-v4-flash,per-topic prompt set 00-05 v2 (outcome discipline),2026-07-19T08:08:54
D0015347,"The examination of mental toughness, sleep, mood and injury rates in an Arctic ultra-marathon",temperature,yes,EXCLUDE,temperature:EXCLUDE,"{""temperature"": {""decision"": ""EXCLUDE"", ""review_flag"": false, ""reason"": ""Cold temperature reported but not analyzed as exposure; no link to mood outcome.""}}",deepseek-v4-flash,per-topic prompt set 00-05 v2 (outcome discipline),2026-07-19T08:09:09
D0005708,[Burn injuries in children: admissions at Landspitali University Hospital in Iceland 2000-2008].,,no,EXCLUDE (no eligible topic),"No exposure to ambient temperature, wildfire, flood, cyclone, or drought.",{},deepseek-v4-flash,per-topic prompt set 00-05 v2 (outcome discipline),2026-07-19T08:09:14
D0008602,Impact of ambient fine particulate matter carbon measurement methods on observed associations with acute cardiorespiratory morbidity.,,no,EXCLUDE (no eligible topic),No candidate hazard topic; focuses on PM2.5 carbon measurement methods and cardiorespiratory outcomes.,{},deepseek-v4-flash,per-topic prompt set 00-05 v2 (outcome discipline),2026-07-19T08:09:19
D0062172,An in vivo block in the initiation of protein synthesis.,,no,EXCLUDE (no eligible topic),"Title and abstract are about protein synthesis, not climate hazards.",{},deepseek-v4-flash,per-topic prompt set 00-05 v2 (outcome discipline),2026-07-19T08:09:22
D0045184,Remotely sensed derived land surface temperature (Lst) as a proxy for air temperature and thermal comfort at a small geographical scale,temperature,no,EXCLUDE,temperature:EXCLUDE,"{""temperature"": {""decision"": ""EXCLUDE"", ""review_flag"": false, ""reason"": ""Study measures thermal comfort, not mental health.""}}",deepseek-v4-flash,per-topic prompt set 00-05 v2 (outcome discipline),2026-07-19T08:09:33
D0117500,Acclimatization in tropical climates. A prerequisite for comfort and working efficiency,temperature,unclear,EXCLUDE,temperature:EXCLUDE,"{""temperature"": {""decision"": ""EXCLUDE"", ""review_flag"": false, ""reason"": ""No eligible mental-health outcome; discusses comfort and wellbeing prediction only.""}}",deepseek-v4-flash,per-topic prompt set 00-05 v2 (outcome discipline),2026-07-19T08:09:48
D0031798,The hormetic pharmacy: The future of natural products and man-made drugs in disease prevention and treatment,,no,EXCLUDE (no eligible topic),Not about climate hazards; discusses drug development and hormesis.,{},deepseek-v4-flash,per-topic prompt set 00-05 v2 (outcome discipline),2026-07-19T08:09:53
D0015737,Transient waterlogging events impair shoot and root physiology and reduce grain yield of durum wheat cultivars,,no,EXCLUDE (no eligible topic),Study on durum wheat waterlogging tolerance; no human exposure or mental health.,{},deepseek-v4-flash,per-topic prompt set 00-05 v2 (outcome discipline),2026-07-19T08:09:57
D0079810,"Early-life air pollution exposure, neighborhood poverty, and childhood asthma in the United States, 1990–2014",,no,EXCLUDE (no eligible topic),"No mention of temperature, wildfire, flood, cyclone, or drought; only generic air pollution.",{},deepseek-v4-flash,per-topic prompt set 00-05 v2 (outcome discipline),2026-07-19T08:10:02
D0093682,Associations between ambient particulate matter and lipid levels among patients with depression: A moderated mediation analysis of C-reactive protein and reside,,yes,EXCLUDE (no eligible topic),No registered hazard topic; exposure is ambient particulate matter only.,{},deepseek-v4-flash,per-topic prompt set 00-05 v2 (outcome discipline),2026-07-19T08:10:08
D0093087,"Post-traumatic stress disorder and common mental disorders among male FRs: a narrative review of occupational risk factors, diagnostic approaches, evidence-base",,yes,EXCLUDE (no eligible topic),Occupational mental health among first responders; no climate hazard mentioned.,{},deepseek-v4-flash,per-topic prompt set 00-05 v2 (outcome discipline),2026-07-19T08:10:12
D0127145,Gender Affirmative Treatment of Hypertrichosis With Intense Pulsed Light - Effect on Hair Reduction and Quality of Life,,unclear,EXCLUDE (no eligible topic),No climate hazard mentioned; record is about hair removal treatment.,{},deepseek-v4-flash,per-topic prompt set 00-05 v2 (outcome discipline),2026-07-19T08:10:15
D0068531,Post-stroke mood and movement in people with and without pain: A virtual reality pilot study,,yes,EXCLUDE (no eligible topic),No registered hazard topic identified; study is on post-stroke pain and VR environments.,{},deepseek-v4-flash,per-topic prompt set 00-05 v2 (outcome discipline),2026-07-19T08:10:21
D0059062,The effectiveness of electroacupuncture in the treatment of cancer-related fatigue: a systematic review,,no,EXCLUDE (no eligible topic),No climate hazard exposure mentioned; focuses on electroacupuncture for cancer-related fatigue.,{},deepseek-v4-flash,per-topic prompt set 00-05 v2 (outcome discipline),2026-07-19T08:10:25
D0027520,The role of oximes in the management of organophosphorus pesticide poisoning,,no,EXCLUDE (no eligible topic),"Record about organophosphorus pesticide poisoning, no climate hazard exposure.",{},deepseek-v4-flash,per-topic prompt set 00-05 v2 (outcome discipline),2026-07-19T08:10:30
D0116211,Caring for the caretakers in times of disaster. The Hurricane Hugo experience.,cyclone,yes,INCLUDE (needs review),cyclone:INCLUDE,"{""cyclone"": {""decision"": ""INCLUDE"", ""review_flag"": true, ""reason"": ""Title suggests mental health of caretakers after Hurricane Hugo; abstract empty.""}}",deepseek-v4-flash,per-topic prompt set 00-05 v2 (outcome discipline),2026-07-19T08:10:39
D0083038,Incomplete kawasaki disease: A case report,,no,EXCLUDE (no eligible topic),Case report on Kawasaki disease; no climate hazard or mental health signal.,{},deepseek-v4-flash,per-topic prompt set 00-05 v2 (outcome discipline),2026-07-19T08:10:42
D0101604,Performance of infrared ear and forehead thermometers: A comparative study in 205 febrile and afebrile children,,no,EXCLUDE (no eligible topic),Record about thermometer accuracy in children; no climate hazard exposure.,{},deepseek-v4-flash,per-topic prompt set 00-05 v2 (outcome discipline),2026-07-19T08:10:47
D0022781,"The effect of multifrequency ultrasound treatments on structure, rheological, and digestive properties of starch in frozen wheat dough.",,no,EXCLUDE (no eligible topic),No climate hazard or mental health signal.,{},deepseek-v4-flash,per-topic prompt set 00-05 v2 (outcome discipline),2026-07-19T08:10:50
D0057002,Neuropathic pain at the donor-site following free fibula flap harvest: A multicenter study,,no,EXCLUDE (no eligible topic),No climate hazard exposure or mental health outcome mentioned.,{},deepseek-v4-flash,per-topic prompt set 00-05 v2 (outcome discipline),2026-07-19T08:10:54
D0087479,Fine Particulate Matter and Parkinson Disease Risk among Medicare Beneficiaries,,no,EXCLUDE (no eligible topic),No mention of any of the five hazard topics; only generic PM2.5 exposure.,{},deepseek-v4-flash,per-topic prompt set 00-05 v2 (outcome discipline),2026-07-19T08:10:59
D0098199,The association between second hand smoke and low birth weight and preterm delivery,,no,EXCLUDE (no eligible topic),No mention of any climate hazard; exposure is second hand smoke only.,{},deepseek-v4-flash,per-topic prompt set 00-05 v2 (outcome discipline),2026-07-19T08:11:02
D0093570,"Case-Crossover Design for Assessing Associations With Short-Term, Intermediate-Term, and Long-Term Exposures",,no,EXCLUDE (no eligible topic),No mention of any candidate hazard topics or mental health outcomes.,{},deepseek-v4-flash,per-topic prompt set 00-05 v2 (outcome discipline),2026-07-19T08:11:06
D0023633,"Evaluating environmental quality and associated risks in areas for sport and leisure in a rapidly urbanizing city: the case of the city of Fortaleza, Brazil",,no,EXCLUDE (no eligible topic),"Record focuses on urban environmental quality (thermal comfort, pollution) but does not mention any of the five hazard topics or mental health.",{},deepseek-v4-flash,per-topic prompt set 00-05 v2 (outcome discipline),2026-07-19T08:11:13
D0083151,Impaired regulation of autonomic nervous system in globus pharyngeus,,no,EXCLUDE (no eligible topic),No climate hazard present; study is on autonomic regulation in globus pharyngeus.,{},deepseek-v4-flash,per-topic prompt set 00-05 v2 (outcome discipline),2026-07-19T08:11:18
D0110182,"Effects of creating a non-specific, virus-hostile environment in the nasopharynx on symptoms and duration of common cold.",,no,EXCLUDE (no eligible topic),No climate hazard topic; record concerns common cold treatment.,{},deepseek-v4-flash,per-topic prompt set 00-05 v2 (outcome discipline),2026-07-19T08:11:21
D0117206,Heat denaturation of the lymphocyte DNP complex in peripheral blood smears from schizophrenic patients and normal subjects (Russian),,no,EXCLUDE (no eligible topic),"Title refers to laboratory heat denaturation, not ambient temperature exposure.",{},deepseek-v4-flash,per-topic prompt set 00-05 v2 (outcome discipline),2026-07-19T08:11:26
D0019469,The effect of ambient temperature and risk of cardiovascular disease hospitalization in China: a meta-analysis,temperature,no,EXCLUDE,temperature:EXCLUDE,"{""temperature"": {""decision"": ""EXCLUDE"", ""review_flag"": false, ""reason"": ""Outcome is CVD hospitalization, not mental health.""}}",deepseek-v4-flash,per-topic prompt set 00-05 v2 (outcome discipline),2026-07-19T08:11:33
D0119729,Utility of the COPD assessment testtm (CAT) in stable COPD,,no,EXCLUDE (no eligible topic),No climate hazard or mental health signal mentioned; study on COPD assessment.,{},deepseek-v4-flash,per-topic prompt set 00-05 v2 (outcome discipline),2026-07-19T08:11:36
D0128805,Using psychological flexibility to predict burnout and PTSD symptom severity among firefighters,,yes,EXCLUDE (no eligible topic),No specific climate hazard mentioned; firefighters studied but no wildfire or other hazard exposure specified.,{},deepseek-v4-flash,per-topic prompt set 00-05 v2 (outcome discipline),2026-07-19T08:11:41
D0037780,Recovery of taste organs and sensory function after severe loss from Hedgehog/Smoothened inhibition with cancer drug sonidegib,,no,EXCLUDE (no eligible topic),No climate hazard mentioned; record about taste organ recovery from drug treatment.,{},deepseek-v4-flash,per-topic prompt set 00-05 v2 (outcome discipline),2026-07-19T08:11:46
D0103848,Clinical ecology and its role in diagnosis of chronic diseases caused by environmental pollution. Indoor air pollution as a major factor.,temperature,yes,EXCLUDE,temperature:EXCLUDE,"{""temperature"": {""decision"": ""EXCLUDE"", ""review_flag"": false, ""reason"": ""No measured mental health outcome; focuses on chronic disease and chemical sensitivity.""}}",deepseek-v4-flash,per-topic prompt set 00-05 v2 (outcome discipline),2026-07-19T08:11:55
D0112798,"Collapse of the old Pacific highway, Piles Creek, Somersby",flood,no,EXCLUDE,flood:EXCLUDE,"{""flood"": {""decision"": ""EXCLUDE"", ""review_flag"": false, ""reason"": ""Engineering investigation of culvert failure; no mental health outcome.""}}",deepseek-v4-flash,per-topic prompt set 00-05 v2 (outcome discipline),2026-07-19T08:12:05
D0038265,"Mapping ephemeral wetlands: manual digitisation and logistic regression modelling in Nelson Mandela Bay Municipality, South Africa",,no,EXCLUDE (no eligible topic),"Record focuses on wetland mapping and modelling, no climate hazard or mental health signal.",{},deepseek-v4-flash,per-topic prompt set 00-05 v2 (outcome discipline),2026-07-19T08:12:09
D0009256,Making the Case for Nurse Practitioners in the Emergency Department: A Clinical Case Study,,no,EXCLUDE (no eligible topic),"Record addresses ED nurse practitioner implementation, not climate hazards or mental health.",{},deepseek-v4-flash,per-topic prompt set 00-05 v2 (outcome discipline),2026-07-19T08:12:12
D0004989,Combinational approach of intrabody with enhanced Hsp70 expression addresses multiple pathologies in a fly model of Huntington's disease,,no,EXCLUDE (no eligible topic),"Record is about Huntington's disease in a fly model, no climate hazard or mental health signal.",{},deepseek-v4-flash,per-topic prompt set 00-05 v2 (outcome discipline),2026-07-19T08:12:15
D0074272,"Reasons for thirst and interventions to reducethirst from a heart failure patients perspective inSweden, Japan and the Netherlands",,no,EXCLUDE (no eligible topic),No climate hazard or mental health topic; focuses on clinical thirst in heart failure.,{},deepseek-v4-flash,per-topic prompt set 00-05 v2 (outcome discipline),2026-07-19T08:12:20
D0047676,"Characterizing groundwater recharge sources using water stable isotopes in the North Basin of Lake Kivu, East Africa",,no,EXCLUDE (no eligible topic),No hazard topic mentioned; focuses on groundwater recharge isotopes.,{},deepseek-v4-flash,per-topic prompt set 00-05 v2 (outcome discipline),2026-07-19T08:12:25
D0089217,83. Newly Diagnosed Restrictive Eating Disorders in the Outpatient Setting During the COVID-19 Pandemic: A Retrospective Chart Review,,yes,EXCLUDE (no eligible topic),No climate hazard mentioned; study on eating disorders during COVID-19 pandemic.,{},deepseek-v4-flash,per-topic prompt set 00-05 v2 (outcome discipline),2026-07-19T08:12:32
D0089598,Quetiapine and other antipsychotic medications during pregnancy: a 15-year follow-up of a university hospital birth register,,no,EXCLUDE (no eligible topic),No mention of any climate hazard or related mental health impact.,{},deepseek-v4-flash,per-topic prompt set 00-05 v2 (outcome discipline),2026-07-19T08:12:36
D0028439,"In the rostral ventrolateral medulla, the 70-kDa heat shock protein (HSP70), but not HSP90, confers neuroprotection against fatal endotoxemia via augmentation o",,no,EXCLUDE (no eligible topic),Animal study on heat shock proteins; no ambient temperature or hazard exposure.,{},deepseek-v4-flash,per-topic prompt set 00-05 v2 (outcome discipline),2026-07-19T08:12:39
D0007106,Stress modulates reinforcement learning in younger and older adults,,no,EXCLUDE (no eligible topic),No climate hazard mentioned; only lab-induced cold stress.,{},deepseek-v4-flash,per-topic prompt set 00-05 v2 (outcome discipline),2026-07-19T08:12:44
D0078862,"The relation between heat strain and hydration status in the food industry employees in Mashhad, 2014",temperature,no,EXCLUDE,temperature:EXCLUDE,"{""temperature"": {""decision"": ""EXCLUDE"", ""review_flag"": false, ""reason"": ""No mental health outcome measured; only dehydration and heat stress.""}}",deepseek-v4-flash,per-topic prompt set 00-05 v2 (outcome discipline),2026-07-19T08:12:56
D0053345,Urban aquifer health assessment and its management for sustainable water supply: an innovative approach using machine learning techniques,,no,EXCLUDE (no eligible topic),Water scarcity mentioned but not framed as drought; groundwater management focus.,{},deepseek-v4-flash,per-topic prompt set 00-05 v2 (outcome discipline),2026-07-19T08:13:01
D0098624,"Implication of neuropeptide-Y Y2 receptors in the effects of immune stress on emotional, locomotor and social behavior of mice",,yes,EXCLUDE (no eligible topic),No climate hazard; lab-based immune stress in mice with body temperature measure.,{},deepseek-v4-flash,per-topic prompt set 00-05 v2 (outcome discipline),2026-07-19T08:13:06
D0073200,A comparative study of adverse drug reactions during two heat waves that occurred in France in 2003 and 2006,temperature,no,EXCLUDE,temperature:EXCLUDE,"{""temperature"": {""decision"": ""EXCLUDE"", ""review_flag"": false, ""reason"": ""Study on adverse drug reactions, not mental health/wellbeing outcomes.""}}",deepseek-v4-flash,per-topic prompt set 00-05 v2 (outcome discipline),2026-07-19T08:13:13
D0074710,"Electrocardiographic abnormalities in adults with COPD in Nigeria: Prevalence, patterns and influence on outcomes",,no,EXCLUDE (no eligible topic),No mention of climate hazards or mental health.,{},deepseek-v4-flash,per-topic prompt set 00-05 v2 (outcome discipline),2026-07-19T08:13:16
D0122293,Epidemiology of infection in renal transplant recipients-data miner's approach,,no,EXCLUDE (no eligible topic),No climate hazard exposure; focuses on infection in transplant recipients.,{},deepseek-v4-flash,per-topic prompt set 00-05 v2 (outcome discipline),2026-07-19T08:13:20
D0086486,The role of Cl-and K+efflux in NLRP3 inflammasome and innate immune response activation,,no,EXCLUDE (no eligible topic),No mention of climate hazards or mental health.,{},deepseek-v4-flash,per-topic prompt set 00-05 v2 (outcome discipline),2026-07-19T08:13:23
D0063026,The effect of synaptic depression on stochastic resonance,,no,EXCLUDE (no eligible topic),No climate hazard or mental health signal; synaptic depression in neural networks.,{},deepseek-v4-flash,per-topic prompt set 00-05 v2 (outcome discipline),2026-07-19T08:13:27
D0035251,Heatstroke in dogs in southern Germany. A retrospective study over a 5.5-year period,,no,EXCLUDE (no eligible topic),"Study on heatstroke in dogs, not human population or mental health.",{},deepseek-v4-flash,per-topic prompt set 00-05 v2 (outcome discipline),2026-07-19T08:13:31
D0088447,LONG-TERM EXPOSURE TO AIR POLLUTION AND HOSPITAL ADMISSIONS IN SCOTLAND: A 16-YEARS REGISTER-BASED COHORT STUDY (2002-2017),,yes,EXCLUDE (no eligible topic),No mention of specific climate hazards; only general air pollution.,{},deepseek-v4-flash,per-topic prompt set 00-05 v2 (outcome discipline),2026-07-19T08:13:34
D0130890,Evaluating stormwater pollutant removal mechanisms by bioretention in the context of climate change,,no,EXCLUDE (no eligible topic),No hazard exposure or mental health signal; engineering study on bioretention.,{},deepseek-v4-flash,per-topic prompt set 00-05 v2 (outcome discipline),2026-07-19T08:13:38
D0030844,Heat-responsive gene expression for gene therapy,,no,EXCLUDE (no eligible topic),Therapeutic hyperthermia for gene therapy; not ambient temperature exposure.,{},deepseek-v4-flash,per-topic prompt set 00-05 v2 (outcome discipline),2026-07-19T08:13:44
D0036179,President's letter,,no,EXCLUDE (no eligible topic),No hazard or mental health content in title or abstract.,{},deepseek-v4-flash,per-topic prompt set 00-05 v2 (outcome discipline),2026-07-19T08:13:47
D0112980,The enduring role of the family in the happiness of puerto ricans,cyclone,yes,INCLUDE,cyclone:INCLUDE,"{""cyclone"": {""decision"": ""INCLUDE"", ""review_flag"": false, ""reason"": ""Study of happiness before/after Hurricane Maria in Puerto Rico.""}}",deepseek-v4-flash,per-topic prompt set 00-05 v2 (outcome discipline),2026-07-19T08:13:55
D0117357,Season of birth and intelligence in a sample of learning disabled children,temperature,no,EXCLUDE,temperature:EXCLUDE,"{""temperature"": {""decision"": ""EXCLUDE"", ""review_flag"": false, ""reason"": ""Outcome is intelligence (IQ), not eligible mental health or wellbeing.""}}",deepseek-v4-flash,per-topic prompt set 00-05 v2 (outcome discipline),2026-07-19T08:14:03
D0064350,"A clinical phase I toxicity study of Ro 03-8799: Plasma, urine, tumour and normal brain pharmacokinetics",,no,EXCLUDE (no eligible topic),No climate hazard or mental health signal; drug toxicity study.,{},deepseek-v4-flash,per-topic prompt set 00-05 v2 (outcome discipline),2026-07-19T08:14:08
D0010065,Use of thermobalancing therapy in ageing male with benign prostatic hyperplasia with a focus on etiology and pathophysiology,,no,EXCLUDE (no eligible topic),No climate hazard exposure; study is on therapeutic device for BPH.,{},deepseek-v4-flash,per-topic prompt set 00-05 v2 (outcome discipline),2026-07-19T08:14:13
D0093840,Persistent neutrophil activation despite count normalization suggests immune dysregulation in exertional heat stroke,,no,EXCLUDE (no eligible topic),"Exertional heat stroke clinical study, no environmental hazard exposure or mental health signal.",{},deepseek-v4-flash,per-topic prompt set 00-05 v2 (outcome discipline),2026-07-19T08:14:18
D0119034,Smoking and breastfeeding: How can we help mothers stop smoking?,,no,EXCLUDE (no eligible topic),No climate hazard or mental health signal; record about smoking and breastfeeding.,{},deepseek-v4-flash,per-topic prompt set 00-05 v2 (outcome discipline),2026-07-19T08:14:22
D0043717,Methodologies of impact evaluation for ecological protection programs,,no,EXCLUDE (no eligible topic),No eligible hazard topic or mental health signal; record discusses ecological program evaluation methodologies.,{},deepseek-v4-flash,per-topic prompt set 00-05 v2 (outcome discipline),2026-07-19T08:14:26
D0000324,A correlation analysis between pulse transit time and instantaneous blood pressure measured indirectly by the vascular unloading method.,,no,EXCLUDE (no eligible topic),"Cold pressor test is a clinical cold exposure, not ambient/environmental temperature hazard; no other hazard or mental health signal.",{},deepseek-v4-flash,per-topic prompt set 00-05 v2 (outcome discipline),2026-07-19T08:14:30
D0067576,A rare diagnosis in a 70-year-old: Cystic fibrosis,,no,EXCLUDE (no eligible topic),No mention of any climate hazard; irrelevant to screening criteria.,{},deepseek-v4-flash,per-topic prompt set 00-05 v2 (outcome discipline),2026-07-19T08:14:33
D0002105,Ambient temperature and mortality from unintentional cocaine overdose.,temperature,no,EXCLUDE,temperature:EXCLUDE,"{""temperature"": {""decision"": ""EXCLUDE"", ""review_flag"": false, ""reason"": ""Outcome is drug overdose mortality, not eligible mental-health outcome.""}}",deepseek-v4-flash,per-topic prompt set 00-05 v2 (outcome discipline),2026-07-19T08:14:40
D0047445,Rising ownership of brachycephalic dogs: what can we do to intervene?,,no,EXCLUDE (no eligible topic),No hazard topics or mental health signal present.,{},deepseek-v4-flash,per-topic prompt set 00-05 v2 (outcome discipline),2026-07-19T08:14:45
D0014901,Titrating Social Media Use During Adolescent Inpatient Psychiatric Hospitalization,,yes,EXCLUDE (no eligible topic),No climate hazard topic mentioned; focuses on social media use during psychiatric hospitalization.,{},deepseek-v4-flash,per-topic prompt set 00-05 v2 (outcome discipline),2026-07-19T08:14:49
D0016079,Tobacco smoke exposure and inadequate sleep among U.S. school-aged children.,,no,EXCLUDE (no eligible topic),No climate hazard topic present; focuses on tobacco smoke exposure only.,{},deepseek-v4-flash,per-topic prompt set 00-05 v2 (outcome discipline),2026-07-19T08:14:53
D0015154,Geographical distance to the epicenter of COVID-19 predicts the burnout of the working population: Ripple effect or typhoon eye effect?,,yes,EXCLUDE (no eligible topic),COVID-19 burnout study; no climate hazard exposure mentioned.,{},deepseek-v4-flash,per-topic prompt set 00-05 v2 (outcome discipline),2026-07-19T08:14:56
D0000318,Clinical problems in coronary disease are caused by wide variety of ischemic episodes that affect patients out of hospital,,no,EXCLUDE (no eligible topic),"No climate hazard exposure; cold stimulation is a clinical test, not environmental.",{},deepseek-v4-flash,per-topic prompt set 00-05 v2 (outcome discipline),2026-07-19T08:15:01
D0119753,Chewing gum as a drug delivery system,,no,EXCLUDE (no eligible topic),No climate hazard or mental health signal present.,{},deepseek-v4-flash,per-topic prompt set 00-05 v2 (outcome discipline),2026-07-19T08:15:04
D0045452,Ketamine Use for Cancer and Chronic Pain Management,,no,EXCLUDE (no eligible topic),No mention of any registered hazard or mental health outcome.,{},deepseek-v4-flash,per-topic prompt set 00-05 v2 (outcome discipline),2026-07-19T08:15:08
D0012994,Whole-body cryotherapy—Promising add-on treatment of depressive disorders,,yes,EXCLUDE (no eligible topic),"Cryotherapy is clinical cold exposure, not ambient environmental temperature.",{},deepseek-v4-flash,per-topic prompt set 00-05 v2 (outcome discipline),2026-07-19T08:15:22
D0059350,Statistical assessment and spatial analysis of Hyderabad’s lakes through: Water Quality Indices,,no,EXCLUDE (no eligible topic),No hazard exposure or mental health signal; water quality study with lake temperature only.,{},deepseek-v4-flash,per-topic prompt set 00-05 v2 (outcome discipline),2026-07-19T08:15:25
D0116464,Which drugs should not be prescribed during pregnancy,,no,EXCLUDE (no eligible topic),No mention of climate hazards or mental health; drugs during pregnancy.,{},deepseek-v4-flash,per-topic prompt set 00-05 v2 (outcome discipline),2026-07-19T08:15:29
D0098821,The effect of pre-cooling or per-cooling in athletes with a spinal cord injury: A systematic review and meta-analysis,,no,EXCLUDE (no eligible topic),No ambient temperature hazard; only body cooling for athletes with spinal cord injury.,{},deepseek-v4-flash,per-topic prompt set 00-05 v2 (outcome discipline),2026-07-19T08:15:34
D0130495,Smoke & mirrors: Exploring stigma in the cannabis industry,,no,EXCLUDE (no eligible topic),No climate hazard topic mentioned; focuses on cannabis industry stigma.,{},deepseek-v4-flash,per-topic prompt set 00-05 v2 (outcome discipline),2026-07-19T08:15:38
D0122413,"Donation from donors' perspective: Psychological aspects, needs and expectations",,no,EXCLUDE (no eligible topic),No climate hazard or mental health topic; record is about blood donation psychology.,{},deepseek-v4-flash,per-topic prompt set 00-05 v2 (outcome discipline),2026-07-19T08:15:41
D0103686,[Noninvasive diagnosis of coronary spasm].,,no,EXCLUDE (no eligible topic),No climate hazard exposure present; only diagnostic tests for coronary spasm.,{},deepseek-v4-flash,per-topic prompt set 00-05 v2 (outcome discipline),2026-07-19T08:15:45
D0092876,"Environmental metals, prostaglandin pathways, and immune-mediated neuroinflammation in autism spectrum disorder: A secondary analysis of peripheral biomarker st",,no,EXCLUDE (no eligible topic),No climate hazard topic present; focuses on biomarkers in ASD.,{},deepseek-v4-flash,per-topic prompt set 00-05 v2 (outcome discipline),2026-07-19T08:15:49
D0045804,"Rethinking Water and Sanitation in Challenging Environments: Lessons Learned from Installing Portable, Adaptable, Mid-Tech Household Systems",,no,EXCLUDE (no eligible topic),No mention of any of the five climate hazards; focus on water/sanitation infrastructure.,{},deepseek-v4-flash,per-topic prompt set 00-05 v2 (outcome discipline),2026-07-19T08:16:03
D0007384,Predictors of posttraumatic stress disorder and other psychological symptoms in trauma-exposed firefighters,,yes,EXCLUDE (no eligible topic),No climate hazard mentioned; focus on firefighter trauma exposure.,{},deepseek-v4-flash,per-topic prompt set 00-05 v2 (outcome discipline),2026-07-19T08:16:07
D0008237,"Early life exposures to home dampness, pet ownership and farm animal contact and neuropsychological development in 4 year old children: a prospective birth coho",,no,EXCLUDE (no eligible topic),No hazard topic; record focuses on indoor dampness and pet exposure.,{},deepseek-v4-flash,per-topic prompt set 00-05 v2 (outcome discipline),2026-07-19T08:16:12
D0043113,Zhuangzi on ‘happy fish’ and the limits of human knowledge,,no,EXCLUDE (no eligible topic),No mention of climate hazards or mental health; philosophical text.,{},deepseek-v4-flash,per-topic prompt set 00-05 v2 (outcome discipline),2026-07-19T08:16:16
D0050054,Lengths of Time of Rice Husk Biochar Incorporation before Planting Affect Soil Properties and Rice Yield,,no,EXCLUDE (no eligible topic),No climate hazard or mental health mentioned; record about soil and rice yield.,{},deepseek-v4-flash,per-topic prompt set 00-05 v2 (outcome discipline),2026-07-19T08:16:19
D0036858,Effect of heated humidification on adherence to continuous positive airway pressure therapy in subjects with obstructive sleep Apnea and nasopharyngeal symptoms,,no,EXCLUDE (no eligible topic),No climate hazard exposure mentioned; CPAP therapy study.,{},deepseek-v4-flash,per-topic prompt set 00-05 v2 (outcome discipline),2026-07-19T08:16:23
D0121981,Biopsychosocial correlates of psychoactive substance use in professional firefighters,,yes,EXCLUDE (no eligible topic),No specific climate hazard mentioned; study on psychoactive substance use in firefighters.,{},deepseek-v4-flash,per-topic prompt set 00-05 v2 (outcome discipline),2026-07-19T08:16:30
D0027718,Transition! : The transformation of the design and use of corporate architecture,,no,EXCLUDE (no eligible topic),No climate hazard or mental health signal present.,{},deepseek-v4-flash,per-topic prompt set 00-05 v2 (outcome discipline),2026-07-19T08:16:34
D0040126,Beyond the shortcomings of international law: A proposal for the legal protection of climate migrants,flood; drought,no,EXCLUDE,flood:EXCLUDE | drought:EXCLUDE,"{""flood"": {""decision"": ""EXCLUDE"", ""review_flag"": false, ""reason"": ""Legal/policy analysis about climate migrants, no mental health outcome measured.""}, ""drought"": {""decision"": ""EXCLUDE"", ""review_flag"": false, ""reason"": ""No mental health outcome; focuses on legal protection of climate migrants.""}}",deepseek-v4-flash,per-topic prompt set 00-05 v2 (outcome discipline),2026-07-19T08:16:47
D0042006,Effects of flood and flood-control engineering on morbidity,flood,yes,INCLUDE,flood:INCLUDE,"{""flood"": {""decision"": ""INCLUDE"", ""review_flag"": false, ""reason"": ""Measured depressive and anxiety disorders as outcomes in flood-exposed population.""}}",deepseek-v4-flash,per-topic prompt set 00-05 v2 (outcome discipline),2026-07-19T08:17:14
D0025256,Suppressive therapy with levothyroxinefor solitary thyroid nodules,,no,EXCLUDE (no eligible topic),No climate hazard or mental health signal present.,{},deepseek-v4-flash,per-topic prompt set 00-05 v2 (outcome discipline),2026-07-19T08:17:18
D0113869,The influence of exercise on stress states using psychophysiological indices,,yes,EXCLUDE (no eligible topic),No climate hazard mentioned; exercise and anxiety study.,{},deepseek-v4-flash,per-topic prompt set 00-05 v2 (outcome discipline),2026-07-19T08:17:21
D0019528,Disease-Specific α-Synuclein Seeding in Lewy Body Disease and Multiple System Atrophy Are Preserved in Formaldehyde-Fixed Paraffin-Embedded Human Brain.,,no,EXCLUDE (no eligible topic),No climate hazard or mental health signal; focuses on alpha-synuclein seeding in neurodegenerative disease.,{},deepseek-v4-flash,per-topic prompt set 00-05 v2 (outcome discipline),2026-07-19T08:17:25
D0098709,Neuropsychiatric complications in victims of Boston's Cocoanut Grove disaster,,yes,EXCLUDE (no eligible topic),Fire disaster not one of five hazards; mental health signal present.,{},deepseek-v4-flash,per-topic prompt set 00-05 v2 (outcome discipline),2026-07-19T08:17:39
D0034469,In vivo experimental study of thermal problems for rechargeable neurostimulators,,no,EXCLUDE (no eligible topic),No eligible climate hazard; discusses device-generated heat and patient anxiety.,{},deepseek-v4-flash,per-topic prompt set 00-05 v2 (outcome discipline),2026-07-19T08:17:43
D0101041,"Après toi, mon bel autoportrait…",,unclear,EXCLUDE (no eligible topic),No hazard topic; abstract uses 'wildfire' metaphorically.,{},deepseek-v4-flash,per-topic prompt set 00-05 v2 (outcome discipline),2026-07-19T08:17:47
D0017736,Inhibition of HSP90 Preserves Blood–Brain Barrier Integrity after Cortical Spreading Depression,,no,EXCLUDE (no eligible topic),No climate hazard mentioned; study on HSP90 and blood-brain barrier in CSD.,{},deepseek-v4-flash,per-topic prompt set 00-05 v2 (outcome discipline),2026-07-19T08:17:51
D0116280,The NSI (Noise Sensitive Index) - A suitable method for recording of acute bodily complaints caused by exposure against noise and combined exposure,temperature,no,EXCLUDE,temperature:EXCLUDE,"{""temperature"": {""decision"": ""EXCLUDE"", ""review_flag"": false, ""reason"": ""Outcome is acute bodily complaints, not mental health/wellbeing.""}}",deepseek-v4-flash,per-topic prompt set 00-05 v2 (outcome discipline),2026-07-19T08:17:58
D0131297,The analysis of a biopsychosocial model to assess polio survivors' likelihood of diagnosis with post-polio syndrome,,no,EXCLUDE (no eligible topic),No climate hazard exposure; record focuses on post-polio syndrome.,{},deepseek-v4-flash,per-topic prompt set 00-05 v2 (outcome discipline),2026-07-19T08:18:02
D0117002,Chemical and physical microenvironments at the Viking landing sites.,,no,EXCLUDE (no eligible topic),"Mars study, no human population or climate hazard exposure.",{},deepseek-v4-flash,per-topic prompt set 00-05 v2 (outcome discipline),2026-07-19T08:18:05
D0116902,Variable threshold of exertional angina: a clue to a vasospastic component,,no,EXCLUDE (no eligible topic),"Abstract discusses cold pressor test (lab exposure), not ambient cold; no other hazard or mental health signal.",{},deepseek-v4-flash,per-topic prompt set 00-05 v2 (outcome discipline),2026-07-19T08:18:11
D0108077,Cold hybrid electronics for CIRS-Cassini,,no,EXCLUDE (no eligible topic),Record about space instrument electronics; no climate hazard or mental health signal.,{},deepseek-v4-flash,per-topic prompt set 00-05 v2 (outcome discipline),2026-07-19T08:18:14
D0118588,Physical therapy in the treatment of arthritis,,no,EXCLUDE (no eligible topic),No climate hazard or mental health signal related to climate hazards.,{},deepseek-v4-flash,per-topic prompt set 00-05 v2 (outcome discipline),2026-07-19T08:18:18
D0027158,"Subsurface sediment accumulation patterns and their relationships with tectonic lineaments in the semi-arid Luni river basin, Rajasthan, Western India",,no,EXCLUDE (no eligible topic),No mention of climate hazards or mental health; geological study.,{},deepseek-v4-flash,per-topic prompt set 00-05 v2 (outcome discipline),2026-07-19T08:18:21
D0061659,Psychiatric disturbance with acute onset and offset in a Darwin evacuee.,cyclone,yes,INCLUDE,cyclone:INCLUDE,"{""cyclone"": {""decision"": ""INCLUDE"", ""review_flag"": false, ""reason"": ""Cyclone Tracy exposure with acute psychiatric disturbance""}}",deepseek-v4-flash,per-topic prompt set 00-05 v2 (outcome discipline),2026-07-19T08:18:27
D0000877,Anticipation of pain and of pain control under hypnosis: Heart rate and blood pressure responses in the cold pressor test,,no,EXCLUDE (no eligible topic),"Record is about hypnosis and cold pressor test, not climate hazards.",{},deepseek-v4-flash,per-topic prompt set 00-05 v2 (outcome discipline),2026-07-19T08:18:31
D0042229,"The natural capital of offshore oil, gas, and methane hydrates in the World Ocean",,no,EXCLUDE (no eligible topic),No mention of climate hazards or mental health; record about offshore fossil fuel economics.,{},deepseek-v4-flash,per-topic prompt set 00-05 v2 (outcome discipline),2026-07-19T08:18:35
D0009482,Fuzzy model approach for estimating time of hospitalization due to cardiovascular diseases.,temperature,no,EXCLUDE,temperature:EXCLUDE,"{""temperature"": {""decision"": ""EXCLUDE"", ""review_flag"": false, ""reason"": ""Outcome is cardiovascular hospitalization time, not mental health/wellbeing.""}}",deepseek-v4-flash,per-topic prompt set 00-05 v2 (outcome discipline),2026-07-19T08:18:45
D0067490,"Why do young women smoke? VII COMT as a risk modifying gene for Nicotine dependence - Role of gene-gene interaction, personality, and environmental factors",,no,EXCLUDE (no eligible topic),No mention of climate hazards; study on genetic and environmental factors in smoking.,{},deepseek-v4-flash,per-topic prompt set 00-05 v2 (outcome discipline),2026-07-19T08:18:49
D0050189,"COVID-19: Origin, impact and management - (Part 1)",,yes,EXCLUDE (no eligible topic),No climate hazard topic mentioned; record is about COVID-19.,{},deepseek-v4-flash,per-topic prompt set 00-05 v2 (outcome discipline),2026-07-19T08:18:54
D0026240,The protective effects of metabolic rate depression in hypoxic cold submerged frogs,,no,EXCLUDE (no eligible topic),Record about frog physiology in cold water; no human exposure or mental health outcome.,{},deepseek-v4-flash,per-topic prompt set 00-05 v2 (outcome discipline),2026-07-19T08:18:58
D0075293,Effect of socioeconomic status on the rehospitalization of patients undergoing primary percutaneous coronary intervention,,no,EXCLUDE (no eligible topic),No climate hazard or mental health signal present.,{},deepseek-v4-flash,per-topic prompt set 00-05 v2 (outcome discipline),2026-07-19T08:19:02
D0118400,A new weapon for the surgeon and the general clinician against infection,,no,EXCLUDE (no eligible topic),No climate hazard or mental health signal; record about antiseptic agents,{},deepseek-v4-flash,per-topic prompt set 00-05 v2 (outcome discipline),2026-07-19T08:19:06
D0056520,Social Life Cycle Assessment Methodology to Capture “More-Good” and “Less-Bad” Social Impacts—Part 1: A Methodological Framework,,no,EXCLUDE (no eligible topic),"Methodology paper on social LCA, no hazard or mental health content.",{},deepseek-v4-flash,per-topic prompt set 00-05 v2 (outcome discipline),2026-07-19T08:19:10
D0128665,"Associations between co-occurring health behaviors, social determinants of health, and mental health among a diverse sample of aging adults in the US",,yes,EXCLUDE (no eligible topic),No climate hazard mentioned; focuses on health behaviors and mental health.,{},deepseek-v4-flash,per-topic prompt set 00-05 v2 (outcome discipline),2026-07-19T08:19:14
D0127681,Diagnostic Test Accuracy of Histological Muscle and Skin Biopsies of Rheumatoid Arthritis Patients Revealing Objective Chronic Widespread Pain Phenomena Related,,no,EXCLUDE (no eligible topic),No mention of any climate hazard or mental health signal.,{},deepseek-v4-flash,per-topic prompt set 00-05 v2 (outcome discipline),2026-07-19T08:19:17
D0116694,Prevalence of vasospastic ischaemia induced by the cold pressor test or hyperventilation in patients with severe angina,,no,EXCLUDE (no eligible topic),"Clinical cold pressor test, no ambient temperature or hazard exposure.",{},deepseek-v4-flash,per-topic prompt set 00-05 v2 (outcome discipline),2026-07-19T08:19:21
D0095522,Modelling perceptual uncertainty in a thermosensory illusion across the lifespan,,no,EXCLUDE (no eligible topic),"Thermosensory illusion study, no environmental hazard exposure.",{},deepseek-v4-flash,per-topic prompt set 00-05 v2 (outcome discipline),2026-07-19T08:19:24
D0088204,Cities of Central Asia: New hotspots of air pollution in the world,,no,EXCLUDE (no eligible topic),"No mention of temperature, wildfire, flood, cyclone, or drought; only general air pollution.",{},deepseek-v4-flash,per-topic prompt set 00-05 v2 (outcome discipline),2026-07-19T08:19:28
D0064284,Tobacco 'chippers'. Individual differences in tobacco dependence,,no,EXCLUDE (no eligible topic),"Record about tobacco smoking, no climate hazard mentioned.",{},deepseek-v4-flash,per-topic prompt set 00-05 v2 (outcome discipline),2026-07-19T08:19:31
D0080575,Social environmental factors as predictors of late relapse: Prospective follow up results among Quitline users in Republic of Korea,,yes,EXCLUDE (no eligible topic),No climate hazard topic present; record about smoking cessation and relapse.,{},deepseek-v4-flash,per-topic prompt set 00-05 v2 (outcome discipline),2026-07-19T08:19:35
D0030552,"The immunogenicity and safety of a nicotine vaccine in smokers and nonsmokers: Results of a randomized, placebo-controlled phase 1/2 trial",,no,EXCLUDE (no eligible topic),No climate hazard or mental-health outcome mentioned.,{},deepseek-v4-flash,per-topic prompt set 00-05 v2 (outcome discipline),2026-07-19T08:19:39
D0100976,Alexithymia is no risk factor for exacerbation in spasmodic torticollis patients,,no,EXCLUDE (no eligible topic),No mention of climate hazards; study on alexithymia and torticollis.,{},deepseek-v4-flash,per-topic prompt set 00-05 v2 (outcome discipline),2026-07-19T08:19:44
D0026474,Lateralized effects of medial prefrontal cortex lesions on neuroendocrine and autonomic stress responses in rats,,no,EXCLUDE (no eligible topic),Animal study on stress responses; no climate hazard or human mental health signal.,{},deepseek-v4-flash,per-topic prompt set 00-05 v2 (outcome discipline),2026-07-19T08:19:47
D0020493,The mRNA N6-Methyladenosine Response to Dehydration in Xenopus laevis,,no,EXCLUDE (no eligible topic),Non-human study on frog dehydration; no climate hazard or mental health outcome.,{},deepseek-v4-flash,per-topic prompt set 00-05 v2 (outcome discipline),2026-07-19T08:19:55
D0124049,Novel climatization model in hospital improves the reconvalescence of urban heat-stress related lung disease progression,temperature,yes,INCLUDE,temperature:INCLUDE,"{""temperature"": {""decision"": ""INCLUDE"", ""review_flag"": false, ""reason"": ""Depression (HADS-D) measured in heat-stressed lung patients with climate control.""}}",deepseek-v4-flash,per-topic prompt set 00-05 v2 (outcome discipline),2026-07-19T08:20:06
D0073805,"A double-blind, randomized, placebo-controlled trial of panax ginseng for cancer-related fatigue in patients with advanced cancer",,yes,EXCLUDE (no eligible topic),No climate hazard; focus is cancer-related fatigue and panax ginseng.,{},deepseek-v4-flash,per-topic prompt set 00-05 v2 (outcome discipline),2026-07-19T08:20:11
D0068075,Population models of temporal differentiation.,,no,EXCLUDE (no eligible topic),No climate hazard or mental health signal; topic is computational neuroscience.,{},deepseek-v4-flash,per-topic prompt set 00-05 v2 (outcome discipline),2026-07-19T08:20:13
D0005552,Fire Jumpers: Description of Burns and Traumatic Injuries from a Spontaneous Mass Gathering and Celebratory Riot,,no,EXCLUDE (no eligible topic),"No registered hazard topic; records about celebratory bonfire jumps, not wildfire or other hazards.",{},deepseek-v4-flash,per-topic prompt set 00-05 v2 (outcome discipline),2026-07-19T08:20:17
D0032764,Secondhand smoke exposure and the risk of hearing loss,,no,EXCLUDE (no eligible topic),No climate hazard topic; secondhand smoke not a registered hazard.,{},deepseek-v4-flash,per-topic prompt set 00-05 v2 (outcome discipline),2026-07-19T08:20:20
D0130452,Mediation of swim-stress antinociception by the opioidDelta₂ receptor in the mouse,,no,EXCLUDE (no eligible topic),Animal study on cold water swim stress in mice; no human environmental hazard or mental health outcome.,{},deepseek-v4-flash,per-topic prompt set 00-05 v2 (outcome discipline),2026-07-19T08:20:25
D0000329,The seasonality of schizophrenic births in Alberta.,temperature,no,EXCLUDE,temperature:EXCLUDE,"{""temperature"": {""decision"": ""EXCLUDE"", ""review_flag"": false, ""reason"": ""Outcome is birth season pattern for schizophrenia, not measured mental health outcome.""}}",deepseek-v4-flash,per-topic prompt set 00-05 v2 (outcome discipline),2026-07-19T08:20:36
D0079189,Elaborating the abuse,,yes,EXCLUDE (no eligible topic),No climate hazard topic; focuses on interpersonal abuse trauma.,{},deepseek-v4-flash,per-topic prompt set 00-05 v2 (outcome discipline),2026-07-19T08:20:40
D0039509,A longitudinal growth mixture model of child disclosure to parents across adolescence,,yes,EXCLUDE (no eligible topic),No climate hazard mentioned; child disclosure study.,{},deepseek-v4-flash,per-topic prompt set 00-05 v2 (outcome discipline),2026-07-19T08:20:44
D0074934,GPX1 Pro198Leu polymorphism and GSTM1 deletion do not affect selenium and mercury status in mildly exposed Amazonian women in an urban population,,no,EXCLUDE (no eligible topic),No climate hazard or mental health signal; environmental toxicology study.,{},deepseek-v4-flash,per-topic prompt set 00-05 v2 (outcome discipline),2026-07-19T08:20:48
D0039859,A case of type I and II brugada phenocopy unmasked in a patient with normal baseline electrocardiogram (ECG),,no,EXCLUDE (no eligible topic),No candidate hazard topic present; only fever as medical symptom.,{},deepseek-v4-flash,per-topic prompt set 00-05 v2 (outcome discipline),2026-07-19T08:20:52
D0079367,Further evidence for the involvement of EFL1 in a Shwachman-Diamond-like syndrome and expansion of the phenotypic features,,no,EXCLUDE (no eligible topic),Record about genetic disorder; no climate hazard or mental health signal.,{},deepseek-v4-flash,per-topic prompt set 00-05 v2 (outcome discipline),2026-07-19T08:20:55
D0103181,[Sweat depression during controlled hyperthermia in humans. Effects on sweat output and electrolytes].,,no,EXCLUDE (no eligible topic),Controlled hyperthermia in lab; no ambient temperature exposure or mental health signal.,{},deepseek-v4-flash,per-topic prompt set 00-05 v2 (outcome discipline),2026-07-19T08:20:59
D0131455,Case-control study on behavioral problem of girls with earlier onset of sexual development,,yes,EXCLUDE (no eligible topic),No climate hazard exposure mentioned; focuses on puberty and behavior.,{},deepseek-v4-flash,per-topic prompt set 00-05 v2 (outcome discipline),2026-07-19T08:21:12
D0054790,Mindful Eco-Wellness: Steps Toward Personal and Planetary Health,,no,EXCLUDE (no eligible topic),No specific climate hazard topic mentioned; focuses on mindfulness and sustainability co-benefits.,{},deepseek-v4-flash,per-topic prompt set 00-05 v2 (outcome discipline),2026-07-19T08:21:19
D0130055,Enhancement of short-term synaptic plasticity by prior environmental stress,,no,EXCLUDE (no eligible topic),Study on locust synapse; no human exposure or mental health.,{},deepseek-v4-flash,per-topic prompt set 00-05 v2 (outcome discipline),2026-07-19T08:21:32
D0101116,Feasibility of using ecological momentary assessment and continuous heart rate monitoring to measure stress reactivity in natural settings,,yes,EXCLUDE (no eligible topic),No climate hazard topic mentioned; study on daily stress reactivity.,{},deepseek-v4-flash,per-topic prompt set 00-05 v2 (outcome discipline),2026-07-19T08:21:35
D0059303,Thermoelectric Properties of ZnO NR/PEDOT: PSS on PET Substrates for Flexible Devices,,no,EXCLUDE (no eligible topic),Materials science paper on thermoelectric composites; no climate hazard or mental health relevance.,{},deepseek-v4-flash,per-topic prompt set 00-05 v2 (outcome discipline),2026-07-19T08:21:38
D0006187,[Cardiac arrest due to accidental hypothermia and prolonged cardiopulmonary resuscitation].,temperature,no,EXCLUDE,temperature:EXCLUDE,"{""temperature"": {""decision"": ""EXCLUDE"", ""review_flag"": false, ""reason"": ""No mental health outcome; survival from cardiac arrest""}}",deepseek-v4-flash,per-topic prompt set 00-05 v2 (outcome discipline),2026-07-19T08:21:45
D0124239,Changes in fear learning and extinction following controlled cortical impact and single prolonged stress in rats,,yes,EXCLUDE (no eligible topic),Animal model of TBI and PTSD; no climate hazard exposure.,{},deepseek-v4-flash,per-topic prompt set 00-05 v2 (outcome discipline),2026-07-19T08:21:49
D0045845,"Evaluation of exposure to primary care clinics during family medicine residency: Evidence from a training program in riyadh, saudi arabia",,no,EXCLUDE (no eligible topic),No climate hazard mentioned; study on family medicine training exposure.,{},deepseek-v4-flash,per-topic prompt set 00-05 v2 (outcome discipline),2026-07-19T08:21:53
D0057664,Iron Deficiency Anemia in Southern Jordanian Adolescent Girls: A Study of Prevalence and Contributing Factors,,no,EXCLUDE (no eligible topic),No climate hazard exposure mentioned; focuses on anemia and dietary factors.,{},deepseek-v4-flash,per-topic prompt set 00-05 v2 (outcome discipline),2026-07-19T08:21:56
D0011405,Kidney Graft Salvage Strategies for Vascular Complications During Kidney Transplantation: A Single-center Experience,,no,EXCLUDE (no eligible topic),No climate hazard or mental health signal; kidney transplant surgery.,{},deepseek-v4-flash,per-topic prompt set 00-05 v2 (outcome discipline),2026-07-19T08:21:59
D0110080,Diagnosis and treatment of sleep disorders in children and adolescents,,yes,EXCLUDE (no eligible topic),No climate hazard mentioned; focuses on sleep disorders and depression.,{},deepseek-v4-flash,per-topic prompt set 00-05 v2 (outcome discipline),2026-07-19T08:22:02
D0036502,Oral health-related quality of life of edentulous patients after complete dentures relining,,no,EXCLUDE (no eligible topic),No climate hazard or mental health signal present.,{},deepseek-v4-flash,per-topic prompt set 00-05 v2 (outcome discipline),2026-07-19T08:22:05
D0081886,Combined endobronchial valve placement and minimally-invasive lobar fissure completion in patients with severe emphysema and collateral ventilation,,no,EXCLUDE (no eligible topic),No mention of any climate hazard or mental health outcome.,{},deepseek-v4-flash,per-topic prompt set 00-05 v2 (outcome discipline),2026-07-19T08:22:09
D0085770,Commentary: Come on maybe lyse my fire? Cell-free DNA: A potential novel therapeutic target for postcardiopulmonary bypass inflammation,,no,EXCLUDE (no eligible topic),No climate hazard or mental health signal; focuses on surgical inflammation.,{},deepseek-v4-flash,per-topic prompt set 00-05 v2 (outcome discipline),2026-07-19T08:22:12
D0000551,"Blood Pressure, Cardiac Output and Systemic Vascular Resistance during Rest, Muscle Work, Cold Pressure Test and Psychological Stress: A Study of Mule Offspring",,no,EXCLUDE (no eligible topic),"Cold pressure test is lab-only thermal exposure, not environmental temperature; no mental health signal.",{},deepseek-v4-flash,per-topic prompt set 00-05 v2 (outcome discipline),2026-07-19T08:22:17
D0109236,Basic research advances on the in vivo effects of abused solvents,,no,EXCLUDE (no eligible topic),No climate hazard topic present; record about solvent abuse effects.,{},deepseek-v4-flash,per-topic prompt set 00-05 v2 (outcome discipline),2026-07-19T08:22:22
D0060853,Beta blockade during and after myocardial infarction: An overview of the randomized trials,,no,EXCLUDE (no eligible topic),No mention of any climate hazard or mental health; focus on beta-blocker trials for MI.,{},deepseek-v4-flash,per-topic prompt set 00-05 v2 (outcome discipline),2026-07-19T08:22:27
D0122103,Comparison of lower ministernotomy with limited skin incision and conventional sternotomy approach for surgical closure of atrial septal defect in children,,no,EXCLUDE (no eligible topic),No climate hazard; cardiac surgery comparison study.,{},deepseek-v4-flash,per-topic prompt set 00-05 v2 (outcome discipline),2026-07-19T08:22:30
D0018822,Candida die-off: Adverse effect and neutralization with phytotherapy approaches.,,no,EXCLUDE (no eligible topic),No candidate hazard topics; no mental health signal; unrelated to climate hazards.,{},deepseek-v4-flash,per-topic prompt set 00-05 v2 (outcome discipline),2026-07-19T08:22:34
D0056515,Anthropogenic and Climate-Induced Water Storage Dynamics over the Past Two Decades in the China–Mongolia Arid Region Adjacent to Altai Mountain,,no,EXCLUDE (no eligible topic),No hazard exposure or mental health signal; focuses on water storage dynamics.,{},deepseek-v4-flash,per-topic prompt set 00-05 v2 (outcome discipline),2026-07-19T08:22:37
D0119333,Sexual orientation and women's smoking,,no,EXCLUDE (no eligible topic),No climate hazard or mental health signal in title/abstract.,{},deepseek-v4-flash,per-topic prompt set 00-05 v2 (outcome discipline),2026-07-19T08:22:41
D0057737,Case Report: Analysis of short-term clinical efficacy of trilaciclib in patients with advanced lung neuroendocrine carcinoma undergoing chemotherapy,,no,EXCLUDE (no eligible topic),No climate hazard or mental health signal in title or abstract.,{},deepseek-v4-flash,per-topic prompt set 00-05 v2 (outcome discipline),2026-07-19T08:22:45
D0061654,Superconducting properties of the singlet-ground-state system (LaPr)Sn3,,no,EXCLUDE (no eligible topic),No climate hazard or mental health signal present; condensed matter physics topic.,{},deepseek-v4-flash,per-topic prompt set 00-05 v2 (outcome discipline),2026-07-19T08:22:48
D0008023,In the eye of the storm or the bullseye of the media: Social media use during Hurricane Sandy as a predictor of post-traumatic stress,cyclone,yes,INCLUDE,cyclone:INCLUDE,"{""cyclone"": {""decision"": ""INCLUDE"", ""review_flag"": false, ""reason"": ""Hurricane Sandy exposure and PTSD measured in empirical study.""}}",deepseek-v4-flash,per-topic prompt set 00-05 v2 (outcome discipline),2026-07-19T08:22:55
D0004060,Controversies in stable coronary artery disease.,,no,EXCLUDE (no eligible topic),No mention of any climate hazard exposure; record is about coronary artery disease management.,{},deepseek-v4-flash,per-topic prompt set 00-05 v2 (outcome discipline),2026-07-19T08:23:07
D0006580,Sequestration of toxic oligomers by HspB1 as a cytoprotective mechanism.,,no,EXCLUDE (no eligible topic),No mention of climate hazards; study on heat shock proteins in Alzheimer's.,{},deepseek-v4-flash,per-topic prompt set 00-05 v2 (outcome discipline),2026-07-19T08:23:12
D0102939,A comparison of clomipramine hydrochloride (Anafranil) and behaviour therapy in the treatment of obsessive neurosis.,,yes,EXCLUDE (no eligible topic),No climate hazard mentioned; record about pharmacotherapy and behaviour therapy for obsessive neurosis.,{},deepseek-v4-flash,per-topic prompt set 00-05 v2 (outcome discipline),2026-07-19T08:23:16
D0017849,"The Effects of Toxic Heavy Metals Lead, Cadmium and Copper on the Epidemiology of Male and Female Infertility.",,no,EXCLUDE (no eligible topic),No climate hazard mentioned; focuses on heavy metals and infertility.,{},deepseek-v4-flash,per-topic prompt set 00-05 v2 (outcome discipline),2026-07-19T08:23:20
D0126150,Development of [11C]mG3N001 as a PET imaging ligand for metabotropic glutamate receptor 3 (mGluR3),,no,EXCLUDE (no eligible topic),PET ligand development study with no climate hazard exposure,{},deepseek-v4-flash,per-topic prompt set 00-05 v2 (outcome discipline),2026-07-19T08:23:24
D0003618,Impact of the home indoor environment on adult asthma and rhinitis.,,no,EXCLUDE (no eligible topic),No climate hazard topic; indoor environment study.,{},deepseek-v4-flash,per-topic prompt set 00-05 v2 (outcome discipline),2026-07-19T08:23:27
D0109219,Wool goes technical,,no,EXCLUDE (no eligible topic),No climate hazard or mental health signal; topic is wool fabric performance.,{},deepseek-v4-flash,per-topic prompt set 00-05 v2 (outcome discipline),2026-07-19T08:23:30
D0091834,Association between long-term ozone exposure and readmission for chronic obstructive pulmonary disease exacerbation,,no,EXCLUDE (no eligible topic),No eligible hazard topic; focuses on ozone exposure and COPD readmission.,{},deepseek-v4-flash,per-topic prompt set 00-05 v2 (outcome discipline),2026-07-19T08:23:34
D0024999,An Australian disaster: The 1983 bushfires,wildfire,yes,INCLUDE,wildfire:INCLUDE,"{""wildfire"": {""decision"": ""INCLUDE"", ""review_flag"": false, ""reason"": ""Explicit bushfire exposure and PTSD among firefighters.""}}",deepseek-v4-flash,per-topic prompt set 00-05 v2 (outcome discipline),2026-07-19T08:23:42
D0000633,Epidural narcotics in volunteers: Sensitivity to pain and to carbon dioxide,,no,EXCLUDE (no eligible topic),No climate hazard or mental health signal.,{},deepseek-v4-flash,per-topic prompt set 00-05 v2 (outcome discipline),2026-07-19T08:23:45
D0073897,Respiratory syncytial virus bronchiolitis: Impact of second-hand smoke exposure on immune profiles,,no,EXCLUDE (no eligible topic),No climate hazard topic present; record focuses on RSV and second-hand smoke.,{},deepseek-v4-flash,per-topic prompt set 00-05 v2 (outcome discipline),2026-07-19T08:23:48
D0031639,Forced cold air cooling for pain reduction during filler and botulinum toxin injections: How we do it,,no,EXCLUDE (no eligible topic),"Forced cold air for cosmetic injections, not ambient temperature exposure or climate hazard.",{},deepseek-v4-flash,per-topic prompt set 00-05 v2 (outcome discipline),2026-07-19T08:23:51
D0018531,The epidemiological evidence linking exposure to ambient particulate matter with neurodevelopmental disorders: A systematic review and meta-analysis,,no,EXCLUDE (no eligible topic),"Exposure is ambient PM, not a specific climate hazard; no mention of temperature, wildfire, flood, cyclone, or drought.",{},deepseek-v4-flash,per-topic prompt set 00-05 v2 (outcome discipline),2026-07-19T08:23:55
D0007105,Agalsidase alfa: A review of its use in the management of fabry disease,,no,EXCLUDE (no eligible topic),No climate hazard or mental health signal; drug review for Fabry disease.,{},deepseek-v4-flash,per-topic prompt set 00-05 v2 (outcome discipline),2026-07-19T08:23:58
D0036988,The temperature dependence of electrical excitability in fish hearts,,no,EXCLUDE (no eligible topic),"Record about fish cardiac physiology, not human health.",{},deepseek-v4-flash,per-topic prompt set 00-05 v2 (outcome discipline),2026-07-19T08:24:03
D0055982,"Masol (India, Punjab): Horses (Equus) and hominins in the sub-Himalayan floodplain as early as 2.95 Ma. A pluridisciplinary synthesis and a hypothesis of disper",,no,EXCLUDE (no eligible topic),"Record is about paleontology and hominins, no climate hazard or mental health signal.",{},deepseek-v4-flash,per-topic prompt set 00-05 v2 (outcome discipline),2026-07-19T08:24:06
D0114710,Influence of thermohygrometric factors on the sweat depression during heat acclimatization by controlled hyperthermia procedure in man,,no,EXCLUDE (no eligible topic),Controlled laboratory hyperthermia study; no ambient climate hazard exposure.,{},deepseek-v4-flash,per-topic prompt set 00-05 v2 (outcome discipline),2026-07-19T08:24:11
D0127412,A Multicenter Study to Identify Determinants Associated With Black Carbon Concentration in Biological Samples and Predictors of Quality of Life in Different Sub,,unclear,EXCLUDE (no eligible topic),No climate hazard mentioned; QoL signal unclear.,{},deepseek-v4-flash,per-topic prompt set 00-05 v2 (outcome discipline),2026-07-19T08:24:27
D0071912,CPR variability during ground ambulance transport of patients in cardiac arrest,,no,EXCLUDE (no eligible topic),No climate hazard or mental health signal present.,{},deepseek-v4-flash,per-topic prompt set 00-05 v2 (outcome discipline),2026-07-19T08:24:31
D0050437,Efficiency of pain inhibition and facilitation of fibromyalgia patients is not different from healthy controls: Relevance of sensitivity-adjusted test stimuli,,no,EXCLUDE (no eligible topic),No climate hazard or mental health signal present.,{},deepseek-v4-flash,per-topic prompt set 00-05 v2 (outcome discipline),2026-07-19T08:24:34
D0091937,Co-development of intervention and implementation programme theory for breathlessness self-management in India: A Realist Review,,no,EXCLUDE (no eligible topic),No climate hazard mentioned; record is about breathlessness self-management in India.,{},deepseek-v4-flash,per-topic prompt set 00-05 v2 (outcome discipline),2026-07-19T08:24:37
D0050261,Development of a patient-reported outcome questionnaire to assess signs and symptoms of hidradenitis suppurativa: The Hidradenitis Suppurativa Symptom Diary,,no,EXCLUDE (no eligible topic),No climate hazard or mental health signal; focuses on hidradenitis suppurativa questionnaire development.,{},deepseek-v4-flash,per-topic prompt set 00-05 v2 (outcome discipline),2026-07-19T08:24:41
D0073218,Descriptive study of mortality in Abidjan burn care unit,,no,EXCLUDE (no eligible topic),No climate hazard exposure; study on burn injuries from domestic accidents.,{},deepseek-v4-flash,per-topic prompt set 00-05 v2 (outcome discipline),2026-07-19T08:24:44
D0060297,The assessment of emotional reactivity: A scale development and validation study,,yes,EXCLUDE (no eligible topic),No climate hazard exposure; scale validation with lab stressors only.,{},deepseek-v4-flash,per-topic prompt set 00-05 v2 (outcome discipline),2026-07-19T08:24:49
D0094895,DURVALUMAB-ASSOCIATED ENCEPHALITIS: AN UNCOMMON PRESENTATION TO A COMMONLY USED IMMUNOTHERAPY,,no,EXCLUDE (no eligible topic),No climate hazard or mental health signal present.,{},deepseek-v4-flash,per-topic prompt set 00-05 v2 (outcome discipline),2026-07-19T08:24:53
D0047020,Structure regulation and influence of comb copolymers as pour point depressants on low temperature fluidity of diesel fuel,,no,EXCLUDE (no eligible topic),"Diesel fuel additive study; no human population, hazard, or mental health signal.",{},deepseek-v4-flash,per-topic prompt set 00-05 v2 (outcome discipline),2026-07-19T08:24:56
D0069248,"Adverse events medication treatment costs in a chronically, severely mentally ill forensics population",,yes,EXCLUDE (no eligible topic),No climate hazard mentioned; abstract discusses medication adverse events in mentally ill forensic patients.,{},deepseek-v4-flash,per-topic prompt set 00-05 v2 (outcome discipline),2026-07-19T08:25:00
D0079774,"Effect of experience, equipment and fire actions in psychophysiological response and memory of soldiers in actual underground operations",,no,EXCLUDE (no eligible topic),"No climate hazard mentioned; fire refers to combat actions, not wildfire.",{},deepseek-v4-flash,per-topic prompt set 00-05 v2 (outcome discipline),2026-07-19T08:25:23
D0074693,Smoke and (in)flame: Risk of copd in systemic autoimmune rheumatic diseases,,no,EXCLUDE (no eligible topic),No mention of any hazard topic; focus is on COPD in autoimmune diseases.,{},deepseek-v4-flash,per-topic prompt set 00-05 v2 (outcome discipline),2026-07-19T08:25:26
D0092234,On-Duty Resting Heart Rate Variability at the Fire Station Is Related to Cardiorespiratory Fitness and Physical Activity Levels in Firefighters,,no,EXCLUDE (no eligible topic),No climate hazard mentioned; record focuses on firefighter fitness and HRV.,{},deepseek-v4-flash,per-topic prompt set 00-05 v2 (outcome discipline),2026-07-19T08:25:30
D0098221,The brainstem and mental health tribunals in Scotland,,yes,EXCLUDE (no eligible topic),No climate hazard mentioned; metaphorical heat only.,{},deepseek-v4-flash,per-topic prompt set 00-05 v2 (outcome discipline),2026-07-19T08:25:34
D0106451,[To establish the syndrome-typing model of psoriasis vulgaris blood-heat syndrome based on the set pair analysis method].,,no,EXCLUDE (no eligible topic),No climate hazard or mental health signal present; unrelated clinical study.,{},deepseek-v4-flash,per-topic prompt set 00-05 v2 (outcome discipline),2026-07-19T08:25:37
D0112275,Potential wetland detection using IfSAR-derived digital elevation model and Landsat 8 OLI images,,no,EXCLUDE (no eligible topic),No mention of climate hazards or mental health; remote sensing wetland mapping study.,{},deepseek-v4-flash,per-topic prompt set 00-05 v2 (outcome discipline),2026-07-19T08:25:40
D0103219,[The so-called livedo racemosa syndrome of the skin with cerebral changes].,,no,EXCLUDE (no eligible topic),No climate hazard or mental health signal present.,{},deepseek-v4-flash,per-topic prompt set 00-05 v2 (outcome discipline),2026-07-19T08:25:47
D0050266,Outcomes of Heart Transplantation Using a Temperature-controlled Hypothermic Storage System,,no,EXCLUDE (no eligible topic),No climate hazard exposure; about organ storage temperature.,{},deepseek-v4-flash,per-topic prompt set 00-05 v2 (outcome discipline),2026-07-19T08:25:52
D0050539,Design and development of IV fluid warming system using TRIZ methodology,,no,EXCLUDE (no eligible topic),IV fluid warming device for clinical hypothermia; no climate hazard or mental health.,{},deepseek-v4-flash,per-topic prompt set 00-05 v2 (outcome discipline),2026-07-19T08:25:59
D0128292,Interventions for Maximizing Patient And Family Smoking Cessation Together,,no,EXCLUDE (no eligible topic),No climate hazard or mental health signal in title or abstract.,{},deepseek-v4-flash,per-topic prompt set 00-05 v2 (outcome discipline),2026-07-19T08:26:03
D0108780,"Sequelae of moderate finger frostbite as assessed by subjective sensations, clinical signs, and thermophysiological responses.",temperature,no,EXCLUDE,temperature:EXCLUDE,"{""temperature"": {""decision"": ""EXCLUDE"", ""review_flag"": false, ""reason"": ""Measured outcome is physical frostbite sequelae, not mental health.""}}",deepseek-v4-flash,per-topic prompt set 00-05 v2 (outcome discipline),2026-07-19T08:26:11
D0090369,PROSER1 modulates DNA demethylation through dual mechanisms to prevent syndromic developmental malformations,,no,EXCLUDE (no eligible topic),No climate hazard or mental health signal; molecular biology study.,{},deepseek-v4-flash,per-topic prompt set 00-05 v2 (outcome discipline),2026-07-19T08:26:14
D0025488,Sedimentation in low-gradient desert margin systems: A comparison of the Late Triassic of northwest Somerset (England) and the late Quaternary of east-central A,,no,EXCLUDE (no eligible topic),Geological study; no climate hazard or human exposure mentioned.,{},deepseek-v4-flash,per-topic prompt set 00-05 v2 (outcome discipline),2026-07-19T08:26:17
D0020035,A dataset of soil microstructure features and physicochemical properties for 1968 and climate sequence for 1951-1992 in the Caspian lowland.,,no,EXCLUDE (no eligible topic),"Record focuses on soil properties and climate data, no human exposure or mental health signal.",{},deepseek-v4-flash,per-topic prompt set 00-05 v2 (outcome discipline),2026-07-19T08:26:20
D0077564,Maternal blood arsenic levels and associations with birth weight-for-gestational age,,no,EXCLUDE (no eligible topic),No climate hazard exposure mentioned; focus on arsenic and birth weight.,{},deepseek-v4-flash,per-topic prompt set 00-05 v2 (outcome discipline),2026-07-19T08:26:23
D0003077,"Mortality and morbidity among traditionally circumcised Xhosa boys in the Eastern Cape Province, South Africa.",,no,EXCLUDE (no eligible topic),No climate hazard mentioned; record is about circumcision ritual morbidity.,{},deepseek-v4-flash,per-topic prompt set 00-05 v2 (outcome discipline),2026-07-19T08:26:28
D0071913,Predictors of success in smoking cessation among Italian adults motivated to quit,,no,EXCLUDE (no eligible topic),"No mention of temperature, wildfire, flood, cyclone, or drought.",{},deepseek-v4-flash,per-topic prompt set 00-05 v2 (outcome discipline),2026-07-19T08:26:31
D0019136,Severe Heat Stroke Resuscitation Using a Body Bag in a Community Emergency Department.,temperature,no,EXCLUDE,temperature:EXCLUDE,"{""temperature"": {""decision"": ""EXCLUDE"", ""review_flag"": false, ""reason"": ""Only heat stroke treatment, no mental health outcome.""}}",deepseek-v4-flash,per-topic prompt set 00-05 v2 (outcome discipline),2026-07-19T08:26:38
D0105423,Postoperative pain management for arthroscopic shoulder surgery: interscalene block versus patient-controlled infusion of 0.25% bupivicaine.,,no,EXCLUDE (no eligible topic),No climate hazard or mental health signal; purely about postoperative pain management.,{},deepseek-v4-flash,per-topic prompt set 00-05 v2 (outcome discipline),2026-07-19T08:26:41
D0083774,Comorbid alcohol use disorder in psychiatric MDD patients: A five-year prospective study,,yes,EXCLUDE (no eligible topic),No climate hazard mentioned; focuses on alcohol use disorder and depression.,{},deepseek-v4-flash,per-topic prompt set 00-05 v2 (outcome discipline),2026-07-19T08:26:46
D0106395,Endovascular radiofrequency ablation for varicose veins: an evidence-based analysis.,,no,EXCLUDE (no eligible topic),No mention of climate hazards; unrelated medical procedure on varicose veins.,{},deepseek-v4-flash,per-topic prompt set 00-05 v2 (outcome discipline),2026-07-19T08:26:49
D0106446,[Study on the differential gene expressions of chronic hepatitis B patients of gan depression pi deficiency syndrome and pi-wei damp-heat syndrome].,,no,EXCLUDE (no eligible topic),No climate hazard or mental-health signal; CHB gene expression study.,{},deepseek-v4-flash,per-topic prompt set 00-05 v2 (outcome discipline),2026-07-19T08:26:53
D0102109,An investigation of individual responses to chromatic illumination,,no,EXCLUDE (no eligible topic),No climate hazard or mental health signal; study on color perception.,{},deepseek-v4-flash,per-topic prompt set 00-05 v2 (outcome discipline),2026-07-19T08:26:57
D0130755,"The relations among perfectionism, achievement goals, and psychological adjustment in college students",,yes,EXCLUDE (no eligible topic),No climate hazard mentioned; topic is about perfectionism and psychological adjustment.,{},deepseek-v4-flash,per-topic prompt set 00-05 v2 (outcome discipline),2026-07-19T08:27:04
D0056433,Identification of drought-flood abrupt alternation by a new non-stationary framework considering natural-social system impacts,,no,EXCLUDE (no eligible topic),"Hydrological modeling study, no human population or mental health.",{},deepseek-v4-flash,per-topic prompt set 00-05 v2 (outcome discipline),2026-07-19T08:27:07
D0100766,Role of μ-opioid and NMDA receptors in the development and maintenance of repeated swim stress-induced thermal hyperalgesia,,no,EXCLUDE (no eligible topic),No hazard topic; animal study on pain mechanisms.,{},deepseek-v4-flash,per-topic prompt set 00-05 v2 (outcome discipline),2026-07-19T08:27:11
D0125186,The neuronal stem cell transcriptome of premenstrual dysphoric disorder,,yes,EXCLUDE (no eligible topic),No climate hazard mentioned; record concerns PMDD neuronal stem cell transcriptome.,{},deepseek-v4-flash,per-topic prompt set 00-05 v2 (outcome discipline),2026-07-19T08:27:16
D0076325,18F Labeling of a new naphthalene derivative as potential alzheimer disease PET imaging agent. Synthesis and preclinical studies,,no,EXCLUDE (no eligible topic),No climate hazard or mental health signal; preclinical PET imaging study.,{},deepseek-v4-flash,per-topic prompt set 00-05 v2 (outcome discipline),2026-07-19T08:27:20
D0056369,Assessment of riverine water ecological health from multi-indicator and land use perspectives,,no,EXCLUDE (no eligible topic),No climate hazard or mental health signal; ecological assessment only.,{},deepseek-v4-flash,per-topic prompt set 00-05 v2 (outcome discipline),2026-07-19T08:27:22
D0018120,"Proteomic phenotype of cerebral organoids derived from autism spectrum disorder patients reveal disrupted energy metabolism, cellular components, and biological",,no,EXCLUDE (no eligible topic),"Study on cerebral organoids, no climate hazard or human population exposure.",{},deepseek-v4-flash,per-topic prompt set 00-05 v2 (outcome discipline),2026-07-19T08:27:27
D0017724,"Quantification of prevalence, clinical characteristics, co-existence, and geographic variations of traditional Chinese medicine diagnostic patterns via latent t",,no,EXCLUDE (no eligible topic),No climate hazard mentioned; record focuses on TCM diagnostic patterns for functional dyspepsia.,{},deepseek-v4-flash,per-topic prompt set 00-05 v2 (outcome discipline),2026-07-19T08:27:31
D0015471,Comparison of antibiotic prescriptions in adults and children with upper respiratory tract infections in Bangka Tengah primary health care centers.,,no,EXCLUDE (no eligible topic),No climate hazard or mental health signal; irrelevant topic.,{},deepseek-v4-flash,per-topic prompt set 00-05 v2 (outcome discipline),2026-07-19T08:27:34
D0041357,Extraordinarily Large LCST Depression Converts Nonthermosensitive Polymer to Thermosensitive,,no,EXCLUDE (no eligible topic),Pure polymers/materials science; no climate hazard or mental health signal.,{},deepseek-v4-flash,per-topic prompt set 00-05 v2 (outcome discipline),2026-07-19T08:27:37
D0032811,Efficient preparation of hangekobokuto (banxia-houpo-tang) decoction by adding perilla herb before decoction is finished,,yes,EXCLUDE (no eligible topic),No climate hazard mentioned; topic is herbal medicine for anxiety.,{},deepseek-v4-flash,per-topic prompt set 00-05 v2 (outcome discipline),2026-07-19T08:27:41
D0075739,Stability and Competition in Multi-spike Models of Spike-Timing Dependent Plasticity,,no,EXCLUDE (no eligible topic),No climate hazard or mental health signal; purely computational neuroscience.,{},deepseek-v4-flash,per-topic prompt set 00-05 v2 (outcome discipline),2026-07-19T08:27:44
D0127550,Clinical Outcomes Related to Treatment of Distal Symmetric Polyneuropathy Using Semiconductor Embedded Therapeutic Socks,,no,EXCLUDE (no eligible topic),No climate hazard or mental health signal present.,{},deepseek-v4-flash,per-topic prompt set 00-05 v2 (outcome discipline),2026-07-19T08:27:48
D0106709,Restoration variables and postoperative hypersensitivity in Class I restorations: PEARL Network findings. Part 2.,,no,EXCLUDE (no eligible topic),No climate hazard mentioned; dental restoration study.,{},deepseek-v4-flash,per-topic prompt set 00-05 v2 (outcome discipline),2026-07-19T08:27:52
D0014832,"Temporal trends of the association between ambient temperature and hospitalisations for cardiovascular diseases in Queensland, Australia from 1995 to 2016: A ti",temperature,no,EXCLUDE,temperature:EXCLUDE,"{""temperature"": {""decision"": ""EXCLUDE"", ""review_flag"": false, ""reason"": ""Measured outcome is cardiovascular hospitalisation, not mental health/wellbeing.""}}",deepseek-v4-flash,per-topic prompt set 00-05 v2 (outcome discipline),2026-07-19T08:27:58
D0009188,Perceived support in parents of children with burns,,yes,EXCLUDE (no eligible topic),"Record concerns pediatric burns, not any climate hazard.",{},deepseek-v4-flash,per-topic prompt set 00-05 v2 (outcome discipline),2026-07-19T08:28:02
D0128673,Die therapeutische verringerung einer modernen tugend? Perfektionismus kognitiv umstrukturieren,,no,EXCLUDE (no eligible topic),No climate hazard or climate-related mental health signal present.,{},deepseek-v4-flash,per-topic prompt set 00-05 v2 (outcome discipline),2026-07-19T08:28:06
D0000122,Promoting child health in a smoke-free school: suggestions for school health personnel.,,no,EXCLUDE (no eligible topic),No climate hazard mentioned; focuses on tobacco smoke in schools.,{},deepseek-v4-flash,per-topic prompt set 00-05 v2 (outcome discipline),2026-07-19T08:28:10
D0066028,How we hear what is not there: A neural mechanism for the missing fundamental illusion,,no,EXCLUDE (no eligible topic),"Record about auditory pitch perception, no climate hazard or mental health signal.",{},deepseek-v4-flash,per-topic prompt set 00-05 v2 (outcome discipline),2026-07-19T08:28:13
D0082686,Water versus fluid intake from beverages and food predicts the hydration status of hospitalised older adults,,no,EXCLUDE (no eligible topic),No mention of any registered hazard topic; focuses on hydration in elderly hospital patients.,{},deepseek-v4-flash,per-topic prompt set 00-05 v2 (outcome discipline),2026-07-19T08:28:17
D0012685,Adverse events associated with opioid-containing cough and cold medications in children,,no,EXCLUDE (no eligible topic),No climate hazard mentioned; study on medication safety.,{},deepseek-v4-flash,per-topic prompt set 00-05 v2 (outcome discipline),2026-07-19T08:28:22
D0067509,Non surgical management of degenerative arthritis of temporomandibular joint: A 5 years prospective pilot study,,no,EXCLUDE (no eligible topic),No climate hazard or mental health signal present; record is about TMJ arthritis treatment.,{},deepseek-v4-flash,per-topic prompt set 00-05 v2 (outcome discipline),2026-07-19T08:28:26
D0059249,Paracetamol in Pregnancy: Reassurance Amidst Uncertainty,,no,EXCLUDE (no eligible topic),No climate hazard or mental health signal mentioned; irrelevant.,{},deepseek-v4-flash,per-topic prompt set 00-05 v2 (outcome discipline),2026-07-19T08:28:30
D0066292,Pharmacy-based intervention to reduce antibiotic use for acute bronchitis,,no,EXCLUDE (no eligible topic),No climate hazard or mental health signal; unrelated to study topic.,{},deepseek-v4-flash,per-topic prompt set 00-05 v2 (outcome discipline),2026-07-19T08:28:33
D0002819,Acute oxaliplatin-induced peripheral nerve hyperexcitability,,no,EXCLUDE (no eligible topic),"Record describes chemotherapy-induced neurotoxicity, not a climate hazard.",{},deepseek-v4-flash,per-topic prompt set 00-05 v2 (outcome discipline),2026-07-19T08:28:36
D0020871,"Air pollution, traffic noise, mental health, and cognitive development: A multi-exposure longitudinal study of London adolescents in the SCAMP cohort",,yes,HUMAN_REVIEW (no topic),"No mention of temperature, wildfire, flood, cyclone, or drought; only air pollution and noise.",{},deepseek-v4-flash,per-topic prompt set 00-05 v2 (outcome discipline),2026-07-19T08:28:40
D0115462,"Joint Commission on Accreditation of Healthcare Organizations. 1997-98 Comprehensive Accreditation Manual for Behavioral Health Care, Management of the Environm",,no,EXCLUDE (no eligible topic),No mention of climate hazards or mental health outcomes.,{},deepseek-v4-flash,per-topic prompt set 00-05 v2 (outcome discipline),2026-07-19T08:28:45
D0026201,Trehalose and other sugar solutions at low temperature: Modulated Differential Scanning Calorimetry (MDSC),,no,EXCLUDE (no eligible topic),Laboratory study of sugar solutions at low temperature; no human exposure or mental health.,{},deepseek-v4-flash,per-topic prompt set 00-05 v2 (outcome discipline),2026-07-19T08:28:48
D0075672,Atypical pneumonia in children diagnosed with imerslund gräsbeck syndrome,,no,EXCLUDE (no eligible topic),No mention of climate hazards or mental health; purely medical case report,{},deepseek-v4-flash,per-topic prompt set 00-05 v2 (outcome discipline),2026-07-19T08:28:52
D0062450,Rate Studies on Complex Reaction Systems in a Stirred Flow Reactor: The Alkaline Hydrolysis of Diethyl Succinate,,no,EXCLUDE (no eligible topic),"Chemical kinetics study, no climate hazard or mental health content.",{},deepseek-v4-flash,per-topic prompt set 00-05 v2 (outcome discipline),2026-07-19T08:28:56
D0047848,Plant Low-Temperature Stress: Signaling and Response,,no,EXCLUDE (no eligible topic),"Record discusses plant cold stress, not human ambient temperature exposure or mental health.",{},deepseek-v4-flash,per-topic prompt set 00-05 v2 (outcome discipline),2026-07-19T08:29:00
D0092758,Understanding the role of perfectionism in adult expectations of dietary restriction and thinness,,no,EXCLUDE (no eligible topic),No climate hazard mentioned; study focuses on perfectionism and dietary restriction.,{},deepseek-v4-flash,per-topic prompt set 00-05 v2 (outcome discipline),2026-07-19T08:29:14
D0086005,"Association between short-term nitrogen dioxide exposure and outpatient visits for anxiety: A time-series study in Xi'an, China",,yes,EXCLUDE (no eligible topic),No hazard exposure studied; NO2 and anxiety.,{},deepseek-v4-flash,per-topic prompt set 00-05 v2 (outcome discipline),2026-07-19T08:29:17
D0034139,"Unconventional gold placers of the China tectonic depression (Vitim Plateau, East Siberia)",,no,EXCLUDE (no eligible topic),Geological study of gold placers; no climate hazard or mental health content.,{},deepseek-v4-flash,per-topic prompt set 00-05 v2 (outcome discipline),2026-07-19T08:29:20
D0124942,Elevated PM2.5 increases daily hospital admission and readmission risk in chronic hemodialysis patients,,no,EXCLUDE (no eligible topic),No candidate hazard topics present; only generic PM2.5 air pollution.,{},deepseek-v4-flash,per-topic prompt set 00-05 v2 (outcome discipline),2026-07-19T08:29:25
D0043511,Crocin suppressed cold allodynia and anxiety through α2-adrenoceptors in the anterior cingulate cortex following chronic constriction injury of sciatic nerve in,,yes,EXCLUDE (no eligible topic),Animal study; no environmental hazard mentioned.,{},deepseek-v4-flash,per-topic prompt set 00-05 v2 (outcome discipline),2026-07-19T08:29:33
D0126189,Nigrostriatal connectivity and the prediction of thought disturbance in early psychosis,,no,EXCLUDE (no eligible topic),No mention of any climate hazard; focus on psychosis and dopamine.,{},deepseek-v4-flash,per-topic prompt set 00-05 v2 (outcome discipline),2026-07-19T08:29:37
D0018879,Effect of Tuina Combined with Chinese Herbal Compress on Primary Dysmenorrhea with Cold Coagulation and Blood Stasis Syndrome: A Study Protocol for a Randomized,,yes,EXCLUDE (no eligible topic),No hazard exposure mentioned; study on primary dysmenorrhea with TCM cold syndrome.,{},deepseek-v4-flash,per-topic prompt set 00-05 v2 (outcome discipline),2026-07-19T08:29:43
D0078416,Prevalence of patients with self-reported hidradenitis suppurativa in a cohort of Danish blood donors: a cross-sectional study,,yes,EXCLUDE (no eligible topic),No mention of any climate hazard; focuses on hidradenitis suppurativa and depression.,{},deepseek-v4-flash,per-topic prompt set 00-05 v2 (outcome discipline),2026-07-19T08:29:46
D0089909,Smoking and Depression Risk Reduction in a Primary Care Setting,,yes,EXCLUDE (no eligible topic),No climate hazard mentioned; study on smoking and depression.,{},deepseek-v4-flash,per-topic prompt set 00-05 v2 (outcome discipline),2026-07-19T08:29:49
D0087395,Maternofetal transfer of human NMDAR antibodies leads to cortical network defect in the adult,,no,EXCLUDE (no eligible topic),No climate hazard topics mentioned; study on NMDAR antibodies and brain development.,{},deepseek-v4-flash,per-topic prompt set 00-05 v2 (outcome discipline),2026-07-19T08:29:54
D0128783,Olfactory identification dysfunction associated with posttraumatic stress disorder and big five personality traits,,yes,EXCLUDE (no eligible topic),No climate hazard mentioned; focuses on PTSD and personality.,{},deepseek-v4-flash,per-topic prompt set 00-05 v2 (outcome discipline),2026-07-19T08:29:58
D0019806,Incidence and factor analysis for the heat-related illness on the Tokyo 2020 Olympic and Paralympic Games,temperature,no,EXCLUDE,temperature:EXCLUDE,"{""temperature"": {""decision"": ""EXCLUDE"", ""review_flag"": false, ""reason"": ""Outcome is physical heat illness, not mental health/wellbeing.""}}",deepseek-v4-flash,per-topic prompt set 00-05 v2 (outcome discipline),2026-07-19T08:30:04
D0121281,"Pneumotoning (oropharyngeal and pulmonary exercises, electrical stimulation and manual therapy) to improve the continuous positive airway pressure's compliance ",,no,EXCLUDE (no eligible topic),Title and abstract discuss CPAP compliance for sleep apnea; no climate hazard mentioned.,{},deepseek-v4-flash,per-topic prompt set 00-05 v2 (outcome discipline),2026-07-19T08:30:10
D0053401,A double network facilitated ion-electron conductor for thermoelectric harvesting with high energy density,,no,EXCLUDE (no eligible topic),No climate hazard or mental health signal; material science record.,{},deepseek-v4-flash,per-topic prompt set 00-05 v2 (outcome discipline),2026-07-19T08:30:14
D0118688,Clinical presentation and management of accidental hypothermia in older people,,no,EXCLUDE (no eligible topic),No ambient temperature exposure; hypothermia is clinical/medical.,{},deepseek-v4-flash,per-topic prompt set 00-05 v2 (outcome discipline),2026-07-19T08:30:18
D0025681,The effects of fescue toxicosis on beef cattle productivity.,,no,EXCLUDE (no eligible topic),"Record is about beef cattle productivity, not human population.",{},deepseek-v4-flash,per-topic prompt set 00-05 v2 (outcome discipline),2026-07-19T08:30:22
D0100042,Psychophysiological and biochemical factors in the development of coronary heart disease and arterial hypertension in a non-resident population of the Asiatic N,,yes,EXCLUDE (no eligible topic),"No mention of any climate hazard; polar region is geographic, not exposure.",{},deepseek-v4-flash,per-topic prompt set 00-05 v2 (outcome discipline),2026-07-19T08:30:50
D0017820,The co-occurrence of water insecurity and food insecurity among Daasanach pastoralists in northern Kenya,,no,EXCLUDE (no eligible topic),"No explicit hazard topic; focus is on water insecurity, not drought.",{},deepseek-v4-flash,per-topic prompt set 00-05 v2 (outcome discipline),2026-07-19T08:30:56
D0009457,"MC11C4: a pilot randomized, placebo-controlled, double-blind study of venlafaxine to prevent oxaliplatin-induced neuropathy",,no,EXCLUDE (no eligible topic),No climate hazard or mental health signal; neuropathy from chemotherapy.,{},deepseek-v4-flash,per-topic prompt set 00-05 v2 (outcome discipline),2026-07-19T08:30:59
D0077351,A mixed-methods assessment of the impact of the opioid epidemic on first responder burnout,,yes,EXCLUDE (no eligible topic),No climate hazard mentioned; focuses on opioid epidemic and burnout.,{},deepseek-v4-flash,per-topic prompt set 00-05 v2 (outcome discipline),2026-07-19T08:31:13
D0061715,Adrenalcortical influence on rat brain tryptophan hydroxylase activity,,no,EXCLUDE (no eligible topic),"Record involves lab cold exposure in rats, not human population or ambient exposure.",{},deepseek-v4-flash,per-topic prompt set 00-05 v2 (outcome discipline),2026-07-19T08:31:18
D0100526,Linking Global Youth Tobacco Survey (GYTS) data to the WHO Framework Convention on Tobacco Control (FCTC): The case for Indonesia,,no,EXCLUDE (no eligible topic),No mention of climate hazards or mental health.,{},deepseek-v4-flash,per-topic prompt set 00-05 v2 (outcome discipline),2026-07-19T08:31:22
D0029136,Californian businesses use FCE's technology,,no,EXCLUDE (no eligible topic),No climate hazard or mental health signal; record is about fuel cell technology.,{},deepseek-v4-flash,per-topic prompt set 00-05 v2 (outcome discipline),2026-07-19T08:31:26
D0045466,Autoantigens that may explain postinfection autoimmune manifestations in patients with coronavirus disease 2019 displaying neurological conditions,,no,EXCLUDE (no eligible topic),No hazard topic mentioned; focuses on COVID-19 autoimmunity.,{},deepseek-v4-flash,per-topic prompt set 00-05 v2 (outcome discipline),2026-07-19T08:31:31
D0028623,The Use Of Shame and Dread in the Countertransference,,unclear,EXCLUDE (no eligible topic),No climate hazards or natural disasters mentioned; psychotherapy context.,{},deepseek-v4-flash,per-topic prompt set 00-05 v2 (outcome discipline),2026-07-19T08:31:36
D0076010,"Brief rewarming blunts hypothermia-induced alterations in sensation, motor drive and cognition",,no,EXCLUDE (no eligible topic),Laboratory hypothermia study; no climate hazard or mental health outcome.,{},deepseek-v4-flash,per-topic prompt set 00-05 v2 (outcome discipline),2026-07-19T08:31:45
D0107942,Role of gastric glandular mucosal energy metabolism in cold-restraint gastric lesion formation,,no,EXCLUDE (no eligible topic),"Cold exposure is a lab stressor, not ambient temperature; no human or mental health signal.",{},deepseek-v4-flash,per-topic prompt set 00-05 v2 (outcome discipline),2026-07-19T08:31:49
D0079946,Factors associated with current smoking in COPD patients: A cross-sectional study from the Eastern Black Sea region of Turkey,,no,EXCLUDE (no eligible topic),No climate hazard mentioned; study on smoking in COPD patients.,{},deepseek-v4-flash,per-topic prompt set 00-05 v2 (outcome discipline),2026-07-19T08:31:52
D0046049,Covid-19 during pregnancy and adverse outcomes: Concerns and recommendations from the brazilian teratology information service,,no,EXCLUDE (no eligible topic),No climate hazard topic identified; record is about COVID-19 in pregnancy.,{},deepseek-v4-flash,per-topic prompt set 00-05 v2 (outcome discipline),2026-07-19T08:31:55
D0072074,Smoking restrictions among households of childhood and young adult cancer survivors: Implications for tobacco control efforts,,no,EXCLUDE (no eligible topic),No climate hazard or mental health signal present.,{},deepseek-v4-flash,per-topic prompt set 00-05 v2 (outcome discipline),2026-07-19T08:32:00
D0065919,Opportunities for youth smoking cessation: Findings from a national focus group study,,no,EXCLUDE (no eligible topic),No climate hazard or mental health signal; focuses on smoking cessation.,{},deepseek-v4-flash,per-topic prompt set 00-05 v2 (outcome discipline),2026-07-19T08:32:04
D0052874,"Towards an integrative understanding of British Columbia’s Nechako Watershed: Connecting knowledge systems to strengthen understanding of climate change, waters",,no,EXCLUDE (no eligible topic),No specific hazard topic mentioned; general watershed and climate change focus.,{},deepseek-v4-flash,per-topic prompt set 00-05 v2 (outcome discipline),2026-07-19T08:32:07
D0093799,"Urban and transport planning, air pollution, and green space: health effects in three Belgian cities",,yes,EXCLUDE (no eligible topic),No specific climate hazard mentioned; focuses on air pollution and green space.,{},deepseek-v4-flash,per-topic prompt set 00-05 v2 (outcome discipline),2026-07-19T08:32:21
D0068985,Strategies for Reducing Risks in Smoking: Opportunity or Threat?,,no,EXCLUDE (no eligible topic),No climate hazard topic present in title or abstract.,{},deepseek-v4-flash,per-topic prompt set 00-05 v2 (outcome discipline),2026-07-19T08:32:25
D0087775,"OH ZIEVES, WHAT COULD IT BE?",,no,EXCLUDE (no eligible topic),No climate hazard or mental health signal; Zieve's syndrome case report.,{},deepseek-v4-flash,per-topic prompt set 00-05 v2 (outcome discipline),2026-07-19T08:32:29
D0088118,Risk of Pulmonary Embolism and Deep Vein Thrombosis Associated with Short-Term Air Pollution,,no,EXCLUDE (no eligible topic),No climate hazard topic; study examines PM2.5 and VTE.,{},deepseek-v4-flash,per-topic prompt set 00-05 v2 (outcome discipline),2026-07-19T08:32:34
D0125490,A multidisciplinary approach to reduction in excess days,,no,EXCLUDE (no eligible topic),No climate hazard or mental health signal.,{},deepseek-v4-flash,per-topic prompt set 00-05 v2 (outcome discipline),2026-07-19T08:32:38
D0080555,Formative research to support the transition of multi-unit rental housing to smokefree,,no,EXCLUDE (no eligible topic),No climate hazard exposure mentioned; focuses on secondhand smoke in housing.,{},deepseek-v4-flash,per-topic prompt set 00-05 v2 (outcome discipline),2026-07-19T08:32:41
D0103819,The microbial aetiology of summer paediatric gastroenteritis at Ga-Rankuwa Hospital in South Africa.,,no,EXCLUDE (no eligible topic),No mention of any climate hazard; only pediatric gastroenteritis.,{},deepseek-v4-flash,per-topic prompt set 00-05 v2 (outcome discipline),2026-07-19T08:32:46
D0000574,"The older adult and drug therapy: Part one. Nursing therapy, drug therapy, or both?",,no,EXCLUDE (no eligible topic),No climate hazard mention in title or abstract.,{},deepseek-v4-flash,per-topic prompt set 00-05 v2 (outcome discipline),2026-07-19T08:32:49
D0071503,Acute pulmonaryembolism or exacerbation of COPD? A challenging clinical dilemma: Preliminary results of a large multicenter study,,no,EXCLUDE (no eligible topic),No climate hazard mentioned; focuses on COPD and pulmonary embolism.,{},deepseek-v4-flash,per-topic prompt set 00-05 v2 (outcome discipline),2026-07-19T08:32:54
D0001044,Experimental pain.,,no,EXCLUDE (no eligible topic),Title refers to pain experiment; no climate hazard or mental health signal.,{},deepseek-v4-flash,per-topic prompt set 00-05 v2 (outcome discipline),2026-07-19T08:32:59
D0021147,Trends in heart failure costs for commercially insured patients in the United States (2006-2021),,no,EXCLUDE (no eligible topic),No mention of any climate hazard or mental health; record focuses on heart failure costs.,{},deepseek-v4-flash,per-topic prompt set 00-05 v2 (outcome discipline),2026-07-19T08:33:03
D0107636,AIR POLLUTION AND SYMPTOM SEVERITY IN HOSPITALIZED SUBJECTS WITH SCHIZOPHRENIA SPECTRUM DISORDERS,,yes,EXCLUDE (no eligible topic),"No specified hazard; air pollution only, not among five topics.",{},deepseek-v4-flash,per-topic prompt set 00-05 v2 (outcome discipline),2026-07-19T08:33:07
D0111815,The research for the clinical curative effect through combing traditional Chinese medicine with insulin to cure diabetes,,no,EXCLUDE (no eligible topic),No climate hazard or mental health signal found.,{},deepseek-v4-flash,per-topic prompt set 00-05 v2 (outcome discipline),2026-07-19T08:33:09
D0078537,Determining Value in Health Technology Assessment: Stay the Course or Tack Away?,,no,EXCLUDE (no eligible topic),No climate hazard or mental health signal present.,{},deepseek-v4-flash,per-topic prompt set 00-05 v2 (outcome discipline),2026-07-19T08:33:13
D0013514,Preventing chemotherapy-induced alopecia: a prospective clinical trial on the efficacy and safety of a scalp-cooling system in early breast cancer patients trea,,no,EXCLUDE (no eligible topic),No climate hazard mentioned in title or abstract.,{},deepseek-v4-flash,per-topic prompt set 00-05 v2 (outcome discipline),2026-07-19T08:33:16
D0019162,Periods Shouldn't Bring Any Adolescents’ World to a Full Stop. Period. An Online Survey of Adolescents’ Experience of Menstruation,,no,EXCLUDE (no eligible topic),No climate hazard mentioned; unrelated to study.,{},deepseek-v4-flash,per-topic prompt set 00-05 v2 (outcome discipline),2026-07-19T08:33:20
D0084930,Uptake of prescription smoking cessation pharmacotherapies after hospitalization for major cardiovascular disease†,,no,EXCLUDE (no eligible topic),No climate hazard or mental health signal present.,{},deepseek-v4-flash,per-topic prompt set 00-05 v2 (outcome discipline),2026-07-19T08:33:24
D0033888,Low frequency variability on the continental slope of the southern Weddell Sea,,no,EXCLUDE (no eligible topic),Oceanographic study of coastal trapped waves; no hazard or mental health signal.,{},deepseek-v4-flash,per-topic prompt set 00-05 v2 (outcome discipline),2026-07-19T08:33:27
D0121209,Environmental drivers of daily emergency admissions in sickle cell disease patients,temperature,no,EXCLUDE,temperature:EXCLUDE,"{""temperature"": {""decision"": ""EXCLUDE"", ""review_flag"": false, ""reason"": ""Outcome is physical disease, not mental health/wellbeing.""}}",deepseek-v4-flash,per-topic prompt set 00-05 v2 (outcome discipline),2026-07-19T08:33:37
D0078706,Efficacy and safety of scalp cooling device for prevention of alopecia in patients with breast cancer,,no,EXCLUDE (no eligible topic),No hazard exposure mentioned; record is about chemotherapy-induced alopecia and scalp cooling device.,{},deepseek-v4-flash,per-topic prompt set 00-05 v2 (outcome discipline),2026-07-19T08:33:40
D0018906,Inflammatory marker levels in children with tobacco smoke exposure,,no,EXCLUDE (no eligible topic),No climate hazard or mental health signal; unrelated topic.,{},deepseek-v4-flash,per-topic prompt set 00-05 v2 (outcome discipline),2026-07-19T08:33:44
D0094747,DIAGNOSTIC CHALLENGE OF CONCURRENT MYCOBACTERIUM ABSCESSUS INFECTION AND SMALL CELL LUNG CARCINOMA IN A NONSMOKER,,no,EXCLUDE (no eligible topic),No climate hazard or mental health signal present.,{},deepseek-v4-flash,per-topic prompt set 00-05 v2 (outcome discipline),2026-07-19T08:33:48
D0089267,Association between short- and long-term exposures to air pollutants and internalizing/externalizing behavior in children aged 4 to 7 years,,yes,EXCLUDE (no eligible topic),No specific climate hazard mentioned; only general air pollutants.,{},deepseek-v4-flash,per-topic prompt set 00-05 v2 (outcome discipline),2026-07-19T08:34:02
D0119546,Sex differences in the circadian variation of body temperature,,no,EXCLUDE (no eligible topic),No ambient temperature hazard or mental health signal; study on internal body temperature regulation.,{},deepseek-v4-flash,per-topic prompt set 00-05 v2 (outcome discipline),2026-07-19T08:34:06
D0051452,"Shortage, Meanings, and Adaptations of Water: Reflections on the Perspectives of Elders from San José Lachiguirí, Oaxaca, Mexico",drought,no,EXCLUDE,drought:EXCLUDE,"{""drought"": {""decision"": ""EXCLUDE"", ""review_flag"": false, ""reason"": ""No mental health outcome measured; focuses on water scarcity meanings and adaptations.""}}",deepseek-v4-flash,per-topic prompt set 00-05 v2 (outcome discipline),2026-07-19T08:34:16
D0029882,Extreme weather events and human health,temperature; flood; cyclone,yes,EXCLUDE,temperature:EXCLUDE | flood:EXCLUDE | cyclone:EXCLUDE,"{""temperature"": {""decision"": ""EXCLUDE"", ""review_flag"": false, ""reason"": ""Non-original encyclopedia article; not an empirical study.""}, ""flood"": {""decision"": ""EXCLUDE"", ""review_flag"": false, ""reason"": ""General overview article, not original empirical study.""}, ""cyclone"": {""decision"": ""EXCLUDE"", ""review_flag"": false, ""reason"": ""General encyclopedia entry, not original empirical study.""}}",deepseek-v4-flash,per-topic prompt set 00-05 v2 (outcome discipline),2026-07-19T08:34:43
D0052357,"Climate-Driven vs Human-Driven Land Degradation? The Role of Urbanization and Agricultural Intensification in Italy, 1960–2030",,no,EXCLUDE (no eligible topic),No hazard exposure or mental health signal; land degradation study.,{},deepseek-v4-flash,per-topic prompt set 00-05 v2 (outcome discipline),2026-07-19T08:34:47
D0101421,"The relationship among heart rate, carotid dP/dt, and blood pressure in humans as a function of the type of stress",,no,EXCLUDE (no eligible topic),No climate hazard or mental health signal present.,{},deepseek-v4-flash,per-topic prompt set 00-05 v2 (outcome discipline),2026-07-19T08:34:50
D0107567,Exploration of erectile dysfunction syndrome and syndrome differentiation based on latent structure,,no,EXCLUDE (no eligible topic),No mention of climate hazards or mental health; focuses on erectile dysfunction and TCM.,{},deepseek-v4-flash,per-topic prompt set 00-05 v2 (outcome discipline),2026-07-19T08:34:55
D0014268,It's Not Yeast: Retrospective Cohort Study of Lactating Women with Persistent Nipple and Breast Pain,,yes,EXCLUDE (no eligible topic),No mention of any climate hazard; clinical study on breast pain and postpartum depression.,{},deepseek-v4-flash,per-topic prompt set 00-05 v2 (outcome discipline),2026-07-19T08:34:59
D0020232,Air Pollution and the Risk of Dementia: The Rotterdam Study,,no,EXCLUDE (no eligible topic),No hazard topic mentioned; only generic air pollution.,{},deepseek-v4-flash,per-topic prompt set 00-05 v2 (outcome discipline),2026-07-19T08:35:03
D0033011,The molecular basis of cognitive deficits in pervasive developmental disorders,,no,EXCLUDE (no eligible topic),No climate hazard or mental health signal; record about genetic basis of cognitive deficits in PDD.,{},deepseek-v4-flash,per-topic prompt set 00-05 v2 (outcome discipline),2026-07-19T08:35:07
D0082941,P.037 Sexual disorders in schizophrenia patients with or without nicotine dependence,,no,EXCLUDE (no eligible topic),No climate hazard mentioned; focuses on nicotine dependence and sexual disorders in schizophrenia.,{},deepseek-v4-flash,per-topic prompt set 00-05 v2 (outcome discipline),2026-07-19T08:35:11
D0022570,Awareness of neonatal heat illness: a fatal outcome in a late preterm infant.,temperature,no,EXCLUDE,temperature:EXCLUDE,"{""temperature"": {""decision"": ""EXCLUDE"", ""review_flag"": false, ""reason"": ""Outcome is neonatal heat illness and mortality, not mental health.""}}",deepseek-v4-flash,per-topic prompt set 00-05 v2 (outcome discipline),2026-07-19T08:35:19
D0098584,Tobacco cost of illness studies: A systematic review,,no,EXCLUDE (no eligible topic),No climate hazard or mental health signal; topic irrelevant.,{},deepseek-v4-flash,per-topic prompt set 00-05 v2 (outcome discipline),2026-07-19T08:35:23
D0053512,Thermal comfort in school children: Testing the validity of the Fanger method for a Mediterranean climate,temperature,no,EXCLUDE,temperature:EXCLUDE,"{""temperature"": {""decision"": ""EXCLUDE"", ""review_flag"": false, ""reason"": ""Measures thermal comfort, not eligible mental-health/wellbeing outcome""}}",deepseek-v4-flash,per-topic prompt set 00-05 v2 (outcome discipline),2026-07-19T08:35:32
D0120387,"Systematic review of the efficacy and safety of varenicline for smoking cessation compared with placebo, nicotine replacement therapy or sustained-release bupro",,yes,EXCLUDE (no eligible topic),No mention of climate hazards; focuses on smoking cessation drug efficacy.,{},deepseek-v4-flash,per-topic prompt set 00-05 v2 (outcome discipline),2026-07-19T08:35:36
D0066421,Genetic variants related to nicotine dependence,,no,EXCLUDE (no eligible topic),No climate hazard mentioned; record focuses on genetic factors in nicotine dependence.,{},deepseek-v4-flash,per-topic prompt set 00-05 v2 (outcome discipline),2026-07-19T08:35:39
D0081701,"Chronic obstructive pulmonary disease exacerbation fundamentals: Diagnosis, treatment, prevention and disease impact",,no,EXCLUDE (no eligible topic),No environmental hazard or mental health signal; purely clinical COPD management.,{},deepseek-v4-flash,per-topic prompt set 00-05 v2 (outcome discipline),2026-07-19T08:35:43
D0078371,Infection and type 2 myocardial infarction: A large observational study from emergency department,,no,EXCLUDE (no eligible topic),No climate hazard exposure mentioned; focuses on infection and myocardial infarction.,{},deepseek-v4-flash,per-topic prompt set 00-05 v2 (outcome discipline),2026-07-19T08:35:47
D0028050,"Reconstructing habitats in central Amazonia using megafauna, sedimentology, radiocarbon, and isotope analyses",,no,EXCLUDE (no eligible topic),Paleoecological study; no human population or mental health signal.,{},deepseek-v4-flash,per-topic prompt set 00-05 v2 (outcome discipline),2026-07-19T08:35:51
D0072523,No smoke without fire: Should we be more concerned about the association between smoking and dementia?,,no,EXCLUDE (no eligible topic),"No climate hazard; title refers to tobacco smoking, not wildfire.",{},deepseek-v4-flash,per-topic prompt set 00-05 v2 (outcome discipline),2026-07-19T08:35:56
D0009159,Environmental tobacco smoke exposure and health disparities: 8-year longitudinal findings from a large cohort of Thai adults Environmental health,,yes,EXCLUDE (no eligible topic),"Tobacco smoke exposure study, no climate hazard mentioned.",{},deepseek-v4-flash,per-topic prompt set 00-05 v2 (outcome discipline),2026-07-19T08:36:10
D0037819,Children’s health must remain a focus in the recovery From Hurricane Harvey,cyclone,unclear,EXCLUDE,cyclone:EXCLUDE,"{""cyclone"": {""decision"": ""EXCLUDE"", ""review_flag"": false, ""reason"": ""Title suggests commentary on children's health; no indication of empirical mental health outcome.""}}",deepseek-v4-flash,per-topic prompt set 00-05 v2 (outcome discipline),2026-07-19T08:36:21
D0060223,Integrating Wetlands into Urban Planning for Resilience of Cities: A Pathway to the Achievement of Sustainable Development Goals,flood,no,EXCLUDE,flood:EXCLUDE,"{""flood"": {""decision"": ""EXCLUDE"", ""review_flag"": false, ""reason"": ""Outcome is societal well-being in urban planning, not measured mental health.""}}",deepseek-v4-flash,per-topic prompt set 00-05 v2 (outcome discipline),2026-07-19T08:36:50
D0090146,EE333 Cost-Effectiveness Analysis on New Generation Heat and Moisture Exchangers for Laryngectomized Patients in Japan,,no,EXCLUDE (no eligible topic),No environmental hazard topic; record is about medical devices for laryngectomized patients.,{},deepseek-v4-flash,per-topic prompt set 00-05 v2 (outcome discipline),2026-07-19T08:36:54
D0007188,Making a difference: Nursing scholarship and leadership in tobacco control,,no,EXCLUDE (no eligible topic),Tobacco control study with no climate hazard or mental health signal.,{},deepseek-v4-flash,per-topic prompt set 00-05 v2 (outcome discipline),2026-07-19T08:36:58
D0008093,Rorschach assessment of traumatized refugees: An exploratory factor analysis,,yes,EXCLUDE (no eligible topic),No environmental hazard; only psychological flooding mentioned.,{},deepseek-v4-flash,per-topic prompt set 00-05 v2 (outcome discipline),2026-07-19T08:37:11
D0103503,Dental fear--relevant clinical methods of treatment,,no,EXCLUDE (no eligible topic),No climate hazard topic; record is about dental fear treatment using psychological flooding.,{},deepseek-v4-flash,per-topic prompt set 00-05 v2 (outcome discipline),2026-07-19T08:37:16
D0007337,Muscle sympathetic response to arousal predicts neurovascular reactivity during mental stress,,no,EXCLUDE (no eligible topic),No climate hazard mentioned; experimental stress study.,{},deepseek-v4-flash,per-topic prompt set 00-05 v2 (outcome discipline),2026-07-19T08:37:30
D0126262,Efficacy of oral Sucrosomial® iron in postpartum anaemia: Preliminary results,,no,EXCLUDE (no eligible topic),No climate hazard exposure; record is about postpartum anaemia treatment.,{},deepseek-v4-flash,per-topic prompt set 00-05 v2 (outcome discipline),2026-07-19T08:37:43
D0113274,"11th International Conference on Innovation in Urban and Regional Planning, INPUT 2020",,no,EXCLUDE (no eligible topic),Conference proceedings abstract; no specific hazard exposure or mental health outcome.,{},deepseek-v4-flash,per-topic prompt set 00-05 v2 (outcome discipline),2026-07-19T08:37:50
D0056055,Enhanced thermoelectric performance of PEDOT:PSS film by two-step post-treatment with mixed solvent based ionic liquid,,no,EXCLUDE (no eligible topic),Materials science study on thermoelectric films; no climate hazard or mental health content.,{},deepseek-v4-flash,per-topic prompt set 00-05 v2 (outcome discipline),2026-07-19T08:37:53
D0097832,Effects of heat stress on the performance of two tasks running concurrently,temperature,no,EXCLUDE,temperature:EXCLUDE,"{""temperature"": {""decision"": ""EXCLUDE"", ""review_flag"": false, ""reason"": ""Outcome is task performance, not mental health or wellbeing.""}}",deepseek-v4-flash,per-topic prompt set 00-05 v2 (outcome discipline),2026-07-19T08:38:00
D0102528,Rising population and environmental degradation.,,no,EXCLUDE (no eligible topic),No specific climate hazard mentioned; only general environmental degradation.,{},deepseek-v4-flash,per-topic prompt set 00-05 v2 (outcome discipline),2026-07-19T08:38:04
D0103915,Clinical study of baoyuan dahuang decoction in the treatment of chronic renal failure,,yes,EXCLUDE (no eligible topic),No climate hazard mentioned; mental depression is clinical symptom not environmental.,{},deepseek-v4-flash,per-topic prompt set 00-05 v2 (outcome discipline),2026-07-19T08:38:11
D0053281,Effects of Childcare Hands-On Gardening on Preschoolers’ (3–5 Years) Physical Activity in Semi-Arid Climate Zone,,no,EXCLUDE (no eligible topic),No mention of climate hazard exposure; study on gardening and physical activity.,{},deepseek-v4-flash,per-topic prompt set 00-05 v2 (outcome discipline),2026-07-19T08:38:15
D0115618,Epidemiology of tobacco use and dependence,,no,EXCLUDE (no eligible topic),No climate hazard mentioned; focuses on tobacco epidemiology.,{},deepseek-v4-flash,per-topic prompt set 00-05 v2 (outcome discipline),2026-07-19T08:38:19
D0091338,Tobacco Quitline Callers Who Use Cannabis and Their Likelihood of Quitting Cigarette Smoking,,no,EXCLUDE (no eligible topic),No mention of any climate hazard; study on tobacco and cannabis co-use.,{},deepseek-v4-flash,per-topic prompt set 00-05 v2 (outcome discipline),2026-07-19T08:38:22
D0041934,A novel idea for improving the efficiency of green walls in urban environment (An innovative design and technique),,no,EXCLUDE (no eligible topic),No mention of any registered hazard topic or mental health signal.,{},deepseek-v4-flash,per-topic prompt set 00-05 v2 (outcome discipline),2026-07-19T08:38:26
D0076351,Adoption of a Healthy Lifestyle Following Gestational Diabetes Mellitus,,no,EXCLUDE (no eligible topic),No mention of any climate hazard; record is about gestational diabetes lifestyle.,{},deepseek-v4-flash,per-topic prompt set 00-05 v2 (outcome discipline),2026-07-19T08:38:30
D0095124,Optimizing Care for Neutropenic Fever in Pediatric Patients: An Analysis of Treatment Approaches and Clinical Outcomes,,no,EXCLUDE (no eligible topic),"Record is about clinical management of neutropenic fever, not environmental temperature or any registered hazard.",{},deepseek-v4-flash,per-topic prompt set 00-05 v2 (outcome discipline),2026-07-19T08:38:34
D0077572,Patient perception of hair loss,,yes,EXCLUDE (no eligible topic),No climate hazard mentioned; record is about hair loss perception.,{},deepseek-v4-flash,per-topic prompt set 00-05 v2 (outcome discipline),2026-07-19T08:38:37
D0071712,Associations between traffic-related black carbon exposure and attention in a prospective birth cohort of urban children,,no,EXCLUDE (no eligible topic),No climate hazard exposure; traffic-related air pollution only.,{},deepseek-v4-flash,per-topic prompt set 00-05 v2 (outcome discipline),2026-07-19T08:38:41
D0077283,Growth models of maternal perinatal drinking patterns in a national sample,,yes,EXCLUDE (no eligible topic),No climate hazard; postpartum depression present.,{},deepseek-v4-flash,per-topic prompt set 00-05 v2 (outcome discipline),2026-07-19T08:38:47
D0105085,"Continuous, low-level, topical heat wrap therapy as compared to acetaminophen for primary dysmenorrhea",,no,EXCLUDE (no eligible topic),No climate hazard exposure; describes topical heat therapy for dysmenorrhea.,{},deepseek-v4-flash,per-topic prompt set 00-05 v2 (outcome discipline),2026-07-19T08:38:50
D0090852,DUAL CHECKPOINT INHIBITOR: BRENTUXIMAB- AND NIVOLUMAB-INDUCED CYTOKINE RELEASE SYNDROME PRESENTING AS DIABETIC KETOACIDOSIS,,no,EXCLUDE (no eligible topic),No climate hazard mentioned; case report on drug-induced cytokine release syndrome.,{},deepseek-v4-flash,per-topic prompt set 00-05 v2 (outcome discipline),2026-07-19T08:38:53
D0058635,High-Throughput Screening of Wheat Genotypes for Drought Tolerance Using Aerial Thermal Imagery,,no,EXCLUDE (no eligible topic),Drought tolerance in wheat genotypes; no human population or mental health signal.,{},deepseek-v4-flash,per-topic prompt set 00-05 v2 (outcome discipline),2026-07-19T08:38:57
D0007882,Methyl tert-butyl ether (MTBE) detected in abnormally high concentrations in postmortem blood and urine from two persons found dead inside a car containing a ga,,no,EXCLUDE (no eligible topic),No climate hazard; car fire and gasoline poisoning only.,{},deepseek-v4-flash,per-topic prompt set 00-05 v2 (outcome discipline),2026-07-19T08:39:01
D0018146,"Hyperhemolysis in a patient with sickle cell disease and recent SARS-CoV-2 infection, with complex auto- and alloantibody work-up, successfully treated with toc",,no,EXCLUDE (no eligible topic),No mention of any climate hazard; purely medical case report.,{},deepseek-v4-flash,per-topic prompt set 00-05 v2 (outcome discipline),2026-07-19T08:39:04
D0091776,"Survival among cancer patients after coalmine fire: Analysis of registry data in regional Victoria, Australia",,no,EXCLUDE (no eligible topic),Coalmine fire is not a registered hazard; no mental health signal.,{},deepseek-v4-flash,per-topic prompt set 00-05 v2 (outcome discipline),2026-07-19T08:39:09
D0104427,Adenoviral-mediated transfer of a heat-inducible double suicide gene into prostate carcinoma cells,,no,EXCLUDE (no eligible topic),No eligible climate hazard topic; record describes cellular gene therapy with lab heat shock.,{},deepseek-v4-flash,per-topic prompt set 00-05 v2 (outcome discipline),2026-07-19T08:39:13
D0081768,"Migraine in a cohort of commercially insured women in the United States: Natural history and association with preeclampsia, placental abruption, and preterm bir",,yes,EXCLUDE (no eligible topic),No climate hazard exposure mentioned; study on migraine and pregnancy outcomes.,{},deepseek-v4-flash,per-topic prompt set 00-05 v2 (outcome discipline),2026-07-19T08:39:16
D0085045,"Pharmacological, Nutritional, and Rehabilitative Interventions to Improve the Complex Management of Osteoporosis in Patients with Chronic Obstructive Pulmonary ",,no,EXCLUDE (no eligible topic),No climate hazard or mental health signal mentioned.,{},deepseek-v4-flash,per-topic prompt set 00-05 v2 (outcome discipline),2026-07-19T08:39:20
D0039486,"The novel histone de acetylase 6 inhibitor, MPT0G211, ameliorates tau phosphorylation and cognitive deficits in an Alzheimer's disease model article",,no,EXCLUDE (no eligible topic),No climate hazard or mental health signal; Alzheimer's drug study.,{},deepseek-v4-flash,per-topic prompt set 00-05 v2 (outcome discipline),2026-07-19T08:39:23
D0003977,Leaf gas exchange characteristics of three neotropical mangrove species in response to varying hydroperiod,,no,EXCLUDE (no eligible topic),Plant physiology study on mangroves; no human exposure or mental health signal.,{},deepseek-v4-flash,per-topic prompt set 00-05 v2 (outcome discipline),2026-07-19T08:39:26
D0004403,Attentional strategy moderates effects of pain catastrophizing on symptom-specific physiological responses in chronic low back pain patients,,yes,EXCLUDE (no eligible topic),"No climate hazard topic; cold pressor is a lab pain stimulus, not ambient temperature.",{},deepseek-v4-flash,per-topic prompt set 00-05 v2 (outcome discipline),2026-07-19T08:39:31
D0089812,Differences in perceptions and satisfaction exist among veterinarians employed at corporate versus privately owned veterinary clinics,,no,EXCLUDE (no eligible topic),No hazard exposure or mental health outcome present.,{},deepseek-v4-flash,per-topic prompt set 00-05 v2 (outcome discipline),2026-07-19T08:39:36
D0083648,Prognostic importance of brain-derived neurotrophic factor (BDNF) in renal transplantation,,no,EXCLUDE (no eligible topic),No climate hazard or mental health signal; focus is renal transplantation and BDNF biomarker.,{},deepseek-v4-flash,per-topic prompt set 00-05 v2 (outcome discipline),2026-07-19T08:39:39
D0065685,General dynamic properties of Aβ12-36 amyloid peptide involved in Alzheimer's disease from unfolding simulation,,no,EXCLUDE (no eligible topic),No climate hazard or mental health signal; focus is molecular dynamics of amyloid peptide.,{},deepseek-v4-flash,per-topic prompt set 00-05 v2 (outcome discipline),2026-07-19T08:39:43
D0007327,Lower soil moisture threshold for transpiration decline under water deficit correlates with lower canopy conductance and higher transpiration efficiency in drou,,no,EXCLUDE (no eligible topic),Plant study on cowpea drought tolerance; no human population or environmental exposure.,{},deepseek-v4-flash,per-topic prompt set 00-05 v2 (outcome discipline),2026-07-19T08:39:47
D0012580,Predicting patterns of disaster-related resiliency among older adult Typhoon Haiyan survivors.,cyclone,yes,EXCLUDE,cyclone:EXCLUDE,"{""cyclone"": {""decision"": ""EXCLUDE"", ""review_flag"": false, ""reason"": ""Outcome is resiliency, not an eligible mental health/wellbeing outcome.""}}",deepseek-v4-flash,per-topic prompt set 00-05 v2 (outcome discipline),2026-07-19T08:39:54
D0030687,Pedogenic alteration of aeolian sediments in the upper loess mantles of the Russian Plain,,no,EXCLUDE (no eligible topic),"No hazard topics, mental health, or human population mentioned; only geological pedogenesis.",{},deepseek-v4-flash,per-topic prompt set 00-05 v2 (outcome discipline),2026-07-19T08:39:57
D0091926,Bronchial Thermoplasty in a Veteran With Inhalational Exposure to Combusted Jp-5 Jet Fuel,,no,EXCLUDE (no eligible topic),"Exposure to combusted jet fuel; no ambient temperature, wildfire, flood, cyclone, or drought.",{},deepseek-v4-flash,per-topic prompt set 00-05 v2 (outcome discipline),2026-07-19T08:39:59
D0075851,Timing of onset and recovery of delayed facial palsy after vestibular schwannoma resection: Insight into mechanisms,,no,EXCLUDE (no eligible topic),No climate hazard topic present; record about medical surgery complication,{},deepseek-v4-flash,per-topic prompt set 00-05 v2 (outcome discipline),2026-07-19T08:40:03
D0041386,An empirical study on deviant behaviors and bullying victimization among children from social bonding perspective,,unclear,EXCLUDE (no eligible topic),No climate hazard mentioned; study focuses on social bonds and bullying among children.,{},deepseek-v4-flash,per-topic prompt set 00-05 v2 (outcome discipline),2026-07-19T08:40:08
D0078794,CHARACTERISTICS AND ENDOSCOPIC MANAGEMENT OF GASTRIC NEUROENDOCRINE TUMORS,,no,EXCLUDE (no eligible topic),No climate hazard topic mentioned; purely clinical study on gastric tumors.,{},deepseek-v4-flash,per-topic prompt set 00-05 v2 (outcome discipline),2026-07-19T08:40:12
D0062559,The effect of pituitary stalk section upon reproductive phenomena in the female rat,,no,EXCLUDE (no eligible topic),Animal study on cold exposure; no human population or climate hazard.,{},deepseek-v4-flash,per-topic prompt set 00-05 v2 (outcome discipline),2026-07-19T08:40:16
D0059341,Green Spaces: Urban Heat Island Mitigation and Building Climate Resilience in Coimbra,temperature,no,EXCLUDE,temperature:EXCLUDE,"{""temperature"": {""decision"": ""EXCLUDE"", ""review_flag"": false, ""reason"": ""No mental-health outcome; focuses on urban heat island mitigation.""}}",deepseek-v4-flash,per-topic prompt set 00-05 v2 (outcome discipline),2026-07-19T08:40:25
D0000964,[Modified implosive (flooding) therapy: treatment of phobias in London].,,yes,EXCLUDE (no eligible topic),"Title refers to flooding therapy, not environmental flood; no abstract.",{},deepseek-v4-flash,per-topic prompt set 00-05 v2 (outcome discipline),2026-07-19T09:30:26
D0068199,Pharmacologic agents for smoking cessation: A clinical review,,no,EXCLUDE (no eligible topic),No climate hazard or mental health signal mentioned.,{},deepseek-v4-flash,per-topic prompt set 00-05 v2 (outcome discipline),2026-07-19T08:41:02
D0119802,Endometrial ablation for the management of heavy menstrual bleeding in women with bleeding disorders,,unclear,EXCLUDE (no eligible topic),No climate hazard; 'flooding' refers to menstrual flooding.,{},deepseek-v4-flash,per-topic prompt set 00-05 v2 (outcome discipline),2026-07-19T08:41:07
D0000088,Venous versus arterial forearm catecholamines as an index of overall sympatho-adrenomedullary activity.,,no,EXCLUDE (no eligible topic),No mention of any climate hazard; focuses on catecholamine measurement methods.,{},deepseek-v4-flash,per-topic prompt set 00-05 v2 (outcome discipline),2026-07-19T08:41:13
D0020794,Quantitative assessment of interplay between urbanization dynamics and land surface temperature variations using generalized additive model coupled PDP for sust,,no,EXCLUDE (no eligible topic),Study on urbanization and land surface temperature; no climate hazard exposure or mental health signal.,{},deepseek-v4-flash,per-topic prompt set 00-05 v2 (outcome discipline),2026-07-19T08:41:17
D0118324,Physical medicine in cardiovascular diseases,,no,EXCLUDE (no eligible topic),No climate hazard topic mentioned; irrelevant to screening.,{},deepseek-v4-flash,per-topic prompt set 00-05 v2 (outcome discipline),2026-07-19T08:41:22
D0017003,Photoresponsive materials for intensified modulation of Alzheimer's amyloid-β protein aggregation: A review,,no,EXCLUDE (no eligible topic),No climate hazard or mental health signal present.,{},deepseek-v4-flash,per-topic prompt set 00-05 v2 (outcome discipline),2026-07-19T08:41:25
D0068452,Total laparoscopic hysterectomy a case report of a modified technique,,no,EXCLUDE (no eligible topic),Record describes a surgical technique; no climate hazard or mental health content.,{},deepseek-v4-flash,per-topic prompt set 00-05 v2 (outcome discipline),2026-07-19T08:41:28
D0094353,Tobacco usage among adolescents in Shivamogga. A cross-sectional study,,yes,EXCLUDE (no eligible topic),No climate hazard mentioned; record focuses on tobacco use.,{},deepseek-v4-flash,per-topic prompt set 00-05 v2 (outcome discipline),2026-07-19T08:41:43
D0048706,Enhanced thermoelectric performance of PEDOT: PSS films via ionic liquid post-treatment,,no,EXCLUDE (no eligible topic),"Title and abstract focus on material science, no climate hazard or mental health content.",{},deepseek-v4-flash,per-topic prompt set 00-05 v2 (outcome discipline),2026-07-19T08:41:47
D0015761,Improved morbidity-based air quality health index development using Bayesian multi-pollutant weighted model,,no,EXCLUDE (no eligible topic),No specific climate hazard mentioned; focuses on general air pollution index.,{},deepseek-v4-flash,per-topic prompt set 00-05 v2 (outcome discipline),2026-07-19T08:41:51
D0062313,Die Depression der primären Immunitätsreaktion durch 6-Mercaptopurin und Cyclophosphamid bei verschiedenen Tierarten - I. Die Unterdrückung der primären Immunit,,no,EXCLUDE (no eligible topic),No mention of climate hazards; study on immune depression in rabbits using chemicals.,{},deepseek-v4-flash,per-topic prompt set 00-05 v2 (outcome discipline),2026-07-19T08:41:55
D0123932,"The impact of winter months on patients with deep vein thrombosis (DVT) or pulmonary embolism (PE), a retrospective analysis of hospital outcomes in the United ",,no,EXCLUDE (no eligible topic),"No environmental hazard exposure; seasonal timing only, no ambient temperature measurement.",{},deepseek-v4-flash,per-topic prompt set 00-05 v2 (outcome discipline),2026-07-19T08:42:00
D0069296,A Placebo-Controlled Trial of Bupropion Combined with Nicotine Patch for Smoking Cessation in Schizophrenia,,no,EXCLUDE (no eligible topic),Record is about smoking cessation trial in schizophrenia; no climate hazard exposure.,{},deepseek-v4-flash,per-topic prompt set 00-05 v2 (outcome discipline),2026-07-19T08:42:03
D0078496,Cold agglutination test and mycoplasma pneumoniae (A retrospective study),,no,EXCLUDE (no eligible topic),No climate hazard topic or mental health signal present.,{},deepseek-v4-flash,per-topic prompt set 00-05 v2 (outcome discipline),2026-07-19T08:42:07
D0002166,EEG theta activity and pain insensitivity in self-injurious borderline patients,,yes,EXCLUDE (no eligible topic),"No hazard exposure; cold pressor test is lab-only thermal exposure, not ambient temperature.",{},deepseek-v4-flash,per-topic prompt set 00-05 v2 (outcome discipline),2026-07-19T08:42:14
D0079954,Individual and organizational factors associated with professional quality of life in Florida fire personnel,,yes,EXCLUDE (no eligible topic),No climate hazard topic; record about occupational stress in firefighters.,{},deepseek-v4-flash,per-topic prompt set 00-05 v2 (outcome discipline),2026-07-19T08:42:19
D0124856,Atrial fibrillation associated with carbon monoxide poisoning,,no,EXCLUDE (no eligible topic),No eligible hazard topic; carbon monoxide poisoning from fire not identified as wildfire.,{},deepseek-v4-flash,per-topic prompt set 00-05 v2 (outcome discipline),2026-07-19T08:42:22
D0093546,Association Between Smoking and Opioid Requirement and Pain Intensity in the Early Postoperative Period: A Meta-Analysis,,no,EXCLUDE (no eligible topic),No climate hazard mentioned; record is about smoking and opioid use post-surgery.,{},deepseek-v4-flash,per-topic prompt set 00-05 v2 (outcome discipline),2026-07-19T08:42:26
D0032972,Holocene environmental change in southern Spain deduced from the isotopic record of a high-elevation wetland in Sierra Nevada,,no,EXCLUDE (no eligible topic),Paleoclimatology study; no human hazard exposure or mental health signal.,{},deepseek-v4-flash,per-topic prompt set 00-05 v2 (outcome discipline),2026-07-19T08:42:29
D0022472,Impact of Ambient PM₁₀ and SO₂ Levels on Intensive Care Unit Admissions Due to Cardiopulmonary Diseases in a Tertiary Care Hospital,,no,EXCLUDE (no eligible topic),No mention of any registered hazard; only PM10 and SO2 air pollution.,{},deepseek-v4-flash,per-topic prompt set 00-05 v2 (outcome discipline),2026-07-19T08:42:33
D0102395,"Reactivity to mental stress and cold provocation during long-term treatment with metoprolol, propranolol or hydrochlorothiazide.",,no,EXCLUDE (no eligible topic),"No hazard topic present; cold provocation is a lab test, not ambient exposure.",{},deepseek-v4-flash,per-topic prompt set 00-05 v2 (outcome discipline),2026-07-19T08:42:37
D0127576,Safety and Efficiency of the Prolonged (72-hour) Use of a Single Heat and Moisture Exchanger in Adult Mechanically Ventilated Critically Ill and Its Impact on t,,no,EXCLUDE (no eligible topic),No climate hazard exposure; medical device study on heat and moisture exchanger.,{},deepseek-v4-flash,per-topic prompt set 00-05 v2 (outcome discipline),2026-07-19T08:42:42
D0118312,Mibelli's porokeratosis,,no,EXCLUDE (no eligible topic),No mention of any climate hazard topic; focuses on dermatological condition.,{},deepseek-v4-flash,per-topic prompt set 00-05 v2 (outcome discipline),2026-07-19T08:42:45
D0038402,Risk Assessment in High- and Low-MELD Liver Transplantation,,no,EXCLUDE (no eligible topic),No climate hazard or mental health signal; liver transplantation risk assessment.,{},deepseek-v4-flash,per-topic prompt set 00-05 v2 (outcome discipline),2026-07-19T08:42:48
D0006844,Association between Cold Face Test‐induced vagal inhibition and cortisol response to acute stress,,unclear,EXCLUDE (no eligible topic),"Cold Face Test is a lab procedure, not ambient temperature exposure; no climate hazard mentioned.",{},deepseek-v4-flash,per-topic prompt set 00-05 v2 (outcome discipline),2026-07-19T08:42:53
D0102772,Eight fires in two months: Touro's encounter with arson.,,no,EXCLUDE (no eligible topic),No climate hazard; arson fires unrelated to wildfire.,{},deepseek-v4-flash,per-topic prompt set 00-05 v2 (outcome discipline),2026-07-19T08:42:58
D0102587,[Hygienic evaluation of the dust factor in the operation of the K-10 experimental coal cutter-loader].,,no,EXCLUDE (no eligible topic),"Title about coal dust exposure, no climate hazard or mental health signal.",{},deepseek-v4-flash,per-topic prompt set 00-05 v2 (outcome discipline),2026-07-19T08:43:03
D0094520,Genetic risk of axonal neuropathy following infection,,no,EXCLUDE (no eligible topic),No climate hazard exposure; study on genetic neuropathy triggered by infection.,{},deepseek-v4-flash,per-topic prompt set 00-05 v2 (outcome discipline),2026-07-19T08:43:07
D0103597,[Unusual wound morphology after textile penetration by the automatic rifle (StG) 58. A case report].,,yes,EXCLUDE (no eligible topic),No climate hazard mentioned; forensic report on gunshot wound.,{},deepseek-v4-flash,per-topic prompt set 00-05 v2 (outcome discipline),2026-07-19T08:43:34
D0044720,Clinical characteristics and clinical predictors of mortality in hospitalised patients of COVID 19: An Indian study,,no,EXCLUDE (no eligible topic),No climate hazard exposure mentioned; study on COVID-19 only.,{},deepseek-v4-flash,per-topic prompt set 00-05 v2 (outcome discipline),2026-07-19T08:43:38
D0119054,Innovative agents in cancer prevention.,,no,EXCLUDE (no eligible topic),No climate hazard or mental health signal present.,{},deepseek-v4-flash,per-topic prompt set 00-05 v2 (outcome discipline),2026-07-19T08:43:41
D0005773,Air conditioning and intrahospital mortality during the 2003 heatwave in Portugal: Evidence of a protective effect,temperature,no,EXCLUDE,temperature:EXCLUDE,"{""temperature"": {""decision"": ""EXCLUDE"", ""review_flag"": false, ""reason"": ""Outcome is intrahospital mortality, not mental health/wellbeing.""}}",deepseek-v4-flash,per-topic prompt set 00-05 v2 (outcome discipline),2026-07-19T08:43:48
D0105426,"Health hazard evaluation of police officers and firefighters after Hurricane Katrina--New Orleans, Louisiana, October 17-28 and November 30-December 5, 2005.",cyclone,yes,INCLUDE,cyclone:INCLUDE,"{""cyclone"": {""decision"": ""INCLUDE"", ""review_flag"": false, ""reason"": ""Survey of police/firefighters after Hurricane Katrina; depressive and PTSD symptoms reported.""}}",deepseek-v4-flash,per-topic prompt set 00-05 v2 (outcome discipline),2026-07-19T08:43:55
D0006757,"Randomised, multi-centre study of the usefulness of the heat and moisture exchanger (Provox HME®) in laryngectomised patients",,no,EXCLUDE (no eligible topic),No climate hazard exposure; study on medical device for laryngectomees.,{},deepseek-v4-flash,per-topic prompt set 00-05 v2 (outcome discipline),2026-07-19T08:43:59
D0077489,Iatrogenic Air Embolism- Air Embolism during Pacemaker Implantation,,no,EXCLUDE (no eligible topic),No climate hazard or mental health signal identified.,{},deepseek-v4-flash,per-topic prompt set 00-05 v2 (outcome discipline),2026-07-19T08:44:03
D0086442,Successful treatment of knee erythromelalgia with topical oxymetazoline,,no,EXCLUDE (no eligible topic),No environmental hazard mentioned; record is about medical treatment of erythromelalgia.,{},deepseek-v4-flash,per-topic prompt set 00-05 v2 (outcome discipline),2026-07-19T08:44:07
D0006433,Laboratory simulations show diabatic heating drives cumulus-cloud evolution and entrainment,,no,EXCLUDE (no eligible topic),No climate hazard or mental health signal; pure cloud physics simulation.,{},deepseek-v4-flash,per-topic prompt set 00-05 v2 (outcome discipline),2026-07-19T08:44:10
D0079106,Are workers at risk of occupational injuries due to heat exposure? A comprehensive literature review,temperature,no,EXCLUDE,temperature:EXCLUDE,"{""temperature"": {""decision"": ""EXCLUDE"", ""review_flag"": false, ""reason"": ""Outcome is occupational injuries, not mental health/wellbeing.""}}",deepseek-v4-flash,per-topic prompt set 00-05 v2 (outcome discipline),2026-07-19T08:44:15
D0019218,Acute exposure to total and source-specific ambient fine particulate matter and risk of respiratory disease hospitalization in Kuwait,,no,EXCLUDE (no eligible topic),No climate hazard mentioned; only PM2.5 air pollution.,{},deepseek-v4-flash,per-topic prompt set 00-05 v2 (outcome discipline),2026-07-19T08:44:19
D0105878,The effects of habitual negligence among families with respect to pediatric burns.,,no,EXCLUDE (no eligible topic),No mention of climate hazards or mental health; focuses on pediatric scald burns from tea.,{},deepseek-v4-flash,per-topic prompt set 00-05 v2 (outcome discipline),2026-07-19T08:44:22
D0037319,Internal tides and tidal cycles of vertical mixing in western Long Island Sound,,no,EXCLUDE (no eligible topic),Record is about oceanography; no climate hazard or mental health signal.,{},deepseek-v4-flash,per-topic prompt set 00-05 v2 (outcome discipline),2026-07-19T08:44:25
D0117012,Talc emboli and macular ischemia in intravenous drug abuse,,no,EXCLUDE (no eligible topic),No climate hazard or mental health signal.,{},deepseek-v4-flash,per-topic prompt set 00-05 v2 (outcome discipline),2026-07-19T08:44:29
D0064254,The coronary stress of skiing at high altitude,,no,EXCLUDE (no eligible topic),No ambient temperature or other hazard exposure; focuses on coronary stress during skiing.,{},deepseek-v4-flash,per-topic prompt set 00-05 v2 (outcome discipline),2026-07-19T08:44:32
D0128386,Flush Versus Standard Distance From Saphenofemoral Junction in Endovenous Laser Ablation of Great Saphenous Vein,,no,EXCLUDE (no eligible topic),No climate hazard or mental health signal; unrelated medical procedure.,{},deepseek-v4-flash,per-topic prompt set 00-05 v2 (outcome discipline),2026-07-19T08:44:35
D0100210,Genetically obese (ob/ob) mice are predisposed to gastric stress ulcers,,no,EXCLUDE (no eligible topic),"Animal study on obesity and ulcers, no environmental hazard or mental health signal.",{},deepseek-v4-flash,per-topic prompt set 00-05 v2 (outcome discipline),2026-07-19T08:44:40
D0059211,Genetic effects of physiological and morpho-agronomic traits in popcorn under water stress,,no,EXCLUDE (no eligible topic),"Record about genetic effects in popcorn under water stress, no human population or mental health signal.",{},deepseek-v4-flash,per-topic prompt set 00-05 v2 (outcome discipline),2026-07-19T08:44:44
D0042604,British literature and culture in second world wartime: For the duration,,no,EXCLUDE (no eligible topic),No mention of climate hazards or mental health; literary analysis of wartime.,{},deepseek-v4-flash,per-topic prompt set 00-05 v2 (outcome discipline),2026-07-19T08:44:50
D0107769,Environmental and health implications of DDT-contaminated fish from the Pongolo Flood Plain,,no,EXCLUDE (no eligible topic),No candidate hazard topics or mental health signal present; only DDT contamination in fish.,{},deepseek-v4-flash,per-topic prompt set 00-05 v2 (outcome discipline),2026-07-19T08:44:53
D0002833,Use of ultramolecular potencies of allergen to treat asthmatic people allergic to house dust mite: double blind randomised controlled clinical trial.,,no,EXCLUDE (no eligible topic),No climate hazard mentioned; study on homoeopathic immunotherapy for asthma.,{},deepseek-v4-flash,per-topic prompt set 00-05 v2 (outcome discipline),2026-07-19T08:44:55
D0046321,"The formation mechanism of the typical hot dry rocks in Hunan Province, China",,no,EXCLUDE (no eligible topic),Geothermal geology study; no climate hazard or mental health content.,{},deepseek-v4-flash,per-topic prompt set 00-05 v2 (outcome discipline),2026-07-19T08:44:58
D0022272,High-temperature exposure impairs cognitive function by disrupting the gut-brain axis: Evidence from human and rat studies,temperature,no,EXCLUDE,temperature:EXCLUDE,"{""temperature"": {""decision"": ""EXCLUDE"", ""review_flag"": false, ""reason"": ""Measured outcome is cognitive function, not an eligible mental-health/wellbeing outcome.""}}",deepseek-v4-flash,per-topic prompt set 00-05 v2 (outcome discipline),2026-07-19T08:45:05
D0056749,Efficacy and Mechanism of Action of Ermiao Situ Decoction in Modulating JAK/STAT Pathway in Rats with Damp-heat Eczema,,no,EXCLUDE (no eligible topic),No hazard topic or mental health signal; study is animal model for eczema.,{},deepseek-v4-flash,per-topic prompt set 00-05 v2 (outcome discipline),2026-07-19T08:45:08
D0002938,Endovascular repair of external iliac artery occlusion after hip prosthesis migration.,,no,EXCLUDE (no eligible topic),No climate hazard or mental health signal mentioned.,{},deepseek-v4-flash,per-topic prompt set 00-05 v2 (outcome discipline),2026-07-19T08:45:11
D0031932,Modelling boreal lake catchment response to anthropogenic acid deposition,,no,EXCLUDE (no eligible topic),"Record about lake acidification modeling, not related to climate hazards or mental health.",{},deepseek-v4-flash,per-topic prompt set 00-05 v2 (outcome discipline),2026-07-19T08:45:14
D0026654,Tectonics of the Laptev Sea-Moma 'Rift' Region: Investigation with seismologic broadband data,,no,EXCLUDE (no eligible topic),No climate hazard or mental health signal; purely tectonic/seismological.,{},deepseek-v4-flash,per-topic prompt set 00-05 v2 (outcome discipline),2026-07-19T08:45:17
D0121570,"Cerebellar expression of copper chaperone for superoxide, cytosolic cu/ n-superoxide dismutase, 4-hydroxy-2-nonenal, acrolein and heat shock rotein 32 in patien",,no,EXCLUDE (no eligible topic),No ambient hazard exposure; cellular heat shock protein unrelated to environmental temperature.,{},deepseek-v4-flash,per-topic prompt set 00-05 v2 (outcome discipline),2026-07-19T08:45:20
D0120721,Nicotine dependence in children from passive smoking,,no,EXCLUDE (no eligible topic),No hazard topic mentioned; title is about passive smoking and nicotine dependence.,{},deepseek-v4-flash,per-topic prompt set 00-05 v2 (outcome discipline),2026-07-19T08:45:26
D0012105,Intra-Arrest Induction of Hypothermia via Large-Volume Ice-Cold Saline for Sudden Cardiac Arrest: The New York City Project Hypothermia Experience,,no,EXCLUDE (no eligible topic),No ambient climate hazard; hypothermia is medical intervention.,{},deepseek-v4-flash,per-topic prompt set 00-05 v2 (outcome discipline),2026-07-19T08:45:29
D0001842,Cigarette smoking and coronary heart disease: Risks and management,,no,EXCLUDE (no eligible topic),No climate hazard mentioned; focuses on smoking and coronary heart disease.,{},deepseek-v4-flash,per-topic prompt set 00-05 v2 (outcome discipline),2026-07-19T08:45:33
D0118717,Randomized Clinical Trial to Evaluate Guidelines for Acute Rhinosinusitis (Phase IV Study),,no,EXCLUDE (no eligible topic),Title and abstract have no mention of climate hazards or mental health.,{},deepseek-v4-flash,per-topic prompt set 00-05 v2 (outcome discipline),2026-07-19T08:45:35
D0006185,Secondhand smoke drift: Examining the influence of indoor smoking bans on indoor and outdoor air quality at pubs and bars,,no,EXCLUDE (no eligible topic),No mention of climate hazards or mental health.,{},deepseek-v4-flash,per-topic prompt set 00-05 v2 (outcome discipline),2026-07-19T08:45:38
D0001821,Short term effects of air pollution on emergency hospital admissions for respiratory disease: results of the APHEA project in two major cities in The Netherland,,no,EXCLUDE (no eligible topic),No mention of any climate hazard; only air pollution and respiratory outcomes.,{},deepseek-v4-flash,per-topic prompt set 00-05 v2 (outcome discipline),2026-07-19T08:45:42
D0032489,Exercise and NSAIDs: Effect on muscle protein synthesis in patients with knee osteoarthritis,,no,EXCLUDE (no eligible topic),No climate hazard or mental-health signal present.,{},deepseek-v4-flash,per-topic prompt set 00-05 v2 (outcome discipline),2026-07-19T08:45:44
D0130973,Biological timekeeping,,unclear,EXCLUDE (no eligible topic),No mention of any of the five hazard topics; only circadian biology.,{},deepseek-v4-flash,per-topic prompt set 00-05 v2 (outcome discipline),2026-07-19T08:45:49
D0116655,Medicine and tobacco: a psychosomatic step?,,unclear,EXCLUDE (no eligible topic),No climate hazard topic detected; record is about smoking behavior and psychosomatic approach.,{},deepseek-v4-flash,per-topic prompt set 00-05 v2 (outcome discipline),2026-07-19T08:45:52
D0009775,The intensive margin of technology adoption--Experimental evidence on improved cooking stoves in rural Senegal.,,no,EXCLUDE (no eligible topic),No mention of any climate hazard; focuses on indoor cooking stove smoke.,{},deepseek-v4-flash,per-topic prompt set 00-05 v2 (outcome discipline),2026-07-19T08:45:55
D0057882,Te kapa o Te Reureu: keeping the home fires burning,,no,EXCLUDE (no eligible topic),No mention of climate hazards or mental health; record is about cultural practices.,{},deepseek-v4-flash,per-topic prompt set 00-05 v2 (outcome discipline),2026-07-19T08:45:59
D0119065,Acupuncture,,no,EXCLUDE (no eligible topic),No hazard topic or mental health signal in title/abstract.,{},deepseek-v4-flash,per-topic prompt set 00-05 v2 (outcome discipline),2026-07-19T08:46:01
D0018042,Analysis of clinical features and risk factors of necrotizing pneumonia in children,,no,EXCLUDE (no eligible topic),No mention of any climate hazard; study on pediatric pneumonia risk factors.,{},deepseek-v4-flash,per-topic prompt set 00-05 v2 (outcome discipline),2026-07-19T08:46:05
D0080293,Cost-effectiveness of FOLFIRI + cetuximab vs FOLFIRI + bevacizumab in the first-line (1L) treatment of RAS wild-type (wt) metastatic colorectal cancer (mCRC) in,,no,EXCLUDE (no eligible topic),No hazard or mental health topic; clinical trial on cancer treatment.,{},deepseek-v4-flash,per-topic prompt set 00-05 v2 (outcome discipline),2026-07-19T08:46:08
D0093829,"Interaction effects of extreme temperature events and air pollutants on neurodegenerative disease mortality: A case-crossover study in a cold-winter, hot-summer",temperature,no,EXCLUDE,temperature:EXCLUDE,"{""temperature"": {""decision"": ""EXCLUDE"", ""review_flag"": false, ""reason"": ""Outcome is neurodegenerative disease mortality, not mental health/wellbeing.""}}",deepseek-v4-flash,per-topic prompt set 00-05 v2 (outcome discipline),2026-07-19T08:46:15
D0015128,Nitrogen Effects in Additively Manufactured Martensitic Stainless Steels: Conventional Thermal Processing and Comparison with Wrought,,no,EXCLUDE (no eligible topic),"Record is about metallurgy, no climate hazard or mental health signal.",{},deepseek-v4-flash,per-topic prompt set 00-05 v2 (outcome discipline),2026-07-19T08:46:18
D0103994,[Treatment of chronic congestive heart failure to improve their quality of life--clinical study of thermal vasodilation therapy].,,no,EXCLUDE (no eligible topic),No climate hazard topic; record about thermal vasodilation therapy for heart failure.,{},deepseek-v4-flash,per-topic prompt set 00-05 v2 (outcome discipline),2026-07-19T08:46:22
D0125072,Non-Invasive Measurement of Absolute Intracranial Pressure in Patients With Mass Effective Brain Tumors,,no,EXCLUDE (no eligible topic),No hazard or mental health signal in title/abstract.,{},deepseek-v4-flash,per-topic prompt set 00-05 v2 (outcome discipline),2026-07-19T08:46:25
D0024739,The impact of military occupational combustion smoke inhalation on neuroinflammation and brain health,wildfire,no,EXCLUDE,wildfire:EXCLUDE,"{""wildfire"": {""decision"": ""EXCLUDE"", ""review_flag"": false, ""reason"": ""Review on neuroinflammation from smoke; no measured mental-health outcome.""}}",deepseek-v4-flash,per-topic prompt set 00-05 v2 (outcome discipline),2026-07-19T08:46:35
D0105580,[Restless legs syndrome: diagnosis and treatment. Opinion of Brazilian experts].,,no,EXCLUDE (no eligible topic),No climate hazard or mental health signal related to climate.,{},deepseek-v4-flash,per-topic prompt set 00-05 v2 (outcome discipline),2026-07-19T08:46:38
D0021836,Hyper-IgE syndrome: A case report,,no,EXCLUDE (no eligible topic),No climate hazard or mental health signal present.,{},deepseek-v4-flash,per-topic prompt set 00-05 v2 (outcome discipline),2026-07-19T08:46:41
D0029638,Minimal use of antibiotics for acute respiratory tract infections: Validity and patient satisfaction,,no,EXCLUDE (no eligible topic),No climate hazard or mental health signal present.,{},deepseek-v4-flash,per-topic prompt set 00-05 v2 (outcome discipline),2026-07-19T08:46:44
D0008351,"The effect of temperature on cardiovascular disease hospital admissions among elderly people in Thai Nguyen Province, Vietnam.",temperature,no,EXCLUDE,temperature:EXCLUDE,"{""temperature"": {""decision"": ""EXCLUDE"", ""review_flag"": false, ""reason"": ""Outcome is cardiovascular admissions, not mental health.""}}",deepseek-v4-flash,per-topic prompt set 00-05 v2 (outcome discipline),2026-07-19T08:46:50
D0054926,“Feelings are strong here”: A Proximate Reading of Solastalgia in The Last Pulse,,yes,EXCLUDE (no eligible topic),Literary analysis of novel; no human population exposure data.,{},deepseek-v4-flash,per-topic prompt set 00-05 v2 (outcome discipline),2026-07-19T08:46:57
D0054409,Use of machine learning tools to predict health risks from climate-sensitive extreme weather events: A scoping review,temperature; flood,yes,INCLUDE (needs review),temperature:INCLUDE | flood:INCLUDE,"{""temperature"": {""decision"": ""INCLUDE"", ""review_flag"": true, ""reason"": ""Scoping review of ML for heat-related health risks including PTSD.""}, ""flood"": {""decision"": ""INCLUDE"", ""review_flag"": true, ""reason"": ""Scoping review includes flooding and PTSD outcome.""}}",deepseek-v4-flash,per-topic prompt set 00-05 v2 (outcome discipline),2026-07-19T08:47:12
D0081498,Terror in Paris: Incidence and risk factors for infections related to high-energy ammunition injuries,,no,EXCLUDE (no eligible topic),No climate hazard mentioned; record is about wound infections from terrorist attacks.,{},deepseek-v4-flash,per-topic prompt set 00-05 v2 (outcome discipline),2026-07-19T08:47:15
D0109568,"Orally disintegrating tablets: Products, technologies, and development issues",,no,EXCLUDE (no eligible topic),No climate hazard or mental health signal present; record is about pharmaceutical technology.,{},deepseek-v4-flash,per-topic prompt set 00-05 v2 (outcome discipline),2026-07-19T08:47:19
D0031295,Health impacts estimation of mineralogical and chemical characterization of suspended atmospheric particles over the east desert,,no,EXCLUDE (no eligible topic),No specific climate hazard topic; only general air pollution and dust.,{},deepseek-v4-flash,per-topic prompt set 00-05 v2 (outcome discipline),2026-07-19T08:47:23
D0126307,Exercise therapy and pain relief in athletes: A review of the literature,,no,EXCLUDE (no eligible topic),No mention of climate hazards or mental health; topic is exercise therapy for pain in athletes.,{},deepseek-v4-flash,per-topic prompt set 00-05 v2 (outcome discipline),2026-07-19T08:47:26
D0000950,A comparison of 'flooding' and 'successive approximation' in the treatment of agoraphobia,,yes,EXCLUDE (no eligible topic),"Flooding is a therapy technique, not an environmental hazard.",{},deepseek-v4-flash,per-topic prompt set 00-05 v2 (outcome discipline),2026-07-19T08:47:30
D0022933,"Emergency physician interventions in the care of patients with acute coronary syndrome: Comparative, retrospective, observational study",,no,EXCLUDE (no eligible topic),No mention of any climate hazard; focuses on medical interventions for acute coronary syndrome.,{},deepseek-v4-flash,per-topic prompt set 00-05 v2 (outcome discipline),2026-07-19T08:47:33
D0118367,"Leucocyte agglutinins as a cause of agranulocytosis (pyramidon, etc.)",,no,EXCLUDE (no eligible topic),No climate hazard or mental health signal in title/abstract.,{},deepseek-v4-flash,per-topic prompt set 00-05 v2 (outcome discipline),2026-07-19T08:47:38
D0093280,Radon and Non-Cancer Pulmonary Health Effects in Children: A State of The Art Review,,no,EXCLUDE (no eligible topic),No hazard topic; focuses on radon exposure and respiratory health.,{},deepseek-v4-flash,per-topic prompt set 00-05 v2 (outcome discipline),2026-07-19T08:47:41
D0099200,Behavioral measures of experiential avoidance: The role of context in predicting performance on two stressful tasks,,no,EXCLUDE (no eligible topic),No mention of climate hazard topics; lab-based thermal exposure not ambient.,{},deepseek-v4-flash,per-topic prompt set 00-05 v2 (outcome discipline),2026-07-19T08:47:45
D0079157,The importance of health behaviours and especially broader self-management abilities for older Turkish immigrants,,yes,EXCLUDE (no eligible topic),No climate hazard mentioned; focuses on health behaviours and self-management.,{},deepseek-v4-flash,per-topic prompt set 00-05 v2 (outcome discipline),2026-07-19T08:47:57
D0071491,Extended effects of chronic social stress on the behaviors of adolescents in adulthood,,yes,EXCLUDE (no eligible topic),Animal study on social stress in mice; no climate hazard exposure.,{},deepseek-v4-flash,per-topic prompt set 00-05 v2 (outcome discipline),2026-07-19T08:48:00
D0083360,"Nontraumatic Exertional Fatalities in Football Players, Part 2: Excess in Conditioning Kills",,no,EXCLUDE (no eligible topic),No ambient hazard exposure mentioned; focuses on exertional heat stroke in football.,{},deepseek-v4-flash,per-topic prompt set 00-05 v2 (outcome discipline),2026-07-19T08:48:04
D0009139,Prenatal tobacco smoke exposure increases hospitalizations for bronchiolitis in infants,,no,EXCLUDE (no eligible topic),No climate hazard exposure mentioned; only tobacco smoke exposure.,{},deepseek-v4-flash,per-topic prompt set 00-05 v2 (outcome discipline),2026-07-19T08:48:07
D0131453,Aspetti psichici dei disastri,drought,yes,EXCLUDE,drought:EXCLUDE,"{""drought"": {""decision"": ""EXCLUDE"", ""review_flag"": false, ""reason"": ""General discussion of disaster psychology, not an empirical study on drought and mental health.""}}",deepseek-v4-flash,per-topic prompt set 00-05 v2 (outcome discipline),2026-07-19T08:48:14
D0007396,Admissions due to pneumonia and biomass burning: A spatial approach,,no,EXCLUDE (no eligible topic),"No hazard exposure relevant to registered topics; outcome is pneumonia, not mental health.",{},deepseek-v4-flash,per-topic prompt set 00-05 v2 (outcome discipline),2026-07-19T08:48:40
D0103684,Hospital efforts in smoking control: remaining barriers and challenges.,,no,EXCLUDE (no eligible topic),No climate hazard discussed; topic is hospital smoking policies.,{},deepseek-v4-flash,per-topic prompt set 00-05 v2 (outcome discipline),2026-07-19T08:48:45
D0093444,Association of Cooking Behaviors and Kitchen Particulate Matter with Cognitive Function: A Qualitative and Quantitative Study,,no,EXCLUDE (no eligible topic),No mention of any registered hazard topic; focuses on cooking behaviors and cognitive function.,{},deepseek-v4-flash,per-topic prompt set 00-05 v2 (outcome discipline),2026-07-19T08:48:49
D0065339,Biochemical markers of cardiovascular damage from tobacco smoke,,no,EXCLUDE (no eligible topic),No climate hazard topics present; tobacco smoke is not wildfire.,{},deepseek-v4-flash,per-topic prompt set 00-05 v2 (outcome discipline),2026-07-19T08:48:52
D0091046,The perfect storm: A case of cofactor associated LTP allergy coexisting with cholinergic and vibratory urticaria,,no,EXCLUDE (no eligible topic),Record is about food allergy and urticaria; no climate hazard exposure mentioned.,{},deepseek-v4-flash,per-topic prompt set 00-05 v2 (outcome discipline),2026-07-19T08:48:55
D0093663,Seed microbiota legacy mitigates the effect of drought in wheat,,no,EXCLUDE (no eligible topic),Plant-focused study on wheat seed microbiota and drought stress; no human exposure.,{},deepseek-v4-flash,per-topic prompt set 00-05 v2 (outcome discipline),2026-07-19T08:48:59
D0008932,Ambient air pollution and depressive symptoms in older adults: Results from the MOBILIZE Boston study,,yes,EXCLUDE (no eligible topic),No specific hazard topic present; study on general air pollution and depression.,{},deepseek-v4-flash,per-topic prompt set 00-05 v2 (outcome discipline),2026-07-19T08:49:03
D0027768,"High-altitude-related disorders - Part I: Pathophysiology, differential diagnosis, and treatment",,no,EXCLUDE (no eligible topic),No climate hazard topic; record focuses on high-altitude physiology.,{},deepseek-v4-flash,per-topic prompt set 00-05 v2 (outcome discipline),2026-07-19T08:49:06
D0014532,Association Between Exposure to Hurricane Irma and Mortality and Hospitalization in Florida Nursing Home Residents,cyclone,no,EXCLUDE,cyclone:EXCLUDE,"{""cyclone"": {""decision"": ""EXCLUDE"", ""review_flag"": false, ""reason"": ""Outcomes are mortality and hospitalization, no mental health outcome.""}}",deepseek-v4-flash,per-topic prompt set 00-05 v2 (outcome discipline),2026-07-19T08:49:14
D0117827,Smoking habits and disease in Illinois,,no,EXCLUDE (no eligible topic),No climate hazard or mental health signal.,{},deepseek-v4-flash,per-topic prompt set 00-05 v2 (outcome discipline),2026-07-19T08:49:18
D0030732,Transplantation: Pump it up: Conserving a precious resource?,,no,EXCLUDE (no eligible topic),No hazard or mental health signal in title/abstract.,{},deepseek-v4-flash,per-topic prompt set 00-05 v2 (outcome discipline),2026-07-19T08:49:20
D0083498,Recounting the FANTOM CAGE-Associated Transcriptome,,no,EXCLUDE (no eligible topic),No climate hazard or mental health content.,{},deepseek-v4-flash,per-topic prompt set 00-05 v2 (outcome discipline),2026-07-19T08:49:23
D0006583,Risk factors for PTSD after Typhoon Morakot among elderly people in Taiwanese aboriginal communities,cyclone,yes,INCLUDE,cyclone:INCLUDE,"{""cyclone"": {""decision"": ""INCLUDE"", ""review_flag"": false, ""reason"": ""Empirical study of PTSD after Typhoon Morakot in elderly aboriginal population.""}}",deepseek-v4-flash,per-topic prompt set 00-05 v2 (outcome discipline),2026-07-19T08:49:30
D0083135,Landscapes of Fire,wildfire,no,EXCLUDE,wildfire:EXCLUDE,"{""wildfire"": {""decision"": ""EXCLUDE"", ""review_flag"": false, ""reason"": ""No mention of wildfire or mental health; abstract empty""}}",deepseek-v4-flash,per-topic prompt set 00-05 v2 (outcome discipline),2026-07-19T08:49:39
D0097667,Reductions in cerebral blood flow during passive heat stress in humans: Partitioning the mechanisms,,no,EXCLUDE (no eligible topic),"Passive heat stress is physiological, not environmental hazard exposure; no mental health signal.",{},deepseek-v4-flash,per-topic prompt set 00-05 v2 (outcome discipline),2026-07-19T08:49:42
D0069740,Pharmacogenetics and pharmacogenomics of schizophrenia: A review of last decade of research,,no,EXCLUDE (no eligible topic),No mention of any climate hazard or climate-related mental health exposure.,{},deepseek-v4-flash,per-topic prompt set 00-05 v2 (outcome discipline),2026-07-19T08:50:06
D0089178,Perinatal diesel exhaust exposure causes persistent changes in the brains of aged mice: An assessment of behavioral and biochemical endpoints related to neurode,,no,EXCLUDE (no eligible topic),"No climate hazard; diesel exhaust exposure in mice, not human population, no mental health signal.",{},deepseek-v4-flash,per-topic prompt set 00-05 v2 (outcome discipline),2026-07-19T08:50:10
D0102778,Heat injury: a possible association with lithium carbonate therapy.,temperature,no,EXCLUDE,temperature:EXCLUDE,"{""temperature"": {""decision"": ""EXCLUDE"", ""review_flag"": false, ""reason"": ""Outcome is heat injury, not mental-health/wellbeing.""}}",deepseek-v4-flash,per-topic prompt set 00-05 v2 (outcome discipline),2026-07-19T08:50:19
D0085724,Varying numbers of acute wheezing cases presenting to paediatric emergency during the COVID-19 pandemic,,no,EXCLUDE (no eligible topic),"No climate hazard topic present; focuses on asthma, PM2.5, and viral infections.",{},deepseek-v4-flash,per-topic prompt set 00-05 v2 (outcome discipline),2026-07-19T08:50:23
D0127043,"Effect of Lower Extremities Cold Immersion Applied to Patients With Varicose Veins on Quality of Life, Anxiety and Symptoms",,yes,EXCLUDE (no eligible topic),No environmental hazard; therapeutic cold immersion for varicose veins.,{},deepseek-v4-flash,per-topic prompt set 00-05 v2 (outcome discipline),2026-07-19T08:50:27
D0053042,Resistance of an intertidal oyster(Saccostrea mordax)to marine heatwaves and the implication for reef building,,no,EXCLUDE (no eligible topic),No human population; study on oyster physiology under marine heatwaves.,{},deepseek-v4-flash,per-topic prompt set 00-05 v2 (outcome discipline),2026-07-19T08:50:31
D0120902,A Trial of the Effects of Glycine Loading on Clinical Symptoms and Logical Memory in Patients With Schizophrenia,,no,EXCLUDE (no eligible topic),No climate hazard or mental-health signal related to climate.,{},deepseek-v4-flash,per-topic prompt set 00-05 v2 (outcome discipline),2026-07-19T08:50:35
D0124770,Clozapine induced hypothermia: A chilling side effect,,no,EXCLUDE (no eligible topic),"Drug-induced hypothermia, not environmental temperature exposure; no candidate hazard topic.",{},deepseek-v4-flash,per-topic prompt set 00-05 v2 (outcome discipline),2026-07-19T08:50:40
D0080189,Sepsis: A cause of sudden unexpected death and a working definition,,no,EXCLUDE (no eligible topic),No climate hazard exposure mentioned; focuses on sepsis in pediatric sudden death.,{},deepseek-v4-flash,per-topic prompt set 00-05 v2 (outcome discipline),2026-07-19T08:50:43
D0066615,Effect of secondhand smoke on occupancy of nicotinic acetylcholine receptors in brain,,no,EXCLUDE (no eligible topic),No climate hazard mentioned; focus on secondhand smoke and brain receptors.,{},deepseek-v4-flash,per-topic prompt set 00-05 v2 (outcome discipline),2026-07-19T08:50:46
D0128102,Impact of Air Pollution on Cardiac Arrhythmia in Patients With Implantable Cardiac Defibrillators,,no,EXCLUDE (no eligible topic),"Exposure is generic air pollution, not one of the five hazard topics.",{},deepseek-v4-flash,per-topic prompt set 00-05 v2 (outcome discipline),2026-07-19T08:50:50
D0046900,Vertical Structure Characteristics of Atmospheric Boundary Layer in Spring Sandstorm over Hexi Corridor,,no,EXCLUDE (no eligible topic),"Focuses on meteorological characteristics of sandstorm, not on specified hazards.",{},deepseek-v4-flash,per-topic prompt set 00-05 v2 (outcome discipline),2026-07-19T08:50:55
D0090166,SEXUAL DYSFUNCTIONS SECONDARY TO LUMBOSACRAL ANNULAR TEAR-INDUCED SACRAL RADICULOPATHY: 'GENITO-PELVIC SCIATICA',,no,EXCLUDE (no eligible topic),No mention of climate hazards; focuses on sexual dysfunctions from spinal injury.,{},deepseek-v4-flash,per-topic prompt set 00-05 v2 (outcome discipline),2026-07-19T08:50:59
D0113637,"23rd International Symposium on Knowledge and Systems Sciences, KSS 2024",,no,EXCLUDE (no eligible topic),No climate hazards or mental health signals in title/abstract.,{},deepseek-v4-flash,per-topic prompt set 00-05 v2 (outcome discipline),2026-07-19T08:51:02
D0093979,A Multimodal Deep Learning Framework For Early Depression Detection Using Social Media Text And Facial Images,,yes,EXCLUDE (no eligible topic),No climate hazard mentioned; focuses on depression detection from social media.,{},deepseek-v4-flash,per-topic prompt set 00-05 v2 (outcome discipline),2026-07-19T08:51:08
D0055228,"Food, climate, and the mind: Food (in)security and climate resilience as social determinants of mental health",drought; flood,yes,INCLUDE,drought:INCLUDE | flood:INCLUDE,"{""drought"": {""decision"": ""INCLUDE"", ""review_flag"": false, ""reason"": ""Drought exposure associated with poor mental health in smallholder farmers.""}, ""flood"": {""decision"": ""INCLUDE"", ""review_flag"": false, ""reason"": ""Flood exposure associated with poor mental health in smallholder farmers.""}}",deepseek-v4-flash,per-topic prompt set 00-05 v2 (outcome discipline),2026-07-19T08:51:20
D0124012,"Anatrophic nephrolithotomy for complete staghorn calculI: Experience, simplified modification and functional results",,no,EXCLUDE (no eligible topic),No climate hazard or mental health signal; purely surgical study.,{},deepseek-v4-flash,per-topic prompt set 00-05 v2 (outcome discipline),2026-07-19T08:51:23
D0032799,Psychological Stress and the Autonomic Nervous System,,yes,EXCLUDE (no eligible topic),No specific hazard exposure; only general psychological stress and autonomic responses.,{},deepseek-v4-flash,per-topic prompt set 00-05 v2 (outcome discipline),2026-07-19T08:51:29
D0106923,[Lessons learned from tuberculosis outbreak cases].,,no,EXCLUDE (no eligible topic),No climate hazard or mental health signal; solely about tuberculosis outbreak.,{},deepseek-v4-flash,per-topic prompt set 00-05 v2 (outcome discipline),2026-07-19T08:51:33
D0102361,Variability of the erythropoietic response in autoimmune hemolytic anemia: analysis of 109 cases.,,no,EXCLUDE (no eligible topic),"Record is about autoimmune hemolytic anemia, no climate hazard or mental health signal.",{},deepseek-v4-flash,per-topic prompt set 00-05 v2 (outcome discipline),2026-07-19T08:51:36
D0106229,[Disease mongering and bipolar disorder in Japan].,,yes,EXCLUDE (no eligible topic),No climate hazard mentioned; topic unrelated.,{},deepseek-v4-flash,per-topic prompt set 00-05 v2 (outcome discipline),2026-07-19T08:51:40
D0045396,Let It Rain: The American College of Surgeons Geriatric Surgery Verification Program,,no,EXCLUDE (no eligible topic),No hazard or mental health signal in title; abstract missing.,{},deepseek-v4-flash,per-topic prompt set 00-05 v2 (outcome discipline),2026-07-19T08:51:43
D0074184,Seeing through the smoke: Human and animal studies of cannabis use and endocannabinoid signalling in corticolimbic networks,,no,EXCLUDE (no eligible topic),No climate hazard or mental health signal present.,{},deepseek-v4-flash,per-topic prompt set 00-05 v2 (outcome discipline),2026-07-19T08:51:56
D0044275,"Investigation of the character and impact of tropical cyclone Yaas: a study over coastal districts of West Bengal, India",cyclone; flood,no,EXCLUDE,cyclone:EXCLUDE | flood:EXCLUDE,"{""cyclone"": {""decision"": ""EXCLUDE"", ""review_flag"": false, ""reason"": ""No mental health outcome measured; focuses on physical inundation and precipitation.""}, ""flood"": {""decision"": ""EXCLUDE"", ""review_flag"": false, ""reason"": ""No measured mental health outcome; focuses on inundation mapping from cyclone.""}}",deepseek-v4-flash,per-topic prompt set 00-05 v2 (outcome discipline),2026-07-19T08:52:10
D0106006,[Measures after outbreak of a fire in social facilities: evacuation--when and how?].,,unclear,EXCLUDE (no eligible topic),"Fire in social facility is structural, not wildfire; no other hazards mentioned.",{},deepseek-v4-flash,per-topic prompt set 00-05 v2 (outcome discipline),2026-07-19T08:52:14
D0120776,Discrepancy between objective and subjective sleep in patients with posttraumatic stress disorder: An actigraphic study,,yes,EXCLUDE (no eligible topic),"Subway fire is not a registered hazard; no ambient temperature, wildfire, flood, cyclone, or drought mentioned.",{},deepseek-v4-flash,per-topic prompt set 00-05 v2 (outcome discipline),2026-07-19T08:52:21
D0063623,Inverse relationship of urinary cyclic GMP to blood pressure reactivity in the CARDIA study: Vasodilatory regulation of sympathetic vasoconstriction,,no,EXCLUDE (no eligible topic),No climate hazard or mental health signal mentioned.,{},deepseek-v4-flash,per-topic prompt set 00-05 v2 (outcome discipline),2026-07-19T08:52:24
D0019125,Short-Term Exposure to Air Pollution and Ischemic Stroke: A Systematic Review and Meta-Analysis,,no,EXCLUDE (no eligible topic),No mention of any candidate hazard; focuses on air pollution and stroke.,{},deepseek-v4-flash,per-topic prompt set 00-05 v2 (outcome discipline),2026-07-19T08:52:27
D0092880,A randomised waitlist-controlled trial protocol for examining the efficacy of a nature-based intervention (angling) for military veterans and emergency service ,,yes,EXCLUDE (no eligible topic),No climate hazard mentioned; nature-based intervention for PTSD treatment.,{},deepseek-v4-flash,per-topic prompt set 00-05 v2 (outcome discipline),2026-07-19T08:52:30
D0016756,Essentials in saline pharmacology for nasal or respiratory hygiene in times of COVID-19,,no,EXCLUDE (no eligible topic),No climate hazard topic present.,{},deepseek-v4-flash,per-topic prompt set 00-05 v2 (outcome discipline),2026-07-19T08:52:33
D0012587,Local pollutants go global: The impacts of intercontinental air pollution from China on air quality and morbidity in California.,,no,EXCLUDE (no eligible topic),No eligible hazard topic mentioned; focuses on intercontinental air pollution and sandstorms.,{},deepseek-v4-flash,per-topic prompt set 00-05 v2 (outcome discipline),2026-07-19T08:52:47
D0069150,Smoking behavior in men hospitalized with cardiovascular disease in Korea: A cross-sectional descriptive study,,no,EXCLUDE (no eligible topic),No climate hazard or mental health signal present.,{},deepseek-v4-flash,per-topic prompt set 00-05 v2 (outcome discipline),2026-07-19T08:52:50
D0128211,"Comparison of the Effects of Cold Application and Exercise With Virtual Reality Interventions on Pain, Kinesiophobia, and Fragility Levels in Patients With Diab",,no,EXCLUDE (no eligible topic),"No climate hazard or mental health signal; cold application is therapeutic, not environmental.",{},deepseek-v4-flash,per-topic prompt set 00-05 v2 (outcome discipline),2026-07-19T08:52:54
D0113437,Climate and lymphoedema: What we know from the literature,,no,EXCLUDE (no eligible topic),No mention of a registered climate hazard; focuses on warmer weather and lymphoedema management.,{},deepseek-v4-flash,per-topic prompt set 00-05 v2 (outcome discipline),2026-07-19T08:52:59
D0115966,Smoking cessation programs used by general practitioners and specialists,,no,EXCLUDE (no eligible topic),No climate hazard mentioned; focuses on smoking cessation.,{},deepseek-v4-flash,per-topic prompt set 00-05 v2 (outcome discipline),2026-07-19T08:53:02
D0052672,Climate Change and Heat: Challenges for Child Health Outcomes and Inequities,temperature,no,EXCLUDE,temperature:EXCLUDE,"{""temperature"": {""decision"": ""EXCLUDE"", ""review_flag"": false, ""reason"": ""Review article, no original empirical data; outcome not mental health.""}}",deepseek-v4-flash,per-topic prompt set 00-05 v2 (outcome discipline),2026-07-19T08:53:10
D0087988,REINTUBATION RATES IN UNPLANNED EXTUBATIONS IN ICUS,,no,EXCLUDE (no eligible topic),No climate hazard exposure mentioned; record is about mechanical ventilation.,{},deepseek-v4-flash,per-topic prompt set 00-05 v2 (outcome discipline),2026-07-19T08:53:13
D0008580,Fate of Finally Transplanted Deceased Donor Kidneys Initially Rejected at Other Kidney Transplantation Centers,,no,EXCLUDE (no eligible topic),"Record is about kidney transplantation, no climate hazard or mental health mention.",{},deepseek-v4-flash,per-topic prompt set 00-05 v2 (outcome discipline),2026-07-19T08:53:17
D0012701,Prenatal exposure to disaster-related traumatic stress and developmental trajectories of temperament in early childhood: Superstorm Sandy pregnancy study,cyclone,yes,EXCLUDE,cyclone:EXCLUDE,"{""cyclone"": {""decision"": ""EXCLUDE"", ""review_flag"": false, ""reason"": ""Outcome is temperament not eligible mental health/wellbeing.""}}",deepseek-v4-flash,per-topic prompt set 00-05 v2 (outcome discipline),2026-07-19T08:53:25
D0113841,A comparative study of conventional and long-acting formulations of propranolol in essential hypertension,,no,EXCLUDE (no eligible topic),No mention of climate hazards or mental health; focuses on hypertension medication.,{},deepseek-v4-flash,per-topic prompt set 00-05 v2 (outcome discipline),2026-07-19T08:53:28
D0095821,Pain integration of multimodal noxious stimulation based on the perceptual instruction,,no,EXCLUDE (no eligible topic),Lab study on pain integration with no climate hazard exposure or mental health outcome.,{},deepseek-v4-flash,per-topic prompt set 00-05 v2 (outcome discipline),2026-07-19T08:53:31
D0087677,Helping Frontline Workers in Texas—A Framework for Resource Development,,yes,EXCLUDE (no eligible topic),No mention of any climate hazard in title or abstract.,{},deepseek-v4-flash,per-topic prompt set 00-05 v2 (outcome discipline),2026-07-19T08:53:36
D0129023,"Posttraumatic stress symptoms, dissociation, and alexithymia in an Italian sample of flood victims",flood,yes,INCLUDE,flood:INCLUDE,"{""flood"": {""decision"": ""INCLUDE"", ""review_flag"": false, ""reason"": ""Flood victims assessed for PTSD symptoms; eligible exposure and outcome.""}}",deepseek-v4-flash,per-topic prompt set 00-05 v2 (outcome discipline),2026-07-19T08:53:41
D0003396,"Social desirability, psychological symptoms, and perceived health in burn injured patients",,yes,EXCLUDE (no eligible topic),No climate hazard mentioned; burn injuries unrelated to wildfire or ambient temperature.,{},deepseek-v4-flash,per-topic prompt set 00-05 v2 (outcome discipline),2026-07-19T08:53:57
D0055424,The interconnection between urban green areas and cultural ecosystem services: A case study in Boadilla del Monte (Spain),,no,EXCLUDE (no eligible topic),No specific hazard exposure; only mentions urban heat island generally.,{},deepseek-v4-flash,per-topic prompt set 00-05 v2 (outcome discipline),2026-07-19T08:54:01
D0090110,Thermal comfort and gender affirmation: A virtual ethnography of extreme heat among trans women in Rio de Janeiro,temperature,no,EXCLUDE,temperature:EXCLUDE,"{""temperature"": {""decision"": ""EXCLUDE"", ""review_flag"": false, ""reason"": ""Outcome is thermal discomfort/heat stress, not mental health/wellbeing""}}",deepseek-v4-flash,per-topic prompt set 00-05 v2 (outcome discipline),2026-07-19T08:54:08
D0000652,Psychotherapy with wives of sexual deviants.,,no,EXCLUDE (no eligible topic),No climate hazard or relevant mental health outcome mentioned.,{},deepseek-v4-flash,per-topic prompt set 00-05 v2 (outcome discipline),2026-07-19T08:54:20
D0031222,Rhabdomyolysis of the deltoid muscle in a bodybuilder using anabolic-androgenic steroids: A case report,,no,EXCLUDE (no eligible topic),No climate hazard or mental health signal present; case report on steroid-induced rhabdomyolysis.,{},deepseek-v4-flash,per-topic prompt set 00-05 v2 (outcome discipline),2026-07-19T08:54:24
D0097392,Does acute stress induced via cold water immersion increase blood THC concentrations in regular cannabis users?,,no,EXCLUDE (no eligible topic),"Cold water immersion is lab stressor, not environmental temperature exposure.",{},deepseek-v4-flash,per-topic prompt set 00-05 v2 (outcome discipline),2026-07-19T08:54:29
D0103358,Mental health in the North.,,yes,EXCLUDE (no eligible topic),Title mentions mental health but no specific climate hazard.,{},deepseek-v4-flash,per-topic prompt set 00-05 v2 (outcome discipline),2026-07-19T08:54:32
D0062981,Measurement of self reported active exposure to cigarette smoke,,no,EXCLUDE (no eligible topic),No climate hazard topic present; record about cigarette smoke exposure.,{},deepseek-v4-flash,per-topic prompt set 00-05 v2 (outcome discipline),2026-07-19T08:54:35
D0021477,Climate Change and Mental Health: An Interactive Educational Session,,yes,HUMAN_REVIEW (no topic),No specific hazard mentioned; only general climate change.,{},deepseek-v4-flash,per-topic prompt set 00-05 v2 (outcome discipline),2026-07-19T08:54:40
D0004904,Effects of induced stress on experimental pain sensitivity in chronic tension-type headache sufferers,,no,EXCLUDE (no eligible topic),No mention of climate hazards; only laboratory stress and pain sensitivity.,{},deepseek-v4-flash,per-topic prompt set 00-05 v2 (outcome discipline),2026-07-19T08:54:44
D0090293,What child psychiatric care to offer children of parents with a psychiatric pathology? Reflections based on a clinical situation,,yes,EXCLUDE (no eligible topic),No mention of any climate hazard in title or abstract.,{},deepseek-v4-flash,per-topic prompt set 00-05 v2 (outcome discipline),2026-07-19T08:54:47
D0043961,Impact of the madden–Julian oscillation on north Indian ocean cyclone intensity,cyclone,no,EXCLUDE,cyclone:EXCLUDE,"{""cyclone"": {""decision"": ""EXCLUDE"", ""review_flag"": false, ""reason"": ""No mental health outcome; purely meteorological study""}}",deepseek-v4-flash,per-topic prompt set 00-05 v2 (outcome discipline),2026-07-19T08:54:54
D0096012,"THE EFFECTS AND ASSOCIATIONS OF PHYSICAL EXERCISE IN LUTEAL PHASE ON HEAT DISSIPATION, SLEEP STRUCTURE, AND SUBJECTIVE EVALUATION",,yes,EXCLUDE (no eligible topic),No environmental hazard exposure; study on body temperature and sleep.,{},deepseek-v4-flash,per-topic prompt set 00-05 v2 (outcome discipline),2026-07-19T08:54:59
D0129536,Looking homeward: Place attachment and forced relocation,cyclone,yes,INCLUDE,cyclone:INCLUDE,"{""cyclone"": {""decision"": ""INCLUDE"", ""review_flag"": false, ""reason"": ""Hurricane Katrina linked to psychological distress in qualitative study""}}",deepseek-v4-flash,per-topic prompt set 00-05 v2 (outcome discipline),2026-07-19T08:55:05
D0129388,Community crisis intervention: The Coldenham tragedy revisited,,yes,EXCLUDE (no eligible topic),Specific hazard (tornado) not in registered topics; has mental health signal and human population.,{},deepseek-v4-flash,per-topic prompt set 00-05 v2 (outcome discipline),2026-07-19T08:55:18
D0122162,"A Single-center, Open-label, Randomized, Controlled, Crossover Study to Explore the Nicotine Pharmacokinetic Profile and Safety of Tobacco Heating System (THS) ",,no,EXCLUDE (no eligible topic),No mention of climate hazard or mental health.,{},deepseek-v4-flash,per-topic prompt set 00-05 v2 (outcome discipline),2026-07-19T08:55:21
D0084024,Perspectives on Research Participation Feedback: Results from Burn Survivor Focus Groups,,yes,EXCLUDE (no eligible topic),"No candidate hazard topic; record focuses on burn injury from fire/flame, not wildfire or other listed hazards.",{},deepseek-v4-flash,per-topic prompt set 00-05 v2 (outcome discipline),2026-07-19T08:55:35
D0126135,Long Term Use of a High Energy Pulsed Heating Device in the Management of Chronic Pain,,no,EXCLUDE (no eligible topic),No climate hazard or mental health signal; record about medical device for pain.,{},deepseek-v4-flash,per-topic prompt set 00-05 v2 (outcome discipline),2026-07-19T08:55:38
D0077676,Timing of text message reminders to increase trial participant response to postal questionnaires: An embedded randomized trial,,no,EXCLUDE (no eligible topic),No climate hazard or mental health signal; record about text message reminders for questionnaire response.,{},deepseek-v4-flash,per-topic prompt set 00-05 v2 (outcome discipline),2026-07-19T08:55:42
D0120074,Physical and psychological nicotine dependence in Greeks: an epidemiological study.,,yes,EXCLUDE (no eligible topic),No climate hazard exposure; study is about nicotine dependence only.,{},deepseek-v4-flash,per-topic prompt set 00-05 v2 (outcome discipline),2026-07-19T08:55:45
D0122515,Sympathoadrenal reactivity to stress as a predictor of cardiovascular risk factors,,no,EXCLUDE (no eligible topic),No climate hazard topic or mental health signal present.,{},deepseek-v4-flash,per-topic prompt set 00-05 v2 (outcome discipline),2026-07-19T08:55:48
D0033881,Ripple marks on cast steel surfaces,,no,EXCLUDE (no eligible topic),Materials science record about steel casting; no climate hazard or mental health signal.,{},deepseek-v4-flash,per-topic prompt set 00-05 v2 (outcome discipline),2026-07-19T08:55:51
D0074910,Clinical and demographic characteristics of patients receiving opioid therapy during pregnancy,,no,EXCLUDE (no eligible topic),No climate hazard mentioned; record is about opioid therapy in pregnancy.,{},deepseek-v4-flash,per-topic prompt set 00-05 v2 (outcome discipline),2026-07-19T08:55:55
D0068004,Ethnicity and subjective sleep quality are interactively related to standard and situation-specific measures of pain catastrophizing,,no,EXCLUDE (no eligible topic),No climate hazard exposure; study on pain catastrophizing and sleep quality.,{},deepseek-v4-flash,per-topic prompt set 00-05 v2 (outcome discipline),2026-07-19T08:55:59
D0037814,"Holocene stratigraphic evolution of saline lakes in Nhecolândia, southern Pantanal wetlands (Brazil)",,no,EXCLUDE (no eligible topic),No mention of any of the five hazard topics; geological study of lake sediments.,{},deepseek-v4-flash,per-topic prompt set 00-05 v2 (outcome discipline),2026-07-19T08:56:02
D0000617,Noninvasive detection of coronary artery disease by myocardial imaging with thallium-201--the significance of pharmacologic interventions.,,no,EXCLUDE (no eligible topic),No climate hazard or mental health signal,{},deepseek-v4-flash,per-topic prompt set 00-05 v2 (outcome discipline),2026-07-19T08:56:05
D0071351,Neural bases of pharmacological treatment of nicotine dependence - Insights from functional brain imaging: A systematic review,,no,EXCLUDE (no eligible topic),No mention of climate hazards; focuses on nicotine dependence and fMRI.,{},deepseek-v4-flash,per-topic prompt set 00-05 v2 (outcome discipline),2026-07-19T08:56:09
D0033475,Exploring the potential use of a risk-based approach to assessing the geotechnical well-being of the slopes of old embankment dams,,no,EXCLUDE (no eligible topic),No climate hazard or mental health signal; purely geotechnical engineering.,{},deepseek-v4-flash,per-topic prompt set 00-05 v2 (outcome discipline),2026-07-19T08:56:12
D0007216,"Artemin causes hypersensitivity to warm sensation, mimicking warmth-provoked pruritus in atopic dermatitis",,no,EXCLUDE (no eligible topic),Laboratory study on artemin and thermal hyperalgesia; no climate exposure or human population.,{},deepseek-v4-flash,per-topic prompt set 00-05 v2 (outcome discipline),2026-07-19T08:56:15
D0015672,Mal/adaptations: A qualitative evidence synthesis of opioid agonist therapy during major disruptions,cyclone,no,EXCLUDE,cyclone:EXCLUDE,"{""cyclone"": {""decision"": ""EXCLUDE"", ""review_flag"": false, ""reason"": ""Qualitative synthesis on OAT program experiences, not a measured mental-health outcome.""}}",deepseek-v4-flash,per-topic prompt set 00-05 v2 (outcome discipline),2026-07-19T08:56:25
D0042010,Which urban design parameters provide climate-proof cities? An application of the Urban Cooling InVEST Model in the city of Milan comparing historical planning ,temperature,no,EXCLUDE,temperature:EXCLUDE,"{""temperature"": {""decision"": ""EXCLUDE"", ""review_flag"": false, ""reason"": ""No mental health outcome measured; focuses on urban cooling and design""}}",deepseek-v4-flash,per-topic prompt set 00-05 v2 (outcome discipline),2026-07-19T08:56:31
D0124154,Beta blocker treatment for infantile hemangiomas,,no,EXCLUDE (no eligible topic),"Record describes beta blocker treatment for infantile hemangiomas, no climate hazard or mental health content.",{},deepseek-v4-flash,per-topic prompt set 00-05 v2 (outcome discipline),2026-07-19T08:56:34
D0096485,Cross-Cutting Prevention Tool for Early Identification of Youth Firesetting,,no,EXCLUDE (no eligible topic),"Youth firesetting is a behavioral issue, not a climate hazard.",{},deepseek-v4-flash,per-topic prompt set 00-05 v2 (outcome discipline),2026-07-19T08:56:39
D0042634,Google Trends-based non-English language query data and epidemic diseases: A cross-sectional study of the popular search behaviour in Taiwan,,unclear,EXCLUDE (no eligible topic),"Record only mentions generic natural catastrophes, no specific hazard.",{},deepseek-v4-flash,per-topic prompt set 00-05 v2 (outcome discipline),2026-07-19T08:56:46
D0066304,A cognitive model of hallucinations,,no,EXCLUDE (no eligible topic),No climate hazard mentioned; abstract focuses on cognitive model of hallucinations in schizophrenia.,{},deepseek-v4-flash,per-topic prompt set 00-05 v2 (outcome discipline),2026-07-19T08:56:53
D0120850,Music as a healing art for older adults.,,no,EXCLUDE (no eligible topic),No mention of climate hazards or mental health related to climate events.,{},deepseek-v4-flash,per-topic prompt set 00-05 v2 (outcome discipline),2026-07-19T08:56:57
D0060486,Models and solutions for isothermal and nonisothermal evaporation from a partially filled tube,,no,EXCLUDE (no eligible topic),Engineering study on tube evaporation; no environmental hazard or mental health mention.,{},deepseek-v4-flash,per-topic prompt set 00-05 v2 (outcome discipline),2026-07-19T08:57:01
D0070908,Differences in quit attempts between non-Hispanic Black and White daily smokers: The role of smoking motives,,no,EXCLUDE (no eligible topic),No climate hazard mentioned; focuses on smoking motives and racial disparities.,{},deepseek-v4-flash,per-topic prompt set 00-05 v2 (outcome discipline),2026-07-19T08:57:04
D0061177,A rare mediterranean enclave at the dead sea shores,,no,EXCLUDE (no eligible topic),No human population or hazard exposure; ecological study only.,{},deepseek-v4-flash,per-topic prompt set 00-05 v2 (outcome discipline),2026-07-19T08:57:07
D0020038,Long-term exposure to ambient particulate matter and stroke etiology: Results from the Women's Health Initiative,,no,EXCLUDE (no eligible topic),Record focuses on ambient PM and NO2; no reference to any registered hazard topic.,{},deepseek-v4-flash,per-topic prompt set 00-05 v2 (outcome discipline),2026-07-19T08:57:11
D0025675,Modulation of synaptic transmission at low temperatures by hibernation-related changes in ionic microenvironment in hippocampal slices of golden hamsters,,no,EXCLUDE (no eligible topic),Animal study on synaptic transmission at low temperatures; no human or environment hazard exposure.,{},deepseek-v4-flash,per-topic prompt set 00-05 v2 (outcome discipline),2026-07-19T08:57:15
D0122891,"Particulate Air Pollutants, Brain Structure, and Neurocognitive Disorders in Older Women",,no,EXCLUDE (no eligible topic),"Record focuses on particulate air pollution, not on any of the five registered hazard topics.",{},deepseek-v4-flash,per-topic prompt set 00-05 v2 (outcome discipline),2026-07-19T08:57:19
D0026909,"Taihu Lake, lower Yangze drainage basin: Evolution, sedimentation rate the sea level",,no,EXCLUDE (no eligible topic),No climate hazard or mental health signal; purely geological study.,{},deepseek-v4-flash,per-topic prompt set 00-05 v2 (outcome discipline),2026-07-19T08:57:22
D0048772,Efficacy and Safety of Percutaneous Transhepatic Cholangioscopy with the Spyglass DS Direct Visualization System in Patients with Surgically Altered Anatomy: A ,,no,EXCLUDE (no eligible topic),No climate hazard or mental health content; purely clinical procedure study.,{},deepseek-v4-flash,per-topic prompt set 00-05 v2 (outcome discipline),2026-07-19T08:57:26
D0104317,[Autonomic nervous system function at different periods in the alcohol abstinence syndrome].,,no,EXCLUDE (no eligible topic),No climate hazard mentioned; focuses on alcohol withdrawal and autonomic function.,{},deepseek-v4-flash,per-topic prompt set 00-05 v2 (outcome discipline),2026-07-19T08:57:31
D0067337,Altered states of consciousness occurring during expanded sexual response in the human female preliminary definitions,,no,EXCLUDE (no eligible topic),No mention of climate hazards; focuses on sexual response and altered consciousness.,{},deepseek-v4-flash,per-topic prompt set 00-05 v2 (outcome discipline),2026-07-19T08:57:35
D0107982,Abnormalities of serum sodium concentration in children,,no,EXCLUDE (no eligible topic),"Record discusses serum sodium abnormalities in children, not related to climate hazards or mental health.",{},deepseek-v4-flash,per-topic prompt set 00-05 v2 (outcome discipline),2026-07-19T08:57:38
D0114745,Effect of 3-methylisoxazole-5-carbonic acid on metabolism and heat production in mice exposed to cold,,no,EXCLUDE (no eligible topic),"Lab-only cold exposure in mice, no human population or mental health signal.",{},deepseek-v4-flash,per-topic prompt set 00-05 v2 (outcome discipline),2026-07-19T08:57:42
D0064562,Painless ST segment depression in patients with angina pectoris. Correlation with daily activities and cigarette smoking,,no,EXCLUDE (no eligible topic),No climate hazard topic mentioned; record is about angina and smoking.,{},deepseek-v4-flash,per-topic prompt set 00-05 v2 (outcome discipline),2026-07-19T08:57:45
D0075168,Lung cancer screening: latest developments and unanswered questions,,no,EXCLUDE (no eligible topic),No climate hazard or mental health signal; unrelated to climate hazards and mental health.,{},deepseek-v4-flash,per-topic prompt set 00-05 v2 (outcome discipline),2026-07-19T08:57:48
D0096980,Factors associated with asthma symptoms in colombian subpopulations aged 1 to 17 and 18 to 59: Secondary analysis of the study “prevalence of asthma and other a,,no,EXCLUDE (no eligible topic),No climate hazard mentioned; record focuses on asthma risk factors in Colombia.,{},deepseek-v4-flash,per-topic prompt set 00-05 v2 (outcome discipline),2026-07-19T08:57:51
D0111209,Natural plants effective in treatment of sexual dysfunction: A review,,no,EXCLUDE (no eligible topic),No climate hazard or mental health signal; review on herbal treatment for sexual dysfunction.,{},deepseek-v4-flash,per-topic prompt set 00-05 v2 (outcome discipline),2026-07-19T08:57:55
D0098734,Nitric oxide synthase inhibition selectively potentiates swim stress antinociception in rats,,no,EXCLUDE (no eligible topic),Animal study on cold-water swims in rats; no climate hazard or human exposure.,{},deepseek-v4-flash,per-topic prompt set 00-05 v2 (outcome discipline),2026-07-19T08:57:59
D0074200,Liverpool Hospital and the ring of fire: Anogenital contact dermatitis,,no,EXCLUDE (no eligible topic),No mention of any climate hazard.,{},deepseek-v4-flash,per-topic prompt set 00-05 v2 (outcome discipline),2026-07-19T08:58:03
D0130162,Examining hazard governance from a complex systems perspective,temperature,no,EXCLUDE,temperature:EXCLUDE,"{""temperature"": {""decision"": ""EXCLUDE"", ""review_flag"": false, ""reason"": ""No eligible mental health outcome; focuses on governance of heat relief network.""}}",deepseek-v4-flash,per-topic prompt set 00-05 v2 (outcome discipline),2026-07-19T08:58:10
D0099410,Some factors influencing the effect of environmental stressors upon performance,temperature,no,EXCLUDE,temperature:EXCLUDE,"{""temperature"": {""decision"": ""EXCLUDE"", ""review_flag"": false, ""reason"": ""Outcome is task performance, not mental health/wellbeing.""}}",deepseek-v4-flash,per-topic prompt set 00-05 v2 (outcome discipline),2026-07-19T08:58:26
D0126660,A Pilot Proof of Concept Pharmacokinetic/Pharmacodynamic Study of BXQ-350 in Cancer Patients Exposed to Oxaliplatin and/or Taxane-Based Chemotherapy,,no,EXCLUDE (no eligible topic),No climate hazard mentioned; study on cancer chemotherapy.,{},deepseek-v4-flash,per-topic prompt set 00-05 v2 (outcome discipline),2026-07-19T08:58:29
D0089194,Morbidity and Mortality of Unintentional Carbon Monoxide Poisoning: United States 2005 to 2018,,no,EXCLUDE (no eligible topic),No candidate climate hazard topic; record is about carbon monoxide poisoning.,{},deepseek-v4-flash,per-topic prompt set 00-05 v2 (outcome discipline),2026-07-19T08:58:33
D0060371,Hydrology of small tributary streams in a subarctic wetland,,no,EXCLUDE (no eligible topic),Hydrology study of subarctic wetland flooding; no human exposure or mental health.,{},deepseek-v4-flash,per-topic prompt set 00-05 v2 (outcome discipline),2026-07-19T08:58:37
D0057089,"Exploring the mechanism and treatment principles of testicular radiation injury from the perspective of "" the struggle between vital qi and pathogen"" theory",,no,EXCLUDE (no eligible topic),"Record discusses testicular radiation injury, not any climate hazard.",{},deepseek-v4-flash,per-topic prompt set 00-05 v2 (outcome discipline),2026-07-19T08:58:40
D0012949,Examining the Association between Apparent Temperature and Mental Health-Related Emergency Room Visits in California,temperature,yes,INCLUDE,temperature:INCLUDE,"{""temperature"": {""decision"": ""INCLUDE"", ""review_flag"": false, ""reason"": ""Apparent temp associated with mental health ER visits and suicide in California.""}}",deepseek-v4-flash,per-topic prompt set 00-05 v2 (outcome discipline),2026-07-19T08:58:45
D0049602,Climate Change and the Opioid Epidemic,,no,EXCLUDE (no eligible topic),No specific hazard topic mentioned; general climate change discussion.,{},deepseek-v4-flash,per-topic prompt set 00-05 v2 (outcome discipline),2026-07-19T08:58:49
D0010409,Adapting to Life after Hurricane Katrina and the Deepwater Horizon Oil Spill: An Examination of Psychological Resilience and Depression on the Mississippi Gulf ,cyclone,yes,INCLUDE,cyclone:INCLUDE,"{""cyclone"": {""decision"": ""INCLUDE"", ""review_flag"": false, ""reason"": ""Study links hurricane exposure to depression, eligible outcome.""}}",deepseek-v4-flash,per-topic prompt set 00-05 v2 (outcome discipline),2026-07-19T08:58:56
D0046917,Forest challenges – silvicultural answers,,no,EXCLUDE (no eligible topic),No specific climate hazard or mental health signal; forest management focus.,{},deepseek-v4-flash,per-topic prompt set 00-05 v2 (outcome discipline),2026-07-19T08:58:59
D0053692,Anisotropy of soil hydraulic properties induced by repeated machinery traffic in a Typic Argiudoll of the Argentinean Pampas Region,,no,EXCLUDE (no eligible topic),No climate hazard or mental health signal present; soil physics study.,{},deepseek-v4-flash,per-topic prompt set 00-05 v2 (outcome discipline),2026-07-19T08:59:03
D0110968,Women's issues in multiple sclerosis rehabilitation,,yes,EXCLUDE (no eligible topic),No climate hazard mentioned; discusses MS symptoms and rehabilitation.,{},deepseek-v4-flash,per-topic prompt set 00-05 v2 (outcome discipline),2026-07-19T08:59:06
D0068068,The hormetic role of dietary antioxidants in free radical-related diseases,,no,EXCLUDE (no eligible topic),"No mention of any candidate hazard topic (temperature, wildfire, flood, cyclone, drought) or mental health signal.",{},deepseek-v4-flash,per-topic prompt set 00-05 v2 (outcome discipline),2026-07-19T08:59:09
D0046705,Mobile energy recovery and storage: Multiple energy-powered EVs and refuelling stations,,no,EXCLUDE (no eligible topic),No mention of any climate hazard; record is about EV energy storage.,{},deepseek-v4-flash,per-topic prompt set 00-05 v2 (outcome discipline),2026-07-19T08:59:14
D0124868,Does Pain Reporting Accuracy Relates to the Intensity of Acute Post-operative Pain and Analgesic Drug Consumption?,,no,EXCLUDE (no eligible topic),No climate hazard mention; post-operative pain study.,{},deepseek-v4-flash,per-topic prompt set 00-05 v2 (outcome discipline),2026-07-19T08:59:18
D0127926,Study of the concentration of particulate pollutants in the psychiatric care center of Shahid Mostafa Khomeini hospital in Ilam in 2019,,no,EXCLUDE (no eligible topic),No mention of any registered hazard topic; study measures indoor PM concentrations.,{},deepseek-v4-flash,per-topic prompt set 00-05 v2 (outcome discipline),2026-07-19T08:59:22
D0075969,Smoke,wildfire,no,EXCLUDE,wildfire:EXCLUDE,"{""wildfire"": {""decision"": ""EXCLUDE"", ""review_flag"": false, ""reason"": ""Title only 'Smoke'; no abstract nor wildfire attribution.""}}",deepseek-v4-flash,per-topic prompt set 00-05 v2 (outcome discipline),2026-07-19T08:59:39
D0035638,Performance of snow fence at Banihal Top in Himalayan region,,no,EXCLUDE (no eligible topic),No mention of any of the five candidate hazards; focus on snow fence engineering.,{},deepseek-v4-flash,per-topic prompt set 00-05 v2 (outcome discipline),2026-07-19T08:59:43
D0121203,Low parental health literacy is associated with increased child secondhand smoke exposure,,no,EXCLUDE (no eligible topic),No mention of any climate hazard or mental health signal.,{},deepseek-v4-flash,per-topic prompt set 00-05 v2 (outcome discipline),2026-07-19T08:59:46
D0010241,Tobacco smoke pollution in hospitality venues before and after passage of statewide smoke‐free legislation,,no,EXCLUDE (no eligible topic),No mention of any climate hazard; topic is tobacco smoke pollution.,{},deepseek-v4-flash,per-topic prompt set 00-05 v2 (outcome discipline),2026-07-19T08:59:49
D0089557,Penile strangulation due to metallic foreign body; A rare case report highlighting effective management strategies for clinicians,,no,EXCLUDE (no eligible topic),No climate hazard or mental health signal present; irrelevant.,{},deepseek-v4-flash,per-topic prompt set 00-05 v2 (outcome discipline),2026-07-19T08:59:53
D0064787,Autism and environmental genomics,,no,EXCLUDE (no eligible topic),No climate hazard topics; autism genetics and environmental contributors.,{},deepseek-v4-flash,per-topic prompt set 00-05 v2 (outcome discipline),2026-07-19T08:59:57
D0052251,Novel twisted hexagonal tubular crystallizer used for thiourea cooling crystallization: Improving crystal qualities,,no,EXCLUDE (no eligible topic),"No climate hazard, mental health, or human population signal.",{},deepseek-v4-flash,per-topic prompt set 00-05 v2 (outcome discipline),2026-07-19T09:00:00
D0108392,Relationship of the ECG with ventilatory function tests in chronic obstructive lung disease (COLD) in Nigerians.,,no,EXCLUDE (no eligible topic),No climate hazard or mental health signal; COLD refers to chronic obstructive lung disease.,{},deepseek-v4-flash,per-topic prompt set 00-05 v2 (outcome discipline),2026-07-19T09:00:03
D0020293,"The Prevalence and Clinical Features of Co-Infection with SARS-CoV-2 and Influenza Virus during the COVID-19 Pandemic in Semnan, Iran.",,no,EXCLUDE (no eligible topic),No climate hazard exposure mentioned; study only discusses respiratory infections.,{},deepseek-v4-flash,per-topic prompt set 00-05 v2 (outcome discipline),2026-07-19T09:00:07
D0093381,Novel monoclonal antibodies against the C-terminal HEAT domain of huntingtin,,no,EXCLUDE (no eligible topic),No climate hazard or mental health signal present.,{},deepseek-v4-flash,per-topic prompt set 00-05 v2 (outcome discipline),2026-07-19T09:00:10
D0051606,Chemosensory Alterations and Impact on Quality of Life in Persistent Alcohol Drinkers,,no,EXCLUDE (no eligible topic),No climate hazard or mental health signal; alcohol-related chemosensory study.,{},deepseek-v4-flash,per-topic prompt set 00-05 v2 (outcome discipline),2026-07-19T09:00:13
D0098393,Dissociating anxiolytic and sedative effects of GABAAergic drugs using temperature and locomotor responses to acute stress,,no,EXCLUDE (no eligible topic),Animal study on drug effects on body temperature; no environmental hazard.,{},deepseek-v4-flash,per-topic prompt set 00-05 v2 (outcome discipline),2026-07-19T09:00:21
D0019556,Pre-Admission ambient air pollution and blood soot particles predict hospitalisation outcomes in COVID-19 patients,,no,EXCLUDE (no eligible topic),"No mention of temperature, wildfire, flood, cyclone, or drought; only general air pollution.",{},deepseek-v4-flash,per-topic prompt set 00-05 v2 (outcome discipline),2026-07-19T09:00:24
D0101219,"Dietary prebiotics and bioactive milk fractions improve NREM sleep, enhance REM sleep rebound and attenuate the stress-induced decrease in diurnal temperature a",,no,EXCLUDE (no eligible topic),"Animal study; diurnal temperature refers to body temperature, not ambient/environmental.",{},deepseek-v4-flash,per-topic prompt set 00-05 v2 (outcome discipline),2026-07-19T09:00:29
D0033814,A rare clinical case: A foreign body in the thyroid gland,,no,EXCLUDE (no eligible topic),No climate hazard or mental health signal in title/abstract.,{},deepseek-v4-flash,per-topic prompt set 00-05 v2 (outcome discipline),2026-07-19T09:00:32
D0071182,Understanding the hows and whys of decision-making: From expected utility to divisive normalization,,no,EXCLUDE (no eligible topic),No mention of climate hazards or mental health; decision-making study.,{},deepseek-v4-flash,per-topic prompt set 00-05 v2 (outcome discipline),2026-07-19T09:00:36
D0031738,External auditory canal exostoses in white water kayakers,,no,EXCLUDE (no eligible topic),No climate hazard or mental health signal; study on ear exostoses in kayakers.,{},deepseek-v4-flash,per-topic prompt set 00-05 v2 (outcome discipline),2026-07-19T09:00:39
D0004507,Altered pain processing in veterans with posttraumatic stress disorder,,yes,EXCLUDE (no eligible topic),"Experimental heat stimulus, not ambient environmental exposure.",{},deepseek-v4-flash,per-topic prompt set 00-05 v2 (outcome discipline),2026-07-19T09:00:42
