dedup_id,title,status,decision,decision_basis,candidate_topics,reason,module_decisions,module_exclusion_codes,screening_mode,title_only_decision,title_only_exclusion_code
D0000033,Post-traumatic stress disorder.,complete,REVIEW,title_only_unclear,,Title alone; insufficient information to determine eligibility.,{},{},title_only,REVIEW,NA
D0000121,Recent life events and psychiatric disorder in children: the interaction with preceding extreme adversity.,complete,REVIEW,topic_unclear,,Children's psychiatric problems after an unspecified natural disaster; disaster type not identified.,{},{},title_abstract,,
D0000152,Relationship between psychiatric impairment and a natural disaster: The role of distress,complete,REVIEW,eligibility_unclear,wildfire,wildfire: REVIEW - Bushfire exposure in firefighters; mental health outcomes measured; design not specified clearly.,"{""wildfire"":""REVIEW""}","{""wildfire"":""NA""}",title_abstract,,
D0000160,The phenomenology of posttraumatic stress disorders following a natural disaster.,complete,REVIEW,topic_unclear,,PTSD after a natural disaster; disaster type is not identified.,{},{},title_abstract,,
D0000196,Life events and psychiatric disorder: the role of a natural disaster.,complete,REVIEW,eligibility_unclear,wildfire,"wildfire: REVIEW - Bushfire-exposed firefighters, cross-sectional GHQ outcome; design eligibility for exposure contrast unclear.","{""wildfire"":""REVIEW""}","{""wildfire"":""NA""}",title_abstract,,
D0000207,Family functioning and overprotection following a natural disaster: The longitudinal effects of post-traumatic morbidity,complete,REVIEW,topic_unclear,,Natural disaster exposure with family outcomes; disaster type not identified.,{},{},title_abstract,,
D0000208,Life events and relapse in bipolar disorder: The impact of a catastrophic event,complete,REVIEW,eligibility_unclear,cyclone,"cyclone: REVIEW - Hurricane exposure and bipolar relapse; design ambiguous retrospective case-control, unclear exposure contrast","{""cyclone"":""REVIEW""}","{""cyclone"":""NA""}",title_abstract,,
D0000230,Distraction during flooding (exposure): concordance between results in animals and man.,complete,REVIEW,title_only_unclear,,Title suggests possible animal-human comparison; unclear relevance to eligible mental-health outcome.,{},{},title_only,REVIEW,NA
D0000232,Exploring the impact of a natural disaster on the health and psychological well-being of older adults,complete,REVIEW,eligibility_unclear,cyclone,"cyclone: REVIEW - Hurricane Alicia and psychological wellbeing are present, but synthetic cohort design details are ambiguous.","{""cyclone"":""REVIEW""}","{""cyclone"":""NA""}",title_abstract,,
D0000254,Psychological and physical morbidity in the aftermath of a cyclone,complete,REVIEW,eligibility_unclear,cyclone,cyclone: REVIEW - Cyclone vs control community; repeated post-event waves without pre-event baseline; design uncertain.,"{""cyclone"":""REVIEW""}","{""cyclone"":""NA""}",title_abstract,,
D0000301,Posttraumatic morbidity of a disaster. A study of cases presenting for psychiatric treatment.,complete,REVIEW,topic_unclear,,Psychiatric morbidity after an unspecified natural disaster; disaster type is not identified.,{},{},title_abstract,,
D0000731,Feeling of improvement in flooding: some analogue data.,complete,REVIEW,title_only_unclear,,Title suggests flooding and psychological feeling but lacks detail; unclear eligibility.,{},{},title_only,REVIEW,NA
D0000744,Some age-related effects of the 1974 Brisbane floods,complete,REVIEW,eligibility_unclear,flood,flood: REVIEW - Flood-area vs non-flooded comparison of psychiatric symptoms; design not explicitly stated.,"{""flood"":""REVIEW""}","{""flood"":""NA""}",title_abstract,,
D0000812,Loss of communality at Buffalo Creek,complete,REVIEW,eligibility_unclear,flood,flood: REVIEW - Flood-related abstract describes psychological effects but no explicit measurement or design; ambiguous.,"{""flood"":""REVIEW""}","{""flood"":""NA""}",title_abstract,,
D0000844,Biochemical responses to stress in the environment.,complete,REVIEW,title_only_unclear,,Title unclear; no abstract; insufficient info to determine eligibility.,{},{},title_only,REVIEW,NA
D0000916,Later responses of alcoholics to crisis.,complete,REVIEW,title_only_unclear,,"Title suggests a study of alcoholics' responses to crisis, but hazard and outcome are unclear.",{},{},title_only,REVIEW,NA
D0000949,Phenocopies.,complete,REVIEW,title_only_unclear,,"Title alone is uninformative; no clear hazard, outcome, or design.",{},{},title_only,REVIEW,NA
D0000955,An arid place.,complete,REVIEW,title_only_unclear,,"Title is vague; no eligible exposure, outcome, or design can be determined.",{},{},title_only,REVIEW,NA
D0001041,Biologic responsiveness to environmental stimuli in schizophrenia.,complete,REVIEW,title_only_unclear,,Title unclear; no abstract available.,{},{},title_only,REVIEW,NA
D0001074,Personality problems in Antarctica.,complete,REVIEW,title_only_unclear,,Title suggests possible mental health issues in Antarctica but does not clearly indicate an eligible climate hazard or empirical design.,{},{},title_only,REVIEW,NA
D0001085,Psychological reactions in an emergency (flood).,complete,REVIEW,title_only_unclear,,"Title indicates flood exposure and psychological reactions, but lacks abstract and design details.",{},{},title_only,REVIEW,NA
D0001117,Caring for the caretakers in times of disaster. The Hurricane Hugo experience.,complete,REVIEW,title_only_unclear,,Title suggests disaster-related mental health/caregiving but lacks clear exposure/outcome/design detail.,{},{},title_only,REVIEW,NA
D0001311,Multiple diagnoses in posttraumatic stress disorder in the victims of a natural disaster.,complete,REVIEW,topic_unclear,,PTSD and comorbidity after a natural disaster; disaster type is not identified.,{},{},title_abstract,,
D0001315,Avoidance and intrusion in posttraumatic stress disorder.,complete,REVIEW,topic_unclear,,PTSD after a natural disaster; disaster type is not identified.,{},{},title_abstract,,
D0001322,Psychological adaptation of nurses post-disaster,complete,REVIEW,eligibility_unclear,cyclone,cyclone: REVIEW - Repeated post-event follow-ups without pre-event baseline; design ambiguity warrants review.,"{""cyclone"":""REVIEW""}","{""cyclone"":""NA""}",title_abstract,,
D0001336,Psychiatric morbidity and substance abuse among residents of a cold weather shelter.,complete,REVIEW,title_only_unclear,,Title suggests study of psychiatric morbidity in cold weather shelter residents; exposure/design unclear.,{},{},title_only,REVIEW,NA
D0001377,"Flood, sweat, and tears--trying to build 'emotional levees'.",complete,REVIEW,title_only_unclear,,Title hints at flood and emotional wellbeing but no abstract; insufficient information.,{},{},title_only,REVIEW,NA
D0001378,Age differences in the psychological consequences of Hurricane Hugo.,complete,REVIEW,eligibility_unclear,cyclone,cyclone: REVIEW - Longitudinal post-hurricane study with repeated post-event follow-ups but no pre-event baseline.,"{""cyclone"":""REVIEW""}","{""cyclone"":""NA""}",title_abstract,,
D0001533,Responses of state hospital patients to Hurricane Iniki.,complete,REVIEW,title_only_unclear,,Title suggests hurricane exposure with possible mental-health responses; insufficient information without abstract.,{},{},title_only,REVIEW,NA
D0001615,Fire--'good servant--bad master'.,complete,REVIEW,title_only_unclear,,Title is metaphorical; unclear relevance to climate hazard and mental health.,{},{},title_only,REVIEW,NA
D0001622,Psychosocial correlates of fire disaster among children and adolescents,complete,REVIEW,eligibility_unclear,wildfire,wildfire: REVIEW - Cross-sectional post-disaster comparison with exposed vs unexposed group; design eligibility unclear.,"{""wildfire"":""REVIEW""}","{""wildfire"":""NA""}",title_abstract,,
D0001731,Environmental exposures: psychological stress.,complete,REVIEW,title_only_unclear,,"Title-only, ambiguous environmental exposure and psychological stress outcome; no design info.",{},{},title_only,REVIEW,NA
D0001776,Received and perceived social support in times of stress: a test of the social support deterioration deterrence model.,complete,REVIEW,eligibility_unclear,cyclone,cyclone: REVIEW - Hurricane victims with distress outcome; repeated post-event follow-ups lack pre-event baseline.,"{""cyclone"":""REVIEW""}","{""cyclone"":""NA""}",title_abstract,,
D0001787,Symptoms of posttraumatic stress in children after Hurricane Andrew: A prospective study,complete,REVIEW,eligibility_unclear,cyclone,cyclone: REVIEW - Prospective study of PTSD in children after Hurricane Andrew with repeated post-event measures but no pre-disaster baseline.,"{""cyclone"":""REVIEW""}","{""cyclone"":""NA""}",title_abstract,,
D0001865,Impact of a natural disaster on preschool children: Adjustment 14 months after a hurricane,complete,REVIEW,eligibility_unclear,cyclone,cyclone: REVIEW - Post-hurricane exposed vs control children; design unclear for estimating hazard effect.,"{""cyclone"":""REVIEW""}","{""cyclone"":""NA""}",title_abstract,,
D0002204,The spectrum of illness during heat waves.,complete,REVIEW,title_only_unclear,,Title suggests heat waves and illness; potential relevance unclear without abstract.,{},{},title_only,REVIEW,NA
D0002209,Effects of negative life experiences on phobia onset,complete,REVIEW,topic_unclear,flood|wildfire,Phobia onset after fire/flood or other natural disaster; specific disaster type not identified.,"{""flood"":""REVIEW"",""wildfire"":""EXCLUDE""}","{""flood"":""NA"",""wildfire"":""wrong_exposure""}",title_abstract,,
D0002295,"Stability and change in stress, resources, and psychological distress following natural disaster: Findings from Hurricane Andrew",complete,REVIEW,eligibility_unclear,cyclone,cyclone: REVIEW - Post-hurricane longitudinal cohort without pre-event baseline; design unclear for causal inference.,"{""cyclone"":""REVIEW""}","{""cyclone"":""NA""}",title_abstract,,
D0002300,Out in the cold.,complete,REVIEW,title_only_unclear,,"Title alone gives no clear information on exposure, outcome, or design.",{},{},title_only,REVIEW,NA
D0002348,'Poor Tom' was a-cold but not schizophrenic.,complete,REVIEW,title_only_unclear,,"Title-only record, ambiguous relevance; no abstract available.",{},{},title_only,REVIEW,NA
D0002407,Psychosocial resource loss as a mediator of the effects of flood exposure on psychological distress and physical symptoms,complete,REVIEW,eligibility_unclear,flood,flood: REVIEW - Longitudinal post-flood design without pre-event baseline; design needs human review.,"{""flood"":""REVIEW""}","{""flood"":""NA""}",title_abstract,,
D0002646,"Depression: common, but not a cold.",complete,REVIEW,title_only_unclear,,Title mentions depression but no exposure or design details; insufficient information.,{},{},title_only,REVIEW,NA
D0002769,Coping self-efficacy perceptions as a mediator between acute stress response and long-term distress following natural disasters,complete,REVIEW,topic_unclear,,Distress after natural disasters; disaster types are not identified.,{},{},title_abstract,,
D0002965,Fire-related post-traumatic stress disorder: brain 1H-MR spectroscopic findings.,complete,REVIEW,topic_unclear,,Fire-related PTSD; type of fire exposure is not specified.,{},{},title_abstract,,
D0003100,The Effect of a Disastrous Flood on the Quality of Life in Dongting Lake Area in China,complete,REVIEW,eligibility_unclear,flood,"flood: REVIEW - Flood exposure clear; outcome is generic quality of life, unclear if mental-health-specific.","{""flood"":""REVIEW""}","{""flood"":""NA""}",title_abstract,,
D0003161,Postdisaster PTSD over four waves of a panel study of Mexico's 1999 flood,complete,REVIEW,eligibility_unclear,flood,flood: REVIEW - Panel study after flood with repeated PTSD/MDD measures but no pre-event baseline.,"{""flood"":""REVIEW""}","{""flood"":""NA""}",title_abstract,,
D0003280,More than a passing interest.,complete,REVIEW,title_only_unclear,,"No abstract; title ambiguous with no clear exposure, outcome, or design.",{},{},title_only,REVIEW,NA
D0003355,[Health survey among flood victims in the Somme area].,complete,REVIEW,title_only_unclear,,Title suggests flood victims health survey; mental health outcome unclear.,{},{},title_only,REVIEW,NA
D0003377,Gray matter density reduction in the insula in fire survivors with posttraumatic stress disorder: A voxel-based morphometric study,complete,REVIEW,topic_unclear,,PTSD after a fire disaster; fire type (wildfire vs structural) is not identified.,{},{},title_abstract,,
D0003394,The Impact of Flooding on the Mental Health of Affected People in South Korea,complete,REVIEW,eligibility_unclear,flood,flood: REVIEW - Flood exposure and mental health outcomes present; design unclear (exposed vs non-exposed group).,"{""flood"":""REVIEW""}","{""flood"":""NA""}",title_abstract,,
D0003432,Mental health research emerges from hurricane ruin.,complete,REVIEW,title_only_unclear,,Title suggests hurricane-related mental health research but lacks clarity on original empirical evidence or design.,{},{},title_only,REVIEW,NA
D0003449,Hurricane Katrina. Aftershocks.,complete,REVIEW,title_only_unclear,,Title suggests hurricane-related content but no abstract; outcome and design unclear.,{},{},title_only,REVIEW,NA
D0003466,Hurricane Katrina: left behind.,complete,REVIEW,title_only_unclear,,"Title suggests Hurricane Katrina but outcome, design, and empirical basis are unclear.",{},{},title_only,REVIEW,NA
D0003567,Global health impacts of floods: epidemiologic evidence.,complete,REVIEW,title_only_unclear,,Title is broad and ambiguous; no abstract to assess eligibility.,{},{},title_only,REVIEW,NA
D0003747,Mental health and psychosocial aspects of disaster preparedness in Bangladesh,complete,REVIEW,topic_unclear,,"Psychosocial consequences of disaster; specific hazard is tornado, not a registered topic.",{},{},title_abstract,,
D0003763,Posttraumatic stress disorder after the hurricanes.,complete,REVIEW,title_only_unclear,,Title suggests hurricane exposure and PTSD outcome but no abstract to determine original design.,{},{},title_only,REVIEW,NA
D0003793,Psychiatric effects of heat waves.,complete,REVIEW,title_only_unclear,,"Title suggests heat wave and psychiatric effects, but no abstract; eligibility unclear.",{},{},title_only,REVIEW,NA
D0003841,Heatwaves and hospital staff: Highest level was not reached [8],complete,REVIEW,title_only_unclear,,Title mentions heatwaves and hospital staff but no eligible outcome or design clear; no abstract.,{},{},title_only,REVIEW,NA
D0003852,Flooding: calming the storm within.,complete,REVIEW,title_only_unclear,,"Title ambiguous; may refer to flood exposure and psychological impact, but no abstract to confirm.",{},{},title_only,REVIEW,NA
D0003865,Crisis not over for hurricane victims.,complete,REVIEW,title_only_unclear,,Title mentions hurricane victims but no abstract; unclear outcome and design.,{},{},title_only,REVIEW,NA
D0003925,Challenges in meeting immediate emotional needs: short-term impact of a major disaster on children's mental health: building resiliency in the aftermath of Hurricane Katrina.,complete,REVIEW,title_only_unclear,,Title suggests Hurricane Katrina impact on children's mental health but lacks abstract to confirm eligibility.,{},{},title_only,REVIEW,NA
D0003935,"Disaster and Subsequent Healthcare Utilization: A Longitudinal Study Among Victims, Their Family Members, and Control Subjects",complete,REVIEW,topic_unclear,,Catastrophic fire disaster and subsequent mental healthcare utilization; fire type is unspecified.,{},{},title_abstract,,
D0004039,A smouldering epidemic.,complete,REVIEW,title_only_unclear,,"Title is vague; no clear hazard, outcome, or design information available.",{},{},title_only,REVIEW,NA
D0004265,"The relationship between quality of life and posttraumatic stress disorder or major depression for firefighters in Kaohsiung, Taiwan",complete,REVIEW,topic_unclear,,Firefighter PTSD/depression associated with emotional shock from disasters; disaster type is unidentified.,{},{},title_abstract,,
D0004537,Variant inRGS2 moderates posttraumatic stress symptoms following potentially traumatic event exposure,complete,REVIEW,eligibility_unclear,cyclone,cyclone: REVIEW - Post-hurricane PTSD gene-environment study; design ambiguous.,"{""cyclone"":""REVIEW""}","{""cyclone"":""NA""}",title_abstract,,
D0004616,Mental health and the psychosocial consequences of natural disasters in Asia,complete,REVIEW,topic_unclear,,Natural disasters in Asia with PTSD; tsunami mentioned but hazard not covered by registered topics.,{},{},title_abstract,,
D0004751,China's children of smoke.,complete,REVIEW,title_only_unclear,,Title unclear; possible smoke exposure but no clear outcome or design.,{},{},title_only,REVIEW,NA
D0004768,A test of the Family Stress Model on toddler-aged children's adjustment among Hurricane Katrina impacted and nonimpacted low-income families,complete,REVIEW,eligibility_unclear,cyclone,cyclone: REVIEW - Hurricane exposure compared pre/post; cross-sectional comparative design unclear for hazard effect.,"{""cyclone"":""REVIEW""}","{""cyclone"":""NA""}",title_abstract,,
D0004832,Prevalence and predictors of mental health distress post-katrina: Findings from the gulf coast child and family health study,complete,REVIEW,eligibility_unclear,cyclone,"cyclone: REVIEW - Longitudinal cohort of hurricane survivors with repeated post-event waves, no pre-event baseline/exposure contrast; design ambiguous.","{""cyclone"":""REVIEW""}","{""cyclone"":""NA""}",title_abstract,,
D0004956,Traumatic reactions in firefighters after wildfires in Greece.,complete,REVIEW,title_only_unclear,,Title suggests human study of traumatic reactions to wildfire; design not specified.,{},{},title_only,REVIEW,NA
D0004993,Trends in mental illness and suicidality after Hurricane Katrina,complete,REVIEW,eligibility_unclear,cyclone,cyclone: REVIEW - Two-wave post-hurricane survey without pre-event baseline; design not clearly eligible.,"{""cyclone"":""REVIEW""}","{""cyclone"":""NA""}",title_abstract,,
D0005061,"Climate change, direct heat exposure, health and well-being in low and middle-income countries.",complete,REVIEW,title_only_unclear,,"Title suggests potential heat exposure and wellbeing study, but insufficient information for eligibility.",{},{},title_only,REVIEW,NA
D0005072,Hurricane Katrina and perinatal health,complete,REVIEW,eligibility_unclear,cyclone,cyclone: REVIEW - Review with some original data; design unclear for hazard-outcome effect.,"{""cyclone"":""REVIEW""}","{""cyclone"":""NA""}",title_abstract,,
D0005329,Fire-related cognitions moderate the impact of risk factors on adjustment following wildfire disaster,complete,REVIEW,eligibility_unclear,wildfire,wildfire: REVIEW - Post-disaster study of cognitions and mental health; design ambiguous without explicit baseline or temporal contrast.,"{""wildfire"":""REVIEW""}","{""wildfire"":""NA""}",title_abstract,,
D0005438,Looking for resilience: Understanding the longitudinal trajectories of responses to stress,complete,REVIEW,eligibility_unclear,flood,flood: REVIEW - Longitudinal trajectories after floods; lacks clear pre-event baseline or unexposed comparison.,"{""flood"":""REVIEW""}","{""flood"":""NA""}",title_abstract,,
D0005443,Physical and mental health status of hurricane Katrina evacuees in Houston in 2005 and 2006,complete,REVIEW,eligibility_unclear,cyclone,cyclone: REVIEW - Repeated post-evacuation surveys of Katrina evacuees; no pre-event baseline or hazard contrast.,"{""cyclone"":""REVIEW""}","{""cyclone"":""NA""}",title_abstract,,
D0005505,After the fires: looking to the future using the lessons from the past.,complete,REVIEW,title_only_unclear,,Title suggests wildfire topic but lacks details on empirical human mental-health outcome or design.,{},{},title_only,REVIEW,NA
D0005572,Factor structure of the Impact of Event Scale-Revised in two different peruvian samples,complete,REVIEW,topic_unclear,,PTSD in survivors of a fire; fire type (wildfire vs structural) is not identified.,{},{},title_abstract,,
D0005618,"Hurricanes, stress, and mindfulness.",complete,REVIEW,title_only_unclear,,"No abstract; title suggests hurricane exposure and stress outcome, but design and empirical status are unclear.",{},{},title_only,REVIEW,NA
D0005653,Non-heat related impacts of climate change on working populations.,complete,REVIEW,topic_unclear,,Extreme weather events and related mental stress on working populations; specific disaster type unresolved.,{},{},title_abstract,,
D0005758,"Hurricane-related exposure experiences and stressors, other life events, and social support: Concurrent and prospective impact on children's persistent posttraumatic stress symptoms",complete,REVIEW,eligibility_unclear,cyclone,cyclone: REVIEW - Two-wave post-disaster design without pre-event baseline; needs human review for hazard-outcome contrast.,"{""cyclone"":""REVIEW""}","{""cyclone"":""NA""}",title_abstract,,
D0005767,Predicting posttraumatic stress symptoms in children following Hurricane Katrina: A prospective analysis of the effect of parental distress and parenting practices,complete,REVIEW,eligibility_unclear,cyclone,cyclone: REVIEW - Longitudinal post-hurricane study with repeated post-event follow-ups but no pre-event baseline.,"{""cyclone"":""REVIEW""}","{""cyclone"":""NA""}",title_abstract,,
D0005776,"Promoting recovery and providing trauma treatment for students and their families after Hurricane Katrina: St. Bernard Family Resiliency Project, Louisiana State University Health Sciences Center, Department of Psychiatry, New Orleans, Louisiana.",complete,REVIEW,title_only_unclear,,"Title describes a trauma treatment project after Hurricane Katrina; no abstract available, eligibility ambiguous.",{},{},title_only,REVIEW,NA
D0005890,Children of Katrina: Lessons learned about postdisaster symptoms and recovery patterns,complete,REVIEW,eligibility_unclear,cyclone,cyclone: REVIEW - Post-Katrina longitudinal assessment without pre-event baseline or clear exposure contrast.,"{""cyclone"":""REVIEW""}","{""cyclone"":""NA""}",title_abstract,,
D0005891,"Sex Differences in salivary cortisol, alpha-amylase, and psychological functioning following Hurricane Katrina",complete,REVIEW,eligibility_unclear,cyclone,cyclone: REVIEW - Single-wave post-disaster comparison with control group; design eligibility unclear.,"{""cyclone"":""REVIEW""}","{""cyclone"":""NA""}",title_abstract,,
D0006004,"The association between overall health, psychological distress, and occupational heat stress among a large national cohort of 40,913 Thai workers.",complete,REVIEW,eligibility_unclear,temperature,"temperature: REVIEW - Occupational heat stress and psychological distress; cohort label but cross-sectional analysis, design unclear.","{""temperature"":""REVIEW""}","{""temperature"":""NA""}",title_abstract,,
D0006226,NPY moderates the relation between hurricane exposure and generalized anxiety disorder in an epidemiologic sample of hurricane-exposed adults,complete,REVIEW,eligibility_unclear,cyclone,"cyclone: REVIEW - Hurricane exposure and GAD diagnosis; design unclear, possibly cross-sectional without clear exposure contrast.","{""cyclone"":""REVIEW""}","{""cyclone"":""NA""}",title_abstract,,
D0006230,Women's and children's exposure to mass disaster and terrorist attacks,complete,REVIEW,topic_unclear,,Exposure to mass disasters and terrorist attacks; disaster type not specified.,{},{},title_abstract,,
D0006247,"Post traumatic stress, context, and the lingering effects of the Hurricane Katrina disaster among ethnic minority youth",complete,REVIEW,eligibility_unclear,cyclone,"cyclone: REVIEW - Repeated post-event PTSD measures after hurricane, no pre-event baseline or exposure contrast.","{""cyclone"":""REVIEW""}","{""cyclone"":""NA""}",title_abstract,,
D0006262,The impact of child-related stressors on the psychological functioning of lower-income mothers after Hurricane Katrina,complete,REVIEW,eligibility_unclear,cyclone,"cyclone: REVIEW - Hurricane exposure and mental health outcomes present, but design for estimating hazard effect is unclear.","{""cyclone"":""REVIEW""}","{""cyclone"":""NA""}",title_abstract,,
D0006300,Weather to evacuate?,complete,REVIEW,title_only_unclear,,"No abstract; title ambiguous about hazard, outcome, and design.",{},{},title_only,REVIEW,NA
D0006366,Climate change and health effects in Northwest Alaska.,complete,REVIEW,topic_unclear,,Climate change health effects including mental stress; specific climate hazard type not identified.,{},{},title_abstract,,
D0006434,Reexamining the role of the traumatic stressor and the trajectory of posttraumatic distress in the wake of disaster.,complete,REVIEW,title_only_unclear,,"Title suggests disaster-related PTSD trajectory study; no abstract, insufficient info.",{},{},title_only,REVIEW,NA
D0006457,Surveying the ashes: experience from the 2007 Peloponnese wildfires six months after the disaster.,complete,REVIEW,eligibility_unclear,wildfire,wildfire: REVIEW - Post-disaster cross-sectional comparison of fire vs non-fire areas; design eligibility ambiguous.,"{""wildfire"":""REVIEW""}","{""wildfire"":""NA""}",title_abstract,,
D0006474,Hurricane Katrina's first responders: The struggle to protect and serve in the aftermath of the disaster,complete,REVIEW,eligibility_unclear,cyclone,"cyclone: REVIEW - Longitudinal post-disaster study of first responders' PTSD/depression after Hurricane Katrina, but lacks pre-event baseline or exposure contrast.","{""cyclone"":""REVIEW""}","{""cyclone"":""NA""}",title_abstract,,
D0006517,Disaster care: Children of Hurricane Katrina,complete,REVIEW,eligibility_unclear,cyclone,"cyclone: REVIEW - Mental health effects after Hurricane Katrina in children, but design and outcome specifics are unclear.","{""cyclone"":""REVIEW""}","{""cyclone"":""NA""}",title_abstract,,
D0006689,Global health and climate change: moving from denial and catastrophic fatalism to positive action.,complete,REVIEW,topic_unclear,temperature,Identifies heat stress but also references unspecified extreme weather events; stress and depression are mentioned as co-benefits.,"{""temperature"":""EXCLUDE""}","{""temperature"":""non_original""}",title_abstract,,
D0006701,Farming fit? Dispelling the Australian agrarian myth.,complete,REVIEW,topic_unclear,,Climate variability proposed as a stressor for farmers' distress; specific hazard type unresolved.,{},{},title_abstract,,
D0006807,Natural disaster and risk of psychiatric disorders in Puerto Rican children,complete,REVIEW,eligibility_unclear,cyclone,"cyclone: REVIEW - Post-hurricane longitudinal study with exposed vs non-exposed comparison; no pre-event baseline, so design ambiguous.","{""cyclone"":""REVIEW""}","{""cyclone"":""NA""}",title_abstract,,
D0006843,After the fire: The mental health consequences of fire disasters,complete,REVIEW,topic_unclear,,"Fire disasters may include wildfires, but the specific fire type is not reported.",{},{},title_abstract,,
D0006884,Risk factors for suicide in Japan: A model of predicting suicide in 2008 by risk factors of 2007,complete,REVIEW,eligibility_unclear,temperature,"temperature: REVIEW - Longitudinal prediction of suicide by annual mean temperature, design details unclear.","{""temperature"":""REVIEW""}","{""temperature"":""NA""}",title_abstract,,
D0006910,Posttraumatic stress disorder symptom trajectories in Hurricane Katrina affected youth,complete,REVIEW,eligibility_unclear,cyclone,cyclone: REVIEW - Repeated post-event PTSD trajectories without pre-event baseline; exposure contrast unclear.,"{""cyclone"":""REVIEW""}","{""cyclone"":""NA""}",title_abstract,,
D0006947,The storm and the aftermath.,complete,REVIEW,title_only_unclear,,Title is vague but may refer to a storm and aftermath; no clear exclusion.,{},{},title_only,REVIEW,NA
D0006961,Impact of coping styles on post-traumatic stress disorder and depressive symptoms among pregnant women exposed to Hurricane Katrina.,complete,REVIEW,eligibility_unclear,cyclone,cyclone: REVIEW - Hurricane Katrina exposure; PTSD/depression outcomes; design not clearly stated.,"{""cyclone"":""REVIEW""}","{""cyclone"":""NA""}",title_abstract,,
D0007047,Empirical evidence suggests adverse climate events have not affected Australian women's health and well-being,complete,REVIEW,eligibility_unclear,drought|flood|wildfire,"drought: REVIEW - Exposure is mixed drought/flood/fire via EC declaration; drought not isolated. | flood: EXCLUDE - Exposure is combined drought/flood/fire EC declaration, not flood-specific; cross-sectional design. | wildfire: EXCLUDE - Exposure is composite drought/flood/fire not specifically wildfire; cross-sectional design.","{""drought"":""REVIEW"",""flood"":""EXCLUDE"",""wildfire"":""EXCLUDE""}","{""drought"":""NA"",""flood"":""wrong_exposure"",""wildfire"":""wrong_exposure""}",title_abstract,,
D0007087,Children's symptoms of posttraumatic stress and depression after a natural disaster: Comorbidity and risk factors,complete,REVIEW,eligibility_unclear,cyclone,cyclone: REVIEW - Post-hurricane repeated measures without pre-disaster baseline or exposure contrast.,"{""cyclone"":""REVIEW""}","{""cyclone"":""NA""}",title_abstract,,
D0007148,Post- and peritraumatic stress in disaster survivors: An explorative study about the influence of individual and event characteristics across different types of disasters,complete,REVIEW,topic_unclear,flood,Study includes flood survivors and an unspecified fire disaster; fire may be wildfire but is not specified.,"{""flood"":""EXCLUDE""}","{""flood"":""wrong_exposure""}",title_abstract,,
D0007223,Resilience in the face of disaster: Prevalence and longitudinal course of mental disorders following Hurricane Ike,complete,REVIEW,eligibility_unclear,cyclone,cyclone: REVIEW - Longitudinal post-hurricane prevalence study without pre-event baseline or exposure contrast.,"{""cyclone"":""REVIEW""}","{""cyclone"":""NA""}",title_abstract,,
D0007349,Possible effects of changes in the meteorological state over semi-arid areas on the general well-being of weather-sensitive patients,complete,REVIEW,eligibility_unclear,temperature,"temperature: REVIEW - Studies temperature among weather variables, but composite outcome and design are ambiguous.","{""temperature"":""REVIEW""}","{""temperature"":""NA""}",title_abstract,,
D0007402,Anxiety in predicting suicide-related symptom of typhoon disaster victims: A one-year follow-up study in Southern Taiwan,complete,REVIEW,eligibility_unclear,cyclone,cyclone: REVIEW - Two-wave post-typhoon follow-up without pre-event baseline or exposure contrast; design unclear.,"{""cyclone"":""REVIEW""}","{""cyclone"":""NA""}",title_abstract,,
D0007461,Grief and trauma intervention for children after disaster: Exploring coping skills versus trauma narration,complete,REVIEW,topic_unclear,,Children after a disaster with trauma; disaster type is not identified.,{},{},title_abstract,,
D0007500,Cultural mechanisms in the exchange of social support among Puerto Ricans after a natural disaster.,complete,REVIEW,topic_unclear,,Unspecified natural disaster; disaster type not identified.,{},{},title_abstract,,
D0007544,Children’s postdisaster trajectories of PTS symptoms: Predicting chronic distress,complete,REVIEW,eligibility_unclear,cyclone,cyclone: REVIEW - Longitudinal post-disaster study without pre-event baseline; trajectory analysis of hurricane exposure effects.,"{""cyclone"":""REVIEW""}","{""cyclone"":""NA""}",title_abstract,,
D0007562,The association of disaster-related experiences and self-reported recollections of national trauma with posttraumatic stress disorder symptoms following Hurricane Sandy.,complete,REVIEW,title_only_unclear,,Title suggests hurricane exposure and PTSD but design unclear; needs abstract/full text.,{},{},title_only,REVIEW,NA
D0007672,"Diurnal temperature range and daily emergency room admissions among the elderly in Beijing, China.",complete,REVIEW,title_only_unclear,,"Title suggests temperature exposure and ER admissions, but outcome may not be mental-health-specific; need abstract.",{},{},title_only,REVIEW,NA
D0007780,No phoenix will arise from the ashes.,complete,REVIEW,title_only_unclear,,Title is metaphorical and lacks clear topic; eligibility cannot be judged.,{},{},title_only,REVIEW,NA
D0007807,Correlates of persisting posttraumatic symptoms in children and adolescents 18 months after a cyclone disaster,complete,REVIEW,eligibility_unclear,cyclone,cyclone: REVIEW - Repeated post-event follow-ups after cyclone without pre-event baseline; design needs full-text review.,"{""cyclone"":""REVIEW""}","{""cyclone"":""NA""}",title_abstract,,
D0008029,Hospital flood preparedness and flood-related psychological consequences in 15 provinces in central Thailand after implementation of a national guideline.,complete,REVIEW,title_only_unclear,,"Title suggests flood-related psychological consequences, but no abstract; potential relevance and design unclear.",{},{},title_only,REVIEW,NA
D0008115,Temperature sensitivity in indigenous Australians.,complete,REVIEW,title_only_unclear,,Title suggests temperature exposure but mental-health outcome is unclear.,{},{},title_only,REVIEW,NA
D0008215,Use of outpatient mental health services by homeless veterans after hurricanes,complete,REVIEW,eligibility_unclear,cyclone,cyclone: REVIEW - Hurricane exposure and mental health service use study; design not clearly stated.,"{""cyclone"":""REVIEW""}","{""cyclone"":""NA""}",title_abstract,,
D0008270,Mitigating flood exposure: Reducing disaster risk and trauma signature.,complete,REVIEW,title_only_unclear,,Title suggests flood exposure and trauma but lacks abstract; potential relevance cannot be assessed.,{},{},title_only,REVIEW,NA
D0008292,Family influences on the long term post-disaster recovery of Puerto Rican youth,complete,REVIEW,eligibility_unclear,cyclone,"cyclone: REVIEW - Hurricane exposure and internalizing outcomes, but cross-sectional design unclear for exposure contrast.","{""cyclone"":""REVIEW""}","{""cyclone"":""NA""}",title_abstract,,
D0008294,The impact of the San Diego wildfires on a general mental health population residing in evacuation areas,complete,REVIEW,eligibility_unclear,wildfire,wildfire: REVIEW - Post-wildfire cross-sectional survey comparing evacuation areas; design and outcome need human review.,"{""wildfire"":""REVIEW""}","{""wildfire"":""NA""}",title_abstract,,
D0008353,Patterns and predictors of primary mental health service use following bushfire and flood disasters.,complete,REVIEW,eligibility_unclear,wildfire|flood|cyclone,"wildfire: REVIEW - Repeated post-event follow-up without pre-event baseline; design unclear for hazard-outcome effect. | flood: REVIEW - Post-disaster service use study comparing bushfire and flood/cyclone; no pre-event baseline, design unclear. | cyclone: REVIEW - Cyclone exposure pooled with flood; hazard-specific effects unclear, design lacks clear pre/post comparison.","{""cyclone"":""REVIEW"",""flood"":""REVIEW"",""wildfire"":""REVIEW""}","{""cyclone"":""NA"",""flood"":""NA"",""wildfire"":""NA""}",title_abstract,,
D0008390,Mental health and general wellness in the aftermath of Hurricane Ike,complete,REVIEW,eligibility_unclear,cyclone,cyclone: REVIEW - Three-wave post-disaster study without pre-event baseline; design ambiguity regarding hazard-outcome estimation.,"{""cyclone"":""REVIEW""}","{""cyclone"":""NA""}",title_abstract,,
D0008459,Emergency planning: Be prepared.,complete,REVIEW,title_only_unclear,,"Title only: general emergency planning, no clear hazard, outcome, or design.",{},{},title_only,REVIEW,NA
D0008524,Maternal posttraumatic stress disorder symptom trajectories following Hurricane Katrina: An initial examination of the impact of maternal trajectories on the well-being of disaster-exposed youth,complete,REVIEW,eligibility_unclear,cyclone,"cyclone: REVIEW - Longitudinal post-disaster PTSD trajectory study, but no pre-event baseline; per criteria REVIEW.","{""cyclone"":""REVIEW""}","{""cyclone"":""NA""}",title_abstract,,
D0008603,Climate change: The next challenge for public mental health?,complete,REVIEW,topic_unclear,,Climate change and mental health; no specific hazard type identified.,{},{},title_abstract,,
D0008662,One-year follow up of PTSD and depression in elderly aboriginal people in Taiwan after Typhoon Morakot,complete,REVIEW,eligibility_unclear,cyclone,"cyclone: REVIEW - Repeated post-event follow-ups of Typhoon Morakot survivors measuring PTSD/depression, but no pre-event baseline or hazard contrast.","{""cyclone"":""REVIEW""}","{""cyclone"":""NA""}",title_abstract,,
D0008664,Clearing the smoke.,complete,REVIEW,title_only_unclear,,Title is ambiguous; no abstract available to assess eligibility.,{},{},title_only,REVIEW,NA
D0008743,Fear of aging moderates post-traumatic stress disorder symptoms among older adults exposed to Hurricane Sandy,complete,REVIEW,eligibility_unclear,cyclone,cyclone: REVIEW - Hurricane Sandy exposure and PTSD symptoms; design not described clearly.,"{""cyclone"":""REVIEW""}","{""cyclone"":""NA""}",title_abstract,,
D0008807,The effect of the postdisaster context on the assessment of individual mental health scores,complete,REVIEW,eligibility_unclear,flood,"flood: REVIEW - Flood-affected vs nonaffected comparison with anxiety/depression scores, but design/methodological focus is ambiguous.","{""flood"":""REVIEW""}","{""flood"":""NA""}",title_abstract,,
D0008808,"Posttraumatic recovery to distress symptoms ratio: A mediator of the links between gender, exposure to fire, economic condition, and three indices of resilience to fire disaster",complete,REVIEW,topic_unclear,,"Fire disaster exposure; unspecified whether wildfire, the only registered fire-related hazard.",{},{},title_abstract,,
D0008894,Assessment of early impact of Cyclone Thane on physical and psychosocial environment.,complete,REVIEW,title_only_unclear,,Title mentions cyclone but outcome 'psychosocial environment' ambiguous; design unstated.,{},{},title_only,REVIEW,NA
D0008908,Disaster response or response as disaster?,complete,REVIEW,title_only_unclear,,"Title ambiguous, no abstract; unclear exposure/outcome/design.",{},{},title_only,REVIEW,NA
D0009020,Disaster health after the 2011 Great East Japan earthquake,complete,REVIEW,topic_unclear,temperature,Mental health research after the 2011 earthquake; earthquake disaster exposure is not covered by registered topics.,"{""temperature"":""EXCLUDE""}","{""temperature"":""non_original""}",title_abstract,,
D0009025,Solastalgia: Living with the environmental damage caused by natural disasters,complete,REVIEW,topic_unclear,drought,"Solastalgia after natural disasters; disaster type unspecified (volcano example), drought mention is incidental.","{""drought"":""EXCLUDE""}","{""drought"":""not_human_empirical""}",title_abstract,,
D0009072,Impacts of extreme weather on the health and well-being of people who are homeless,complete,REVIEW,topic_unclear,,Extreme weather health impacts on homeless; specific hazard type not identified.,{},{},title_abstract,,
D0009117,Understanding resilience and other trajectories of psychological distress: A mixed-methods study of low-income mothers who survived Hurricane Katrina,complete,REVIEW,eligibility_unclear,cyclone,cyclone: REVIEW - Longitudinal trajectory study of Hurricane Katrina survivors lacks clear pre-event baseline or exposure contrast.,"{""cyclone"":""REVIEW""}","{""cyclone"":""NA""}",title_abstract,,
D0009118,Hurricane Katrina: Maternal depression trajectories and child outcomes,complete,REVIEW,eligibility_unclear,cyclone,cyclone: REVIEW - Longitudinal study of maternal depression after Hurricane Katrina; repeated post-event follow-ups without baseline or clear exposure contrast.,"{""cyclone"":""REVIEW""}","{""cyclone"":""NA""}",title_abstract,,
D0009218,Climate change and psychiatry.,complete,REVIEW,title_only_unclear,,Title suggests general discussion of climate change and psychiatry; insufficient detail.,{},{},title_only,REVIEW,NA
D0009340,Dispositional mindfulness in trauma recovery: Prospective relations and mediating mechanisms,complete,REVIEW,topic_unclear,,Disaster-related trauma exposure; disaster type is not identified.,{},{},title_abstract,,
D0009417,Hurricane Katrina's psychological scars revealed.,complete,REVIEW,title_only_unclear,,Title suggests hurricane exposure and psychological outcome but provides no design or original-data details.,{},{},title_only,REVIEW,NA
D0009433,Factors contributing to mental and physical health care in a disaster-prone environment,complete,REVIEW,eligibility_unclear,cyclone,"cyclone: REVIEW - Associations of hurricane loss with mental health via SEM; design unclear, likely cross-sectional, needs review.","{""cyclone"":""REVIEW""}","{""cyclone"":""NA""}",title_abstract,,
D0009730,"Posttraumatic stress, anxiety, and depression symptoms among children after Hurricane Katrina: A latent profile analysis",complete,REVIEW,eligibility_unclear,cyclone,"cyclone: REVIEW - Post-Katrina longitudinal study of distress patterns, but no pre-event baseline or hazard variation.","{""cyclone"":""REVIEW""}","{""cyclone"":""NA""}",title_abstract,,
D0009755,Patterns and predictors of primary mental health service use following bushfire and flood disasters,complete,REVIEW,eligibility_unclear,wildfire|flood|cyclone,wildfire: REVIEW - Post-disaster service use comparison without pre-event baseline; design ambiguous for causal inference. | flood: EXCLUDE - Descriptive post-disaster service use study with no exposure contrast or pre-disaster comparison. | cyclone: EXCLUDE - Descriptive post-disaster service-use study without pre-event baseline or hazard variation contrast.,"{""cyclone"":""EXCLUDE"",""flood"":""EXCLUDE"",""wildfire"":""REVIEW""}","{""cyclone"":""wrong_design"",""flood"":""wrong_design"",""wildfire"":""NA""}",title_abstract,,
D0009850,Relationships among stress coping styles and pregnancy complications among women exposed to Hurricane Katrina,complete,REVIEW,eligibility_unclear,cyclone,cyclone: REVIEW - Design stated as cross-sectional/prospective but unclear; outcome includes perceived stress associated with hurricane exposure.,"{""cyclone"":""REVIEW""}","{""cyclone"":""NA""}",title_abstract,,
D0009935,The role of anger and ongoing stressors in mental health following a natural disaster,complete,REVIEW,eligibility_unclear,wildfire,"wildfire: REVIEW - Bushfire exposure and mental health outcomes are measured, but temporal design is ambiguous.","{""wildfire"":""REVIEW""}","{""wildfire"":""NA""}",title_abstract,,
D0010001,Evaluating emergency preparedness and impact of a hurricane sandy in pediatric patients with diabetes.,complete,REVIEW,eligibility_unclear,cyclone,cyclone: REVIEW - Cross-sectional two-site survey comparing PTSD after Hurricane Sandy; exposure contrast plausible but design eligibility unclear.,"{""cyclone"":""REVIEW""}","{""cyclone"":""NA""}",title_abstract,,
D0010158,Primed for pain.,complete,REVIEW,title_only_unclear,,"Title ambiguous, no abstract.",{},{},title_only,REVIEW,NA
D0010233,"Hospitalizations for Substance Abuse Disorders Before and After Hurricane Katrina: Spatial Clustering and Area-Level Predictors, New Orleans, 2004 and 2008.",complete,REVIEW,eligibility_unclear,cyclone|flood,cyclone: REVIEW - Before/after hurricane study of substance abuse hospitalizations; outcome eligibility and causal design unclear. | flood: REVIEW - Flood exposure and substance abuse hospitalizations pre/post Hurricane Katrina; design is ambiguous ecological pre-post.,"{""cyclone"":""REVIEW"",""flood"":""REVIEW""}","{""cyclone"":""NA"",""flood"":""NA""}",title_abstract,,
D0010239,The importance of humidity in the relationship between heat and population mental health: Evidence from Australia,complete,REVIEW,eligibility_unclear,temperature,temperature: REVIEW - Cross-sectional logit models of temperature and distress; design not explicitly longitudinal or quasi-experimental.,"{""temperature"":""REVIEW""}","{""temperature"":""NA""}",title_abstract,,
D0010267,Extreme weather events in developing countries and related injuries and mental health disorders - A systematic review,complete,REVIEW,topic_unclear,,Extreme weather events and mental health; specific hazard type is not identified.,{},{},title_abstract,,
D0010288,A Systematic Review of Health Outcomes Among Disaster and Humanitarian Responders.,complete,REVIEW,topic_unclear,,Responders to various disasters/conflicts; mental health outcomes but hazard type unspecified.,{},{},title_abstract,,
D0010311,Cold feet.,complete,REVIEW,title_only_unclear,,Title is too ambiguous to determine eligibility; no abstract available.,{},{},title_only,REVIEW,NA
D0010349,Mapping concentrations of posttraumatic stress and depression trajectories following Hurricane Ike.,complete,REVIEW,eligibility_unclear,cyclone,cyclone: REVIEW - Longitudinal study of Hurricane Ike-affected population; design unclear if it estimates hazard effect.,"{""cyclone"":""REVIEW""}","{""cyclone"":""NA""}",title_abstract,,
D0010368,"Public health surveillance response following the southern alberta floods, 2013",complete,REVIEW,eligibility_unclear,flood,flood: REVIEW - Post-flood surveillance reports increased anti-anxiety prescriptions; unclear if design includes temporal contrast.,"{""flood"":""REVIEW""}","{""flood"":""NA""}",title_abstract,,
D0010614,Relationship between PTSD and pathological personality traits in context of disasters,complete,REVIEW,topic_unclear,,PTSD after disasters; disaster type is not identified.,{},{},title_abstract,,
D0010685,"Longitudinal Community Assessment for Public Health Emergency Response to Wildfire, Bastrop County, Texas.",complete,REVIEW,eligibility_unclear,wildfire,"wildfire: REVIEW - Longitudinal post-wildfire surveys measure depression/stress, but exposure contrast and pre-event baseline are unclear.","{""wildfire"":""REVIEW""}","{""wildfire"":""NA""}",title_abstract,,
D0010761,Urban health and well-being.,complete,REVIEW,title_only_unclear,,"Title too generic to determine exposure, outcome, or design",{},{},title_only,REVIEW,NA
D0010905,Are natural disasters in early childhood associated with mental health and substance use disorders as an adult?,complete,REVIEW,topic_unclear,,Natural disaster before age 5 and adult mental health; specific disaster type not identified.,{},{},title_abstract,,
D0010981,Flooding-related displacement and mental health.,complete,REVIEW,title_only_unclear,,"Title suggests flood exposure and mental health outcome, but design unclear; needs review.",{},{},title_only,REVIEW,NA
D0011001,[Post-Traumatic Stress Disorder in a Population Affected by Floods Caused by El Niño in Peru].,complete,REVIEW,title_only_unclear,,"Title suggests flood exposure and PTSD in a human population, but design and empirical status are unclear without an abstract.",{},{},title_only,REVIEW,NA
D0011057,"Climate Change, Well-being, and Carbon.",complete,REVIEW,title_only_unclear,,Title only; potentially relevant but insufficient information.,{},{},title_only,REVIEW,NA
D0011170,Secondary stressors are associated with probable psychological morbidity after flooding: A cross-sectional analysis,complete,REVIEW,eligibility_unclear,flood,flood: REVIEW - Cross-sectional comparison one-year post-flood; exposure contrast present but design eligibility ambiguous.,"{""flood"":""REVIEW""}","{""flood"":""NA""}",title_abstract,,
D0011184,"Climate Change, Public Health, and Policy: A California Case Study.",complete,REVIEW,topic_unclear,,Climate change policy and mental health; specific climate hazard exposure not identified.,{},{},title_abstract,,
D0011237,Suicides Linked to Warming.,complete,REVIEW,title_only_unclear,,"Title suggests possible link between warming and suicides, but no abstract to assess design or original evidence.",{},{},title_only,REVIEW,NA
D0011285,Mitigating the Mental and Physical Health Consequences of Hurricane Harvey.,complete,REVIEW,title_only_unclear,,Title suggests hurricane and mental health; design unclear.,{},{},title_only,REVIEW,NA
D0011459,The centrality of social ties to climate migration and mental health,complete,REVIEW,topic_unclear,,Climate-related migration and mental health; hazard type unresolved.,{},{},title_abstract,,
D0011723,Climate Change and Mental Health.,complete,REVIEW,topic_unclear,temperature|drought,"Review article on climate change psychological impacts; heat and drought identified, but 'extreme storms' exposure type unresolved.","{""drought"":""EXCLUDE"",""temperature"":""EXCLUDE""}","{""drought"":""non_original"",""temperature"":""non_original""}",title_abstract,,
D0011797,Effect of,complete,REVIEW,title_only_unclear,,"Title incomplete, no abstract; insufficient information to judge eligibility.",{},{},title_only,REVIEW,NA
D0011852,The polluted brain.,complete,REVIEW,title_only_unclear,,"Title only; ambiguous, no clear hazard or outcome.",{},{},title_only,REVIEW,NA
D0011951,"Post-flood social support networks and morbidity in Jôsô City, Japan",complete,REVIEW,eligibility_unclear,flood,flood: REVIEW - Post-flood study with mental health outcomes; design temporal contrast unclear.,"{""flood"":""REVIEW""}","{""flood"":""NA""}",title_abstract,,
D0011977,Enhancing Disaster Resilience by Reducing Stress-Associated Health Impacts.,complete,REVIEW,topic_unclear,,Disaster exposure is generic; specific hazard type not identified.,{},{},title_abstract,,
D0012053,[On the evaluation of post-traumatic stress disorder in individuals affected by el niño].,complete,REVIEW,title_only_unclear,,Title suggests PTSD in El Niño-affected individuals; hazard and design unclear.,{},{},title_only,REVIEW,NA
D0012070,Centrality of Event and Mental Health Outcomes in Child and Adolescent Natural Disaster Survivors.,complete,REVIEW,topic_unclear,,Mental health outcomes after a natural disaster; disaster type is not identified.,{},{},title_abstract,,
D0012167,Youth sports activity and young people's well-being after a disaster: a trial with the Mastery Approach to Coaching (MAC) in the Philippines,complete,REVIEW,topic_unclear,,Disaster-affected youth; disaster type not identified.,{},{},title_abstract,,
D0012180,Spatio-Temporal Distribution of Negative Emotions in New York City After a Natural Disaster as Seen in Social Media.,complete,REVIEW,topic_unclear,,"Negative emotions after Superstorm Sandy; disaster type (e.g., cyclone) not specified.",{},{},title_abstract,,
D0012196,Hurricanes and Mental Health.,complete,REVIEW,title_only_unclear,,"Title suggests hurricane and mental health, but no abstract and no clear exclusion.",{},{},title_only,REVIEW,NA
D0012205,Long-term effects of disaster on depressive symptoms: Type of exposure matters,complete,REVIEW,topic_unclear,,Depressive symptoms after natural disaster/storm exposure; specific disaster type not identified.,{},{},title_abstract,,
D0012476,"Trauma-informed schools: Child disaster exposure, community violence and somatic symptoms",complete,REVIEW,eligibility_unclear,cyclone,cyclone: REVIEW - Repeated post-event follow-ups without pre-disaster baseline; design unclear.,"{""cyclone"":""REVIEW""}","{""cyclone"":""NA""}",title_abstract,,
D0012578,Hurricane by Proxy.,complete,REVIEW,title_only_unclear,,"Title is ambiguous; no abstract to assess hazard, outcome, or design.",{},{},title_only,REVIEW,NA
D0012730,"[Gone with the Fire: How Family Physicians in Central Portugal Experienced the Aftermath of the Great Fire of October 15, 2017].",complete,REVIEW,title_only_unclear,,"Title suggests a qualitative study of physician experiences after wildfire; abstract missing, eligibility unclear.",{},{},title_only,REVIEW,NA
D0012755,Different kinds of major incident require different mental health responses.,complete,REVIEW,title_only_unclear,,"Title suggests a commentary or framework, but no clear exclusion; insufficient information.",{},{},title_only,REVIEW,NA
D0012802,The Mental Health Mission Aboard the USNS Comfort During Humanitarian Operations in Puerto Rico.,complete,REVIEW,title_only_unclear,,"Title suggests mental health services during humanitarian mission; no abstract, design and outcomes unclear.",{},{},title_only,REVIEW,NA
D0012868,Mental health nurses and disaster response in Sierra Leone.,complete,REVIEW,title_only_unclear,,Title suggests mental health nurses and disaster response; insufficient information to determine eligibility.,{},{},title_only,REVIEW,NA
D0012906,Freestanding emergency department visits and disasters: The case of Hurricane Harvey.,complete,REVIEW,title_only_unclear,,Title suggests emergency department visits after Hurricane Harvey; mental-health outcome unclear.,{},{},title_only,REVIEW,NA
D0013320,'Ecological grief' grips scientists witnessing Great Barrier Reef's decline.,complete,REVIEW,title_only_unclear,,"Title mentions ecological grief and environmental decline, but lacks abstract and clear design/exposure info.",{},{},title_only,REVIEW,NA
D0013358,Flood- and weather-damaged homes and mental health: An analysis using England’s mental health survey,complete,REVIEW,eligibility_unclear,flood,"flood: REVIEW - Cross-sectional survey with exposure to storm/flood home damage; flood-specific effect unclear, design lacks temporal contrast.","{""flood"":""REVIEW""}","{""flood"":""NA""}",title_abstract,,
D0013363,Examining associations between Hurricane Sandy exposure and posttraumatic stress disorder by community of residence,complete,REVIEW,eligibility_unclear,cyclone|flood,"cyclone: REVIEW - Eligible hurricane exposure and PTSD outcome; design unclear, possible cross-sectional without clear temporal contrast. | flood: EXCLUDE - Single-wave post-disaster cross-sectional survey without pre-event baseline or temporal exposure contrast.","{""cyclone"":""REVIEW"",""flood"":""EXCLUDE""}","{""cyclone"":""NA"",""flood"":""wrong_design""}",title_abstract,,
D0013633,"Psychosocial distress among women following a natural disaster in a low- to middle-income country: “Healthy mothers, healthy communities” study in Vanuatu",complete,REVIEW,eligibility_unclear,cyclone,cyclone: REVIEW - Post-cyclone repeated measures of distress without pre-event baseline or clear exposure contrast.,"{""cyclone"":""REVIEW""}","{""cyclone"":""NA""}",title_abstract,,
D0013700,Determining Key Influences on Patient Ability to Successfully Manage Noncommunicable Disease After Natural Disaster,complete,REVIEW,topic_unclear,,NCD self-management after natural disaster; no specific hazard type identified.,{},{},title_abstract,,
D0013742,Disaster Plans: Resident Involvement and Well-Being During Hurricane Harvey.,complete,REVIEW,title_only_unclear,,"Title mentions Hurricane Harvey exposure and well-being, but no abstract; unclear design and outcome.",{},{},title_only,REVIEW,NA
D0013765,"Depression, Suicidal Ideation, and Resilience among Rural Drought-Affected Farmers: Methodological Issues.",complete,REVIEW,title_only_unclear,,"Title suggests drought-affected farmers with depression/suicidal ideation/resilience, but 'Methodological Issues' leaves original empirical design unclear; no abstract.",{},{},title_only,REVIEW,NA
D0013908,"Addressing Community Needs During the Hurricane Response and Recovery Efforts Through Community Assessments for Public Health Emergency Response (CASPER)-United States Virgin Islands, 2017-2018",complete,REVIEW,eligibility_unclear,cyclone,cyclone: REVIEW - Repeated community surveys post-hurricanes with pre-disaster comparison; design not clearly named.,"{""cyclone"":""REVIEW""}","{""cyclone"":""NA""}",title_abstract,,
D0013951,Improved social services and the burden of post-traumatic stress disorder among economically vulnerable people after a natural disaster: a modelling study,complete,REVIEW,topic_unclear,,PTSD after an unspecified natural disaster; disaster type is not identified.,{},{},title_abstract,,
D0013988,[Psychiatry and global warming].,complete,REVIEW,title_only_unclear,,Title alone is too generic; no clear hazard/outcome/design information.,{},{},title_only,REVIEW,NA
D0014013,We Are Still Here: Life and Medical School Post Hurricane María.,complete,REVIEW,title_only_unclear,,Title suggests post-hurricane experiences but outcome/design unclear; no abstract.,{},{},title_only,REVIEW,NA
D0014092,"[Time series analysis on the effect of ambient fine particulate matters and temperature interactions on schizophrenia admission in Tongling City of Anhui Province, 2014-2017].",complete,REVIEW,title_only_unclear,,Title suggests a time-series study on temperature and schizophrenia admissions; lacks abstract to confirm eligibility.,{},{},title_only,REVIEW,NA
D0014094,"Hurricanes and Indigenous Families: Understanding connections with discrimination, social support, and violence on PTSD.",complete,REVIEW,eligibility_unclear,cyclone,"cyclone: REVIEW - Hurricane exposure and PTSD outcome are present, but design unclear.","{""cyclone"":""REVIEW""}","{""cyclone"":""NA""}",title_abstract,,
D0014221,"In the subtropical monsoon climate high-density city, what features of the neighborhood environment matter most for public health?",complete,REVIEW,eligibility_unclear,temperature,temperature: REVIEW - Design unclear: repeated or cross-sectional not specified; no explicit temporal exposure contrast.,"{""temperature"":""REVIEW""}","{""temperature"":""NA""}",title_abstract,,
D0014382,US wildfires and mental illness stress health systems.,complete,REVIEW,title_only_unclear,,Title suggests wildfire and mental illness but lacks abstract; design and outcome unclear.,{},{},title_only,REVIEW,NA
D0014588,The 2019-2020 bushfires and COVID-19: The ongoing impact on the mental health of people living in rural and farming communities.,complete,REVIEW,title_only_unclear,,Title suggests bushfire and COVID-19 impacts on mental health; insufficient info for eligibility.,{},{},title_only,REVIEW,NA
D0014816,Hot Temperatures and Suicide Risk: New Insight into a Complex Topic.,complete,REVIEW,eligibility_unclear,temperature,"temperature: REVIEW - Title suggests heat and suicide, but no abstract; unclear if original empirical design.","{""temperature"":""REVIEW""}","{""temperature"":""NA""}",title_abstract,,
D0014870,"Hormonal, autonomic cardiac and mood states changes during an Antarctic expedition: From ship travel to camping in snow Island",complete,REVIEW,eligibility_unclear,temperature,temperature: REVIEW - Cold exposure mixed with light and confinement; repeated-measures design; mood outcome measured.,"{""temperature"":""REVIEW""}","{""temperature"":""NA""}",title_abstract,,
D0014919,Impact of a natural disaster on access to care and biopsychosocial outcomes among Hispanic/Latino cancer survivors,complete,REVIEW,eligibility_unclear,cyclone,"cyclone: REVIEW - Longitudinal study post-hurricane; exposure contrast and temporal design unclear, eligible outcomes present.","{""cyclone"":""REVIEW""}","{""cyclone"":""NA""}",title_abstract,,
D0014972,"Natural Disasters in the Americas, Dialysis Patients, and Implications for Emergency Planning: A Systematic Review",complete,REVIEW,topic_unclear,,"Natural disasters affect dialysis patients, with depression and PTSD; disaster type is not identified.",{},{},title_abstract,,
D0015132,Intergenerational Echoes of Climate Change.,complete,REVIEW,title_only_unclear,,Title vague; climate change may relate to eligible hazards/outcomes but insufficient info.,{},{},title_only,REVIEW,NA
D0015153,Urban heat island monitoring and impacts on citizen's general health status in Isfahan metropolis: A remote sensing and field survey approach,complete,REVIEW,eligibility_unclear,temperature,temperature: REVIEW - Cross-sectional survey comparing UHI/UCI areas with GHQ-28 outcomes; exposure contrast is spatial only.,"{""temperature"":""REVIEW""}","{""temperature"":""NA""}",title_abstract,,
D0015160,Evaluating a community fire as human-made vs. natural disaster moderates the relationship between peritraumatic distress and both PTSD symptoms and posttraumatic growth,complete,REVIEW,eligibility_unclear,wildfire,"wildfire: REVIEW - Longitudinal post-fire study; fire not clearly wildfire, no pre-event baseline or exposure contrast.","{""wildfire"":""REVIEW""}","{""wildfire"":""NA""}",title_abstract,,
D0015323,Performance in the heat: Health complaints and heat stress prevention strategies as predictors.,complete,REVIEW,title_only_unclear,,Title suggests heat exposure and health complaints but mental-health outcome and design are unclear.,{},{},title_only,REVIEW,NA
D0015361,Posttraumatic stress disorder symptom network structures: A comparison between men and women,complete,REVIEW,topic_unclear,,PTSD following natural disasters; disaster type is not specified.,{},{},title_abstract,,
D0015452,"The Impact of Heat Waves on Emergency Department Visits in Roanoke, Virginia.",complete,REVIEW,title_only_unclear,,"No abstract; title suggests heat waves and ED visits, but mental-health outcome and design are unclear.",{},{},title_only,REVIEW,NA
D0015478,The International Society for Children's Health and the Environment Commits to Reduce Its Carbon Footprint to Safeguard Children's Health.,complete,REVIEW,topic_unclear,temperature,Climate change impacts on children; heat stress plus unspecified climate-related disaster trauma.,"{""temperature"":""EXCLUDE""}","{""temperature"":""non_original""}",title_abstract,,
D0015560,Applications of peer support in disasters: Connecting in times of disaster,complete,REVIEW,topic_unclear,,Peer support model for disaster mental health; type of natural disaster is unspecified.,{},{},title_abstract,,
D0015573,The 2018 Japan Floods Increased the Frequency of Yokukansan Prescriptions Among Elderly: A Retrospective Cohort Study,complete,REVIEW,eligibility_unclear,flood,"flood: REVIEW - Flood exposure and retrospective cohort design clear, but outcome (Yokukansan prescriptions) may not clearly measure mental-health outcome.","{""flood"":""REVIEW""}","{""flood"":""NA""}",title_abstract,,
D0015832,A scoping review of youth and young adults' roles in natural disaster mitigation and response: Considerations for youth wellbeing during a global ecological crisis,complete,REVIEW,topic_unclear,,Scoping review of youth disaster mitigation/recovery; natural disaster type not specified.,{},{},title_abstract,,
D0016017,Climate change and mental health: a commentary.,complete,REVIEW,topic_unclear,,Commentary on climate change and mental health; cites devastating environmental disasters without specifying hazard type.,{},{},title_abstract,,
D0016107,"Mental health, climate change, and bushfires: What's colonization got to do with it?",complete,REVIEW,title_only_unclear,,Title suggests bushfires and mental health but no abstract; insufficient to judge.,{},{},title_only,REVIEW,NA
D0016132,Differences in post-disaster mental health among Vietnamese and African Americans living in adjacent urban communities flooded by Katrina.,complete,REVIEW,eligibility_unclear,cyclone|flood,cyclone: REVIEW - Cohort comparing post-disaster mental health after Katrina flood across two time points; no pre-event baseline. | flood: REVIEW - Repeated post-disaster follow-ups lacking pre-event baseline; groups similarly flooded.,"{""cyclone"":""REVIEW"",""flood"":""REVIEW""}","{""cyclone"":""NA"",""flood"":""NA""}",title_abstract,,
D0016148,Neuroticism and PTSD symptoms: Gender moderates the mediating effect of peritraumatic emotions and dissociation,complete,REVIEW,topic_unclear,flood,Flood exposure identified; concurrent fire exposure type is unspecified in study sample.,"{""flood"":""EXCLUDE""}","{""flood"":""non_original""}",title_abstract,,
D0016204,Assessing the effects of disasters and their aftermath on pregnancy and infant outcomes: A conceptual model.,complete,REVIEW,topic_unclear,,Reviews disaster effects on pregnancy outcomes; disaster type unspecified.,{},{},title_abstract,,
D0016390,Let the sunshine in.,complete,REVIEW,title_only_unclear,,"Title ambiguous, no abstract, insufficient information to determine eligibility.",{},{},title_only,REVIEW,NA
D0016428,"Mental health symptoms unexpectedly increased in students aged 11–19 years during the 3.5 years after the 2016 Fort Mcmurray Wildfire: Findings from 9,376 survey responses",complete,REVIEW,eligibility_unclear,wildfire,wildfire: REVIEW - Repeated post-fire surveys without pre-event baseline or exposure contrast; design ambiguous for causal inference.,"{""wildfire"":""REVIEW""}","{""wildfire"":""NA""}",title_abstract,,
D0016678,Disaster stressors and psychological well-being in older adults after a flood,complete,REVIEW,eligibility_unclear,flood,"flood: REVIEW - Flood damage exposure and mental health outcomes present, but design not clearly stated.","{""flood"":""REVIEW""}","{""flood"":""NA""}",title_abstract,,
D0016999,Houston hurricane Harvey health (Houston-3H) study: assessment of allergic symptoms and stress after hurricane Harvey flooding.,complete,REVIEW,eligibility_unclear,cyclone|flood,cyclone: EXCLUDE - Post-disaster survey with no clear exposure contrast over time; cross-sectional association design. | flood: REVIEW - Post-flood two-wave survey without pre-event baseline; flood exposure vs stress association.,"{""cyclone"":""EXCLUDE"",""flood"":""REVIEW""}","{""cyclone"":""wrong_design"",""flood"":""NA""}",title_abstract,,
D0017064,The effects of cumulative natural disaster exposure on adolescent psychological distress.,complete,REVIEW,topic_unclear,,Cumulative natural disaster exposure after Hurricane Katrina and adolescent distress; specific post-Katrina disaster types not specified.,{},{},title_abstract,,
D0017079,A Novel,complete,REVIEW,title_only_unclear,,"Title only, ambiguous; no information on exposure, outcome, or design.",{},{},title_only,REVIEW,NA
D0017094,Contextualizing the COVID-19 Era in Puerto Rico: Compounding Disasters and Parallel Pandemics,complete,REVIEW,topic_unclear,,Compounding disasters affect older adults' well-being; disaster types are not identified.,{},{},title_abstract,,
D0017115,The impact of life events on later life: a latent class analysis of the English Longitudinal Study of Ageing,complete,REVIEW,topic_unclear,,Life events including natural disaster associated with QoL; disaster subtype unspecified.,{},{},title_abstract,,
D0017344,In the Heat of Anger: The Impact of Increasing Temperatures on Veteran and Military Mental Health.,complete,REVIEW,title_only_unclear,,Title suggests temperature effect on mental health but design/outcome specificity unclear; no abstract.,{},{},title_only,REVIEW,NA
D0017428,Warm-season temperatures and emergency department visits among children with health insurance.,complete,REVIEW,eligibility_unclear,temperature,temperature: REVIEW - Case-crossover study of heat and pediatric ED visits; outcome unclear if mental health included.,"{""temperature"":""REVIEW""}","{""temperature"":""NA""}",title_abstract,,
D0017640,Mit der Hitze steigt auch die Suizidalität,complete,REVIEW,title_only_unclear,,Title suggests heat and suicidality link but lacks abstract; evidence type and design unclear.,{},{},title_only,REVIEW,NA
D0017800,Analysis of the impact of urban summer high temperatures and outdoor activity duration on residents' emotional health: Taking hostility as an example,complete,REVIEW,eligibility_unclear,temperature,temperature: REVIEW - Urban heat and hostility modeled; design unclear whether exposure contrast is estimable.,"{""temperature"":""REVIEW""}","{""temperature"":""NA""}",title_abstract,,
D0017866,Incidence and factors impacting PTSD following the 2005 Eyre Peninsula bushfires in South Australia – A 7 year follow up study,complete,REVIEW,eligibility_unclear,wildfire,"wildfire: REVIEW - Longitudinal post-bushfire cohort measuring PTSD over time, but no pre-event baseline or exposure contrast.","{""wildfire"":""REVIEW""}","{""wildfire"":""NA""}",title_abstract,,
D0017976,Turning up the heat does not affect quality of life.,complete,REVIEW,title_only_unclear,,Title ambiguous: mentions heat and quality of life but lacks abstract to assess eligibility.,{},{},title_only,REVIEW,NA
D0017981,Flood disasters and health among the urban poor,complete,REVIEW,eligibility_unclear,flood,"flood: REVIEW - Flood effect on depressive symptoms estimated, but design unspecified; needs full text.","{""flood"":""REVIEW""}","{""flood"":""NA""}",title_abstract,,
D0017985,Air pollution and health outcomes: Evidence from Black Saturday Bushfires in Australia,complete,REVIEW,eligibility_unclear,wildfire,"wildfire: REVIEW - Bushfire smoke exposure clear, but outcome is generic health; mental-health outcome unclear.","{""wildfire"":""REVIEW""}","{""wildfire"":""NA""}",title_abstract,,
D0018026,Building resilience to Australian flood disasters in the face of climate change.,complete,REVIEW,title_only_unclear,,"Title suggests flood resilience focus; lacks abstract, outcome unclear; needs review.",{},{},title_only,REVIEW,NA
D0018040,Mental health effects of the Gangwon wildfires,complete,REVIEW,eligibility_unclear,wildfire,wildfire: REVIEW - Repeated post-event follow-ups without pre-event baseline; no exposure contrast.,"{""wildfire"":""REVIEW""}","{""wildfire"":""NA""}",title_abstract,,
D0018064,Insurance Issues as Secondary Stressors Following Flooding in Rural Australia—A Mixed Methods Study,complete,REVIEW,eligibility_unclear,flood,flood: REVIEW - Cross-sectional post-flood survey with exposure severity gradients; design eligibility uncertain.,"{""flood"":""REVIEW""}","{""flood"":""NA""}",title_abstract,,
D0018275,Scoping review on trauma and recovery in youth after natural disasters: What europe can learn from natural disasters around the world,complete,REVIEW,topic_unclear,,Child trauma/recovery after unspecified natural disasters; specific disaster types in included studies are not identified.,{},{},title_abstract,,
D0018458,It's Hot out There: Extreme Temperatures and Children's Emergency Department Visits.,complete,REVIEW,eligibility_unclear,temperature,"temperature: REVIEW - Extreme temperatures and ED visits; no abstract, mental-health outcome and design unclear.","{""temperature"":""REVIEW""}","{""temperature"":""NA""}",title_abstract,,
D0018630,The impact of climate change on the prevalence of mental illness symptoms,complete,REVIEW,eligibility_unclear,cyclone|flood,"cyclone: REVIEW - TC exposure and mental health outcomes studied, but design is ambiguous. | flood: REVIEW - Eligible flood/cyclone exposure and mental health outcomes, but design is not sufficiently specified.","{""cyclone"":""REVIEW"",""flood"":""REVIEW""}","{""cyclone"":""NA"",""flood"":""NA""}",title_abstract,,
D0018699,Climate change and mental health in the Philippines,complete,REVIEW,eligibility_unclear,cyclone,"cyclone: REVIEW - Typhoon Haiyan and mental health outcomes present, but design and empirical nature unclear.","{""cyclone"":""REVIEW""}","{""cyclone"":""NA""}",title_abstract,,
D0018728,The influence of natural disasters and multiple natural disasters on self-harm and suicidal behaviour: Findings from a nationally representative cohort study of Australian adolescents,complete,REVIEW,eligibility_unclear,wildfire|flood|drought,wildfire: REVIEW - Fire exposure plausible as wildfire but not explicitly specified; natural disasters include fire/flood. | flood: INCLUDE - Longitudinal cohort study linking flood/fire disasters to self-harm and suicidal ideation in adolescents. | drought: INCLUDE - Longitudinal cohort links drought and other disasters to self-harm/suicide in youth.,"{""drought"":""INCLUDE"",""flood"":""INCLUDE"",""wildfire"":""REVIEW""}","{""drought"":""NA"",""flood"":""NA"",""wildfire"":""NA""}",title_abstract,,
D0018783,Heat Resilience and Severe & Persistent Mental Illness.,complete,REVIEW,title_only_unclear,,"Title suggests heat exposure and mental illness, but design and empirical basis unclear without abstract.",{},{},title_only,REVIEW,NA
D0018844,Meta-analyses of motivational factors of response to natural disaster.,complete,REVIEW,topic_unclear,,Response to natural disasters; disaster type is not identified.,{},{},title_abstract,,
D0019016,An Ecological Approach to Disaster Mitigation: A Literature Review.,complete,REVIEW,topic_unclear,,Generic disaster review with mental health effects; specific disaster type not identified.,{},{},title_abstract,,
D0019094,"Research letter: Flooding, displacement, peritraumatic experience and disaster-related PTSD in northern New South Wales—The critical need for quality data to plan mental health support",complete,REVIEW,eligibility_unclear,flood,flood: REVIEW - Research letter presents data on flood exposure and PTSD but design unclear.,"{""flood"":""REVIEW""}","{""flood"":""NA""}",title_abstract,,
D0019188,"Women, girls, and climate change: Human rights, vulnerabilities, and opportunities",complete,REVIEW,topic_unclear,,Climate change effects on women and girls; no specific hazard type is identified.,{},{},title_abstract,,
D0019193,Addressing women's mental and maternal well-being in the aftermath of flood disasters: a focus on flood-affected communities in Pakistan.,complete,REVIEW,title_only_unclear,,Title suggests flood disaster and mental/maternal well-being but lacks empirical/design details.,{},{},title_only,REVIEW,NA
D0019211,Crisis in the air: the mental health implications of the 2023 Canadian wildfires.,complete,REVIEW,title_only_unclear,,Title suggests study of wildfire effects on mental health; no abstract to assess design/outcomes.,{},{},title_only,REVIEW,NA
D0019600,Health and housing consequences of climate-related disasters: a matched case-control study using population-based longitudinal data in Australia,complete,REVIEW,eligibility_unclear,wildfire|flood|cyclone,"wildfire: REVIEW - Composite climate disaster exposure includes bushfire but not separated; potential wildfire relevance. | flood: REVIEW - Exposure includes combined climate disasters (flood, bushfire, cyclone) without separate flood-specific analysis. | cyclone: REVIEW - Indudes cyclones among climate disasters but pools hazards; no cyclone-specific results.","{""cyclone"":""REVIEW"",""flood"":""REVIEW"",""wildfire"":""REVIEW""}","{""cyclone"":""NA"",""flood"":""NA"",""wildfire"":""NA""}",title_abstract,,
D0019606,Effects of natural hazards on early childhood development: A systematic review protocol,complete,REVIEW,topic_unclear,wildfire|flood|drought,"Review of natural hazards and early childhood development; fire, flood, drought named but hazard types not exhaustive.","{""drought"":""EXCLUDE"",""flood"":""EXCLUDE"",""wildfire"":""EXCLUDE""}","{""drought"":""non_original"",""flood"":""non_original"",""wildfire"":""non_original""}",title_abstract,,
D0019701,The impact of the Covid-19 pandemic and previous natural disasters on the mental health of healthcare workers in Puerto Rico.,complete,REVIEW,topic_unclear,cyclone,"Natural disaster exposure includes hurricanes as an example, but the exact disaster type(s) are not resolved.","{""cyclone"":""EXCLUDE""}","{""cyclone"":""wrong_design""}",title_abstract,,
D0019737,Mental Health Disorders Due to Disaster Exposure: A Systematic Review and Meta-Analysis.,complete,REVIEW,topic_unclear,,Systematic review of disaster exposure and mental health disorders; disaster type not identified.,{},{},title_abstract,,
D0019769,"Association of farmers’ wellbeing in a drought-prone area, Thailand: applications of SPI and VCI indices",complete,REVIEW,eligibility_unclear,drought,"drought: REVIEW - Survey links drought indices to farmer wellbeing, but design (cross-sectional vs longitudinal) is not clearly specified.","{""drought"":""REVIEW""}","{""drought"":""NA""}",title_abstract,,
D0019797,Health and wellbeing of Nepalese migrant workers in Gulf Cooperation Council (GCC) countries: A mixed-methods study,complete,REVIEW,topic_unclear,,Severe weather conditions reported with mental health outcomes; type of weather unidentified.,{},{},title_abstract,,
D0019866,Recovery and adjustment trajectories among Hurricane Florence survivors: Analysis utilizing nonlinear dynamic system modeling,complete,REVIEW,eligibility_unclear,cyclone,cyclone: REVIEW - Longitudinal post-hurricane trajectory study without pre-event baseline or hazard variation; design unclear.,"{""cyclone"":""REVIEW""}","{""cyclone"":""NA""}",title_abstract,,
D0020046,"Short-term impact of noise, other air pollutants and meteorological factors on emergency hospital mental health admissions in the Madrid region",complete,REVIEW,topic_unclear,,Meteorological variables studied as environmental factors for mental health admissions; specific hazard type not identified.,{},{},title_abstract,,
D0020106,"Heatwaves and sleep, sleep and development, mood, neurological disorders and much more!",complete,REVIEW,title_only_unclear,,Title mentions heatwaves and mood but lacks abstract; cannot assess eligibility.,{},{},title_only,REVIEW,NA
D0020246,Early-Life Exposure to PM,complete,REVIEW,title_only_unclear,,"Title is too vague to determine eligible hazard, outcome, or design.",{},{},title_only,REVIEW,NA
D0020380,Climate change and mental health: The urgent warning of Brazil and Spain's 2024 catastrophic floods.,complete,REVIEW,title_only_unclear,,Title suggests flood-mental health link but lacks abstract; possibly non-original warning commentary.,{},{},title_only,REVIEW,NA
D0020476,Prevalence of mental disorders in adult populations from the Global South following exposure to natural hazards: a meta-analysis,complete,REVIEW,topic_unclear,,Meta-analysis of mental disorders after natural hazards; specific hazard types are not identified.,{},{},title_abstract,,
D0020540,"Investigating the Relationship Between Disaster Preparedness Knowledge, Disaster Related Stress, and Post-Disaster Depression Among Students and Faculty in Higher Education.",complete,REVIEW,eligibility_unclear,cyclone,cyclone: REVIEW - Cumulative stressors include Hurricane Sandy but no separate cyclone effect; design unclear.,"{""cyclone"":""REVIEW""}","{""cyclone"":""NA""}",title_abstract,,
D0020558,"Geopsychiatry: Climate change, migration, and mental health.",complete,REVIEW,topic_unclear,temperature,"Heat waves identify temperature, but 'environmental disasters' are also mentioned without specifying disaster type.","{""temperature"":""EXCLUDE""}","{""temperature"":""non_original""}",title_abstract,,
D0020699,Mental health burden following extreme weather events in South-east Asia: A systematic review and meta-analysis,complete,REVIEW,topic_unclear,cyclone,Extreme weather event review identifies cyclone and tsunami; other disaster types and tsunami exceed registered topics.,"{""cyclone"":""EXCLUDE""}","{""cyclone"":""non_original""}",title_abstract,,
D0020724,Exposure to multiple natural disasters and externalising and internalising behavior: A longitudinal study of adolescents,complete,REVIEW,eligibility_unclear,wildfire|flood|drought,"wildfire: EXCLUDE - Exposure is composite natural disasters (fires, floods, storms, drought); wildfire not isolated as exposure. | flood: REVIEW - Flood is bundled within sudden-onset disasters; no flood-specific effect is reported. | drought: INCLUDE - Longitudinal study linking drought exposure to adolescent internalizing/externalizing behavior via SDQ.","{""drought"":""INCLUDE"",""flood"":""REVIEW"",""wildfire"":""EXCLUDE""}","{""drought"":""NA"",""flood"":""NA"",""wildfire"":""wrong_exposure""}",title_abstract,,
D0020774,A Prospective Examination of Mental Health Trajectories of Disaster-Exposed Young Adults in the COVID-19 Pandemic,complete,REVIEW,eligibility_unclear,wildfire|cyclone,wildfire: EXCLUDE - Longitudinal study of all disaster-exposed individuals with no exposure contrast or pre-disaster baseline. | cyclone: REVIEW - Longitudinal study of natural disasters including hurricanes; pooled exposure unclear for cyclone-specific effect.,"{""cyclone"":""REVIEW"",""wildfire"":""EXCLUDE""}","{""cyclone"":""NA"",""wildfire"":""wrong_design""}",title_abstract,,
D0020839,"Syndromic Surveillance in Public Health Emergencies: A Systematic Analysis of Cases Related to Exposure to 2023 Floodwaters in Romagna, Italy.",complete,REVIEW,eligibility_unclear,flood,"flood: REVIEW - Post-flood surveillance compares exposed vs non-exposed for anxiety/stress; lacks pre-event baseline, design ambiguous.","{""flood"":""REVIEW""}","{""flood"":""NA""}",title_abstract,,
D0020844,Effects of Weather on the Severity of Menstrual Symptoms Among College- and High School-Going Women in the Southern Regions of Saudi Arabia.,complete,REVIEW,topic_unclear,,Weather exposure related to menstrual symptoms with anxiety and mood changes; specific weather hazard is not identified.,{},{},title_abstract,,
D0020863,"Opposing objective and subjective wellbeing outcomes within an environmentally vulnerable delta: a case study of Volta Delta, Ghana.",complete,REVIEW,eligibility_unclear,drought|flood,drought: REVIEW - Cross-sectional design ambiguous; drought exposure and subjective wellbeing present. | flood: EXCLUDE - Cross-sectional household survey with no temporal or quasi-experimental exposure contrast.,"{""drought"":""REVIEW"",""flood"":""EXCLUDE""}","{""drought"":""NA"",""flood"":""wrong_design""}",title_abstract,,
D0020876,The 2023 Maui Wildfires and the Mental Health Effects of Climate-Induced Relocation.,complete,REVIEW,title_only_unclear,,"Title suggests wildfire exposure and mental health outcomes; no abstract, design unclear.",{},{},title_only,REVIEW,NA
D0020943,Study on the relationship between PTSD and academic control and academic emotion in primary and middle school students after flood disaster.,complete,REVIEW,eligibility_unclear,flood,flood: REVIEW - Longitudinal post-flood survey of PTSD and emotions; lacks pre-event baseline and exposure contrast.,"{""flood"":""REVIEW""}","{""flood"":""NA""}",title_abstract,,
D0020957,Impact of climate change on maternal health outcomes: An evidence gap map review.,complete,REVIEW,topic_unclear,,Climate change exposure and maternal wellbeing; specific climate hazard type unresolved.,{},{},title_abstract,,
D0021011,Health Disparities and Maladaptive Behavior in Response to Extreme Heat: Impacts on Mental Health Among Older Adults.,complete,REVIEW,title_only_unclear,,"Title suggests extreme heat and mental health in older adults, but abstract is missing; eligibility unclear.",{},{},title_only,REVIEW,NA
D0021076,Applying Digital Technology to Understand Human Experiences of Climate Change Impacts on Food Security and Mental Health: Scoping Review,complete,REVIEW,topic_unclear,temperature,Scoping review on digital apps for climate change impacts on mental health; heatwaves plus unspecified natural disasters.,"{""temperature"":""EXCLUDE""}","{""temperature"":""non_original""}",title_abstract,,
D0021100,"Natural and human-made disaster and associated health outcomes among community-dwelling older adults in India: Findings from LASI, 2017–18",complete,REVIEW,topic_unclear,drought|flood,Composite natural/human-made disaster exposure; drought and flood named but overall disaster type unresolved for mental health associations.,"{""drought"":""EXCLUDE"",""flood"":""EXCLUDE""}","{""drought"":""wrong_exposure"",""flood"":""wrong_exposure""}",title_abstract,,
D0021174,Trajectories of quality of life among disaster victims: A national longitudinal study,complete,REVIEW,topic_unclear,cyclone,"Typhoon is clearly a registered hazard; 'fire' disaster type may be wildfire, but its identity is unresolved.","{""cyclone"":""EXCLUDE""}","{""cyclone"":""wrong_design""}",title_abstract,,
D0021182,"Short-term effects of fine particulate matter from biomass combustion and Saharan dust intrusions on emergency hospital admissions due to mental and behavioural disorders, anxiety and depression in Spain",complete,REVIEW,eligibility_unclear,temperature|wildfire,temperature: INCLUDE - Time-series study of heat-wave temperature and mental-health emergency admissions; eligible exposure and outcome. | wildfire: REVIEW - Biomass combustion PM may include wildfire smoke but attribution is ambiguous; other elements eligible.,"{""temperature"":""INCLUDE"",""wildfire"":""REVIEW""}","{""temperature"":""NA"",""wildfire"":""NA""}",title_abstract,,
D0021194,The mutual influence of parent–child maladaptive emotion regulation on posttraumatic stress following flood exposure,complete,REVIEW,eligibility_unclear,flood,flood: REVIEW - Flood-exposed dyads assessed for PTSS; design not clearly described.,"{""flood"":""REVIEW""}","{""flood"":""NA""}",title_abstract,,
D0021235,"Socio-ecological impacts of extreme weather events in two informal settlements in Nairobi, Kenya",complete,REVIEW,eligibility_unclear,temperature|flood|drought,"temperature: EXCLUDE - Examines extreme weather events broadly, not specifically temperature; no eligible exposure. | flood: EXCLUDE - Descriptive exploratory study of extreme weather impacts, not an analytic estimate of flood effects. | drought: REVIEW - Longitudinal survey mentions drought but not isolated; unclear exposure-contrast design.","{""drought"":""REVIEW"",""flood"":""EXCLUDE"",""temperature"":""EXCLUDE""}","{""drought"":""NA"",""flood"":""wrong_design"",""temperature"":""wrong_exposure""}",title_abstract,,
D0021273,A longitudinal investigation of mental health outcomes after the henan floods in china: Examining predictors of resilience trajectories,complete,REVIEW,eligibility_unclear,flood,"flood: REVIEW - Longitudinal post-flood study of depression, anxiety, PTSD trajectories without pre-event baseline or exposure contrast.","{""flood"":""REVIEW""}","{""flood"":""NA""}",title_abstract,,
D0021282,Heat stress challenges on sports: prioritizing the well-being of practitioners.,complete,REVIEW,title_only_unclear,,"Title suggests heat stress and well-being in sports, but no abstract; eligibility unclear.",{},{},title_only,REVIEW,NA
D0021486,"Post-traumatic stress disorder, food insecurity, and social capital after the 2017 coastal El Niño flooding among mothers from Piura, Peru: A mixed method study",complete,REVIEW,eligibility_unclear,flood,flood: REVIEW - Longitudinal post-flooding prevalence study without pre-event baseline or unexposed comparison; design unclear.,"{""flood"":""REVIEW""}","{""flood"":""NA""}",title_abstract,,
D0021609,Determining the factors impacting the quality of life among the general population in coastal communities in central Vietnam,complete,REVIEW,eligibility_unclear,flood,flood: REVIEW - Cross-sectional study comparing flood-affected vs not; design lacks clear temporal/quasi-experimental contrast.,"{""flood"":""REVIEW""}","{""flood"":""NA""}",title_abstract,,
D0021712,Trajectory of adjustment difficulties following disaster: 10-year longitudinal cohort study,complete,REVIEW,eligibility_unclear,wildfire,"wildfire: REVIEW - Longitudinal cohort post-bushfire measuring distress; no pre-event baseline, design ambiguous.","{""wildfire"":""REVIEW""}","{""wildfire"":""NA""}",title_abstract,,
D0021749,Adolescent mental distress in the wake of climate disasters,complete,REVIEW,eligibility_unclear,flood|wildfire,"flood: EXCLUDE - Exposure is composite climate disasters, not flood-specific. | wildfire: REVIEW - Composite climate disaster exposure includes wildfire but not isolated; needs topic resolution.","{""flood"":""EXCLUDE"",""wildfire"":""REVIEW""}","{""flood"":""wrong_exposure"",""wildfire"":""NA""}",title_abstract,,
D0021855,Climate Change and Human Health in Africa in Relation to Opportunities to Strengthen Mitigating Potential and Adaptive Capacity: Strategies to Inform an African “Brains Trust”,complete,REVIEW,topic_unclear,temperature,Broad climate-health review in Africa with heat exposure (temperature) plus unspecified extreme events requiring human topic review.,"{""temperature"":""EXCLUDE""}","{""temperature"":""non_original""}",title_abstract,,
D0021894,"Mental health problem, extreme temperature and potential solution.",complete,REVIEW,title_only_unclear,,Title suggests relevant topic but no abstract; insufficient information.,{},{},title_only,REVIEW,NA
D0021956,The Use of Telemedicine in Providing Mental Health Support for the Flood Victims of Pakistan.,complete,REVIEW,title_only_unclear,,"Title suggests flood exposure and mental health support via telemedicine, but no abstract or design details.",{},{},title_only,REVIEW,NA
D0021973,Impacts of compounding drought and heatwave events on child mental health: Insights from a spatial clustering analysis,complete,REVIEW,eligibility_unclear,temperature|drought,temperature: INCLUDE - Pediatric psychiatric ED visits during heatwave/drought; daily counts compared across periods; eligible outcome and exposure. | drought: REVIEW - Pediatric ED spatial cluster study of drought/heatwave and mood/suicide outcomes; design ambiguous.,"{""drought"":""REVIEW"",""temperature"":""INCLUDE""}","{""drought"":""NA"",""temperature"":""NA""}",title_abstract,,
D0022116,Eco-Anxiety and Mental Health: Correlates of Climate Change Distress,complete,REVIEW,eligibility_unclear,flood|drought|wildfire,flood: EXCLUDE - Cross-sectional online survey without temporal or exposure contrast; cannot estimate hazard effect. | drought: EXCLUDE - Cross-sectional survey with no exposure contrast; cannot estimate drought effect. | wildfire: REVIEW - Cross-sectional survey with disaster exposure contrast; wildfire included but design eligibility ambiguous.,"{""drought"":""EXCLUDE"",""flood"":""EXCLUDE"",""wildfire"":""REVIEW""}","{""drought"":""wrong_design"",""flood"":""wrong_design"",""wildfire"":""NA""}",title_abstract,,
D0022133,"Intersecting risks: A longitudinal analysis of climate exposure, social vulnerability, and mental health in the Texas Gulf Coast.",complete,REVIEW,eligibility_unclear,temperature|flood,"temperature: REVIEW - Longitudinal predictive modeling of heat, flood, vulnerability and distress; unclear if estimating hazard effect. | flood: REVIEW - Longitudinal ecological study including flooding and mental health distress; predictive design unclear for effect estimation.","{""flood"":""REVIEW"",""temperature"":""REVIEW""}","{""flood"":""NA"",""temperature"":""NA""}",title_abstract,,
D0022184,"Indoor dust, immune activation, and household exposure risk after Hurricane Maria: a two-year pilot prospective cohort study in Puerto Rico",complete,REVIEW,eligibility_unclear,cyclone|flood,"cyclone: INCLUDE - Prospective cohort after Hurricane Maria measures mental health via SF-12, eligible design and outcome. | flood: REVIEW - Repeated post-flood follow-up without pre-event baseline; mental health measured but hazard effect contrast unclear.","{""cyclone"":""INCLUDE"",""flood"":""REVIEW""}","{""cyclone"":""NA"",""flood"":""NA""}",title_abstract,,
D0022186,"Responding to a warming planet: a scoping review of climate change literacy, perceived health impacts, and mental health outcomes among African students.",complete,REVIEW,topic_unclear,,"Climate-related mental health outcomes in African students; no specific climate hazard (e.g., flood, heatwave) identified.",{},{},title_abstract,,
D0022249,Violent deaths following disasters: A retrospective analysis,complete,REVIEW,eligibility_unclear,flood|wildfire|cyclone,flood: INCLUDE - Quasi-experimental ecological study of violent deaths across disasters including floods; suicide is an eligible outcome. | wildfire: INCLUDE - Quasi-experimental study of violent deaths after disasters including wildfire; suicide is an eligible outcome. | cyclone: REVIEW - Outcomes pooled across multiple disaster types including tropical cyclone; hazard-specific results unclear.,"{""cyclone"":""REVIEW"",""flood"":""INCLUDE"",""wildfire"":""INCLUDE""}","{""cyclone"":""NA"",""flood"":""NA"",""wildfire"":""NA""}",title_abstract,,
D0022260,Mapping war trauma: A machine learning approach to predict mental health impacts in Ukraine,complete,REVIEW,eligibility_unclear,temperature,"temperature: REVIEW - Cold exposure and mental health outcomes present, but ML predictive design unclear; requires review.","{""temperature"":""REVIEW""}","{""temperature"":""NA""}",title_abstract,,
D0022317,Associations between Wildfire Smoke Exposure and Health-Related Quality of Life: Findings from the Lovelace Smokers Cohort.,complete,REVIEW,eligibility_unclear,wildfire,wildfire: REVIEW - Wildfire smoke exposure and HRQoL; unclear if cross-sectional or repeated measures,"{""wildfire"":""REVIEW""}","{""wildfire"":""NA""}",title_abstract,,
D0022452,Cumulative effects of severe childhood maltreatment and flood-related residential displacement on PTSD risk among pregnant women in Southern Brazil,complete,REVIEW,eligibility_unclear,flood,flood: REVIEW - Cross-sectional with residential displacement contrast; design eligibility unclear.,"{""flood"":""REVIEW""}","{""flood"":""NA""}",title_abstract,,
D0022476,Older Age Is Associated with Fewer Depression and Anxiety Symptoms Following Extreme Weather Adversity,complete,REVIEW,topic_unclear,flood,Extreme weather/natural disaster adversity; specific events include flood but type not disaggregated,"{""flood"":""EXCLUDE""}","{""flood"":""wrong_exposure""}",title_abstract,,
D0022705,Climate-Induced Heat and the Mental Health of Older Adults: An Overlooked Challenge.,complete,REVIEW,title_only_unclear,,Title suggests climate-induced heat and mental health in older adults; no abstract to assess eligibility.,{},{},title_only,REVIEW,NA
D0022910,Health and Social Support in the Aftermath of the Maui Wildfires,complete,REVIEW,eligibility_unclear,wildfire,"wildfire: REVIEW - Single-wave post-fire cohort comparing exposed vs unexposed; exposure contrast present, but no explicit temporal design.","{""wildfire"":""REVIEW""}","{""wildfire"":""NA""}",title_abstract,,
D0023028,Temporal associations between adolescents’ psychological inflexibility and posttraumatic stress symptoms after a super typhoon: Examining the mediation of cognitive emotion regulation,complete,REVIEW,eligibility_unclear,cyclone,cyclone: REVIEW - Longitudinal post-typhoon panel of PTSS without clear hazard exposure contrast; design unclear.,"{""cyclone"":""REVIEW""}","{""cyclone"":""NA""}",title_abstract,,
D0023056,"Optimism, pessimism, and depressive symptoms: Stability and predictive effects among climate migrants in the United States",complete,REVIEW,topic_unclear,,Climate disasters and depressive symptoms among climate migrants; disaster type is not identified.,{},{},title_abstract,,
D0023091,The Mental Health Condition of Children in Flood-Affected Areas in Bangladesh: Needs Urgent Attention.,complete,REVIEW,title_only_unclear,,Title suggests flood exposure and child mental health but no design information; abstract missing.,{},{},title_only,REVIEW,NA
D0023119,Spatial correlations between summer ozone heatwave dual events and residents mental health in China,complete,REVIEW,eligibility_unclear,temperature,"temperature: REVIEW - Heatwave exposure and mental health; outcome unspecified and design details unclear, so REVIEW.","{""temperature"":""REVIEW""}","{""temperature"":""NA""}",title_abstract,,
D0023276,"Impact of heat stress and protective clothing on healthcare workers: health, performance, and well-being in hospital settings",complete,REVIEW,eligibility_unclear,temperature,"temperature: REVIEW - Occupational indoor heat study but measured outcomes are subjective discomfort/demands, not clearly eligible mental-health outcome.","{""temperature"":""REVIEW""}","{""temperature"":""NA""}",title_abstract,,
D0023277,When nature strikes: Unraveling the mental health consequences among herders in China's pastoral region,complete,REVIEW,topic_unclear,drought,"Natural disaster impacts on herders; drought covered, but snowstorm/general disaster exposure is not fully mapped.","{""drought"":""REVIEW""}","{""drought"":""NA""}",title_abstract,,
D0023333,Cold season air temperature as predictor of psychological well-being and mental health.,complete,REVIEW,eligibility_unclear,temperature,"temperature: REVIEW - Cold-season temperature linked to wellbeing outcomes, but design unstated or ambiguous.","{""temperature"":""REVIEW""}","{""temperature"":""NA""}",title_abstract,,
D0023447,Long-term mental health trajectories across multiple exposures to climate disasters in Australia: a population-based cohort study,complete,REVIEW,eligibility_unclear,wildfire|flood|cyclone,"wildfire: REVIEW - Composite disaster exposure includes bushfire but does not isolate wildfire-specific effects. | flood: INCLUDE - Longitudinal cohort with panel event study estimates mental health effects of repeated climate disasters including flood. | cyclone: REVIEW - Longitudinal cohort examines mental health after multiple climate disasters, but cyclone-specific results are pooled with flood/bushfire.","{""cyclone"":""REVIEW"",""flood"":""INCLUDE"",""wildfire"":""REVIEW""}","{""cyclone"":""NA"",""flood"":""NA"",""wildfire"":""NA""}",title_abstract,,
D0023505,A Research Agenda to Protect Human Health and Build Resilience in the Face of a Changing Climate,complete,REVIEW,topic_unclear,temperature,"Heat-related illness maps to temperature; extreme weather is unresolved alongside it, requiring review.","{""temperature"":""EXCLUDE""}","{""temperature"":""non_original""}",title_abstract,,
D0023510,Transforming Health Psychology and Behavioral Medicine to Address the Climate Crisis: A Call for Strategic Research and Advocacy.,complete,REVIEW,topic_unclear,,Climate crisis and mental health; specific hazard type not identified.,{},{},title_abstract,,
D0023676,"When state rescuing systems were paralyzed: Post-hurricane depression, hope, and spirituality of Black and White student volunteers",complete,REVIEW,eligibility_unclear,cyclone,cyclone: REVIEW - Longitudinal post-hurricane depression study in volunteers; no pre-event baseline or hazard contrast.,"{""cyclone"":""REVIEW""}","{""cyclone"":""NA""}",title_abstract,,
D0023747,Natural disasters and SARS-CoV-2: Potential risk factors for exacerbating mental health conditions among veterans,complete,REVIEW,eligibility_unclear,cyclone,"cyclone: REVIEW - Hurricane exposure and mental health outcomes in veterans; design ambiguous, needs full text.","{""cyclone"":""REVIEW""}","{""cyclone"":""NA""}",title_abstract,,
D0023825,A secondary data analysis investigating the link between weather elements and incident presentation for mental disorders at a Ugandan tertiary psychiatric hospital.,complete,REVIEW,eligibility_unclear,temperature,"temperature: REVIEW - Examines temperature and incident mental disorder presentations; design ambiguous, possibly time-series.","{""temperature"":""REVIEW""}","{""temperature"":""NA""}",title_abstract,,
D0023855,A regional analysis of healthcare utilization trends during consecutive disasters in puerto rico using private claims data.,complete,REVIEW,eligibility_unclear,cyclone,cyclone: REVIEW - Multiple disasters including hurricanes; mental health utilization trends but hazard-specific effect unclear.,"{""cyclone"":""REVIEW""}","{""cyclone"":""NA""}",title_abstract,,
D0023894,Pre-disaster Health Vulnerabilities Predict Major Depressive Disorder Symptoms Among High-Risk Puerto Rican Adults after Hurricanes Maria and Irma,complete,REVIEW,eligibility_unclear,cyclone,cyclone: REVIEW - Pre-post hurricane cohort examines pre-disaster vulnerabilities; unclear if it estimates hurricane exposure effect on mental health.,"{""cyclone"":""REVIEW""}","{""cyclone"":""NA""}",title_abstract,,
D0023919,Anxiety and activism in response to climate change,complete,REVIEW,topic_unclear,wildfire,Wildfire mentioned; extreme weather events unspecified; needs human topic review.,"{""wildfire"":""EXCLUDE""}","{""wildfire"":""non_original""}",title_abstract,,
D0024242,Mental health after compounding natural hazard exposure in New South Wales from 2019 to 2023: a cross-sectional study in Australian youth.,complete,REVIEW,eligibility_unclear,flood|wildfire|drought,flood: REVIEW - Cross-sectional study of compounding hazards including flood; flood-specific effect not isolated. | wildfire: REVIEW - Cross-sectional study with exposure contrast; design eligibility ambiguous. | drought: EXCLUDE - Cross-sectional post-exposure survey without temporal or quasi-experimental exposure contrast.,"{""drought"":""EXCLUDE"",""flood"":""REVIEW"",""wildfire"":""REVIEW""}","{""drought"":""wrong_design"",""flood"":""NA"",""wildfire"":""NA""}",title_abstract,,
D0024324,EXPANSE Urban Labs: a panel study to deepen understanding of healthy urban living environments,complete,REVIEW,eligibility_unclear,temperature,temperature: REVIEW - Methods/design paper with illustrative non-significant perceived heat-depression analysis; exposure and design ambiguous.,"{""temperature"":""REVIEW""}","{""temperature"":""NA""}",title_abstract,,
D0024347,"Sea-level rise threats to food security: A review of agrifood system resilience in the Lower Fraser Valley, BC",complete,REVIEW,topic_unclear,flood,"Sea-level rise and saltwater intrusion are the core hazards; flood topic covers only inundation, not slow-onset salinization.","{""flood"":""EXCLUDE""}","{""flood"":""non_original""}",title_abstract,,
D0024412,An environment and comprehensive wellbeing (ECW) conceptual framework: exploring environmental relationships with objective and subjective wellbeing.,complete,REVIEW,topic_unclear,,Framework assessing climatic hazard impacts on wellbeing; hazard type unspecified.,{},{},title_abstract,,
D0024511,"Summer temperatures, depressive symptoms, and health-related quality of life: a study of residents in 263 Chinese cities",complete,REVIEW,eligibility_unclear,temperature,temperature: REVIEW - Eligible heat exposure and mental-health outcomes; unclear whether design is cross-sectional or longitudinal.,"{""temperature"":""REVIEW""}","{""temperature"":""NA""}",title_abstract,,
D0024564,The impact of climate change on the mental health of the ageing population: A systematic review,complete,REVIEW,topic_unclear,temperature,"Systematic review of climate change on older adult mental health; heat/cold explicit, acute disasters type not identified.","{""temperature"":""EXCLUDE""}","{""temperature"":""non_original""}",title_abstract,,
D0024638,"Depressive and anxiety symptoms after the 2024 flooding in Rio Grande do Sul, Brazil: findings of the PAMPA cohort",complete,REVIEW,eligibility_unclear,flood,flood: REVIEW - Prospective cohort named but no clear pre/post comparison; flood impact and HADS cross-sectional.,"{""flood"":""REVIEW""}","{""flood"":""NA""}",title_abstract,,
D0024645,The Long-Term Mental Health Impact of Disasters: A Systematic Review and Multilevel Meta-Analysis of Longitudinal Epidemiological Studies,complete,REVIEW,topic_unclear,,Longitudinal mental health after disasters; disaster type is not resolved to a registered hazard.,{},{},title_abstract,,
D0024650,Help-Seeking Patterns during Weather Events: 2-1-1 Service Calls among Service-Connected Unhoused Populations in Louisiana from 2014 to 2023,complete,REVIEW,eligibility_unclear,temperature|cyclone,temperature: REVIEW - Study examines temperature/cyclone and 2-1-1 calls; mental health mentions may not be eligible outcome. | cyclone: REVIEW - Primary outcome is service utilization; mental health mentions are secondary and not clearly an eligible outcome.,"{""cyclone"":""REVIEW"",""temperature"":""REVIEW""}","{""cyclone"":""NA"",""temperature"":""NA""}",title_abstract,,
D0024724,Higher temperatures are associated with increased interpersonal and self-inflicted violence-related Medicaid hospital visits in the United States.,complete,REVIEW,eligibility_unclear,temperature,"temperature: REVIEW - Clear temperature exposure and self-inflicted violence outcome, but abstract truncated and design unspecified.","{""temperature"":""REVIEW""}","{""temperature"":""NA""}",title_abstract,,
D0024775,Changes and predictive factors of psychological symptoms in adolescents following the typhoon 'Yagi': a latent change score analysis,complete,REVIEW,eligibility_unclear,cyclone,cyclone: REVIEW - Two-wave post-disaster study without pre-event baseline; eligible typhoon exposure and adolescent mental health outcomes.,"{""cyclone"":""REVIEW""}","{""cyclone"":""NA""}",title_abstract,,
D0025288,Age differences in the psychological consequences of Hurricane Hugo,complete,REVIEW,eligibility_unclear,cyclone,cyclone: REVIEW - Hurricane exposure and psychological distress measured; repeated post-event follow-ups lack pre-event baseline.,"{""cyclone"":""REVIEW""}","{""cyclone"":""NA""}",title_abstract,,
D0025311,Effect of family role on response to disaster,complete,REVIEW,eligibility_unclear,flood,flood: REVIEW - Flood exposure and psychiatric distress present but design unclear from abstract.,"{""flood"":""REVIEW""}","{""flood"":""NA""}",title_abstract,,
D0025324,Chronic Stress as a Mediator of Acute Stress: The Case of Hurricane Hugo,complete,REVIEW,eligibility_unclear,cyclone,"cyclone: REVIEW - Hurricane Hugo exposure and psychological distress measured; design unspecified, likely cross-sectional mediation.","{""cyclone"":""REVIEW""}","{""cyclone"":""NA""}",title_abstract,,
D0025403,Bodies associated with fires,complete,REVIEW,title_only_unclear,,Title only; potential fire exposure but no mental health outcome or design info.,{},{},title_only,REVIEW,NA
D0025607,The relationship between chinook conditions and women's physical and mental well-being,complete,REVIEW,topic_unclear,,Chinook conditions and psychological symptoms; no registered hazard topic covers this weather exposure.,{},{},title_abstract,,
D0025611,Israel brings psychiatric care in from cold,complete,REVIEW,title_only_unclear,,"Title insufficient; no clear hazard, outcome, or design information.",{},{},title_only,REVIEW,NA
D0025804,Symptoms of posttraumatic stress in children after Hurricane Andrew: A prospective study,complete,REVIEW,eligibility_unclear,cyclone,"cyclone: REVIEW - Prospective post-hurricane study with repeated PTSD measures, but no pre-event baseline.","{""cyclone"":""REVIEW""}","{""cyclone"":""NA""}",title_abstract,,
D0026590,Presentation of the case,complete,REVIEW,title_only_unclear,,No abstract; title is uninformative and could relate to any topic.,{},{},title_only,REVIEW,NA
D0026659,Flooding and human health,complete,REVIEW,title_only_unclear,,Title mentions flooding and human health but lacks specificity on outcome and design; no abstract available.,{},{},title_only,REVIEW,NA
D0027038,Impairment in cognitive and exercise performance during prolonged antarctic residence: Effect of thyroxine supplementation the polar triiodothyronine syndrome,complete,REVIEW,eligibility_unclear,temperature,temperature: REVIEW - Antarctic residence study with mood outcomes; cold exposure not clearly temperature-focused.,"{""temperature"":""REVIEW""}","{""temperature"":""NA""}",title_abstract,,
D0027100,In brief,complete,REVIEW,title_only_unclear,,Title is uninformative and no abstract is available.,{},{},title_only,REVIEW,NA
D0027489,Brief treatment for elementary school children with disaster-related posttraumatic stress disorder: A field study,complete,REVIEW,topic_unclear,,Disaster-related PTSD in children; disaster type is not identified.,{},{},title_abstract,,
D0027608,Psychological resilience in older adults following the 1997 flood,complete,REVIEW,eligibility_unclear,flood,"flood: REVIEW - Older adults after flood measured thrice, no pre-event baseline; depression outcome measured.","{""flood"":""REVIEW""}","{""flood"":""NA""}",title_abstract,,
D0027756,Heat relief,complete,REVIEW,title_only_unclear,,Title 'Heat relief' is too ambiguous to determine eligibility.,{},{},title_only,REVIEW,NA
D0027975,Traumatic events take their toll on mental health [1],complete,REVIEW,title_only_unclear,,Title suggests mental health impact of traumatic events but hazard unspecified; insufficient info for exclusion.,{},{},title_only,REVIEW,NA
D0028007,Clinical facts & curios,complete,REVIEW,title_only_unclear,,Title suggests a non-research miscellany; no eligible hazard/outcome stated.,{},{},title_only,REVIEW,NA
D0028017,In search of sustainability,complete,REVIEW,title_only_unclear,,Title only; potentially relevant but insufficient information to judge eligibility.,{},{},title_only,REVIEW,NA
D0028379,"Epidemiologic assessment of the impact of four hurricanes - Florida, 2004",complete,REVIEW,title_only_unclear,,Title suggests a human epidemiologic study of hurricanes but outcome and design are unspecified.,{},{},title_only,REVIEW,NA
D0028390,Sightings,complete,REVIEW,title_only_unclear,,"Title is ambiguous and provides no clear information on exposure, outcome, or design.",{},{},title_only,REVIEW,NA
D0028508,"Coping efforts and efficacy, acculturation, and post-traumatic symptomatology in adolescents following wildfire",complete,REVIEW,eligibility_unclear,wildfire,"wildfire: REVIEW - Repeated post-event survey without pre-event baseline; no clear exposure contrast, so review.","{""wildfire"":""REVIEW""}","{""wildfire"":""NA""}",title_abstract,,
D0028760,Climate change - The greatest crisis for children?,complete,REVIEW,title_only_unclear,,Title suggests broad discussion of climate change effects on children; insufficient information to determine eligibility.,{},{},title_only,REVIEW,NA
D0028882,Heat waves and health protection,complete,REVIEW,title_only_unclear,,Title suggests heat waves but outcome unspecified; abstract missing.,{},{},title_only,REVIEW,NA
D0028959,Medical heat for climate change,complete,REVIEW,title_only_unclear,,Title ambiguous; no abstract available.,{},{},title_only,REVIEW,NA
D0029000,Caring for children of caretakers during a disaster,complete,REVIEW,title_only_unclear,,"Title suggests disaster-related caregiving but hazard, outcome, and design are unstated.",{},{},title_only,REVIEW,NA
D0029001,Caring for children in a juvenile justice system after a disaster,complete,REVIEW,title_only_unclear,,"Title suggests post-disaster context but hazard, outcome, and design are unspecified.",{},{},title_only,REVIEW,NA
D0029154,Community and ecological approaches to understanding and alleviating postdisaster distress,complete,REVIEW,topic_unclear,,"Postdisaster distress after diverse disasters; hazard type unresolved (natural, technological, mass violence).",{},{},title_abstract,,
D0029171,Posttraumatic stress disorder after the hurricanes.,complete,REVIEW,title_only_unclear,,"Title suggests hurricane exposure and PTSD outcome; no abstract, insufficient info.",{},{},title_only,REVIEW,NA
D0029207,Surviving hurricane Wilma,complete,REVIEW,title_only_unclear,,Title suggests hurricane exposure but no outcome/design info; insufficient to exclude.,{},{},title_only,REVIEW,NA
D0029280,Environmental influences on hypothalamic-pituitary-thyroid function and behavior in Antarctica,complete,REVIEW,eligibility_unclear,temperature,temperature: REVIEW - Antarctic station comparison of cold/altitude effects on mood; exposure confounded and design ambiguous.,"{""temperature"":""REVIEW""}","{""temperature"":""NA""}",title_abstract,,
D0029603,The long-term health consequences of disasters and mass traumas,complete,REVIEW,title_only_unclear,,"Title suggests health consequences of disasters/mass trauma; insufficient info on hazard, outcome, or design.",{},{},title_only,REVIEW,NA
D0029621,The cost of change on the land,complete,REVIEW,title_only_unclear,,"Title is vague; no clear exposure, outcome, or design information.",{},{},title_only,REVIEW,NA
D0029657,Trends That Will Affect Your Future .... And Nary a Drop to Drink,complete,REVIEW,title_only_unclear,,Title is vague; unclear if relevant climate hazard and mental health outcome are studied.,{},{},title_only,REVIEW,NA
D0029681,French experiences with Health Impact Assessment of disasters,complete,REVIEW,title_only_unclear,,"Title suggests a descriptive account of Health Impact Assessment of disasters; no clear exclusion, but relevance to eligible hazard and mental health is unclear.",{},{},title_only,REVIEW,NA
D0029699,Facing an uncertain climate,complete,REVIEW,title_only_unclear,,"Title is vague, no clear evidence of eligible hazard, outcome, or design.",{},{},title_only,REVIEW,NA
D0029809,Discussion,complete,REVIEW,title_only_unclear,,Title 'Discussion' is too vague to screen; no abstract available.,{},{},title_only,REVIEW,NA
D0029924,The irritable heart,complete,REVIEW,title_only_unclear,,Title does not clearly indicate an eligible climate hazard or mental-health outcome; insufficient for screening.,{},{},title_only,REVIEW,NA
D0029966,Time to embrace public health approaches to national and global challenges,complete,REVIEW,title_only_unclear,,Title is generic; no clear evidence for or against eligibility criteria.,{},{},title_only,REVIEW,NA
D0030042,Psychosocial responses to disaster: An Asian perspective,complete,REVIEW,topic_unclear,,Psychosocial responses to unspecified natural disasters; disaster type not identified.,{},{},title_abstract,,
D0030051,The sweet smell of (sustainable) success,complete,REVIEW,title_only_unclear,,Title insufficient to determine eligibility; likely unrelated but not clearly excludable.,{},{},title_only,REVIEW,NA
D0030449,The impact of natural disasters on the elderly.,complete,REVIEW,topic_unclear,,Elderly mental health after natural disasters; disaster type is not identified.,{},{},title_abstract,,
D0030459,Casting a cold but hopeful eye,complete,REVIEW,title_only_unclear,,Title is vague and does not clearly indicate eligibility or exclusion; insufficient information.,{},{},title_only,REVIEW,NA
D0030481,Hurricane Katrina: The Jackson veterans affairs medical center experience,complete,REVIEW,title_only_unclear,,Title suggests descriptive account of VA center during Hurricane Katrina; eligibility unclear.,{},{},title_only,REVIEW,NA
D0030514,After Katrina: Quality of life among New Orleans residents with diabetes,complete,REVIEW,title_only_unclear,,Title suggests a post-hurricane study of quality of life in diabetic residents; outcome and design unclear.,{},{},title_only,REVIEW,NA
D0030601,Emerging threats to human health from global environmental change,complete,REVIEW,topic_unclear,drought,Water scarcity indicates drought; generic natural disasters remain unresolved.,"{""drought"":""EXCLUDE""}","{""drought"":""non_original""}",title_abstract,,
D0030775,Family Reunification-Concepts and Challenges,complete,REVIEW,topic_unclear,,Disaster planning and family reunification with psychological support; disaster type unspecified.,{},{},title_abstract,,
D0030776,Pediatric Disaster Readiness: How Far Have We Come?,complete,REVIEW,title_only_unclear,,"Title ambiguous; possibly non-original commentary on disaster readiness, no clear eligible hazard or mental-health outcome.",{},{},title_only,REVIEW,NA
D0030778,Addressing Disaster Mental Health Needs of Children: Practical Guidance for Pediatric Emergency Health Care Providers,complete,REVIEW,topic_unclear,,Children's disaster mental health review; disaster type unspecified.,{},{},title_abstract,,
D0030808,Epidemiology of child traumatic stress,complete,REVIEW,topic_unclear,,Children exposed to trauma in natural disasters; disaster type not identified.,{},{},title_abstract,,
D0030889,"Exposure, avoidance, and PTSD among Hurricane Katrina evacuees",complete,REVIEW,eligibility_unclear,cyclone,cyclone: REVIEW - Hurricane exposure and PTSD assessed post-disaster; design temporality unclear.,"{""cyclone"":""REVIEW""}","{""cyclone"":""NA""}",title_abstract,,
D0030901,The influence of Hurricane exposure and anxiety sensitivity on panic symptoms,complete,REVIEW,eligibility_unclear,cyclone,cyclone: REVIEW - Hurricane Katrina exposure and panic symptoms; two post-event waves lack pre-event baseline.,"{""cyclone"":""REVIEW""}","{""cyclone"":""NA""}",title_abstract,,
D0030939,Academic/state/federal collaborations and the improvement of practices in disaster mental health services and evaluation,complete,REVIEW,topic_unclear,,Disaster mental health services; disaster type is not specified.,{},{},title_abstract,,
D0030953,Factors influencing the course of posttraumatic stress following a natural disaster: Children's reactions to hurricane Katrina,complete,REVIEW,eligibility_unclear,cyclone,cyclone: REVIEW - Longitudinal study of hurricane-exposed youth; uncertain whether hurricane exposure association is estimated.,"{""cyclone"":""REVIEW""}","{""cyclone"":""NA""}",title_abstract,,
D0031074,Disproportionate burdens: The multidimensional impacts of climate change on the health of Indigenous Australians,complete,REVIEW,title_only_unclear,,Title suggests general climate change health impacts; no specific hazard or outcome specified.,{},{},title_only,REVIEW,NA
D0031106,"Disaster mental health research: Current state, gaps in knowledge, and future directions",complete,REVIEW,topic_unclear,flood|cyclone|wildfire,"Broad disaster mental health text; examples include floods, hurricanes, fire, but overall disaster hazard identity is unspecified.","{""cyclone"":""EXCLUDE"",""flood"":""EXCLUDE"",""wildfire"":""EXCLUDE""}","{""cyclone"":""non_original"",""flood"":""non_original"",""wildfire"":""non_original""}",title_abstract,,
D0031107,Mental health and disasters,complete,REVIEW,topic_unclear,cyclone,"Disaster mental health book references Hurricane Katrina, but broader unspecified disaster exposures remain unresolved.","{""cyclone"":""EXCLUDE""}","{""cyclone"":""non_original""}",title_abstract,,
D0031128,Understanding resilience in south australian farm families,complete,REVIEW,eligibility_unclear,drought,"drought: REVIEW - Drought context and farmer mental wellbeing/resilience visible, but design unspecified.","{""drought"":""REVIEW""}","{""drought"":""NA""}",title_abstract,,
D0031134,The effects of disaster on the mental health of individuals with disabilities,complete,REVIEW,topic_unclear,cyclone,Disaster review on mental health; Hurricane Katrina mentioned but broader natural-hazard exposure unresolved.,"{""cyclone"":""EXCLUDE""}","{""cyclone"":""non_original""}",title_abstract,,
D0031190,Spatial decision support in a post-disaster environment: A community-focused approach,complete,REVIEW,topic_unclear,,Post-disaster recovery in post-Katrina Louisiana; disaster type is not identified.,{},{},title_abstract,,
D0031264,Disaster Mental Health,complete,REVIEW,topic_unclear,,Disaster mental health broadly; specific disaster type not identified.,{},{},title_abstract,,
D0031265,Disaster Mental Health,complete,REVIEW,topic_unclear,,Disaster mental health; specific disaster type not identified.,{},{},title_abstract,,
D0031354,Socio-Psychological Dimensions of Flood Risk Management,complete,REVIEW,title_only_unclear,,"Title mentions flood risk and socio-psychological dimensions, but abstract missing; insufficient info.",{},{},title_only,REVIEW,NA
D0031429,How can government protect mental health amid a disaster?,complete,REVIEW,title_only_unclear,,Title suggests policy/commentary on mental health amid disaster; relevance and original evidence unclear.,{},{},title_only,REVIEW,NA
D0031431,Discussions,complete,REVIEW,title_only_unclear,,"Title 'Discussions' provides no information about exposure, outcome, or design.",{},{},title_only,REVIEW,NA
D0031464,Natural disasters and the neurodevelopmental response to trauma in childhood: A brief overview and call to action,complete,REVIEW,topic_unclear,,Pediatric PTSD after natural disaster; disaster type not identified.,{},{},title_abstract,,
D0031465,Adding insult to injury: Five years after Katrina: The oil spill in the Gulf threatens already fragile communities,complete,REVIEW,title_only_unclear,,Title suggests possible commentary or empirical study; lacks abstract and outcome info.,{},{},title_only,REVIEW,NA
D0031481,Memories of Katrina continue to hinder mental health recovery in New Orleans,complete,REVIEW,title_only_unclear,,"Title suggests hurricane (Katrina) and mental health recovery, but no abstract to assess study design or original evidence.",{},{},title_only,REVIEW,NA
D0031609,"Climate change: Heat, health, and longer horizons",complete,REVIEW,title_only_unclear,,Title potentially relevant but no abstract; insufficient info to determine eligibility.,{},{},title_only,REVIEW,NA
D0031739,Mental health symptoms in youth affected by Hurricane Katrina,complete,REVIEW,eligibility_unclear,cyclone,cyclone: REVIEW - Single-wave post-disaster survey with retrospective pre/post symptom recall; design unclear.,"{""cyclone"":""REVIEW""}","{""cyclone"":""NA""}",title_abstract,,
D0031977,The nutrition and health of women and children in the aftermath of natural disasters,complete,REVIEW,topic_unclear,flood,"Exposure is general natural disasters with floods, earthquakes, mudslides; flood routed, broader type unresolved.","{""flood"":""EXCLUDE""}","{""flood"":""wrong_outcome""}",title_abstract,,
D0032024,Age differences and similarities in identity distress following the Katrina disaster: Theoretical and applied implications of Erikson’s theory,complete,REVIEW,eligibility_unclear,cyclone,"cyclone: REVIEW - Hurricane exposure and PTS symptoms present; design not reported, likely cross-sectional.","{""cyclone"":""REVIEW""}","{""cyclone"":""NA""}",title_abstract,,
D0032047,Climate change and maternal health,complete,REVIEW,title_only_unclear,,Title is broad and unclear; no abstract to judge eligibility.,{},{},title_only,REVIEW,NA
D0032232,Exposed during a Blizzard,complete,REVIEW,title_only_unclear,,"Title suggests exposure during a blizzard, but no abstract and no clear eligible outcome; insufficient information.",{},{},title_only,REVIEW,NA
D0032237,"Hurricane Katrina survivors, psychosocial vulnerability, and posttraumatic stress disorder",complete,REVIEW,title_only_unclear,,"Title suggests a hurricane exposure and PTSD outcome, but no abstract and design unclear.",{},{},title_only,REVIEW,NA
D0032254,The art of the possible: Looking back and ahead 5 years after landfall,complete,REVIEW,title_only_unclear,,Title ambiguous; may reflect on cyclone landfall but lacks outcome/design detail,{},{},title_only,REVIEW,NA
D0032439,Discussion,complete,REVIEW,title_only_unclear,,Title 'Discussion' alone provides no eligibility information; abstract is empty.,{},{},title_only,REVIEW,NA
D0032483,Floods in Pakistan: A public health crisis,complete,REVIEW,title_only_unclear,,Title suggests a general public health crisis commentary; unclear if original empirical mental health data are present.,{},{},title_only,REVIEW,NA
D0032558,Climate Change and Health,complete,REVIEW,topic_unclear,,"General climate change exposure; hazard type (e.g., heat, flood) not specified.",{},{},title_abstract,,
D0032629,Climate change effects on human health in a gender perspective: some trends in Arctic research.,complete,REVIEW,topic_unclear,,Climate change effects on human health/wellbeing; no specific climate hazard identified.,{},{},title_abstract,,
D0032632,Public Health,complete,REVIEW,title_only_unclear,,Title is too generic to determine eligibility; no abstract available.,{},{},title_only,REVIEW,NA
D0032702,The beat,complete,REVIEW,title_only_unclear,,Title alone is insufficient to determine eligibility; no hazard or outcome specified.,{},{},title_only,REVIEW,NA
D0032714,Native American health left out in the cold,complete,REVIEW,title_only_unclear,,"Title is vague, possibly a commentary; no clear exposure or outcome identifiable.",{},{},title_only,REVIEW,NA
D0032738,"Inequality, socioeconomic status, and social support in post-disaster mental health in Mexico",complete,REVIEW,topic_unclear,,"Post-disaster depression after storms; specific storm type (e.g., tropical cyclone) is not identified.",{},{},title_abstract,,
D0032777,Exposed during a Blizzard,complete,REVIEW,title_only_unclear,,Title alone insufficient; potential blizzard exposure unclear with no outcome/design info.,{},{},title_only,REVIEW,NA
D0032878,Briefly,complete,REVIEW,title_only_unclear,,Title contains no usable eligibility information.,{},{},title_only,REVIEW,NA
D0032963,In response,complete,REVIEW,title_only_unclear,,Title too short and ambiguous; no abstract; cannot determine eligibility.,{},{},title_only,REVIEW,NA
D0033041,Immediacy bias in social-emotional comparisons,complete,REVIEW,topic_unclear,,"Natural disaster is described as a studied event, but its specific type is not identified.",{},{},title_abstract,,
D0033044,The 2011 Brisbane floods affected residents' health,complete,REVIEW,title_only_unclear,,"Title suggests flood exposure and health impact, but no abstract to confirm mental-health outcome and design.",{},{},title_only,REVIEW,NA
D0033308,Who needs psychiatrists?,complete,REVIEW,title_only_unclear,,Title only; no climate or mental health content clear.,{},{},title_only,REVIEW,NA
D0033315,From the cochrane library,complete,REVIEW,title_only_unclear,,Title provides insufficient information; no abstract available.,{},{},title_only,REVIEW,NA
D0033408,Helsinki -20°C,complete,REVIEW,title_only_unclear,,"Title only; no abstract, unclear relevance to climate hazards and mental health.",{},{},title_only,REVIEW,NA
D0033432,Disaster mental health: A public health paradigm,complete,REVIEW,topic_unclear,,Disaster mental health broadly; specific hazard type not identified beyond examples.,{},{},title_abstract,,
D0033641,Randomized controlled trial of an internet-based intervention using random-digit-dial recruitment: The Disaster Recovery Web project,complete,REVIEW,topic_unclear,,Post-disaster mental health intervention; disaster type not identified.,{},{},title_abstract,,
D0033677,Measuring psychological resilience to disasters: Are evidence-based indicators an achievable goal?,complete,REVIEW,topic_unclear,,Psychological resilience to disasters; disaster type is not identified.,{},{},title_abstract,,
D0033715,"Climate change, income and happiness: An empirical study for Barcelona",complete,REVIEW,eligibility_unclear,wildfire,wildfire: REVIEW - Forest fire exposure and life satisfaction in Barcelona sample; design unspecified requires review.,"{""wildfire"":""REVIEW""}","{""wildfire"":""NA""}",title_abstract,,
D0033847,The ecology of wrath,complete,REVIEW,title_only_unclear,,"Title is ambiguous; no clear eligible hazard, outcome, or design identifiable.",{},{},title_only,REVIEW,NA
D0033954,Discussion,complete,REVIEW,title_only_unclear,,Title only 'Discussion' with no abstract; cannot determine eligibility.,{},{},title_only,REVIEW,NA
D0033958,Acupuncture and its role in natural cataclysmic disasters and armed conflicts,complete,REVIEW,title_only_unclear,,Title suggests acupuncture in disasters/conflicts; relevance to eligible hazards and mental health outcomes unclear.,{},{},title_only,REVIEW,NA
D0034084,The effect of Hurricane Katrina on adolescent feelings of social isolation,complete,REVIEW,eligibility_unclear,cyclone,"cyclone: REVIEW - Hurricane exposure and longitudinal design clear, but social isolation not obviously an eligible outcome.","{""cyclone"":""REVIEW""}","{""cyclone"":""NA""}",title_abstract,,
D0034170,Heat stress in urban areas: Indoor and outdoor temperatures in different urban structure types and subjectively reported well-being during a heat wave in the city of Leipzig,complete,REVIEW,eligibility_unclear,temperature,"temperature: REVIEW - Heat wave study with subjective heat perception and well-being; outcome and design ambiguous, needs review.","{""temperature"":""REVIEW""}","{""temperature"":""NA""}",title_abstract,,
D0034262,Brief Manual for the care of disabled children after disasters,complete,REVIEW,topic_unclear,,Behavioral problems in disabled children after disasters; disaster type not identified.,{},{},title_abstract,,
D0034413,Health effects of hot summer weather in patients with intermediate and high cardiovascular risk,complete,REVIEW,eligibility_unclear,temperature,"temperature: REVIEW - Hot weather exposure and anxiety/QoL measures present, but mental-health outcomes and design contrast are unclear.","{""temperature"":""REVIEW""}","{""temperature"":""NA""}",title_abstract,,
D0034456,Typhoon Haiyan and beyond,complete,REVIEW,title_only_unclear,,Title suggests cyclone exposure but lacks outcome/design details.,{},{},title_only,REVIEW,NA
D0034511,"Climate change, women’s health, wellbeing and experiences of gender based violence in Australia",complete,REVIEW,eligibility_unclear,drought,"drought: REVIEW - Drought exposure and depression/wellbeing reported, but design specifics absent.","{""drought"":""REVIEW""}","{""drought"":""NA""}",title_abstract,,
D0034632,A systematic literature search on psychological first aid: Lack of evidence to develop guidelines,complete,REVIEW,topic_unclear,,Psychological first aid for disaster victims; disaster type not identified.,{},{},title_abstract,,
D0034670,Pediatric disaster readiness,complete,REVIEW,title_only_unclear,,Title alone insufficient to determine eligibility.,{},{},title_only,REVIEW,NA
D0034676,Typhoon Haiyan disaster in the Philippines: Paediatric field hospital perspectives,complete,REVIEW,title_only_unclear,,Title suggests descriptive paediatric field hospital account after Typhoon Haiyan; insufficient information to rule in/out eligible exposure-outcome design.,{},{},title_only,REVIEW,NA
D0034706,Scars of typhoon Haiyan still run deep 1 year on,complete,REVIEW,title_only_unclear,,Title suggests typhoon-related mental health impact but design and measured outcomes are unclear.,{},{},title_only,REVIEW,NA
D0034750,Climate change: A continuing threat to the health of the world's population,complete,REVIEW,title_only_unclear,,"Title is generic; no clear hazard, outcome, or design information.",{},{},title_only,REVIEW,NA
D0034971,Spiritually oriented disaster psychology,complete,REVIEW,topic_unclear,,Disaster psychology and spirituality; exposure is unspecified disasters; hazard type not identified.,{},{},title_abstract,,
D0034972,"Posttraumatic stress symptoms, intrusive thoughts, and disruption are longitudinally related to elevated cortisol and catecholamines following a major hurricane",complete,REVIEW,eligibility_unclear,cyclone,cyclone: REVIEW - Repeated post-event follow-ups without pre-event baseline; ambiguous design for causal estimation.,"{""cyclone"":""REVIEW""}","{""cyclone"":""NA""}",title_abstract,,
D0035171,Diagnostic evaluation Clinical characteristics,complete,REVIEW,title_only_unclear,,No abstract; title is generic and lacks hazard/outcome/design details.,{},{},title_only,REVIEW,NA
D0035303,Partnering with Cuba: Weather extremes,complete,REVIEW,title_only_unclear,,Title mentions weather extremes but no outcome or design info; insufficient.,{},{},title_only,REVIEW,NA
D0035335,Mental health and coping styles of rural residents affected by drinking water shortage in fars province: An ecopsychological perspective,complete,REVIEW,eligibility_unclear,drought,drought: REVIEW - Cross-sectional comparison by water shortage; exposure cause and design eligibility unclear.,"{""drought"":""REVIEW""}","{""drought"":""NA""}",title_abstract,,
D0035361,Determinants of perceived emotional recovery and perceived change in health after a disaster,complete,REVIEW,title_only_unclear,,Title suggests post-disaster emotional recovery study; hazard type and design unclear.,{},{},title_only,REVIEW,NA
D0035399,"Assessing climate-change risks to cultural and natural resources in the Yakima River Basin, Washington, USA",complete,REVIEW,topic_unclear,,Climate change risks to cultural well-being; the specific climate hazard affecting wellbeing is not identified.,{},{},title_abstract,,
D0035412,Climate change: How soon is now?,complete,REVIEW,title_only_unclear,,"Title alone is generic about climate change; no specific hazard, outcome, or design information.",{},{},title_only,REVIEW,NA
D0035470,Typhoon Haiyan recovery: Progress and challenges,complete,REVIEW,title_only_unclear,,Title suggests typhoon recovery but does not specify mental health outcome or design.,{},{},title_only,REVIEW,NA
D0035540,Storm warnings,complete,REVIEW,title_only_unclear,,Title is vague; no abstract; cannot determine eligibility.,{},{},title_only,REVIEW,NA
D0035634,Climate change and health in Pacific Island States,complete,REVIEW,title_only_unclear,,Title is too broad; no specific hazard or outcome specified.,{},{},title_only,REVIEW,NA
D0035697,Global climate change and children's health,complete,REVIEW,topic_unclear,temperature,Reviews climate change effects on child health; mentions heat stress (temperature) but weather disasters linked to psychological sequelae are unspecified.,"{""temperature"":""EXCLUDE""}","{""temperature"":""non_original""}",title_abstract,,
D0035703,What is to be done?,complete,REVIEW,title_only_unclear,,"Title ambiguous, no abstract; insufficient information for screening.",{},{},title_only,REVIEW,NA
D0035817,A meta-review of school-based disaster interventions for child and adolescent survivors,complete,REVIEW,topic_unclear,,MHPSS interventions after natural disaster; disaster type is not identified.,{},{},title_abstract,,
D0035841,Thar drought: A complete public health failure,complete,REVIEW,title_only_unclear,,Title mentions drought but outcome unclear; no abstract available.,{},{},title_only,REVIEW,NA
D0035989,Child protection during disasters,complete,REVIEW,title_only_unclear,,Title only mentions child protection during disasters; insufficient information to determine eligibility.,{},{},title_only,REVIEW,NA
D0036086,A strategy by which to face the future,complete,REVIEW,title_only_unclear,,Title is too vague to assess eligibility; no abstract available.,{},{},title_only,REVIEW,NA
D0036093,"Old war, new battle, new fighters!",complete,REVIEW,title_only_unclear,,Title too vague to assess relevance to climate hazards and mental health.,{},{},title_only,REVIEW,NA
D0036268,Impact of coping efficacy and acculturation on psychopathology in adolescents following a wildfire,complete,REVIEW,eligibility_unclear,wildfire,wildfire: REVIEW - Post-wildfire longitudinal survey without pre-event baseline; design unclear for estimating hazard effect.,"{""wildfire"":""REVIEW""}","{""wildfire"":""NA""}",title_abstract,,
D0036298,The Impact of Disasters: Implications for the Well-Being of Older Adults,complete,REVIEW,topic_unclear,,Impact of disasters on older adults' well-being; disaster type is unspecified.,{},{},title_abstract,,
D0036333,Developing Rural Community Health Risk Assessments for Climate Change: a Tasmanian Pilot Study,complete,REVIEW,topic_unclear,,Climate change health risk assessment for communities; specific hazard type not identified.,{},{},title_abstract,,
D0036380,Preschool children’s adjustment following a hurricane: Risk and resilience in the face of adversity,complete,REVIEW,eligibility_unclear,cyclone,"cyclone: REVIEW - Hurricane exposure with longitudinal design, but child 'adjustment' outcome is not clearly an eligible mental-health measure.","{""cyclone"":""REVIEW""}","{""cyclone"":""NA""}",title_abstract,,
D0036559,Identifying and mobilizing assets for health - the optimists' charter,complete,REVIEW,title_only_unclear,,Title alone insufficient to determine eligibility; no clear exclusion signal.,{},{},title_only,REVIEW,NA
D0036667,Direct and indirect effects of weather experiences on life satisfaction – which role for climate change expectations?,complete,REVIEW,eligibility_unclear,temperature|flood,"temperature: EXCLUDE - Single-wave survey; no temporal or quasi-experimental contrast for heat wave effect. | flood: REVIEW - Survey examines flood experiences and climate expectations on life satisfaction, but design is not clearly specified.","{""flood"":""REVIEW"",""temperature"":""EXCLUDE""}","{""flood"":""NA"",""temperature"":""wrong_design""}",title_abstract,,
D0036897,Reply,complete,REVIEW,title_only_unclear,,Title 'Reply' is too vague to determine eligibility; no abstract available.,{},{},title_only,REVIEW,NA
D0036924,Effects of Displacement in Children Exposed to Disasters,complete,REVIEW,topic_unclear,,Children exposed to disasters and displacement; disaster type is not identified.,{},{},title_abstract,,
D0036995,Pharmacists’ reactions to natural disasters: From Japan to Canada,complete,REVIEW,title_only_unclear,,Title mentions natural disasters but exposure/outcome unspecified; insufficient to exclude.,{},{},title_only,REVIEW,NA
D0037066,Floods and happiness: Empirical evidence from Bulgaria,complete,REVIEW,title_only_unclear,,"Title suggests empirical study of floods and happiness; potentially relevant, but abstract missing.",{},{},title_only,REVIEW,NA
D0037093,"A socio-hydrological comparative assessment explaining regional variances in suicide rate amongst farmers in maharashtra, India",complete,REVIEW,topic_unclear,,Farmer suicides linked to hydroclimatic variability; no registered hazard explicitly identified.,{},{},title_abstract,,
D0037295,Call to duty revisited,complete,REVIEW,title_only_unclear,,Title 'Call to duty revisited' is ambiguous; no clear exclusion or eligibility based on title alone.,{},{},title_only,REVIEW,NA
D0037345,Communicating the health effects of climate change,complete,REVIEW,title_only_unclear,,"Title alone suggests communication topic, no clear hazard/outcome/design; insufficient.",{},{},title_only,REVIEW,NA
D0037402,Extreme Weather Events: Addressing the Mental Health Challenges,complete,REVIEW,topic_unclear,flood,Review of extreme weather events and mental health; flood example is explicit but broader hazard class is unresolved.,"{""flood"":""EXCLUDE""}","{""flood"":""non_original""}",title_abstract,,
D0037447,"Post-bushfire relocation decision-making and personal wellbeing: A case study from Victoria, Australia",complete,REVIEW,title_only_unclear,,Potential bushfire and wellbeing study; 'case study' suggests descriptive design but unclear without abstract.,{},{},title_only,REVIEW,NA
D0037807,Displacement and mental health after natural disasters,complete,REVIEW,title_only_unclear,,Title mentions natural disasters and mental health; generic hazard may conceal eligible exposure.,{},{},title_only,REVIEW,NA
D0037953,"Extreme rain, flooding, and health",complete,REVIEW,title_only_unclear,,Title suggests flooding and health but abstract missing; eligibility unclear.,{},{},title_only,REVIEW,NA
D0038034,Long-run Health Repercussions of Drought Shocks: Evidence from South African Homelands,complete,REVIEW,eligibility_unclear,drought,drought: REVIEW - Drought exposure with later-life disabilities; outcome unclear if mental health measured.,"{""drought"":""REVIEW""}","{""drought"":""NA""}",title_abstract,,
D0038078,The Impact of Natural Disasters on Youth: A Focus on Emerging Research beyond Internalizing Disorders,complete,REVIEW,topic_unclear,,Youth outcomes following generic natural disaster exposure; disaster type not identified.,{},{},title_abstract,,
D0038090,"Gender, place and mental health recovery in disasters: Addressing issues of equality and difference",complete,REVIEW,eligibility_unclear,flood,flood: REVIEW - Flood-affected sample; gender comparison of mental health recovery; no clear exposure contrast; design ambiguous.,"{""flood"":""REVIEW""}","{""flood"":""NA""}",title_abstract,,
D0038121,Taking a sympathetic approach to post-traumatic stress disorder,complete,REVIEW,title_only_unclear,,Title mentions PTSD but no eligible climate hazard exposure; insufficient information to determine eligibility.,{},{},title_only,REVIEW,NA
D0038136,Social and occupational factors associated with psychological wellbeing among occupational groups affected by disaster: a systematic review,complete,REVIEW,topic_unclear,,Psychological wellbeing among disaster-exposed employees; disaster type is not identified.,{},{},title_abstract,,
D0038146,Drought: a global environmental concern,complete,REVIEW,title_only_unclear,,"Title only mentions drought as environmental concern, no info on outcomes or study design.",{},{},title_only,REVIEW,NA
D0038157,The effect of flooding on mental health: Lessons learned for building resilience,complete,REVIEW,eligibility_unclear,flood,flood: REVIEW - Survey of flood effects on mental health; design details insufficient to confirm exposure contrast.,"{""flood"":""REVIEW""}","{""flood"":""NA""}",title_abstract,,
D0038171,Psychosocial recovery following community disasters: An international collaboration,complete,REVIEW,title_only_unclear,,"Title suggests disaster mental health recovery but lacks specificity to hazard, outcome, and design.",{},{},title_only,REVIEW,NA
D0038212,Climate change—the wider threat,complete,REVIEW,title_only_unclear,,"Title only, vague; no clear exclusion or inclusion signal.",{},{},title_only,REVIEW,NA
D0038213,The impact of climate change on youth depression and mental health,complete,REVIEW,title_only_unclear,,Title potentially relevant but lacks exposure/design details; no abstract.,{},{},title_only,REVIEW,NA
D0038234,"Drinking water and disorientation: The perils of a long, hot, Australian summer",complete,REVIEW,title_only_unclear,,"No abstract; title suggests a heat-related commentary, but empirical eligibility is unclear.",{},{},title_only,REVIEW,NA
D0038293,The epidemiologic silver lining of climate change,complete,REVIEW,title_only_unclear,,"Title unclear regarding hazards, outcomes, or design; no abstract.",{},{},title_only,REVIEW,NA
D0038307,Peering through the hourglass,complete,REVIEW,title_only_unclear,,Title does not indicate an eligible hazard or outcome; insufficient information.,{},{},title_only,REVIEW,NA
D0038335,Preventive medicine for the planet and its peoples,complete,REVIEW,title_only_unclear,,Title is vague with no clear exposure or outcome; insufficient information.,{},{},title_only,REVIEW,NA
D0038344,Doom and gloom won't save the world,complete,REVIEW,title_only_unclear,,"Title-only; unclear type of publication, potentially not empirical",{},{},title_only,REVIEW,NA
D0038361,"Impact of a changing climate on global stability, wellbeing, and planetary health",complete,REVIEW,title_only_unclear,,Title is broad and lacks specific hazard or outcome information,{},{},title_only,REVIEW,NA
D0038377,Are we underestimating the economic costs of wildfire smoke? An investigation using the life satisfaction approach,complete,REVIEW,eligibility_unclear,wildfire,wildfire: REVIEW - Life satisfaction approach estimates willingness to pay to avoid wildfire smoke; design unclear from abstract.,"{""wildfire"":""REVIEW""}","{""wildfire"":""NA""}",title_abstract,,
D0038487,Epidemiology in the age of sustainable development,complete,REVIEW,title_only_unclear,,"Title is too generic; no clear indication of eligible hazard, outcome, or design.",{},{},title_only,REVIEW,NA
D0038624,‘Freedom from fear and want’ and our psychological response to environmental changes,complete,REVIEW,topic_unclear,,Psychological responses to unspecified hazards; disaster type is not identified.,{},{},title_abstract,,
D0038965,Will boys’ mental health fare worse under a hotter climate in Australia?,complete,REVIEW,eligibility_unclear,temperature,temperature: REVIEW - Repeated national survey links annual max temp to child SDQ; design not detailed enough.,"{""temperature"":""REVIEW""}","{""temperature"":""NA""}",title_abstract,,
D0038966,"Disaster Impacts on Students and Staff from a Specialist, Trauma-Informed Australian School",complete,REVIEW,topic_unclear,,Disaster impacts on student and staff wellbeing; disaster type is not identified.,{},{},title_abstract,,
D0038977,Sleep and the human impacts of climate change,complete,REVIEW,title_only_unclear,,Title suggests climate change impacts on sleep but lacks specific hazard/outcome detail.,{},{},title_only,REVIEW,NA
D0039212,"The 2017 perfect storm season, climate change, and environmental injustice",complete,REVIEW,title_only_unclear,,Title suggests storm season and environmental injustice but no clear mental health outcome; abstract missing.,{},{},title_only,REVIEW,NA
D0039282,"How Does a Changing Climate Impact the Health of Workers? Part 2: Weather and Climate Disasters, Worker Health, and Occupational Resiliency",complete,REVIEW,title_only_unclear,,Title suggests broad overview of climate disasters and worker health; unclear if original empirical study,{},{},title_only,REVIEW,NA
D0039378,Disaster management,complete,REVIEW,title_only_unclear,,Title is too generic; insufficient information to determine eligibility.,{},{},title_only,REVIEW,NA
D0039480,Climate change and global child health,complete,REVIEW,title_only_unclear,,Title too broad to determine exposure/outcome/design.,{},{},title_only,REVIEW,NA
D0039606,"Health burden associated with fire smoke in Sydney, 2001–2013",complete,REVIEW,title_only_unclear,,"Title suggests wildfire smoke exposure and health burden, but outcome and design unclear; no abstract.",{},{},title_only,REVIEW,NA
D0039706,After the deluge,complete,REVIEW,title_only_unclear,,"Title suggests flood aftermath but unclear exposure, outcome, or design.",{},{},title_only,REVIEW,NA
D0039750,Relationship between subjective well-being and material quality of life in face of climate vulnerability in NE Brazil,complete,REVIEW,eligibility_unclear,drought,drought: REVIEW - Subjective wellbeing in drought-affected households; no clear drought-effect design.,"{""drought"":""REVIEW""}","{""drought"":""NA""}",title_abstract,,
D0039886,Willingness to pay estimates for wildfire smoke health impacts in the US using the life satisfaction approach,complete,REVIEW,eligibility_unclear,wildfire,wildfire: REVIEW - Life satisfaction approach estimates WTP for wildfire smoke exposure; design details unclear.,"{""wildfire"":""REVIEW""}","{""wildfire"":""NA""}",title_abstract,,
D0039981,Hygienic and psychophysiological peculiarities of forming health of students of the medical university,complete,REVIEW,eligibility_unclear,temperature,"temperature: REVIEW - Indoor classroom temperature and student anxiety measured; design unclear, may be descriptive.","{""temperature"":""REVIEW""}","{""temperature"":""NA""}",title_abstract,,
D0040465,"The cost of doing nothing in the face of climate change: a case study, using the life satisfaction approach to value the tangible and intangible costs of flooding in the Philippines",complete,REVIEW,eligibility_unclear,flood,"flood: REVIEW - Flooding and life satisfaction measured, but design details insufficient to determine exposure contrast.","{""flood"":""REVIEW""}","{""flood"":""NA""}",title_abstract,,
D0040502,"Addressing water-related shocks and coping decision through enhanced community participation: Case studies from Ganga basin, Uttarakhand, India",complete,REVIEW,topic_unclear,,Water-related shocks from climate change; specific hazard type unidentified.,{},{},title_abstract,,
D0040586,Environmental factors and suicide in Australian farmers: A qualitative study,complete,REVIEW,topic_unclear,,Extreme climatic events are a suicide risk factor; specific climate hazard type not identified.,{},{},title_abstract,,
D0040702,"Comment on choi, y.-j.; choi, h.-b.; o’donnell, m. disaster reintegration model: A qualitative analysis on developing korean disaster mental health support model. int. j. environ. res. public health 2018, 15, 362",complete,REVIEW,topic_unclear,,Commentary on disaster mental health; hazard type unspecified.,{},{},title_abstract,,
D0040774,"The resilience paradox: flooding experience, coping and climate change mitigation intentions",complete,REVIEW,eligibility_unclear,flood,"flood: REVIEW - Cross-sectional post-flood survey; negative emotions/coping outcomes, but design lacks clear temporal/quasi-experimental contrast.","{""flood"":""REVIEW""}","{""flood"":""NA""}",title_abstract,,
D0040921,Behavioral Responses in Youth Exposed to Natural Disasters and Political Conflict,complete,REVIEW,topic_unclear,,Youths' behavioral responses to natural disasters; specific disaster type unspecified.,{},{},title_abstract,,
D0040990,The elephant in the room,complete,REVIEW,title_only_unclear,,Title alone is uninformative; insufficient info to screen.,{},{},title_only,REVIEW,NA
D0041025,Natural Hazards and Well-Being in a Small-Scale Island Society,complete,REVIEW,eligibility_unclear,drought,"drought: REVIEW - Drought and storms linked to life satisfaction, but design not explicitly stated.","{""drought"":""REVIEW""}","{""drought"":""NA""}",title_abstract,,
D0041142,Greening of the Heart and Mind,complete,REVIEW,title_only_unclear,,"Title is vague; no clear hazard, outcome, or design information.",{},{},title_only,REVIEW,NA
D0041270,Impacts of flooding and flood preparedness on subjective well-being: A monetisation of the tangible and intangible impacts,complete,REVIEW,eligibility_unclear,flood,"flood: REVIEW - Measured flood & SWB but design unclear; possible cross-sectional survey, not enough detail","{""flood"":""REVIEW""}","{""flood"":""NA""}",title_abstract,,
D0041305,Extreme weather events and child health,complete,REVIEW,title_only_unclear,,Title mentions extreme weather and child health; outcome unclear; no abstract.,{},{},title_only,REVIEW,NA
D0041416,"Vulnerability, Resilience and Quality of Life: A Micro Level Study of Ghoramara Island in the Sundarban Region of West Bengal, India",complete,REVIEW,eligibility_unclear,cyclone|flood,cyclone: REVIEW - Cyclone among multiple hazards; quality of life outcome and design unclear; truncated abstract. | flood: REVIEW - Mentions flood/cyclone and quality of life but empirical design and outcome measurement unclear.,"{""cyclone"":""REVIEW"",""flood"":""REVIEW""}","{""cyclone"":""NA"",""flood"":""NA""}",title_abstract,,
D0041672,Time and tide,complete,REVIEW,title_only_unclear,,"Title is a phrase with no clear exposure, outcome, or design information.",{},{},title_only,REVIEW,NA
D0041882,Sleep touches everything,complete,REVIEW,title_only_unclear,,Title is too vague to assess eligibility; no abstract provided.,{},{},title_only,REVIEW,NA
D0041946,Be Prepared,complete,REVIEW,title_only_unclear,,"Title provides no information about exposure, outcome, or design.",{},{},title_only,REVIEW,NA
D0042006,Effects of flood and flood-control engineering on morbidity,complete,REVIEW,eligibility_unclear,flood,"flood: REVIEW - Flood exposure and depressive/anxiety disorder outcomes studied, but design unclear.","{""flood"":""REVIEW""}","{""flood"":""NA""}",title_abstract,,
D0042132,Superimposed threats to population health from tropical cyclones in the prevaccine era of COVID-19,complete,REVIEW,title_only_unclear,,Title suggests cyclone exposure and population health but eligibility of outcome/design unclear.,{},{},title_only,REVIEW,NA
D0042171,"Association between psychological morbidities and information provision, reliability, and satisfaction among disaster victims: A cross-sectional study",complete,REVIEW,topic_unclear,,"Psychological morbidities after disasters; disaster type (e.g., earthquakes) is not a registered topic.",{},{},title_abstract,,
D0042227,Not all trauma is the same,complete,REVIEW,title_only_unclear,,"Title is too vague; no clear exposure, outcome, or design can be assessed.",{},{},title_only,REVIEW,NA
D0042278,Spatial evolution of the effects of urban heat island on residents' health,complete,REVIEW,eligibility_unclear,temperature,"temperature: REVIEW - UHI and emotional health mentioned, but design and outcome measurement unclear.","{""temperature"":""REVIEW""}","{""temperature"":""NA""}",title_abstract,,
D0042420,"Walking forwards, looking backwards",complete,REVIEW,title_only_unclear,,"Title is metaphorical and provides no clear hazard, outcome, or design.",{},{},title_only,REVIEW,NA
D0042479,Unprecedented smoke-related health burden associated with the 2019–20 bushfires in eastern Australia,complete,REVIEW,title_only_unclear,,Title suggests bushfire smoke and health burden but does not specify mental-health outcome or design.,{},{},title_only,REVIEW,NA
D0042489,Recovering after a natural disaster: Differences in quality of life across three communities after Hurricane Sandy,complete,REVIEW,eligibility_unclear,cyclone,"cyclone: REVIEW - Longitudinal quality-of-life after Hurricane Sandy, outcome and hazard contrast unclear.","{""cyclone"":""REVIEW""}","{""cyclone"":""NA""}",title_abstract,,
D0042695,Climate Change and Risk of Completed Suicide,complete,REVIEW,topic_unclear,,Climate change and suicide reviewed; specific climate hazard type is not identified.,{},{},title_abstract,,
D0043035,Adaptive anxiety,complete,REVIEW,title_only_unclear,,"Title is vague; no clear exclusion, could relate to anxiety but hazard unclear.",{},{},title_only,REVIEW,NA
D0043115,Climate change as an involuntary exposure: A comparative risk perception study from six countries across the global development gradient,complete,REVIEW,topic_unclear,,Climate change as exposure; specific climate hazard type not identified.,{},{},title_abstract,,
D0043223,Mrs R and the striking heat: The importance of the dynamic systems theory in the psychopathological differential diagnosis,complete,REVIEW,title_only_unclear,,Title mentions heat and psychopathology but lacks abstract and design details; insufficient to exclude.,{},{},title_only,REVIEW,NA
D0043236,Climate change and gender-based health disparities,complete,REVIEW,title_only_unclear,,"Title is too vague; no eligible hazard, outcome, or design clearly stated.",{},{},title_only,REVIEW,NA
D0043240,Highlights,complete,REVIEW,title_only_unclear,,No abstract; title 'Highlights' is insufficient to assess eligibility.,{},{},title_only,REVIEW,NA
D0043294,"Forest science innovation for sustainable forest management, improvement of human welfare, and quality of life under global environmental changes",complete,REVIEW,title_only_unclear,,"Title is broad; no clear eligible hazard, mental-health outcome, or design; likely insufficient.",{},{},title_only,REVIEW,NA
D0043295,Australia on fire,complete,REVIEW,title_only_unclear,,Title suggests wildfire but no mental health outcome or design information.,{},{},title_only,REVIEW,NA
D0043314,"Double environmental injustice-climate change, hurricane dorian, and the Bahamas",complete,REVIEW,title_only_unclear,,"Title suggests hurricane exposure and environmental injustice, but no clear mental-health outcome or design information.",{},{},title_only,REVIEW,NA
D0043377,Water Access in Changing Climate in Bangladesh: A Study of Social Impacts on Women Who Manage Household Water,complete,REVIEW,eligibility_unclear,cyclone|flood,"cyclone: REVIEW - Cyclone mentioned amid climate change impacts on water access; mental health impacts listed; design unclear. | flood: EXCLUDE - Exposure is water access under climate change, not flood; floods only tangentially mentioned.","{""cyclone"":""REVIEW"",""flood"":""EXCLUDE""}","{""cyclone"":""NA"",""flood"":""wrong_exposure""}",title_abstract,,
D0043592,Tackling adverse health effects of climate change and migration through intersectoral capacity building in Sub-Saharan Africa,complete,REVIEW,title_only_unclear,,Title-only; unclear if original empirical study; appears capacity-building initiative.,{},{},title_only,REVIEW,NA
D0043688,Finding the Best Balance,complete,REVIEW,title_only_unclear,,Title is generic; insufficient information to determine eligibility.,{},{},title_only,REVIEW,NA
D0043707,Sensing Physiological Change and Mental Stress in Older Adults from Hot Weather,complete,REVIEW,eligibility_unclear,temperature,temperature: REVIEW - Pilot feasibility study using wearables and mood surveys; design for estimating temperature-mental stress association unclear.,"{""temperature"":""REVIEW""}","{""temperature"":""NA""}",title_abstract,,
D0043775,Bushfires in Australia: a serious health emergency under climate change,complete,REVIEW,title_only_unclear,,"Title suggests bushfire health emergency, but no abstract; unclear if mental health outcome and original empirical study.",{},{},title_only,REVIEW,NA
D0043777,Genetic erosion in traditional rice agro-ecosystems in Southern Philippines: Drivers and consequences,complete,REVIEW,topic_unclear,,Natural calamities mentioned as a driver of suffering; specific disaster type not identified.,{},{},title_abstract,,
D0043785,Public mental health and associated opportunities,complete,REVIEW,title_only_unclear,,Title is generic and lacks specific hazard/outcome detail; cannot exclude or include.,{},{},title_only,REVIEW,NA
D0043800,"Climate changes reproductive and children’s health: a review of risks, exposures, and impacts",complete,REVIEW,topic_unclear,temperature,Review of climate change impacts; 'extreme weather' suggests disaster exposure but specific hazard type unresolved.,"{""temperature"":""EXCLUDE""}","{""temperature"":""non_original""}",title_abstract,,
D0043847,Needs Assessment: Forecasting the Needs and Improving the Immediate Medical Response in Complex Emergencies,complete,REVIEW,topic_unclear,,Natural disasters mentioned for medical needs assessment; hazard type unspecified.,{},{},title_abstract,,
D0044148,The health benefits of urgent upstream action on climate change,complete,REVIEW,title_only_unclear,,Title alone does not clearly indicate an empirical human mental-health study; may be non-original or general health commentary.,{},{},title_only,REVIEW,NA
D0044153,Do not despair about climate change,complete,REVIEW,title_only_unclear,,Title suggests commentary but no clear hazard or outcome; insufficient information.,{},{},title_only,REVIEW,NA
D0044154,Children's voices: Young people thinking about climate change,complete,REVIEW,title_only_unclear,,Title suggests children's perspectives on climate change but relevance to eligible hazard/mental-health outcome is unclear.,{},{},title_only,REVIEW,NA
D0044156,Ethical considerations regarding the effects of climate change and planetary health on children,complete,REVIEW,topic_unclear,,Climate change effects on children's mental health; specific weather or disaster hazard not identified.,{},{},title_abstract,,
D0044174,Who cares about climate?,complete,REVIEW,title_only_unclear,,Title is vague and does not clearly indicate any exclusion criterion.,{},{},title_only,REVIEW,NA
D0044184,Health impact and risk factors affecting south and southeast asian women following natural disasters: A systematic review,complete,REVIEW,topic_unclear,,Women's mental health after natural disasters; disaster type is not specified.,{},{},title_abstract,,
D0044285,How effectively do drought indices capture health outcomes? An investigation from rural Australia,complete,REVIEW,eligibility_unclear,drought,drought: REVIEW - Drought-wellbeing analysis across time windows and postcodes; design not fully specified.,"{""drought"":""REVIEW""}","{""drought"":""NA""}",title_abstract,,
D0044331,Impact of temperature on physical and mental health: Evidence from china,complete,REVIEW,eligibility_unclear,temperature,temperature: REVIEW - Ambiguous mental health outcome measure; temperature exposure and panel design plausible.,"{""temperature"":""REVIEW""}","{""temperature"":""NA""}",title_abstract,,
D0044614,Anthony Ng: The kids are alright,complete,REVIEW,title_only_unclear,,Title alone ambiguous; no clear evidence of ineligible publication type or topic.,{},{},title_only,REVIEW,NA
D0044675,"Quantifying Psychosocial Impacts From Coastal Hazards for Cost-Benefit Analysis in Eastern Quebec, Canada",complete,REVIEW,eligibility_unclear,flood,flood: REVIEW - Cross-sectional survey comparing affected vs unaffected; design not clearly eligible for estimating hazard effect.,"{""flood"":""REVIEW""}","{""flood"":""NA""}",title_abstract,,
D0044880,Perceptions of health risks due to climate change in Mexico Juan,complete,REVIEW,topic_unclear,,Climate change health risk perceptions; specific hazard not identified.,{},{},title_abstract,,
D0045006,The climate change–homelessness nexus,complete,REVIEW,title_only_unclear,,"Title suggests climate change and homelessness, but no clear mental health outcome or design; insufficient information.",{},{},title_only,REVIEW,NA
D0045022,"Risk of infections, chronic diseases and mental health disorders after floods by the coastal child phenomenon in displaced populations, Piura, 2017",complete,REVIEW,eligibility_unclear,flood,"flood: REVIEW - Longitudinal study of flood-displaced families with mental health outcome, but exposure contrast unclear.","{""flood"":""REVIEW""}","{""flood"":""NA""}",title_abstract,,
D0045089,Well-being effects of extreme weather events in the United States,complete,REVIEW,topic_unclear,,Natural disasters affect subjective well-being; specific disaster type is not identified.,{},{},title_abstract,,
D0045351,Research in health-emergency and disaster risk management and its potential implications in the post covid-19 world,complete,REVIEW,title_only_unclear,,Title alone insufficient to determine eligibility; ambiguous topic and design.,{},{},title_only,REVIEW,NA
D0045354,"Carceral and Climate Crises and Health Inequities: A Call for Greater Transparency, Accountability, and Human Rights Protections",complete,REVIEW,topic_unclear,temperature,"Commentary on climate-exposed incarcerated populations; extreme temperatures present, but generic natural disasters remain unspecified.","{""temperature"":""EXCLUDE""}","{""temperature"":""non_original""}",title_abstract,,
D0045459,Childhood asthma and school,complete,REVIEW,title_only_unclear,,"Title only, unclear relevance to eligible climate hazard and mental-health outcome.",{},{},title_only,REVIEW,NA
D0045473,Stories from the field balancing the act,complete,REVIEW,title_only_unclear,,Title only; vague and cannot determine eligibility.,{},{},title_only,REVIEW,NA
D0045499,A climate of anxiety,complete,REVIEW,title_only_unclear,,Title ambiguous; no abstract.,{},{},title_only,REVIEW,NA
D0045504,Thirty years of questions and beyond,complete,REVIEW,title_only_unclear,,"Title alone does not indicate hazard, outcome, or design; insufficient information.",{},{},title_only,REVIEW,NA
D0045668,Harnessing virtual reality for disaster mental health: A systematic review,complete,REVIEW,topic_unclear,cyclone,Review of VR for disaster mental health; hurricanes mentioned but the specific disaster types under study are not fully specified.,"{""cyclone"":""EXCLUDE""}","{""cyclone"":""non_original""}",title_abstract,,
D0046031,Healthy ageing for a healthy planet: do sustainable solutions exist?,complete,REVIEW,title_only_unclear,,Title lacks explicit hazard and outcome; potentially relevant but insufficient information.,{},{},title_only,REVIEW,NA
D0046141,Human security of urban migrant populations affected by length of residence and environmental hazards,complete,REVIEW,topic_unclear,,Climate-related environmental hazards affect migrant human security; hazard type is not specified.,{},{},title_abstract,,
D0046246,"Flooding, mental health and crime: Women'S experiences in England",complete,REVIEW,title_only_unclear,,Title suggests flood exposure and mental health but design and original evidence unclear.,{},{},title_only,REVIEW,NA
D0046251,"Air quality, heat and mental health the role of green infrastructure",complete,REVIEW,title_only_unclear,,"Title suggests heat and mental health with green infrastructure, but design and original data unclear.",{},{},title_only,REVIEW,NA
D0046292,Heat days are also dangerous for young people,complete,REVIEW,title_only_unclear,,"Title suggests heat days and danger to young people, but no abstract to verify mental health outcome or design.",{},{},title_only,REVIEW,NA
D0046303,Mental health impacts of Hurricane Harvey: Examining the roles of intimate partner violence and resilience,complete,REVIEW,eligibility_unclear,cyclone,cyclone: REVIEW - Post-Harvey SEM links exposure to PTS/depression; design ambiguous cross-sectional vs longitudinal.,"{""cyclone"":""REVIEW""}","{""cyclone"":""NA""}",title_abstract,,
D0046334,Cohort Profile: The Urmia Lake Cohort Study (ULCS),complete,REVIEW,title_only_unclear,,Title-only record describing a cohort profile; no clear exposure/outcome information.,{},{},title_only,REVIEW,NA
D0046356,The costs of protecting health in the face of climate change - feasibility lies in proactivity,complete,REVIEW,title_only_unclear,,Title lacks specific hazard and mental-health outcome info; may be non-empirical commentary but uncertain.,{},{},title_only,REVIEW,NA
D0046519,Examining the dose–response relationship: Applying the disaster exposure matrix to understand the mental health impacts of Hurricane Sandy,complete,REVIEW,eligibility_unclear,cyclone,cyclone: REVIEW - Cohort study of Hurricane Sandy survivors examining exposure and mental health; design details unclear.,"{""cyclone"":""REVIEW""}","{""cyclone"":""NA""}",title_abstract,,
D0046569,Being cold at home could harm mental health,complete,REVIEW,title_only_unclear,,Title suggests cold home environment and mental health; eligibility unclear without abstract.,{},{},title_only,REVIEW,NA
D0046793,Flood of injustice,complete,REVIEW,title_only_unclear,,Title is ambiguous; no abstract available to determine eligibility.,{},{},title_only,REVIEW,NA
D0046806,Devastating flood emergency in Pakistan- a recent threat to country's health care system,complete,REVIEW,title_only_unclear,,Title mentions flood and health care system but no clear mental health outcome or empirical design; ambiguous.,{},{},title_only,REVIEW,NA
D0046826,"Integrated assessment of the extreme climatic conditions, thermal performance, vulnerability, and well-being in low-income housing in the subtropical climate of Australia",complete,REVIEW,eligibility_unclear,temperature,"temperature: REVIEW - Indoor overheating exposure and well-being outcome, but design and mental-health specificity unclear.","{""temperature"":""REVIEW""}","{""temperature"":""NA""}",title_abstract,,
D0046841,Hot in Twitter: Assessing the emotional impacts of wildfires with sentiment analysis,complete,REVIEW,eligibility_unclear,wildfire,"wildfire: REVIEW - Twitter sentiment analysis around wildfires; design unclear, potentially cross-sectional spatial correlation.","{""wildfire"":""REVIEW""}","{""wildfire"":""NA""}",title_abstract,,
D0046987,The Role of Cooling Centers in Protecting Vulnerable Individuals from Extreme Heat,complete,REVIEW,title_only_unclear,,No abstract; title about cooling centers and extreme heat but no explicit mental-health outcome or design.,{},{},title_only,REVIEW,NA
D0046994,Potential for shock leads to potential for stress,complete,REVIEW,title_only_unclear,,Title alone vague: potential stress outcome but no hazard or design specified.,{},{},title_only,REVIEW,NA
D0047082,2022 heatwaves: a failure to proactively manage the risks,complete,REVIEW,title_only_unclear,,Title mentions heatwave risk management but unclear if original human study or mental health outcome.,{},{},title_only,REVIEW,NA
D0047182,Thriving in turbulent times: Livelihood resilience and vulnerability assessment of Bolivian Indigenous forest households,complete,REVIEW,topic_unclear,,Livelihood resilience to an unspecified extreme weather event; hazard type is not identified.,{},{},title_abstract,,
D0047291,Trauma Functioning and Well-Being in Children Who Receive Mental Health Aid after Natural Disaster or War,complete,REVIEW,topic_unclear,,Natural disaster exposure after unspecified disaster types; hazard identity unresolved.,{},{},title_abstract,,
D0047376,"Cumulative Adverse Mental Health Outcomes after Concurrent Disasters - Social, Scientific, and Policy-Making Implications",complete,REVIEW,title_only_unclear,,"Title suggests mental health outcomes after concurrent disasters, but no abstract and unclear design/originality.",{},{},title_only,REVIEW,NA
D0047451,Climate change — a monumental risk to Pakistani health,complete,REVIEW,title_only_unclear,,"Title suggests a broad commentary on climate change and Pakistani health; no eligible hazard, outcome, or empirical design specified.",{},{},title_only,REVIEW,NA
D0047472,Climate Change and Its Effects on Children and Adolescents: a Call to Action,complete,REVIEW,topic_unclear,,Climate change effects on child/adolescent psychological issues; specific hazard not identified.,{},{},title_abstract,,
D0047559,Children's mental health at times of disasters: a narrative review,complete,REVIEW,topic_unclear,,Children's mental health after natural disasters; disaster type is not identified.,{},{},title_abstract,,
D0047665,"Assessing human resilience: A study of thermal comfort, well-being and health of older people",complete,REVIEW,eligibility_unclear,temperature,temperature: REVIEW - Thermal environment and general well-being studied; mental-health outcome and analytic design unclear.,"{""temperature"":""REVIEW""}","{""temperature"":""NA""}",title_abstract,,
D0047682,Influence of sociodemographic variables on psychological impact and resilience among children living in multi hazard Region,complete,REVIEW,topic_unclear,,Children exposed to disasters; hazard type not identified.,{},{},title_abstract,,
D0047744,Safeguarding youth health in climate-vulnerable countries,complete,REVIEW,title_only_unclear,,"Title is too vague to determine hazard, outcome, or design.",{},{},title_only,REVIEW,NA
D0047751,Living with flux in the Philippines: Negotiating collective well-being and disaster recovery,complete,REVIEW,topic_unclear,,Potentially eligible extreme weather/disaster exposure for wellbeing; hazard identity not specified.,{},{},title_abstract,,
D0047988,Addressing climate anxiety among young people in the Philippines,complete,REVIEW,title_only_unclear,,Title suggests climate anxiety outcome but no eligible hazard or design details; no abstract.,{},{},title_only,REVIEW,NA
D0048092,The cold water cut through my numbness,complete,REVIEW,title_only_unclear,,"Title is too vague to determine eligibility; no clear exposure, outcome, or design signal.",{},{},title_only,REVIEW,NA
D0048218,Music Therapy with Children in the Aftermath of a Natural Disaster,complete,REVIEW,topic_unclear,,Music therapy for children after natural disaster; disaster type not identified.,{},{},title_abstract,,
D0048220,Communication During Disasters: Role in Contributing to and Prevention of Panic Buying,complete,REVIEW,topic_unclear,,Panic buying communication during environmental disasters; hazard type is not identified.,{},{},title_abstract,,
D0048556,Maternal and infant health in disasters: Texas’s high-risk landscape,complete,REVIEW,title_only_unclear,,Title suggests disaster health impacts but hazard and mental-health outcome unspecified; abstract missing.,{},{},title_only,REVIEW,NA
D0048870,Applying the wellbeing valuation method to value the costs of roadworks and flooding,complete,REVIEW,eligibility_unclear,flood,"flood: REVIEW - Flooding and subjective wellbeing association, but design unclear for causal estimation.","{""flood"":""REVIEW""}","{""flood"":""NA""}",title_abstract,,
D0048897,Resilience in the face of disaster: Psychosocial effects of the 2017 Northern California wildfires in caregivers and persons with cognitive impairment participating in an integrative group movement program at an adult day center,complete,REVIEW,eligibility_unclear,wildfire,wildfire: REVIEW - Repeated post-event survey without pre-event baseline; possible wildfire stress effect but design unclear.,"{""wildfire"":""REVIEW""}","{""wildfire"":""NA""}",title_abstract,,
D0048979,Rising from Ruin - Revitalizing Native Hawaiian Health,complete,REVIEW,title_only_unclear,,"Title suggests post-disaster health recovery but lacks explicit hazard, outcome, or design details.",{},{},title_only,REVIEW,NA
D0049004,The Summer of Our Discontent: Facing the Challenge of Increasing Heat-Related Illness,complete,REVIEW,title_only_unclear,,Title suggests heat-related illness but no clear original research or mental-health outcome; ambiguous.,{},{},title_only,REVIEW,NA
D0049263,The climate and biodiversity crises-impacts and opportunities for older people,complete,REVIEW,title_only_unclear,,"Title mentions climate and biodiversity crises impacts on older people but no specific hazard, outcome, or design; insufficient information.",{},{},title_only,REVIEW,NA
D0049281,Is the Concept of Solastalgia Meaningful to Pacific Communities Experiencing Mental Health Distress Due to Climate Change? An Initial Exploration,complete,REVIEW,topic_unclear,,Climate change-driven land loss and solastalgia; specific registered hazard is not identified.,{},{},title_abstract,,
D0049403,Social consequences of Iran's water crisis,complete,REVIEW,title_only_unclear,,Title suggests water crisis but 'social consequences' is too broad to confirm mental-health outcome.,{},{},title_only,REVIEW,NA
D0049493,"Identifying gaps on health impacts, exposures, and vulnerabilities to climate change on human health and wellbeing in South America: a scoping review",complete,REVIEW,topic_unclear,,Scoping review of climate change health impacts; specific hazard types unidentified.,{},{},title_abstract,,
D0049602,Climate Change and the Opioid Epidemic,complete,REVIEW,topic_unclear,,Commentary on climate change impacts on people who use drugs; no specific hazard identified.,{},{},title_abstract,,
D0049679,"Association of air quality during forest fire season with respiratory emergency department visits in Vancouver, British Columbia",complete,REVIEW,eligibility_unclear,wildfire,"wildfire: REVIEW - PM2.5 in forest fire season; fire attribution unclear, otherwise eligible design and outcome.","{""wildfire"":""REVIEW""}","{""wildfire"":""NA""}",title_abstract,,
D0049725,Post-Traumatic Stress Disorder After Natural Disasters: A Review,complete,REVIEW,topic_unclear,,PTSD after natural disasters; disaster type is not identified.,{},{},title_abstract,,
D0049757,Climate change induced ecological grief among smallholder farmers in semi-arid Ghana,complete,REVIEW,topic_unclear,,"Climate change-induced ecological grief; specific hazard type (drought, flood, etc.) not identified.",{},{},title_abstract,,
D0049803,The F word: The experiential construction of flooding in England,complete,REVIEW,eligibility_unclear,flood,flood: REVIEW - Abstract suggests conceptual/policy discussion of flooding's emotional impacts; no empirical methods stated.,"{""flood"":""REVIEW""}","{""flood"":""NA""}",title_abstract,,
D0049811,Flow,complete,REVIEW,title_only_unclear,,Title is too vague to determine eligibility; no abstract provided.,{},{},title_only,REVIEW,NA
D0049819,Does age matter in genetics? The role of ADCYAP1R1 in sex-specific risk for posttraumatic stress disorder in trauma-exposed preadolescent children,complete,REVIEW,topic_unclear,,PTSD in children exposed to a natural disaster; disaster type is not identified.,{},{},title_abstract,,
D0049836,Climate Change and Child Health Equity,complete,REVIEW,title_only_unclear,,"Title is topic-adjacent but lacks specific hazard, outcome, or design details.",{},{},title_only,REVIEW,NA
D0049871,Clearing the air for a sustainable future,complete,REVIEW,title_only_unclear,,Title is vague and does not clearly signal an ineligible study type or topic.,{},{},title_only,REVIEW,NA
D0049939,Climate change and health: translating the call of the hummingbird,complete,REVIEW,title_only_unclear,,"Title alone provides insufficient info on exposure, outcome, design, or originality.",{},{},title_only,REVIEW,NA
D0049944,Pakistan floods: breaking the logjam of spiraling health shocks,complete,REVIEW,title_only_unclear,,Title suggests flood-related health shocks but no abstract; outcome and design unclear.,{},{},title_only,REVIEW,NA
D0050090,Medical-legal partnerships can mitigate climate health impacts on the underserved,complete,REVIEW,title_only_unclear,,Title suggests a policy/commentary on mitigating climate health impacts; insufficient to determine eligibility.,{},{},title_only,REVIEW,NA
D0050106,Climate change in small island developing states: caring for youth's mental health,complete,REVIEW,title_only_unclear,,"Title suggests climate change and youth mental health but lacks specific hazard, outcome, and design details.",{},{},title_only,REVIEW,NA
D0050196,Involuntary Displacements - Making a Bad Situation Worse,complete,REVIEW,title_only_unclear,,Title suggests displacement but no explicit hazard or mental-health outcome; insufficient information.,{},{},title_only,REVIEW,NA
D0050236,Influence of meteorological factors on the incidence of serious mental disorders,complete,REVIEW,eligibility_unclear,temperature,temperature: REVIEW - Compares weather on onset days of serious mental disorders to city averages; plausible temporal contrast but design details ambiguous.,"{""temperature"":""REVIEW""}","{""temperature"":""NA""}",title_abstract,,
D0050259,Mental Health Impacts of Climate Change for Birthing People and the Provider's Role,complete,REVIEW,title_only_unclear,,Title potentially relevant but lacks abstract and specific hazard or design details.,{},{},title_only,REVIEW,NA
D0050430,The impact of climate change on atopic dermatitis and mental health comorbidities: a review of the literature and examination of intersectionality,complete,REVIEW,topic_unclear,temperature,"Rising temperatures are a candidate, but extreme weather events remain an unresolved hazard exposure.","{""temperature"":""EXCLUDE""}","{""temperature"":""non_original""}",title_abstract,,
D0050471,Environmental Research Addressing Sustainable Development Goals,complete,REVIEW,title_only_unclear,,"Generic title; no clear hazard, outcome, or design information.",{},{},title_only,REVIEW,NA
D0050477,Disaster stressors and coping with the traumatization of deadliest hurricanes in U.S. Mainland: A follow-up study,complete,REVIEW,eligibility_unclear,cyclone,cyclone: REVIEW - Two-wave follow-up after hurricanes; unclear whether design estimates hazard-outcome association with eligible exposure contrast.,"{""cyclone"":""REVIEW""}","{""cyclone"":""NA""}",title_abstract,,
D0050515,"Water, climate change, and health in the Western Pacific Region",complete,REVIEW,title_only_unclear,,Title mentions climate change and health but no specific hazard or outcome; lack of abstract prevents clear judgement.,{},{},title_only,REVIEW,NA
D0050615,Relational and mental health outcomes of trauma and disaster in couples:The intermediary role of grit,complete,REVIEW,eligibility_unclear,cyclone,cyclone: REVIEW - Hurricane-loss and PTSS in couples; design may be cross-sectional but not explicit.,"{""cyclone"":""REVIEW""}","{""cyclone"":""NA""}",title_abstract,,
D0050700,Child and adolescent health and the climate crisis: Challenges and opportunities for pediatricians,complete,REVIEW,topic_unclear,,Climate crisis and extreme weather events with climate anxiety; hazard type unspecified.,{},{},title_abstract,,
D0050913,A Study on the Effect of Flood Disaster That Occurred in 2022 on the People of North-East Part of Bangladesh †,complete,REVIEW,eligibility_unclear,flood,flood: REVIEW - Flood exposure present; emotional health outcome mentioned but design and measurement unclear.,"{""flood"":""REVIEW""}","{""flood"":""NA""}",title_abstract,,
D0050988,Disaster and mental health: The critical role of human behavior,complete,REVIEW,topic_unclear,,Disaster mental health editorial on panic; specific disaster type is not identified.,{},{},title_abstract,,
D0051094,Climate Change and Health in the Tropics: Current Status and Future Trends,complete,REVIEW,topic_unclear,temperature,"Chapter reviews climate change health pathways, naming heat and severe weather events; severe weather type unspecified.","{""temperature"":""EXCLUDE""}","{""temperature"":""non_original""}",title_abstract,,
D0051125,There’s no smoke without fire!,complete,REVIEW,title_only_unclear,,"Title is ambiguous idiom; no clear exposure, outcome, or design information.",{},{},title_only,REVIEW,NA
D0051185,"Depression, Anxiety, Stress, and Resilience among the Primary Survivors of Natural Disaster: A Study with Special Reference to Kerala Flood",complete,REVIEW,title_only_unclear,,Title suggests flood exposure and mental health outcomes but design unclear; no abstract.,{},{},title_only,REVIEW,NA
D0051192,Towards a climate-resilient primary health care service,complete,REVIEW,topic_unclear,,Discusses health effects of extreme weather events from climate change; no specific hazard type is identified.,{},{},title_abstract,,
D0051284,Impact of flood experiences and anxiety on subjective well-being,complete,REVIEW,eligibility_unclear,flood,flood: REVIEW - Cross-sectional survey with flood exposure contrast and subjective well-being outcome; design eligibility unclear.,"{""flood"":""REVIEW""}","{""flood"":""NA""}",title_abstract,,
D0051475,Mental Health Risks in Cultural Heritage First Responders After Disasters: A Review and Suggestions for Future Research,complete,REVIEW,topic_unclear,,Mental health risks in first responders after unspecified disasters; disaster type unresolved.,{},{},title_abstract,,
D0051633,Climate change and child health—Call for action: Statement of the “#gemeinsamstarkfürkinder” network,complete,REVIEW,topic_unclear,temperature,Higher temperatures explicit; extreme weather conditions have unspecified hazard type.,"{""temperature"":""EXCLUDE""}","{""temperature"":""non_original""}",title_abstract,,
D0051799,The Lāhainā Wildfires and 'Āina Connectedness in the Face of Climate Disasters,complete,REVIEW,title_only_unclear,,Title suggests wildfire exposure and connectedness; no abstract; eligible uncertain.,{},{},title_only,REVIEW,NA
D0051868,"Urban household adaptation to extreme heatwaves: health impacts, socio-economic disparities and sustainable strategies in Rajshahi",complete,REVIEW,eligibility_unclear,temperature,temperature: REVIEW - Mixed-methods heatwave study with anxiety outcome but unclear design contrast.,"{""temperature"":""REVIEW""}","{""temperature"":""NA""}",title_abstract,,
D0051939,Extreme weather events and disruptions to HIV services: a systematic review,complete,REVIEW,topic_unclear,,Extreme weather events and HIV services; specific weather hazard type not specified.,{},{},title_abstract,,
D0052093,"Climate Change, Floods, and Human Health.",complete,REVIEW,title_only_unclear,,Title suggests flood exposure and human health but no specific mental health outcome or design; abstract missing.,{},{},title_only,REVIEW,NA
D0052142,Mental health amid climate crisis: A narrative review,complete,REVIEW,topic_unclear,temperature,Climate change review mentions rising temperatures and unspecified natural calamities with mental health outcomes; disaster type unclear.,"{""temperature"":""EXCLUDE""}","{""temperature"":""non_original""}",title_abstract,,
D0052246,A systematic review of mental health and climate change in the Philippines,complete,REVIEW,topic_unclear,,Mental health impacts of climate change outcomes; natural disaster type not specified.,{},{},title_abstract,,
D0052304,Offline: Rethinking the human costs of climate change,complete,REVIEW,title_only_unclear,,Title suggests a commentary/essay rather than empirical research; no abstract to assess exposure/outcome/design.,{},{},title_only,REVIEW,NA
D0052321,August 2024 Bangladesh floods: emerging health risks,complete,REVIEW,title_only_unclear,,"Title suggests floods and health risks but lacks specifics on mental health outcome, design, or original data.",{},{},title_only,REVIEW,NA
D0052405,A multi-dimensional framework for assessing disaster recovery pathways: Lessons and experiences from Germany and Nigeria,complete,REVIEW,topic_unclear,,Disaster recovery pathways after extreme events; specific disaster type is not identified.,{},{},title_abstract,,
D0052464,Wildfires and Human Health,complete,REVIEW,title_only_unclear,,Title mentions wildfire and human health but no abstract; mental health outcome and design unclear.,{},{},title_only,REVIEW,NA
D0052579,Brazil,complete,REVIEW,title_only_unclear,,"Title alone provides no information about exposure, outcome, or design.",{},{},title_only,REVIEW,NA
D0052580,Perception and adaptation to climate change in vulnerable regions,complete,REVIEW,topic_unclear,,Climate change adaptation in vulnerable region; specific extreme climate hazard not identified.,{},{},title_abstract,,
D0052648,Estimating the total effect of anthropogenic climate change on human health and wellbeing,complete,REVIEW,title_only_unclear,,"Title suggests broad climate-health study but lacks specific hazard, outcome, or design information.",{},{},title_only,REVIEW,NA
D0052782,National environmental programs and local social-ecological system change in dryland China: implications for environmental governance,complete,REVIEW,topic_unclear,,Desertification and extreme weather events affect well-being; hazard type not specified.,{},{},title_abstract,,
D0052843,Climate Change,complete,REVIEW,title_only_unclear,,Title is too generic to determine eligibility; no abstract available.,{},{},title_only,REVIEW,NA
D0052881,Floods in south Brazil: more than an environmental crisis,complete,REVIEW,title_only_unclear,,Title suggests flood-related content but no abstract or mental-health/design details.,{},{},title_only,REVIEW,NA
D0052915,"Correction to “Climate change and its impact on the mental health well-being of indigenous women in Western cities, Canada”(Journal of Community & Applied Social Psychology, (2024), 34, (3), (e280), 10.1002/casp.2808)",complete,REVIEW,topic_unclear,,Climate change impacts on mental health; specific climate hazard type unresolved.,{},{},title_abstract,,
D0052937,The Trauma of Leaving All Behind: Climate and Environmental Migration and Children,complete,REVIEW,title_only_unclear,,"Title suggests climate-related migration trauma in children but exposure, outcome, and design are unclear without abstract.",{},{},title_only,REVIEW,NA
D0052983,Unraveling the Missing Piece in Children's Health Equity,complete,REVIEW,title_only_unclear,,"Title is generic about children's health equity, with no clear indication of exposure or outcome.",{},{},title_only,REVIEW,NA
D0052991,Maintaining human wellbeing as socio-environmental systems undergo regime shifts,complete,REVIEW,topic_unclear,,"Wellbeing linked to climate-driven regime shifts, but no specific hazard type identified.",{},{},title_abstract,,
D0053051,Extreme weather events and maternal health in low-income and middle-income countries: a scoping review,complete,REVIEW,topic_unclear,,Scoping review of extreme weather events and maternal health; specific hazard type is not identified.,{},{},title_abstract,,
D0053121,In the heat of the night,complete,REVIEW,title_only_unclear,,"Title only, insufficient information to assess eligibility.",{},{},title_only,REVIEW,NA
D0053124,The way forward is collaborative: Climate change and mental wellbeing,complete,REVIEW,title_only_unclear,,Title mentions climate change and mental wellbeing but design and empirical content unclear; likely a commentary but not clearly ineligible.,{},{},title_only,REVIEW,NA
D0053182,More than just hair,complete,REVIEW,title_only_unclear,,"Title ambiguous, no abstract; cannot determine eligibility.",{},{},title_only,REVIEW,NA
D0053219,Climate Change and Mental Health,complete,REVIEW,title_only_unclear,,Title suggests a broad topic; no abstract to determine eligibility.,{},{},title_only,REVIEW,NA
D0053233,"Climate Change, Extreme Heat, and Health.",complete,REVIEW,title_only_unclear,,Title suggests climate/heat and health but no abstract; potential relevance unclear.,{},{},title_only,REVIEW,NA
D0053267,EXTREME HEAT REDUCES INDIVIDUAL HAPPINESS,complete,REVIEW,eligibility_unclear,temperature,"temperature: REVIEW - Extreme heat and happiness; design not specified; likely survey analysis with exposure contrast, needs review.","{""temperature"":""REVIEW""}","{""temperature"":""NA""}",title_abstract,,
D0053399,Climate Changes Health,complete,REVIEW,title_only_unclear,,"Title is too generic to determine eligibility; no clear hazard, outcome, or design information.",{},{},title_only,REVIEW,NA
D0053471,"Climate change, urban vulnerabilities and adaptation in Africa: a scoping review",complete,REVIEW,topic_unclear,,"Scoping review of climate change in African cities; exposure type (e.g., flood, drought) not specified.",{},{},title_abstract,,
D0053559,"Impact of heatwaves, demographics, and environment on hospitalization rates in Paris",complete,REVIEW,eligibility_unclear,temperature,"temperature: REVIEW - Heatwaves and hospitalizations, mental health cluster mentioned but abstract incomplete.","{""temperature"":""REVIEW""}","{""temperature"":""NA""}",title_abstract,,
D0053602,"Heat, water and the fateful photo",complete,REVIEW,title_only_unclear,,"Title is ambiguous; no clear evidence of an eligible hazard, outcome, or empirical design.",{},{},title_only,REVIEW,NA
D0053659,The Effect of Air Pollution and Climate Change on Sleep,complete,REVIEW,topic_unclear,,Climate change and air pollution are the exposures; specific hazard type not identified.,{},{},title_abstract,,
D0053660,Heatwaves and homelessness,complete,REVIEW,title_only_unclear,,Title suggests heatwave exposure but outcome (homelessness) is not clearly mental-health related; insufficient info.,{},{},title_only,REVIEW,NA
D0053702,"Solastalgia, our deteriorating environment, and Spirit of Place",complete,REVIEW,title_only_unclear,,Title suggests solastalgia with environmental deterioration; unclear hazard and design.,{},{},title_only,REVIEW,NA
D0053797,The Health Impacts of Climate Change: Can Whole Health Help Us Cope?,complete,REVIEW,title_only_unclear,,Title suggests climate-health discussion but lacks specific hazard/outcome details.,{},{},title_only,REVIEW,NA
D0054088,"Exposure to climate shocks, poverty and household well-being",complete,REVIEW,eligibility_unclear,drought,"drought: REVIEW - Drought exposure via dry spells and household well-being studied, but survey design and outcome measurement ambiguous.","{""drought"":""REVIEW""}","{""drought"":""NA""}",title_abstract,,
D0054183,Environmental Epidemiology,complete,REVIEW,topic_unclear,temperature|drought,Environmental health overview mentions climate disasters generically; specific disaster type is unidentified.,"{""drought"":""EXCLUDE"",""temperature"":""EXCLUDE""}","{""drought"":""non_original"",""temperature"":""non_original""}",title_abstract,,
D0054307,Geopolitics of mental health in Africa,complete,REVIEW,topic_unclear,,Mental health in humanitarian contexts; climate change mentioned but no specific hazard identified.,{},{},title_abstract,,
D0054375,"To Move or Not to Move? Drought-Related Internal Migration and Voluntary Immobility Among the Hmong Forest Community in Chiang Rai, Northern Thailand",complete,REVIEW,eligibility_unclear,drought,drought: REVIEW - Qualitative exploration of drought-related migration and well-being; outcome and design details need full-text check.,"{""drought"":""REVIEW""}","{""drought"":""NA""}",title_abstract,,
D0054418,Introduction,complete,REVIEW,topic_unclear,,Climate change impacts on well-being; specific hazard type not identified.,{},{},title_abstract,,
D0054559,Addressing risks to mental health from climate change: a policy capacity analysis of England,complete,REVIEW,topic_unclear,,Mental health risks from climate change and extreme weather events; hazard type not specified.,{},{},title_abstract,,
D0054932,Weekly temperature data are sufficient to estimate exposure-response relationships: a boon for health adaptation in low-resource settings,complete,REVIEW,title_only_unclear,,"Title suggests temperature exposure-response methods, no mental health outcome mentioned",{},{},title_only,REVIEW,NA
D0055011,The Use of Bespoke Wearables to Investigate Neurological and Physiological Responses to Microclimate Stressors in Quasi-Formal Academic Contexts,complete,REVIEW,eligibility_unclear,temperature,temperature: REVIEW - Microclimate exposure and stress via EDA; mental-health outcome and design unclear.,"{""temperature"":""REVIEW""}","{""temperature"":""NA""}",title_abstract,,
D0055070,Climate change and psychiatry,complete,REVIEW,topic_unclear,temperature|wildfire|drought,"Mental health impacts from heat, drought, fires, and generic extreme weather; extreme weather subtype unresolved.","{""drought"":""EXCLUDE"",""temperature"":""EXCLUDE"",""wildfire"":""EXCLUDE""}","{""drought"":""non_original"",""temperature"":""non_original"",""wildfire"":""non_original""}",title_abstract,,
D0055091,Neuroscience and Geographic Information Systems to Investigate the Impact of Global Warming on Mood Disorders and Brain Plasticity in Urban Areas,complete,REVIEW,eligibility_unclear,temperature,"temperature: REVIEW - GIS study linking land surface temperature to mood disorders, but design and original empirical nature are unclear.","{""temperature"":""REVIEW""}","{""temperature"":""NA""}",title_abstract,,
D0055228,"Food, climate, and the mind: Food (in)security and climate resilience as social determinants of mental health",complete,REVIEW,eligibility_unclear,drought|flood,drought: EXCLUDE - Single-wave cross-sectional survey with no exposure contrast; cannot estimate drought effect. | flood: REVIEW - Cross-sectional survey with flood/drought exposure and mental health outcome; design eligibility ambiguous.,"{""drought"":""EXCLUDE"",""flood"":""REVIEW""}","{""drought"":""wrong_design"",""flood"":""NA""}",title_abstract,,
D0055241,"Hurricanes and Human Health in Louisiana: Insights from Hurricanes Laura, Delta, and Ida",complete,REVIEW,eligibility_unclear,cyclone,"cyclone: REVIEW - Hurricanes and mental health admissions; design not clearly stated, likely temporal but ambiguous.","{""cyclone"":""REVIEW""}","{""cyclone"":""NA""}",title_abstract,,
D0055261,"A systematic review of social, political and geographic factors associated with eco-anxiety in children and young people",complete,REVIEW,topic_unclear,,Eco-anxiety from climate and environmental changes; specific hazard type not identified.,{},{},title_abstract,,
D0055372,"Heat Hurts: The influence of heat stress on subjective wellbeing of urban residents and farmworkers in Florida, USA",complete,REVIEW,eligibility_unclear,temperature,temperature: REVIEW - Study of heat stress and subjective wellbeing but design unspecified.,"{""temperature"":""REVIEW""}","{""temperature"":""NA""}",title_abstract,,
D0055388,Data-driven insights into flood disasters: Evaluating the impact on residents' emotions and living spaces in the Beijing-Tianjin-Hebei region,complete,REVIEW,eligibility_unclear,flood,flood: REVIEW - Flood severity linked to residents' negative emotions; design ambiguous.,"{""flood"":""REVIEW""}","{""flood"":""NA""}",title_abstract,,
D0055487,"Examining the Impact of Disasters on Depression among Older Adults: Insights from the Longitudinal Ageing Study in India (LASI), 2017–18",complete,REVIEW,topic_unclear,,Disaster exposure (natural or man-made) and depression; specific hazard type not identified.,{},{},title_abstract,,
D0055496,"Moderation of social participation in the relationship between disaster exposure and depression among older adults: evidence from LASI Survey, 2017–18",complete,REVIEW,topic_unclear,,Disaster exposure and depression; type of disaster is not identified.,{},{},title_abstract,,
D0055556,Seeing is believing: Understanding the experiences and needs of marginalized communities living through successive disasters using photovoice,complete,REVIEW,topic_unclear,,Successive natural disasters and extreme weather events; specific hazard type not identified.,{},{},title_abstract,,
D0056034,The dual threat of heatwaves and air pollution: Evaluating tourist responses to hot-and-polluted episodes,complete,REVIEW,eligibility_unclear,temperature,temperature: REVIEW - Heatwave and air pollution exposure linked to tourists' negative emotions; design unspecified.,"{""temperature"":""REVIEW""}","{""temperature"":""NA""}",title_abstract,,
D0056137,"Landscape Identity, Well-Being, and Climate-Driven Disturbances in Southern Sweden",complete,REVIEW,eligibility_unclear,flood|drought,"flood: EXCLUDE - Qualitative/descriptive study, no exposure contrast to estimate flood effect on well-being. | drought: REVIEW - Study objective on landscape identity and well-being; unclear if drought exposure and measured mental-health outcome.","{""drought"":""REVIEW"",""flood"":""EXCLUDE""}","{""drought"":""NA"",""flood"":""wrong_design""}",title_abstract,,
D0056379,Cortisol and psychological responses to natural disasters,complete,REVIEW,topic_unclear,,"Natural disasters unspecified; mental health outcomes (grief, depression, PTSD) but hazard type unresolved.",{},{},title_abstract,,
D0056396,MENTAL HEALTH IN THE AFTERMATH: SUPPORTING THE 2024 FLOOD AND LANDSLIDES AFFECTED COMMUNITIES IN NEPAL,complete,REVIEW,title_only_unclear,,Title mentions flood and mental health in affected communities; design and empirical nature unclear.,{},{},title_only,REVIEW,NA
D0056522,Extreme Weather and Life Satisfaction: Vulnerabilities and Adaptive Strategies in China,complete,REVIEW,eligibility_unclear,temperature,"temperature: REVIEW - Cold exposure and life satisfaction studied, but design not clearly stated.","{""temperature"":""REVIEW""}","{""temperature"":""NA""}",title_abstract,,
D0056763,Scoping Review of Kidney Patients and Providers Perspectives on Disaster Management,complete,REVIEW,topic_unclear,,Kidney patients/providers experiencing natural disasters; disaster type is not specified.,{},{},title_abstract,,
D0056774,"Psychological well-being in the context of climate change, considering the work and housing situation, using the example of Eisenberg (Thuringia)",complete,REVIEW,eligibility_unclear,temperature,"temperature: REVIEW - Heat events and well-being studied, but design unclear whether contrast estimates hazard effect.","{""temperature"":""REVIEW""}","{""temperature"":""NA""}",title_abstract,,
D0056884,"Extreme Weather, Vulnerable Populations, and Mental Health: The Timely Role of AI Interventions",complete,REVIEW,topic_unclear,,Extreme weather/disaster mental health; specific hazard type not identified.,{},{},title_abstract,,
D0056957,"Combined effects of the visual-thermal environment on restorative benefits in hot outdoor public spaces: A case study in Shenzhen, China",complete,REVIEW,eligibility_unclear,temperature,"temperature: REVIEW - Visual-thermal environment and restoration study, but design and outcome measurement not clearly specified.","{""temperature"":""REVIEW""}","{""temperature"":""NA""}",title_abstract,,
D0056997,"Investigating the relationship between spatial morphology, meteorological factors, and elderly people well-being in a traditional algerian village",complete,REVIEW,eligibility_unclear,temperature,temperature: REVIEW - Ambiguous whether measured stress is psychological and design estimates temperature effect.,"{""temperature"":""REVIEW""}","{""temperature"":""NA""}",title_abstract,,
D0057256,Mold Remediation in Homes After Flooding,complete,REVIEW,title_only_unclear,,Title only; possible flood exposure but outcome unclear.,{},{},title_only,REVIEW,NA
D0057264,The relationship of prior flood experience to posttraumatic stress and depression in minority communities after Hurricane Harvey,complete,REVIEW,eligibility_unclear,cyclone|flood,"cyclone: EXCLUDE - Study examines prior flood exposure, not cyclone variation; exposure not eligible. | flood: REVIEW - Cross-sectional post-Harvey survey with prior flood exposure contrast; design not clearly quasi-experimental.","{""cyclone"":""EXCLUDE"",""flood"":""REVIEW""}","{""cyclone"":""wrong_exposure"",""flood"":""NA""}",title_abstract,,
D0057467,Social work for a greener planet: reframing social work skills and education to mitigate the climate crisis,complete,REVIEW,topic_unclear,temperature,Heat plus generic extreme weather/climate-related disasters; non-heat hazard identity unresolved.,"{""temperature"":""EXCLUDE""}","{""temperature"":""non_original""}",title_abstract,,
D0057510,"Should I Have Kids, Given the State of Our Planet?",complete,REVIEW,title_only_unclear,,"Title alone is ambiguous; possible essay or opinion piece, no clear hazard/outcome/design.",{},{},title_only,REVIEW,NA
D0057574,"Temperature highs, climate change salience, and Eco-anxiety: early evidence from the 2022 United Kingdom heatwave",complete,REVIEW,eligibility_unclear,temperature,temperature: REVIEW - Outcome is Google Trends 'worry' search intensity as distress proxy; direct mental-health measure unclear.,"{""temperature"":""REVIEW""}","{""temperature"":""NA""}",title_abstract,,
D0057687,"Urban Climate Change and the Realities of the Poor: Perceptions, Risks and Responses in Bulawayo, Zimbabwe",complete,REVIEW,topic_unclear,,"Climate change exposure and wellbeing; specific hazard type (e.g., drought/flood) not identified.",{},{},title_abstract,,
D0057693,Resilience in the Wake of Disaster: The Role of Social Capital in Mitigating Long-Term Well-Being Losses,complete,REVIEW,topic_unclear,,Natural disaster exposure is generic; specific hazard type unresolved and not covered by any topic.,{},{},title_abstract,,
D0057780,"Exploring Pathways Connecting Climate Change, Health, and Livelihood Loss among Coastal Communities: A Preliminary Qualitative Study from Sierra Leone",complete,REVIEW,topic_unclear,,Coastal climate hazards include storm surges and erosion; hazard identity unresolved; wellbeing outcome.,{},{},title_abstract,,
D0057790,Decoding the Public’s Real-Time Emotional and Cognitive Responses to the Changing Climate on Social Media: Computational Analysis Using Weibo and Meteorological Data,complete,REVIEW,eligibility_unclear,temperature,temperature: REVIEW - Computational analysis links extreme hot days to emotional well-being on Weibo; design details unclear.,"{""temperature"":""REVIEW""}","{""temperature"":""NA""}",title_abstract,,
D0057797,Associations Between Extreme Weather Events and Resource Insecurities With HIV Vulnerabilities and Biomedical HIV Prevention Outcomes Among Adolescent Girls and Young Women in Kenya: A Cross-Sectional Analysis,complete,REVIEW,topic_unclear,,Extreme weather events are generic; no specific hazard type identified.,{},{},title_abstract,,
D0057822,Psychotropic prescriptions in the context of extreme heat,complete,REVIEW,eligibility_unclear,temperature,temperature: REVIEW - Title suggests heat and psychotropic prescriptions; no abstract to assess design or outcome.,"{""temperature"":""REVIEW""}","{""temperature"":""NA""}",title_abstract,,
D0058145,Humid heat increases mental health risks in a warming world,complete,REVIEW,eligibility_unclear,temperature,"temperature: REVIEW - Humid heat and mental disorder morbidity, but study design is unstated; needs fuller methods.","{""temperature"":""REVIEW""}","{""temperature"":""NA""}",title_abstract,,
D0058148,"Toward climate-smart, mental health-safe schools",complete,REVIEW,title_only_unclear,,Title suggests a conceptual or programmatic piece; no abstract; unclear if empirical hazard-outcome study.,{},{},title_only,REVIEW,NA
D0058179,From Fields to Factories: The Silent Epidemic of Climate-Driven Morbidity and Mortality,complete,REVIEW,title_only_unclear,,Title suggests climate-driven morbidity but lacks hazard/outcome detail; no abstract.,{},{},title_only,REVIEW,NA
D0058190,Post-Flood Mental Health Crisis: Neglected Consequences of Natural Disasters,complete,REVIEW,title_only_unclear,,"Title suggests flood exposure and mental health, but no abstract to assess design or empirical status.",{},{},title_only,REVIEW,NA
D0058200,Long-Term Health Implications of the Los Angeles Wildfires and Insights From Military Burn Pit Exposures,complete,REVIEW,title_only_unclear,,Title suggests wildfire health implications but lacks abstract; eligibility unclear.,{},{},title_only,REVIEW,NA
D0058201,The Converging Crises of Extreme Heat and Homelessness,complete,REVIEW,title_only_unclear,,"Title suggests extreme heat and homelessness with possible health/mental health implications, but lacks sufficient detail.",{},{},title_only,REVIEW,NA
D0058255,The Shifting Landscapes of Adolescent Mental Health,complete,REVIEW,title_only_unclear,,"Title suggests a broad commentary or review, but no abstract to confirm; potential relevance unclear.",{},{},title_only,REVIEW,NA
D0058261,Links between climate change and suicidal behavior risks,complete,REVIEW,topic_unclear,,Climate change and weather-related hazards; specific hazard type not identified.,{},{},title_abstract,,
D0058287,The hidden crisis of incarcerated individuals during wildfires,complete,REVIEW,title_only_unclear,,Title suggests wildfire exposure in incarcerated individuals but outcome is unclear.,{},{},title_only,REVIEW,NA
D0058288,The Reply,complete,REVIEW,title_only_unclear,,Title provides no topic information; cannot assess eligibility.,{},{},title_only,REVIEW,NA
D0058306,When bushfires and the climate crisis become the new normal,complete,REVIEW,title_only_unclear,,"Title suggests commentary on bushfire/climate, lacking clear empirical study or outcomes.",{},{},title_only,REVIEW,NA
D0058308,From rising temperature to eco-emotions: exploring the impact of climate change on suicidality,complete,REVIEW,title_only_unclear,,"Potentially relevant title; no abstract, design and empirical basis unclear.",{},{},title_only,REVIEW,NA
D0058309,Los Angeles County in flames: responsibilities on fire,complete,REVIEW,title_only_unclear,,Title suggests wildfire but unclear if original empirical human study; abstract absent.,{},{},title_only,REVIEW,NA
D0058314,Wildfires: what does the evidence say?,complete,REVIEW,title_only_unclear,,No abstract; title suggests evidence review but not explicit; potential wildfire relevance.,{},{},title_only,REVIEW,NA
D0058505,"A syndemic approach to tackling the complexities of mpox, COVID-19 resurgence and seasonal wildfires in Greece",complete,REVIEW,title_only_unclear,,Title suggests a syndemic perspective involving wildfires but no abstract; eligibility unclear.,{},{},title_only,REVIEW,NA
D0058521,Navigating the Climate Crisis: Public Health Challenges and the Role of Community Empowerment,complete,REVIEW,topic_unclear,temperature,Climate chapter mentions rising temperatures and generic natural catastrophes affecting mental health; disaster type unspecified.,"{""temperature"":""EXCLUDE""}","{""temperature"":""non_original""}",title_abstract,,
D0058708,Insights into the impact of ambient heat exposure on the first 1000 days of life,complete,REVIEW,title_only_unclear,,"Title suggests ambient heat exposure, but outcome and design are unclear from title alone.",{},{},title_only,REVIEW,NA
D0058720,The increase of wildfires and their impact: the importance of prevention and measures through the example of Ofunato,complete,REVIEW,title_only_unclear,,Title suggests wildfire prevention/measures; no mental health outcome or empirical design stated.,{},{},title_only,REVIEW,NA
D0058973,Do extreme weather events affect human well-being? Dynamics and key factors from empirical evidence in China,complete,REVIEW,eligibility_unclear,temperature|drought,"temperature: EXCLUDE - Outcome is human well-being at city level, not a measured mental-health/wellbeing construct. | drought: REVIEW - Human well-being outcome unclear; composite city-level index may not be mental-health-specific.","{""drought"":""REVIEW"",""temperature"":""EXCLUDE""}","{""drought"":""NA"",""temperature"":""wrong_outcome""}",title_abstract,,
D0059085,Beyond the heat: Nonlinear and uneven climate change impacts on mental health,complete,REVIEW,eligibility_unclear,temperature,temperature: REVIEW - Temperature and mental health association; design not clearly stated from abstract.,"{""temperature"":""REVIEW""}","{""temperature"":""NA""}",title_abstract,,
D0059124,"Interactions of spatial type, activity intensity, and season on thermal comfort and multidimensional health in older adults",complete,REVIEW,eligibility_unclear,temperature,"temperature: REVIEW - Seasonal climatic field experiment with health outcomes; mental health measure not specified, design unclear.","{""temperature"":""REVIEW""}","{""temperature"":""NA""}",title_abstract,,
D0059149,"The Perception of Environmental Problems and Quality-of-Life Deterioration in an Intermediate City: Evidence from Culiacán, Mexico",complete,REVIEW,topic_unclear,,Perceived environmental severity and wellbeing deterioration; water-related hazards implicated but type unresolved.,{},{},title_abstract,,
D0059195,"Flood impacts on individual well-being: insights from a post-event survey across differently exposed groups in Marche region, Italy",complete,REVIEW,eligibility_unclear,flood,"flood: REVIEW - Post-flood survey measures perceived impacts, not clearly mental-health outcome; exposure contrast present but outcome ambiguous.","{""flood"":""REVIEW""}","{""flood"":""NA""}",title_abstract,,
D0059326,Teacher Empowerment and Governance Pathways for Climate-Resilient Education Systems,complete,REVIEW,topic_unclear,,Study addresses generic climate hazards disrupting schooling; specific hazard types are not identified.,{},{},title_abstract,,
D0059370,"Socioeconomic, physical and mental health impacts of climate change among informal outdoor workers in sub-Saharan Africa: A scoping review protocol",complete,REVIEW,topic_unclear,,Review protocol on climate change impacts; specific climate hazards not identified.,{},{},title_abstract,,
D0059402,Development of a PCIT adaptation for trauma by natural disasters (PCIT-TND) and examination of its effectiveness for traumatized children affected by the 2023 earthquakes in Türkiye,complete,REVIEW,topic_unclear,,Trauma after earthquakes and natural disasters; disaster type is not registered.,{},{},title_abstract,,
D0059414,Climate change and dementia: the impacts of social inequalities,complete,REVIEW,topic_unclear,,Review of climate-related exposures and dementia; specific hazard type not identified.,{},{},title_abstract,,
D0059417,"Water, worry, and wellbeing: Evaluating the impacts of floods and flood adaptation on life satisfaction",complete,REVIEW,eligibility_unclear,flood,"flood: REVIEW - Post-flood survey with exposure contrast; design type not explicit, needs review.","{""flood"":""REVIEW""}","{""flood"":""NA""}",title_abstract,,
D0059716,The relationship between post-traumatic stress and social support two years after a fire disaster,complete,REVIEW,topic_unclear,,Fire disaster survivors with post-traumatic stress; fire type (wildfire vs structural) is not identified.,{},{},title_abstract,,
D0059885,"The impact of heat waves on the mental health and well-being of young adults in rural Lahore, Pakistan",complete,REVIEW,eligibility_unclear,temperature,temperature: REVIEW - Abstract provides background only; no methods or results; design and empirical status unclear.,"{""temperature"":""REVIEW""}","{""temperature"":""NA""}",title_abstract,,
D0059941,The role of telemedicine in healthcare response to natural disasters: A systematic review,complete,REVIEW,topic_unclear,flood|cyclone,Natural disaster review names floods/hurricanes but also earthquakes and unspecified disasters; coverage incomplete.,"{""cyclone"":""EXCLUDE"",""flood"":""EXCLUDE""}","{""cyclone"":""non_original"",""flood"":""non_original""}",title_abstract,,
D0060049,Bridging The Local Gap In Climate Health Preparedness,complete,REVIEW,title_only_unclear,,"Title is generic and does not clearly indicate an eligible hazard, outcome, design, or original empirical evidence.",{},{},title_only,REVIEW,NA
D0060132,"Heat, Health and the Himalayas: Tackling Health System Impacts of Global Climate Change",complete,REVIEW,title_only_unclear,,"Title suggests heat and climate change health impacts, but outcome and design unclear.",{},{},title_only,REVIEW,NA
D0060392,The prevention and management of the psychiatric morbidity of natural disasters: An Australian experience,complete,REVIEW,eligibility_unclear,wildfire,"wildfire: REVIEW - Bushfire study with psychiatric morbidity outcome, but design unclear; likely post-disaster descriptive.","{""wildfire"":""REVIEW""}","{""wildfire"":""NA""}",title_abstract,,
D0060431,"""Föhn illness"" and human biometeorology in the Chinook area of Canada",complete,REVIEW,eligibility_unclear,temperature,temperature: REVIEW - Cross-sectional survey evaluating weather-related well-being; design clarity and outcome measurement ambiguous.,"{""temperature"":""REVIEW""}","{""temperature"":""NA""}",title_abstract,,
D0060827,Tropical meteorology,complete,REVIEW,title_only_unclear,,Title is only a general topic; no evidence for or against eligibility.,{},{},title_only,REVIEW,NA
D0061698,Suicide and attempted suicide in the Yukon territory.,complete,REVIEW,title_only_unclear,,Title suggests suicide outcome but no hazard exposure; insufficient information.,{},{},title_only,REVIEW,NA
D0062250,Mental Health Problems in Antarctica,complete,REVIEW,title_only_unclear,,Title suggests human mental health outcomes in Antarctica; exposure and design are unclear.,{},{},title_only,REVIEW,NA
D0062251,Stresses of Change and Mental Health Among the Canadian Eskimos,complete,REVIEW,title_only_unclear,,"Title suggests mental health among Canadian Eskimos, but no eligible climate hazard is specified; exposure and design unclear.",{},{},title_only,REVIEW,NA
D0062698,"""Home-sick"": The effect of a child's environment on health",complete,REVIEW,title_only_unclear,,"Title is ambiguous: child's environment and health, no clear hazard or outcome.",{},{},title_only,REVIEW,NA
D0062852,Biometeorology: What it is and how it affects our health,complete,REVIEW,title_only_unclear,,Title is vague; could relate to climate/weather and health but lacks specifics.,{},{},title_only,REVIEW,NA
D0062879,Linking emissions to admissions,complete,REVIEW,title_only_unclear,,Title ambiguous; no abstract. Could relate to emissions and hospital admissions but eligibility unclear.,{},{},title_only,REVIEW,NA
D0062936,"Burning fingers, but where is the fire? [19]",complete,REVIEW,title_only_unclear,,"Title is cryptic and lacks clear indication of exposure, outcome, or design; ambiguous.",{},{},title_only,REVIEW,NA
D0063123,Firesafe but not failsafe,complete,REVIEW,title_only_unclear,,"Title is ambiguous; no clear evidence of an eligible climate hazard, human mental-health outcome, or study design.",{},{},title_only,REVIEW,NA
D0063192,A smoke cloud of confusion.,complete,REVIEW,title_only_unclear,,Title is vague and potentially relevant to wildfire smoke; no clear exclusion or sufficient information.,{},{},title_only,REVIEW,NA
D0063314,Psychological impact of the Antarctic winter on Indian expeditioners,complete,REVIEW,eligibility_unclear,temperature,"temperature: REVIEW - Antarctic winter psychological study, no explicit temperature exposure, outcomes measured, design unclear.","{""temperature"":""REVIEW""}","{""temperature"":""NA""}",title_abstract,,
D0063351,Going up in smoke.,complete,REVIEW,title_only_unclear,,Title ambiguous; no abstract available.,{},{},title_only,REVIEW,NA
D0063363,Deployment and operation of a medical psychological emergency team in the aftermath of a catastrophe: The first 100 hours,complete,REVIEW,topic_unclear,,Disaster killing children in mountains; disaster type not identified.,{},{},title_abstract,,
D0063413,On beyond LTP,complete,REVIEW,title_only_unclear,,Title alone insufficient to assess eligibility; no abstract available.,{},{},title_only,REVIEW,NA
D0063595,Yet another smoke(less) screen?,complete,REVIEW,title_only_unclear,,Title too ambiguous to determine eligibility; no abstract.,{},{},title_only,REVIEW,NA
D0063799,Smoke signals,complete,REVIEW,title_only_unclear,,Title ambiguous; no abstract; cannot determine eligibility from title alone.,{},{},title_only,REVIEW,NA
D0064002,NIMH: Caught in the line of fire without a General,complete,REVIEW,title_only_unclear,,Title is cryptic; no clear indication of eligible exposure or outcome.,{},{},title_only,REVIEW,NA
D0064057,Uriah Heep syndrome,complete,REVIEW,title_only_unclear,,Title unclear; no abstract available for content assessment.,{},{},title_only,REVIEW,NA
D0064075,The smoldering ashes of a human fire.,complete,REVIEW,title_only_unclear,,"Title is ambiguous; no clear eligible hazard, outcome, or design signal.",{},{},title_only,REVIEW,NA
D0064268,Post-traumatic stress disorder,complete,REVIEW,title_only_unclear,,Title alone insufficient; no exposure or design information.,{},{},title_only,REVIEW,NA
D0064712,Sex differences in trauma and posttraumatic stress disorder: A quantitative review of 25 years of research,complete,REVIEW,topic_unclear,,PTSD after PTEs including generic 'disaster or fire'; specific hazard type is unresolved.,{},{},title_abstract,,
D0064867,Steps in the right direction,complete,REVIEW,title_only_unclear,,"Title is vague; no clear evidence of eligible hazard, outcome, or design.",{},{},title_only,REVIEW,NA
D0064976,Flawed methods [1],complete,REVIEW,title_only_unclear,,Title alone insufficient to judge eligibility,{},{},title_only,REVIEW,NA
D0065001,Still in the line of fire.,complete,REVIEW,title_only_unclear,,Title is ambiguous with no abstract; potential relevance unclear.,{},{},title_only,REVIEW,NA
D0065086,Disease watch,complete,REVIEW,title_only_unclear,,Title is generic; no abstract available.,{},{},title_only,REVIEW,NA
D0065096,Thinking under fire,complete,REVIEW,title_only_unclear,,Title ambiguous; no abstract available.,{},{},title_only,REVIEW,NA
D0065102,"Of smoke, mirrors, and passive-aggressive behaviors",complete,REVIEW,title_only_unclear,,"Title ambiguous; potential smoke exposure and behavior outcome, but no abstract.",{},{},title_only,REVIEW,NA
D0065225,If only it were simple,complete,REVIEW,title_only_unclear,,"Title only, no abstract; topic ambiguous.",{},{},title_only,REVIEW,NA
D0065326,SAPALDIA 2: The cohort continues,complete,REVIEW,title_only_unclear,,Title is ambiguous; no abstract available to assess eligibility.,{},{},title_only,REVIEW,NA
D0065336,"Epidemiology of tropical cyclones: The dynamics of disaster, disease, and development",complete,REVIEW,title_only_unclear,,Title suggests cyclone epidemiology but outcome and design are unclear; no abstract.,{},{},title_only,REVIEW,NA
D0065577,Keeping the fire alive.,complete,REVIEW,title_only_unclear,,Title is vague and provides insufficient information to assess eligibility.,{},{},title_only,REVIEW,NA
D0065700,Science weathers the storms,complete,REVIEW,title_only_unclear,,Title is ambiguous; no abstract available to assess eligibility.,{},{},title_only,REVIEW,NA
D0065961,The air law payoff,complete,REVIEW,title_only_unclear,,Title gives no indication of climate hazard exposure or mental-health outcome.,{},{},title_only,REVIEW,NA
D0066041,A softer view of hardening,complete,REVIEW,title_only_unclear,,No abstract; title is ambiguous and no clear exclusion criterion is evident.,{},{},title_only,REVIEW,NA
D0066048,"Cannabis psychosis, smoke and fire",complete,REVIEW,title_only_unclear,,"Title suggests possible wildfire smoke exposure and psychosis outcome, but insufficient information.",{},{},title_only,REVIEW,NA
D0066110,Clinical facts & curios,complete,REVIEW,title_only_unclear,,Title is vague and provides no clear evidence for exclusion or inclusion.,{},{},title_only,REVIEW,NA
D0066140,Fast Track to Atlantis,complete,REVIEW,title_only_unclear,,Title is ambiguous with no clear exclusion.,{},{},title_only,REVIEW,NA
D0066175,Out in the cold.,complete,REVIEW,title_only_unclear,,Title is ambiguous; cannot determine eligibility.,{},{},title_only,REVIEW,NA
D0066239,Looking for the trigger,complete,REVIEW,title_only_unclear,,"Title alone insufficient; no clear hazard, outcome, or design.",{},{},title_only,REVIEW,NA
D0066351,Aging research: The future face of environmental health,complete,REVIEW,title_only_unclear,,"Title lacks clarity on hazard, outcome, or design; editorial/perspective possible but unconfirmed.",{},{},title_only,REVIEW,NA
D0066384,Norway's trauma,complete,REVIEW,title_only_unclear,,Title is ambiguous; insufficient information for eligibility.,{},{},title_only,REVIEW,NA
D0066749,Urban environment: Defining its nature and problems and developing strategies to overcome obstacles to sustainability and quality of life,complete,REVIEW,title_only_unclear,,Title suggests general urban environment/quality-of-life discussion; no clear eligible hazard or mental-health outcome.,{},{},title_only,REVIEW,NA
D0066896,Friendly fire,complete,REVIEW,title_only_unclear,,Title is ambiguous; no clear link to eligible hazards or mental-health outcomes.,{},{},title_only,REVIEW,NA
D0066900,Clearing the smoke: Behavioral interventions in the emergency department,complete,REVIEW,title_only_unclear,,Title suggests behavioral interventions in ED; no clear hazard or outcome; insufficient info.,{},{},title_only,REVIEW,NA
D0066972,Disaster response workers: Are we doing enough to protect them?,complete,REVIEW,title_only_unclear,,"Title suggests discussion about disaster response workers but unclear if empirical, exposure, or outcome; no abstract.",{},{},title_only,REVIEW,NA
D0067136,"""After the fire: The mental health consequences of fire disasters"": Erratum",complete,REVIEW,topic_unclear,,"Mental health consequences after fire disasters; disaster subtype (e.g., wildfire vs structural) is not identified.",{},{},title_abstract,,
D0067149,Environmental pediatrics,complete,REVIEW,title_only_unclear,,Title is too broad; no clear eligible hazard or outcome information.,{},{},title_only,REVIEW,NA
D0067326,What is it with kids these days?,complete,REVIEW,title_only_unclear,,"Title is too vague to determine relevance; no explicit hazard, outcome, or design.",{},{},title_only,REVIEW,NA
D0067408,Trial draws fire,complete,REVIEW,title_only_unclear,,"Title ambiguous, no abstract; unclear relevance to climate hazard and mental health.",{},{},title_only,REVIEW,NA
D0067890,Starting from scratch,complete,REVIEW,title_only_unclear,,"Title provides no information about exposure, outcome, or design; insufficient for screening.",{},{},title_only,REVIEW,NA
D0068263,Inpatient admission screening,complete,REVIEW,title_only_unclear,,"Title is too generic; no clear hazard, outcome, or design can be determined.",{},{},title_only,REVIEW,NA
D0068368,Relationship between type of trauma exposure and posttraumatic stress disorder among Urban children and adolescents,complete,REVIEW,topic_unclear,,PTSD after trauma exposure includes 'disaster' but type is unspecified.,{},{},title_abstract,,
D0068915,Dust,complete,REVIEW,title_only_unclear,,"Title only; 'Dust' does not clearly identify an eligible hazard, outcome, or design.",{},{},title_only,REVIEW,NA
D0069182,Problem solved* (*sort of),complete,REVIEW,title_only_unclear,,Title provides insufficient information for eligibility judgement; no clear exclusion criteria demonstrated.,{},{},title_only,REVIEW,NA
D0069209,"Respiratory disease and temperature are correlated with suicide in Mie Prefecture, Japan",complete,REVIEW,title_only_unclear,,"Title suggests temperature exposure and suicide outcome; abstract missing, design unclear.",{},{},title_only,REVIEW,NA
D0069307,Posttraumatic stress disorder (PTSD) in children after paediatric intensive care treatment compared to children who survived a major fire disaster,complete,REVIEW,topic_unclear,,PTSD in children after PICU compared with survivors of a major fire disaster; fire type (wildfire vs structural) is not identified.,{},{},title_abstract,,
D0069555,Turn up the heat on burnout research,complete,REVIEW,title_only_unclear,,"Title is ambiguous; may refer to commentary or research on burnout, no clear exposure or outcome.",{},{},title_only,REVIEW,NA
D0069791,First responders: Mental health consequences of natural and human-made disasters for public health and public safety workers,complete,REVIEW,topic_unclear,,Mental health impacts on first responders from unspecific natural or man-made disasters.,{},{},title_abstract,,
D0069859,Prehospital and emergency department care in South Korea,complete,REVIEW,title_only_unclear,,Title alone insufficient; no clear eligible hazard or outcome identified.,{},{},title_only,REVIEW,NA
D0069953,The Dutch experience with Health Impact Assessment of disasters,complete,REVIEW,title_only_unclear,,"Title only; insufficient information to determine eligible hazard, outcome, or design",{},{},title_only,REVIEW,NA
D0070012,From the author [4],complete,REVIEW,title_only_unclear,,Title alone gives no relevant content.,{},{},title_only,REVIEW,NA
D0070255,Discussion,complete,REVIEW,title_only_unclear,,Title 'Discussion' is too vague to assess any inclusion/exclusion criterion; no abstract available.,{},{},title_only,REVIEW,NA
D0070368,"Asking ""how are you?""",complete,REVIEW,title_only_unclear,,Title alone is too ambiguous to determine eligibility.,{},{},title_only,REVIEW,NA
D0070457,Warning: Climate change can seriously damage your (patients') health,complete,REVIEW,topic_unclear,temperature,Mental trauma from unspecified extreme events and heat effects; disaster type unresolved.,"{""temperature"":""EXCLUDE""}","{""temperature"":""non_original""}",title_abstract,,
D0070595,Up all night,complete,REVIEW,title_only_unclear,,Title alone is too vague for any eligibility judgement; no abstract available.,{},{},title_only,REVIEW,NA
D0070597,The other COPD,complete,REVIEW,title_only_unclear,,Title ambiguous; no abstract available.,{},{},title_only,REVIEW,NA
D0070649,State of the art,complete,REVIEW,title_only_unclear,,Title provides no topic information; insufficient to judge eligibility.,{},{},title_only,REVIEW,NA
D0070887,Rainmaking,complete,REVIEW,title_only_unclear,,Title is ambiguous; no abstract available.,{},{},title_only,REVIEW,NA
D0071062,What have we learned from the substudies?,complete,REVIEW,title_only_unclear,,"Title is vague, no clear hazard, outcome, or design; insufficient information.",{},{},title_only,REVIEW,NA
D0071067,In brief,complete,REVIEW,title_only_unclear,,Title is uninformative; cannot determine eligibility without abstract.,{},{},title_only,REVIEW,NA
D0071185,South Asia,complete,REVIEW,title_only_unclear,,"Title only gives a region; no exposure, outcome, or design information can be assessed.",{},{},title_only,REVIEW,NA
D0071259,Caring for the whole patient,complete,REVIEW,title_only_unclear,,"Title is generic; no indication of eligible hazard, outcome, or design.",{},{},title_only,REVIEW,NA
D0071446,After the storm,complete,REVIEW,title_only_unclear,,Title ambiguous; no abstract to assess eligibility.,{},{},title_only,REVIEW,NA
D0071481,Climate variability on caregiver's mental health and child nutritional status,complete,REVIEW,topic_unclear,temperature,Caregiver mental health and child nutrition under climate change and extreme weather; disaster types unresolved beyond heat.,"{""temperature"":""EXCLUDE""}","{""temperature"":""non_original""}",title_abstract,,
D0072149,The cold freeze for this unease?,complete,REVIEW,title_only_unclear,,Title ambiguous; possible cold exposure and psychological unease but insufficient information.,{},{},title_only,REVIEW,NA
D0072285,Response,complete,REVIEW,title_only_unclear,,Title is too vague to determine eligibility; no abstract available.,{},{},title_only,REVIEW,NA
D0072330,Opening fire on open fires,complete,REVIEW,title_only_unclear,,Title unclear; no abstract available.,{},{},title_only,REVIEW,NA
D0072518,Children's environmental health,complete,REVIEW,title_only_unclear,,"Title is generic; no specific hazard, outcome, or design can be determined.",{},{},title_only,REVIEW,NA
D0072706,Alcohol-related problems among volunteer firefighters in a disaster area,complete,REVIEW,topic_unclear,,Alcohol use disorders in firefighters after earthquake/tsunami; hazard not covered by registered topics.,{},{},title_abstract,,
D0072819,Marijuana,complete,REVIEW,title_only_unclear,,"Title only, no abstract; no clear eligibility determination possible from title alone.",{},{},title_only,REVIEW,NA
D0072992,The ultimate sacrifice,complete,REVIEW,title_only_unclear,,Title alone insufficient; no clear eligibility signal.,{},{},title_only,REVIEW,NA
D0073164,Want to read more?,complete,REVIEW,title_only_unclear,,Title is not informative; no clear exclusion criterion from title alone.,{},{},title_only,REVIEW,NA
D0073457,Heat stroke,complete,REVIEW,title_only_unclear,,"Title alone is insufficient; no clear eligible exposure, outcome, or design signal.",{},{},title_only,REVIEW,NA
D0073485,"Hurricanes, Response, and Community Health Resilience",complete,REVIEW,title_only_unclear,,Title suggests hurricanes and community health resilience; outcome and design unclear.,{},{},title_only,REVIEW,NA
D0073570,Who's watching the kids?,complete,REVIEW,title_only_unclear,,Title provides insufficient information to assess eligibility.,{},{},title_only,REVIEW,NA
D0073619,Geriatric nursing and resilience in the midst of tropical storm Harvey,complete,REVIEW,title_only_unclear,,Title suggests tropical storm Harvey and resilience but lacks abstract to confirm design and outcome.,{},{},title_only,REVIEW,NA
D0073644,Companion Animals in Natural Disasters: A Scoping Review of Scholarly Sources,complete,REVIEW,topic_unclear,,Scoping review of companion animals in natural disasters; disaster type is unspecified.,{},{},title_abstract,,
D0074009,Trauma type as a conditional risk factor for posttraumatic stress disorder in a referred clinic sample of adolescents,complete,REVIEW,topic_unclear,,Witnessing an unspecified natural disaster is a trauma type; disaster type not identified.,{},{},title_abstract,,
D0074375,Anxiety disorder on acting people in emergencies,complete,REVIEW,topic_unclear,,Anxiety in emergency responders after unspecified disasters/emergencies; hazard type is not identified.,{},{},title_abstract,,
D0074542,"Understanding Older Adults' Resilience During the Brisbane Floods: Social Capital, Life Experience, and Optimism",complete,REVIEW,eligibility_unclear,flood,"flood: REVIEW - Flood exposure and resilience outcome, but design and methods unclear.","{""flood"":""REVIEW""}","{""flood"":""NA""}",title_abstract,,
D0074561,Unfounded assumptions in linking crop-damaging temperature and suicide in India,complete,REVIEW,title_only_unclear,,Title suggests critique of assumed temperature-suicide link; unclear if original empirical study.,{},{},title_only,REVIEW,NA
D0074563,"Experience of a Lifetime: Study Abroad, Trauma, and Institutional Betrayal",complete,REVIEW,topic_unclear,,Study abroad trauma includes natural disasters; disaster type unspecified.,{},{},title_abstract,,
D0074579,Global trends in suicide epidemiology,complete,REVIEW,topic_unclear,,Natural disasters associated with suicide; disaster type is unspecified.,{},{},title_abstract,,
D0075523,Smoke out,complete,REVIEW,title_only_unclear,,"Title only; ambiguous, potentially relevant exposure but no outcome/design info.",{},{},title_only,REVIEW,NA
D0075670,No smoke without fire,complete,REVIEW,title_only_unclear,,Title is ambiguous with no abstract available.,{},{},title_only,REVIEW,NA
D0075781,What now? What next?,complete,REVIEW,title_only_unclear,,"Title is ambiguous, no clear indication of topic or eligibility.",{},{},title_only,REVIEW,NA
D0075841,Drinking from the fire hose,complete,REVIEW,title_only_unclear,,Title alone provides no eligibility information.,{},{},title_only,REVIEW,NA
D0075969,Smoke,complete,REVIEW,title_only_unclear,,Title-only; topic ambiguous; cannot determine eligibility.,{},{},title_only,REVIEW,NA
D0075996,Medicine under fire,complete,REVIEW,title_only_unclear,,Title is ambiguous and lacks sufficient information to determine eligibility.,{},{},title_only,REVIEW,NA
D0076667,In from the cold,complete,REVIEW,title_only_unclear,,Title is ambiguous; may relate to cold exposure but no clear mental health outcome or design.,{},{},title_only,REVIEW,NA
D0076999,Practicing what we preach!,complete,REVIEW,title_only_unclear,,Title is vague with no clear exposure or outcome; insufficient information.,{},{},title_only,REVIEW,NA
D0077086,Up in smoke: A new view on an old friend,complete,REVIEW,title_only_unclear,,"Title provides no clear hazard, outcome, or design information.",{},{},title_only,REVIEW,NA
D0077101,Arising from the ashes? Environmental health in detroit,complete,REVIEW,title_only_unclear,,"Title is vague, with no clear hazard, outcome, or design; insufficient info to exclude.",{},{},title_only,REVIEW,NA
D0077164,Putting an end to it!,complete,REVIEW,title_only_unclear,,"Title provides no clear information about exposure, outcome, or design.",{},{},title_only,REVIEW,NA
D0077368,Nature and nurture: Lifelong consequences of environmental exposures,complete,REVIEW,title_only_unclear,,Title is generic; no clear exposure/outcome/design info.,{},{},title_only,REVIEW,NA
D0077671,Acute behavioural changes after a small fire,complete,REVIEW,title_only_unclear,,Title suggests acute behavioural changes after a small fire; hazard/outcome/design unclear from title alone.,{},{},title_only,REVIEW,NA
D0078134,The reflection of traumatic events in society on the members of an analytic group,complete,REVIEW,topic_unclear,,Group trauma from murders and a fire; fire type (wildfire vs structural) unspecified.,{},{},title_abstract,,
D0078184,Pediatrics of disasters. Preparation of doctors of the city polyclinic to work in conditions of emergencies and terrorist acts,complete,REVIEW,topic_unclear,,Disaster medicine with psych support; natural disaster type not identified.,{},{},title_abstract,,
D0078409,"Flood in the South-West of Iran in 2019; causes, problems, actions and lesson learned",complete,REVIEW,title_only_unclear,,Flood event report; potential link to mental health not evident in title alone.,{},{},title_only,REVIEW,NA
D0078873,Some aspects of the organization of medical and psychological rehabilitation of rescuers in the Republic of Kazakhstan,complete,REVIEW,topic_unclear,,Study of rescuers exposed to unspecified natural/man-made emergencies; hazard type not identified.,{},{},title_abstract,,
D0079044,Dangerous ideas,complete,REVIEW,topic_unclear,temperature|drought,"Heat, drought, and generic extreme weather are linked to climate distress; exact disaster exposures beyond heat/drought are unspecified.","{""drought"":""EXCLUDE"",""temperature"":""EXCLUDE""}","{""drought"":""non_original"",""temperature"":""non_original""}",title_abstract,,
D0079256,Back to the basics,complete,REVIEW,title_only_unclear,,"Title provides no eligibility information; cannot determine exposure, outcome, or design.",{},{},title_only,REVIEW,NA
D0079304,Well-being in metrics and policy,complete,REVIEW,title_only_unclear,,"Title-only, no abstract; topic ambiguous, no clear eligible hazard or outcome.",{},{},title_only,REVIEW,NA
D0079555,THE IMPACT OF LIFE EVENTS ON LATER LIFE: A LATENT CLASS ANALYSIS OF THE ENGLISH LONGITUDINAL STUDY OF AGEING,complete,REVIEW,topic_unclear,,Natural disaster is a life event but its type is unresolved; no candidate topic covers it.,{},{},title_abstract,,
D0079605,Response,complete,REVIEW,title_only_unclear,,Title 'Response' is uninformative; no eligibility determination possible.,{},{},title_only,REVIEW,NA
D0079623,The mental health of sons and daughters of Australian Vietnam veterans,complete,REVIEW,topic_unclear,,Exposure to natural disasters reported; disaster type not specified.,{},{},title_abstract,,
D0079672,Self-assessment,complete,REVIEW,title_only_unclear,,"No abstract; title lacks sufficient hazard, outcome, or design information.",{},{},title_only,REVIEW,NA
D0079707,How Change Catches Fire,complete,REVIEW,title_only_unclear,,Title alone insufficient; no clear exclusion signal.,{},{},title_only,REVIEW,NA
D0079741,Letter from london,complete,REVIEW,title_only_unclear,,"Title provides no information on exposure, outcome, or design.",{},{},title_only,REVIEW,NA
D0080139,The roots of resilience,complete,REVIEW,title_only_unclear,,"Title vague, no hazard or outcome specified; insufficient to exclude.",{},{},title_only,REVIEW,NA
D0080288,The Influence of Exposure to Natural Disasters on Depression and PTSD Symptoms among Firefighters,complete,REVIEW,topic_unclear,,Pre-employment exposure to unspecified natural disasters and mental health outcomes; disaster type unidentified.,{},{},title_abstract,,
D0080602,Maria in Puerto Rico: Natural Disaster in a Colonial Archipelago,complete,REVIEW,title_only_unclear,,"Title mentions natural disaster but lacks hazard, outcome, and design details; no abstract available.",{},{},title_only,REVIEW,NA
D0080760,Breaching the Barrier: Nanoscale Particulate Matter and Measures of Brain Health,complete,REVIEW,title_only_unclear,,Title-only; exposure and outcome unclear; nanoscale particulate matter not clearly an eligible hazard.,{},{},title_only,REVIEW,NA
D0080869,Pollution and the developing brain,complete,REVIEW,title_only_unclear,,"Title ambiguous; pollution type, hazard, and outcome not specified.",{},{},title_only,REVIEW,NA
D0080956,“A country boy can survive:” Rural culture and male-targeted suicide prevention messaging,complete,REVIEW,topic_unclear,,"Fire recovery context; fire type unspecified, possibly wildfire or other.",{},{},title_abstract,,
D0081145,Association between air pollution and post stroke depression & cognitive decline,complete,REVIEW,eligibility_unclear,temperature,temperature: REVIEW - Primarily air pollution study with passing mention of temperature; exposure ambiguity warrants review.,"{""temperature"":""REVIEW""}","{""temperature"":""NA""}",title_abstract,,
D0081151,42.1 THE IMPACTS OF CLIMATE CHANGE ON CHILDREN'S MENTAL HEALTH,complete,REVIEW,topic_unclear,temperature,Heat exposure covered; broader climate change and climate anxiety represent unresolved hazards not assigned.,"{""temperature"":""EXCLUDE""}","{""temperature"":""non_original""}",title_abstract,,
D0081247,"The population major depressive disorder in the years after severe wildfires in portugal centro region: The role of perceived health status, health vulnerability, resilience and sense of coherence",complete,REVIEW,eligibility_unclear,wildfire,wildfire: REVIEW - Longitudinal post-wildfire survey without pre-event baseline or unexposed comparison.,"{""wildfire"":""REVIEW""}","{""wildfire"":""NA""}",title_abstract,,
D0081479,Trauma exposure and posttraumatic stress disorder in a large community sample of Chinese adults,complete,REVIEW,topic_unclear,,Trauma exposure and PTSD in a community sample; disaster type is not specified.,{},{},title_abstract,,
D0081516,Mental Disorders in Firefighters Following Large-Scale Disaster,complete,REVIEW,topic_unclear,,"PTSD, depression, anxiety in firefighters after large-scale disaster; disaster type not specified.",{},{},title_abstract,,
D0081995,Environment and the COVID-19 pandemic,complete,REVIEW,title_only_unclear,,Title is vague; no abstract available to assess eligibility.,{},{},title_only,REVIEW,NA
D0082075,"Effect of seasonality, climatic and temporal factors on suicide attempts amongst patients from southern tunisia",complete,REVIEW,eligibility_unclear,temperature,temperature: REVIEW - Retrospective study of suicide attempts with climate correlations; design detail insufficient for eligibility.,"{""temperature"":""REVIEW""}","{""temperature"":""NA""}",title_abstract,,
D0082205,Contextualization of Psychological First Aid: An Integrative Literature Review,complete,REVIEW,topic_unclear,,Psychological first aid after disasters; disaster type is not specified.,{},{},title_abstract,,
D0082296,Environmental pollution and mental health: A narrative review of literature,complete,REVIEW,topic_unclear,,Pollution review includes environmental catastrophes without specifying disaster type; mental health outcomes.,{},{},title_abstract,,
D0082347,"A spatial epidemiology case study of mentally unhealthy days (MUDs): air pollution, community resilience, and sunlight perspectives",complete,REVIEW,topic_unclear,,Generic extreme climatic conditions exposure studied; specific hazard type not identified.,{},{},title_abstract,,
D0082747,Potential risks and factors of women’s health promotion,complete,REVIEW,title_only_unclear,,Title lacks specific climate hazard and mental health outcome; insufficient information.,{},{},title_only,REVIEW,NA
D0083135,Landscapes of Fire,complete,REVIEW,title_only_unclear,,Title potentially suggests fire/wildfire but no clear human mental-health outcome or design; abstract missing.,{},{},title_only,REVIEW,NA
D0083362,Association of types of disaster rescue with mental disorders among firefighters,complete,REVIEW,topic_unclear,,Rescue experience from unspecified disaster types; hazard type not identified.,{},{},title_abstract,,
D0083403,Reducing the risks of extreme heat for seniors: communicating risks and building resilience,complete,REVIEW,title_only_unclear,,Title mentions extreme heat and resilience but outcome unclear without abstract,{},{},title_only,REVIEW,NA
D0083413,Disruption of essential services after Hurricanes Irma and Maria and quality of life among women with gynecological cancer receiving care in Puerto Rico,complete,REVIEW,eligibility_unclear,cyclone,cyclone: REVIEW - Retrospective before/after comparison after hurricanes but described as cross-sectional; design unclear.,"{""cyclone"":""REVIEW""}","{""cyclone"":""NA""}",title_abstract,,
D0083430,Stolen breaths,complete,REVIEW,title_only_unclear,,"Title only, ambiguous; no clear exclusion criterion.",{},{},title_only,REVIEW,NA
D0083657,Impact of a natural disaster on access tocare and biopsychosocial outcomes amongHispanic/Latino cancer patients,complete,REVIEW,eligibility_unclear,cyclone,cyclone: REVIEW - Longitudinal study after Hurricane Maria assessing anxiety/stress/PTSD; design details insufficient.,"{""cyclone"":""REVIEW""}","{""cyclone"":""NA""}",title_abstract,,
D0083706,Our House Is on Fire: Child and Adolescent Psychiatrists in the Era of the Climate Crisis,complete,REVIEW,topic_unclear,,Climate crisis and weather-related trauma; specific hazard type not identified.,{},{},title_abstract,,
D0083830,Mental health and climate change: tackling invisible injustice,complete,REVIEW,title_only_unclear,,Title alone suggests commentary/editorial on climate change and mental health; insufficient detail to determine hazard/outcome/design.,{},{},title_only,REVIEW,NA
D0083964,"Extreme population exposure: Hurricane Dorian medical response in Great Abaco, Bahamas",complete,REVIEW,title_only_unclear,,Hurricane exposure implied but mental-health outcome and design unstated; title only.,{},{},title_only,REVIEW,NA
D0084157,"Media grief, a specific form of PostTraumatic grief",complete,REVIEW,topic_unclear,,"Media grief after trauma; exposure includes unspecified natural disasters, tsunami, fires; hazard identity unresolved.",{},{},title_abstract,,
D0084374,"Military Environmental Exposure Concerns, Posttraumatic Stress Disorder, and Somatic Symptoms: Their Interrelation among Treatment-Seeking Veterans",complete,REVIEW,topic_unclear,,Veterans' PTSD assessed with unspecified military environmental exposure concerns; hazard type unresolved.,{},{},title_abstract,,
D0084539,Enabling Remote Responder Bio-Signal Monitoring in a Cooperative Human-Robot Architecture for Search and Rescue,complete,REVIEW,topic_unclear,,Responder bio-signal monitoring in disaster scenarios; hazard type is not identified.,{},{},title_abstract,,
D0084856,Human and planetary health on fire,complete,REVIEW,title_only_unclear,,"Title potentially relates to health and fire but lacks explicit exposure, outcome, and design information.",{},{},title_only,REVIEW,NA
D0084886,Environmental Health in Ukraine: Lessons from 9/11,complete,REVIEW,title_only_unclear,,Title is ambiguous; no abstract available to assess hazard and mental-health outcomes.,{},{},title_only,REVIEW,NA
D0085068,52 Methodology for Measuring Health-Related Quality of Life Impact of Disasters,complete,REVIEW,topic_unclear,,Measures health-related QoL before/after declared disasters; specific disaster type is unresolved.,{},{},title_abstract,,
D0085470,A reminder to keep an eye on older people during heatwaves,complete,REVIEW,title_only_unclear,,"Title mentions heatwaves and older people, but outcome and design are unclear.",{},{},title_only,REVIEW,NA
D0085473,After the Floods! Healthcare Response and Concerns,complete,REVIEW,title_only_unclear,,Title mentions floods and healthcare response but no clear mental health outcome or design; insufficient info.,{},{},title_only,REVIEW,NA
D0085674,Preparing patients with serious mental illness for extreme HEAT,complete,REVIEW,title_only_unclear,,Title mentions heat and serious mental illness but lacks abstract; cannot confirm original empirical evidence or measured outcome.,{},{},title_only,REVIEW,NA
D0085818,No child health without planetary health,complete,REVIEW,title_only_unclear,,Title-only record; title suggests commentary but insufficient information for screening.,{},{},title_only,REVIEW,NA
D0086197,FALLING STAR,complete,REVIEW,title_only_unclear,,Title is cryptic and no abstract; cannot determine eligibility.,{},{},title_only,REVIEW,NA
D0086199,Mind on Fire,complete,REVIEW,title_only_unclear,,Title ambiguous; no abstract to assess eligibility.,{},{},title_only,REVIEW,NA
D0086439,With an end in sight,complete,REVIEW,title_only_unclear,,"Title only, ambiguous; no abstract available.",{},{},title_only,REVIEW,NA
D0086836,"A fresh look at non-traditional risk factors: Pregnancy loss, anger, ultra-processed food, and low ambient temperature",complete,REVIEW,title_only_unclear,,Title mentions low ambient temperature exposure but outcome unclear; no abstract available.,{},{},title_only,REVIEW,NA
D0086984,"Stress Analysis based on Atmospheric, Physical, and Personal Stressors to Improve Deployment of Military Personnel",complete,REVIEW,topic_unclear,,Stress in military personnel related to unspecified atmospheric stressors; specific climate/weather hazard not identified.,{},{},title_abstract,,
D0087490,Where there is smoke there is risk: is there an irreversible threshold?,complete,REVIEW,title_only_unclear,,Title ambiguous; potential smoke/wildfire risk but no stated mental-health outcome.,{},{},title_only,REVIEW,NA
D0087501,Heart and vessels ‘on fire’,complete,REVIEW,title_only_unclear,,"Title is ambiguous; no clear hazard, outcome, or design can be determined.",{},{},title_only,REVIEW,NA
D0088288,SMOKE ALARM,complete,REVIEW,title_only_unclear,,Title ambiguous and no abstract available; cannot determine eligibility.,{},{},title_only,REVIEW,NA
D0088384,Going through the fire,complete,REVIEW,title_only_unclear,,Title is ambiguous; no clear hazard or outcome signal.,{},{},title_only,REVIEW,NA
D0088429,A 'hot item': Is there a link between heat waves and suicide?,complete,REVIEW,title_only_unclear,,"Title suggests possible link between heat waves and suicide, but no abstract to confirm design/originality.",{},{},title_only,REVIEW,NA
D0088591,"Exposure to multiple environmental stressors, emotional and physical well-being, and self-rated health: An analysis of relationships using latent variable structural equation modelling",complete,REVIEW,title_only_unclear,,Title suggests environmental stressors and emotional well-being but hazard and design are unclear.,{},{},title_only,REVIEW,NA
D0088878,Climate change and the brain,complete,REVIEW,title_only_unclear,,"Title alone insufficient; broad topic, potential relevance but unclear.",{},{},title_only,REVIEW,NA
D0089181,Heat and health inequity: acting on determinants of health to promote heat justice,complete,REVIEW,title_only_unclear,,Title mentions heat but no mental-health outcome or design; insufficient info.,{},{},title_only,REVIEW,NA
D0089554,The age of anthropogenic disease,complete,REVIEW,title_only_unclear,,"Title only; no clear evidence of eligible hazard, mental health outcome, or original empirical design.",{},{},title_only,REVIEW,NA
D0089811,RUDE AWAKENING,complete,REVIEW,title_only_unclear,,Title too vague to determine eligibility; no abstract available.,{},{},title_only,REVIEW,NA
D0089994,Promoting child health through a comprehensive One Health perspective: a narrative review,complete,REVIEW,topic_unclear,,Review cites climate-related extreme weather and water scarcity; specific hazard type unresolved.,{},{},title_abstract,,
D0090126,Response,complete,REVIEW,title_only_unclear,,Title 'Response' provides no topic information; cannot determine eligibility.,{},{},title_only,REVIEW,NA
D0090292,Budding Doctors and Root Causes,complete,REVIEW,title_only_unclear,,Title does not clearly indicate eligible hazard or outcome; insufficient information.,{},{},title_only,REVIEW,NA
D0090338,Fires in Brazil: health crises and the failure of government action,complete,REVIEW,title_only_unclear,,"Title mentions fires and health crises, but no clear mental-health outcome or original design; insufficient info.",{},{},title_only,REVIEW,NA
D0090517,From heatwaves to food systems: epidemiologists addressing climate challenges,complete,REVIEW,title_only_unclear,,Title suggests heatwaves and food systems but no abstract; unclear if original human mental-health study.,{},{},title_only,REVIEW,NA
D0090952,,complete,REVIEW,missing_text,,Neither title nor abstract is available.,{},{},no_text,,
D0090953,,complete,REVIEW,missing_text,,Neither title nor abstract is available.,{},{},no_text,,
D0091077,,complete,REVIEW,missing_text,,Neither title nor abstract is available.,{},{},no_text,,
D0091356,Self-assessment,complete,REVIEW,title_only_unclear,,Title 'Self-assessment' insufficient to determine eligibility; no clear hazard or outcome information.,{},{},title_only,REVIEW,NA
D0091468,Childhood disadvantage—Factoring it in,complete,REVIEW,title_only_unclear,,No abstract; title insufficient to assess eligibility.,{},{},title_only,REVIEW,NA
D0091648,Last trip to heaven,complete,REVIEW,title_only_unclear,,Title ambiguous; no clear climate-hazard or mental-health signal,{},{},title_only,REVIEW,NA
D0091780,Findings from the Global Burden of Disease Study 2021,complete,REVIEW,title_only_unclear,,Title is generic; eligibility cannot be determined from title alone.,{},{},title_only,REVIEW,NA
D0091896,“MY MOTHER DOESN'T SLEEP WHEN IT RAINS AT NIGHT”: ASSESSING THE IMPACTS OF A CLIMATE-RELATED FLOOD ON SLEEP,complete,REVIEW,eligibility_unclear,flood,flood: REVIEW - Repeated post-flood follow-up without pre-event baseline; design unclear.,"{""flood"":""REVIEW""}","{""flood"":""NA""}",title_abstract,,
D0092083,We Are Not Okay: Moral Injury and a World on Fire,complete,REVIEW,title_only_unclear,,"Title suggests a commentary or essay on moral injury and climate crisis, but availability of empirical data and eligible hazard/outcome is unclear.",{},{},title_only,REVIEW,NA
D0092324,Consideration of environmental aerosols,complete,REVIEW,title_only_unclear,,Title alone is too vague to determine eligibility; potential environmental exposure but no mental-health outcome specified.,{},{},title_only,REVIEW,NA
D0092334,Response to ‘Thinking clearly about climate change and mental health’,complete,REVIEW,topic_unclear,,Climate change and mental health; specific hazard not identified.,{},{},title_abstract,,
D0092383,HURRICANE FIONA AND PUERTO RICO: COMPOUNDING DISASTERS COMPLICATE POSTDISASTER ASSESSMENTS,complete,REVIEW,title_only_unclear,,Title mentions hurricane but no clear mental-health outcome; abstract missing.,{},{},title_only,REVIEW,NA
D0092389,Caritas in a cold climate,complete,REVIEW,title_only_unclear,,Title ambiguous and no abstract available; potential relevance unclear.,{},{},title_only,REVIEW,NA
D0092392,Alarming Heat Wave-2024: The summer season in Pakistan,complete,REVIEW,title_only_unclear,,Title-only record mentions heat wave but no mental health outcome or design details.,{},{},title_only,REVIEW,NA
D0092985,Climate Change and Children,complete,REVIEW,title_only_unclear,,"Title-only, vague topic, insufficient to determine eligibility.",{},{},title_only,REVIEW,NA
D0093021,Climate Variability and the Burden of Climate-Sensitive Diseases in Kenya: A Spatiotemporal Analysis (2016–2025) ​,complete,REVIEW,eligibility_unclear,temperature|flood|drought,"temperature: REVIEW - Descriptive spatiotemporal trend analysis; mental health outcome and time-series design unclear. | flood: EXCLUDE - Flood not an exposure variable; study focuses on broad climate indicators and disease trends. | drought: EXCLUDE - Study assesses climate variability broadly, not specifically drought exposure; mental health not linked to drought.","{""drought"":""EXCLUDE"",""flood"":""EXCLUDE"",""temperature"":""REVIEW""}","{""drought"":""wrong_exposure"",""flood"":""wrong_exposure"",""temperature"":""NA""}",title_abstract,,
D0093075,Posttraumatic stress disorder prevalence among former first responders: A systematic review and meta-analysis,complete,REVIEW,topic_unclear,,PTSD in former first responders after unspecified disasters; hazard type unresolved.,{},{},title_abstract,,
D0093183,Drought exposure and severe mental distress among adolescent girls and young women in Lesotho: the moderating role of food insecurity,complete,REVIEW,title_only_unclear,,Title suggests drought exposure and mental distress but design unclear without abstract.,{},{},title_only,REVIEW,NA
D0093215,Heat and Pregnancy,complete,REVIEW,title_only_unclear,,Title suggests heat exposure in pregnancy but outcome is unspecified; may or may not include mental health.,{},{},title_only,REVIEW,NA
D0093259,Brain on Fire,complete,REVIEW,title_only_unclear,,Title alone insufficient; no clear eligible exposure or outcome.,{},{},title_only,REVIEW,NA
D0093307,Compound Temperature–humidity Extremes Increase Acute Mental Health Outcomes: A 12-year Case-crossover Metropolitan Study,complete,REVIEW,title_only_unclear,,Title suggests eligible exposure and outcome with case-crossover design; no abstract.,{},{},title_only,REVIEW,NA
D0093578,Highlights,complete,REVIEW,title_only_unclear,,Title 'Highlights' provides no basis for eligibility judgement.,{},{},title_only,REVIEW,NA
D0093701,Environmental determinants of depression risk in China: insights from a longitudinal and cross-sectional analysis,complete,REVIEW,eligibility_unclear,temperature,temperature: REVIEW - Indoor temperature among multiple housing factors; no temperature-specific result; hazard ambiguous.,"{""temperature"":""REVIEW""}","{""temperature"":""NA""}",title_abstract,,
D0093750,Gender at the crossroads of mental health and climate change: A scoping review,complete,REVIEW,topic_unclear,,Climate change and mental health scoping review; specific climatic hazard not identified.,{},{},title_abstract,,
D0093825,Negative life events and the risk of depression: Findings from Indonesia Family Life Survey 2014/2015,complete,REVIEW,topic_unclear,,Depression after unspecified natural disasters or accidents; hazard type not identified.,{},{},title_abstract,,
D0093849,Health Care for Military Environmental Exposure Concerns,complete,REVIEW,title_only_unclear,,"Title insufficient; no abstract available, unclear exposure/outcome relevance.",{},{},title_only,REVIEW,NA
D0093869,Planetary health: Real challenges for elderly population,complete,REVIEW,title_only_unclear,,Title lacks specific hazard and outcome information; unclear if eligible.,{},{},title_only,REVIEW,NA
D0093930,"Pediatric Mental Health Needs, Unmet Care, and Disaster-Related Displacement",complete,REVIEW,topic_unclear,,Displacement due to natural disaster; hazard type not specified.,{},{},title_abstract,,
D0094066,Clouded by Smoke.,complete,REVIEW,title_only_unclear,,Title ambiguous; no abstract; potential wildfire smoke relevance but lacks outcome/design detail.,{},{},title_only,REVIEW,NA
D0094198,“From helper to survivor and back: Do's and don'ts from professionals who endured mass Trauma”,complete,REVIEW,topic_unclear,,Mass trauma among clinicians from unspecified disasters; disaster type not identified.,{},{},title_abstract,,
D0094254,"The heart’s syndemic: when pollution, psyche, and living place collide",complete,REVIEW,title_only_unclear,,Title is vague and does not clearly specify an eligible hazard or measured mental-health outcome; insufficient information.,{},{},title_only,REVIEW,NA
D0095220,In the line of fire: Sleep well as the first step of care,complete,REVIEW,title_only_unclear,,Title alone ambiguous; possibly fire-related care but no outcome or design info.,{},{},title_only,REVIEW,NA
D0095257,Caring for Our Community in a Changing Global Climate: The Impact of Extreme Heat Events on Morbidity and Mortality in Individuals Diagnosed With Schizophrenia,complete,REVIEW,title_only_unclear,,"Title suggests extreme heat impact on schizophrenia morbidity/mortality, but abstract missing; needs review.",{},{},title_only,REVIEW,NA
D0095278,The Impact of Temperature Variation and Air Pollution on Symptom Severity and Cognitive Function in Bipolar Disorder,complete,REVIEW,eligibility_unclear,temperature,"temperature: REVIEW - Associates temperature variation with bipolar symptom severity, but design unclear; may be cross-sectional.","{""temperature"":""REVIEW""}","{""temperature"":""NA""}",title_abstract,,
D0095649,Climate Change and Human Health Impacts: How Prepared Are We?,complete,REVIEW,title_only_unclear,,Title lacks clear details; potentially relevant but insufficient information.,{},{},title_only,REVIEW,NA
D0095684,The impact of the Black Summer bushfires and other natural disasters on psychological distress of young people: a population-based cohort analysis based on the Longitudinal Study of Australian Children,complete,REVIEW,eligibility_unclear,wildfire|cyclone,"wildfire: INCLUDE - Longitudinal cohort study links Black Summer bushfire exposure to adolescent K10 psychological distress. | cyclone: REVIEW - Prospective cohort; outcome K10; exposure includes storm/cyclone combined with bushfires, hazard-specific result unclear.","{""cyclone"":""REVIEW"",""wildfire"":""INCLUDE""}","{""cyclone"":""NA"",""wildfire"":""NA""}",title_abstract,,
D0095715,The Impact of Cold Spell Exposures on Mental Health Among Adolescents in China,complete,REVIEW,eligibility_unclear,temperature,temperature: REVIEW - Cross-sectional survey with cold spell exposure contrast; design eligibility uncertain.,"{""temperature"":""REVIEW""}","{""temperature"":""NA""}",title_abstract,,
D0096082,Association Between Wildfire Smoke Exposure and Psychometric Health Measures: Findings From the Lovelace Smokers Cohort,complete,REVIEW,eligibility_unclear,wildfire,wildfire: REVIEW - Wildfire smoke exposure and mental/physical HRQOL in cohort; design unclear if repeated measures or cross-sectional.,"{""wildfire"":""REVIEW""}","{""wildfire"":""NA""}",title_abstract,,
D0096132,"Paper: Investigating the Link between Weather Elements and Incident Presentation for a Mental Illness at a Ugandan Tertiary Psychiatric Hospital, a Secondary Data Analysis (17709)",complete,REVIEW,eligibility_unclear,temperature,"temperature: REVIEW - Temperature-and-psychiatric-presentation associations reported, but design unclear; may lack temporal contrast.","{""temperature"":""REVIEW""}","{""temperature"":""NA""}",title_abstract,,
D0096184,,complete,REVIEW,missing_text,,Neither title nor abstract is available.,{},{},no_text,,
D0096309,Do pollutants and meteorological factors trigger more psychiatry admissions?,complete,REVIEW,topic_unclear,,Study links weather/meteorological factors to mental health admissions; no specific registered hazard is identified.,{},{},title_abstract,,
D0096355,The Intersection of Climate Justice and Criminal Justice: Extreme Heat and Health Inequities in Carceral Facilities,complete,REVIEW,title_only_unclear,,"Title suggests extreme heat in carceral settings but lacks abstract, outcome and design unclear.",{},{},title_only,REVIEW,NA
D0096439,"From ‘Airs, Waters, and Places’ to a warming world: Chronic illness, social inequities and the climate crisis",complete,REVIEW,topic_unclear,,Climate change and extreme weather linked to mental health; specific extreme weather type is not identified.,{},{},title_abstract,,
D0097242,Play therapy for children exposed to natural disasters,complete,REVIEW,topic_unclear,,Children exposed to natural disaster; specific disaster type is not identified.,{},{},title_abstract,,
D0097260,Implementing a crisis counseling program in a large rural area: Iowa recovers 2004-2005,complete,REVIEW,topic_unclear,,Crisis counseling program after catastrophic events; disaster type is not identified.,{},{},title_abstract,,
D0097292,The SOLAR group program to promote recovery after disaster and trauma—A randomized controlled feasibility trial among German trauma survivors,complete,REVIEW,topic_unclear,,Disaster/trauma survivors; disaster type not identified.,{},{},title_abstract,,
D0097326,Examining the relationship between religious volunteering and mental health screeners among firefighters,complete,REVIEW,topic_unclear,,Natural disaster exposure mentioned; specific disaster type is not identified.,{},{},title_abstract,,
D0097346,Climatic temperature and psychiatric admissions,complete,REVIEW,eligibility_unclear,temperature,"temperature: REVIEW - Temperature exposure and psychiatric admissions outcome present, but design not clearly described.","{""temperature"":""REVIEW""}","{""temperature"":""NA""}",title_abstract,,
D0097395,Impact of climate change on older adults: A systematic literature review,complete,REVIEW,topic_unclear,temperature,Extreme weather events without specifying type; temperature is clear but other hazards unresolved.,"{""temperature"":""EXCLUDE""}","{""temperature"":""non_original""}",title_abstract,,
D0097767,Natural disasters and stress response syndromes,complete,REVIEW,topic_unclear,,Stress response syndromes after natural disasters; disaster type is not identified.,{},{},title_abstract,,
D0097784,Double disaster: Mental health of survivors of wildfires and earthquake in a part of Greece,complete,REVIEW,eligibility_unclear,wildfire,"wildfire: REVIEW - Repeated post-disaster assessments, but design unclear and no pre-event baseline for wildfire effect.","{""wildfire"":""REVIEW""}","{""wildfire"":""NA""}",title_abstract,,
D0097808,Temperature and socioeconomic vulnerability: Associations with cardiac event-induced posttraumatic stress symptoms,complete,REVIEW,eligibility_unclear,temperature,temperature: REVIEW - Longitudinal cohort with temperature and PTSS; exposure contrast and design details ambiguous.,"{""temperature"":""REVIEW""}","{""temperature"":""NA""}",title_abstract,,
D0097935,"Disasters, social forces, and opportunities",complete,REVIEW,topic_unclear,,Disaster mental health after 9/11 and Katrina; specific hazard type not identified.,{},{},title_abstract,,
D0097965,JEDI: A priority when addressing climate change and its impact on adolescent mental health,complete,REVIEW,topic_unclear,,Climate change and adolescent mental health; specific hazard type is not identified.,{},{},title_abstract,,
D0097998,Firefighters: An occupational case study of resilience,complete,REVIEW,topic_unclear,,Firefighters' resilience in the face of disaster; specific disaster hazard type is not identified.,{},{},title_abstract,,
D0098213,Community-level intervention after a disaster,complete,REVIEW,topic_unclear,,Community mental-health outreach program following an unspecified disaster; disaster type is not identified.,{},{},title_abstract,,
D0098222,Stages of change in mood and behavior during a winter in Antarctica,complete,REVIEW,eligibility_unclear,temperature,temperature: REVIEW - Repeated measures of mood during Antarctic winter; cold exposure implicit but not explicitly linked to temperature.,"{""temperature"":""REVIEW""}","{""temperature"":""NA""}",title_abstract,,
D0098437,"Enjoying the heat: Anxiety, fantasy, and doomsday prepping",complete,REVIEW,topic_unclear,,Anxiety and psychological response to climate catastrophe; specific hazard type not identified.,{},{},title_abstract,,
D0098707,Geophysical variables and behavior: II. Weather factors as predictors of local social indicators of maladaptation in two non-urban areas,complete,REVIEW,topic_unclear,,Weather factors as predictors; specific hazard type not identified.,{},{},title_abstract,,
D0098863,Does life seem better on a sunny day? Examining the association between daily weather conditions and life satisfaction judgments,complete,REVIEW,topic_unclear,,Daily weather conditions and life satisfaction; weather hazard type is not specified.,{},{},title_abstract,,
D0098919,"The Effects of Disaster Exposure and Post-Disaster Critical Incidents on Intrusions, Avoidance Reactions and Health Problems Among Firefighters: A Comparative Study",complete,REVIEW,topic_unclear,,Disaster exposure among firefighters; disaster type not identified.,{},{},title_abstract,,
D0098958,Burning charcoal: An indigenous method of committing suicide in Hong Kong,complete,REVIEW,eligibility_unclear,temperature,temperature: REVIEW - Charcoal-burning suicides linked to ambient temperature but design not explicitly time-series.,"{""temperature"":""REVIEW""}","{""temperature"":""NA""}",title_abstract,,
D0099036,The many faces of trauma,complete,REVIEW,topic_unclear,,"Book review on disaster trauma; potential eligible exposure is unspecified natural disaster, not resolved to a registered hazard.",{},{},title_abstract,,
D0099131,Cognitive processing in post-trauma reactions: Some preliminary findings,complete,REVIEW,eligibility_unclear,wildfire,wildfire: REVIEW - Bushfire exposure among firefighters; mental health outcomes; design unspecified.,"{""wildfire"":""REVIEW""}","{""wildfire"":""NA""}",title_abstract,,
D0099323,Conservation of resources and coping self-efficacy predicting distress following a natural disaster: A causal model analysis where the environment meets the mind,complete,REVIEW,eligibility_unclear,cyclone,cyclone: REVIEW - Longitudinal post-hurricane study with repeated follow-ups but no pre-event baseline; design unclear.,"{""cyclone"":""REVIEW""}","{""cyclone"":""NA""}",title_abstract,,
D0099475,Cosine analysis of admissions of a mental hospital,complete,REVIEW,eligibility_unclear,temperature,"temperature: REVIEW - Daily cosine analyses of admissions and temperature, but unclear if association tested.","{""temperature"":""REVIEW""}","{""temperature"":""NA""}",title_abstract,,
D0099497,Time patterns and seasonal mismatch suicide,complete,REVIEW,eligibility_unclear,temperature,temperature: REVIEW - Ambient temperature changes and suicides in Finland; design unspecified.,"{""temperature"":""REVIEW""}","{""temperature"":""NA""}",title_abstract,,
D0099734,Review ofGetting spiritual and psychological resilience: Integrating care in disaster relief work,complete,REVIEW,topic_unclear,cyclone,Mentions Hurricane Katrina (cyclone) and the South East Asian tsunami; tsunami is not covered by a registered topic.,"{""cyclone"":""EXCLUDE""}","{""cyclone"":""non_original""}",title_abstract,,
D0100224,Longitudinal impact of attachment-related risk and exposure to trauma among young children after Hurricane Katrina,complete,REVIEW,eligibility_unclear,cyclone,"cyclone: REVIEW - Longitudinal post-hurricane study of child trauma symptoms; no pre-event baseline, so design needs review.","{""cyclone"":""REVIEW""}","{""cyclone"":""NA""}",title_abstract,,
D0100303,Dissociative responses in the immediate aftermath of the Oakland/Berkeley firestorm,complete,REVIEW,eligibility_unclear,wildfire,wildfire: REVIEW - Dissociative symptoms not clearly an eligible outcome; design likely single-wave but with exposure contrast.,"{""wildfire"":""REVIEW""}","{""wildfire"":""NA""}",title_abstract,,
D0100560,"The influence of air ions, temperature and humidity on subjective wellbeing and comfort",complete,REVIEW,eligibility_unclear,temperature,temperature: REVIEW - Office temperature study with subjective comfort/symptom outcomes; unclear if mental-health wellbeing measured.,"{""temperature"":""REVIEW""}","{""temperature"":""NA""}",title_abstract,,
D0100826,Effect of family role on response to disaster,complete,REVIEW,eligibility_unclear,flood,"flood: REVIEW - Flood exposure vs unexposed comparison; design not clearly stated, likely cross-sectional.","{""flood"":""REVIEW""}","{""flood"":""NA""}",title_abstract,,
D0101241,„Klima-Gerontologie“. Herausforderung Bevölkerungsalterung und Klimawandel,complete,REVIEW,topic_unclear,,Extreme weather events as climate-related threat to older people; hazard type unspecified.,{},{},title_abstract,,
D0101481,Finding positive meaning in a stressful event and coping,complete,REVIEW,topic_unclear,,Homes damaged by fire and coping outcomes; fire type (wildfire vs structural) unidentified.,{},{},title_abstract,,
D0101573,Autonomic regulation and mental activity in children during school studies under unfavorable climate conditions of the Middle Ob,complete,REVIEW,topic_unclear,,"Unfavorable climate conditions; specific hazard (e.g., cold) not identified.",{},{},title_abstract,,
D0101583,Social support and psychological symptomatology following a natural disaster,complete,REVIEW,eligibility_unclear,flood,flood: REVIEW - Repeated post-flood measurements without pre-event baseline; design unclear for causal contrast.,"{""flood"":""REVIEW""}","{""flood"":""NA""}",title_abstract,,
D0102047,Facilitating effective coping in children following disasters: A psychoanalytically informed guided narrative intervention,complete,REVIEW,topic_unclear,,Post-disaster coping intervention for children; specific disaster type not identified.,{},{},title_abstract,,
D0102149,Seasonality on mood and length of menstrual cycle in tropical young women,complete,REVIEW,eligibility_unclear,temperature,temperature: REVIEW - Seasonal mood variation linked to ambient heat; exposure measure and design under-specified.,"{""temperature"":""REVIEW""}","{""temperature"":""NA""}",title_abstract,,
D0102184,Panel on “Psychic dimensions of the climate crisis”,complete,REVIEW,topic_unclear,,Psychic responses to climate crisis; hazard type not specified.,{},{},title_abstract,,
D0102231,Posttraumatic adjustment of Australian firefighters.,complete,REVIEW,title_only_unclear,,Title suggests human posttraumatic adjustment but lacks exposure/outcome/design clarity.,{},{},title_only,REVIEW,NA
D0102232,Posttraumatic adjustment of Australian firefighters.,complete,REVIEW,title_only_unclear,,Title suggests mental health outcome in firefighters but no eligible hazard specified.,{},{},title_only,REVIEW,NA
D0102344,Fire on the unit.,complete,REVIEW,title_only_unclear,,Title ambiguous; insufficient information for eligibility judgment.,{},{},title_only,REVIEW,NA
D0102345,Fire on the unit.,complete,REVIEW,title_only_unclear,,Title too vague to determine eligibility.,{},{},title_only,REVIEW,NA
D0102346,Fire on the unit.,complete,REVIEW,title_only_unclear,,Title is ambiguous; no clear eligible exposure/outcome or design.,{},{},title_only,REVIEW,NA
D0102390,Coming in from the cold.,complete,REVIEW,title_only_unclear,,Title is too vague to determine eligibility; missing abstract.,{},{},title_only,REVIEW,NA
D0102391,Coming in from the cold.,complete,REVIEW,title_only_unclear,,"Title only, vague phrase; cannot determine eligibility.",{},{},title_only,REVIEW,NA
D0102392,Long-term psychiatric morbidity after a natural disaster. Implications for disaster planners and emergency services.,complete,REVIEW,eligibility_unclear,wildfire,"wildfire: REVIEW - Bushfire-exposed firefighters studied longitudinally for PTSD, but no unexposed comparison or pre-event baseline.","{""wildfire"":""REVIEW""}","{""wildfire"":""NA""}",title_abstract,,
D0102393,The long-term psychological consequences of disaster.,complete,REVIEW,title_only_unclear,,Generic disaster exposure with psychological outcome; no abstract to assess hazard eligibility or design.,{},{},title_only,REVIEW,NA
D0102464,Psychotic reactions to a natural disaster: Hurricane Alicia.,complete,REVIEW,title_only_unclear,,"Title suggests a human study of psychotic reactions after a hurricane, but design is unstated.",{},{},title_only,REVIEW,NA
D0102473,The moments of truth amid havoc.,complete,REVIEW,title_only_unclear,,"Title is vague; no clear hazard, outcome, or design information.",{},{},title_only,REVIEW,NA
D0102474,The moments of truth amid havoc.,complete,REVIEW,title_only_unclear,,"Title is vague; no clear hazard, outcome, or design information.",{},{},title_only,REVIEW,NA
D0102494,[Natural disaster and mental disorders--psychiatric study on Nagasaki floods (1982)].,complete,REVIEW,title_only_unclear,,Title suggests flood and mental disorders but design unknown; potentially relevant.,{},{},title_only,REVIEW,NA
D0102495,Natural disaster and mental disorders--psychiatric study on Nagasaki floods (1982),complete,REVIEW,title_only_unclear,,Potentially relevant flood-mental health study; missing abstract prevents eligibility determination.,{},{},title_only,REVIEW,NA
D0102496,Natural disaster and mental disorders--psychiatric study on Nagasaki floods (1982),complete,REVIEW,title_only_unclear,,"Title suggests flood exposure and mental disorders, but design unknown; no abstract.",{},{},title_only,REVIEW,NA
D0102535,"Psychosocial aspects of disaster. Some Australian studies, and the Ash Wednesday bushfires.",complete,REVIEW,title_only_unclear,,"Title suggests bushfire disaster and psychosocial aspects, but abstract missing and design unclear.",{},{},title_only,REVIEW,NA
D0102536,A home burns: stress in a family.,complete,REVIEW,title_only_unclear,,Title ambiguous; fire type and outcome measurement unclear.,{},{},title_only,REVIEW,NA
D0102563,After the fire-ball,complete,REVIEW,title_only_unclear,,Title is ambiguous; no clear exclusion or eligibility signal from title alone.,{},{},title_only,REVIEW,NA
D0102652,[The effects of heat and air-conditioning on the patient].,complete,REVIEW,title_only_unclear,,"Title mentions heat and air-conditioning effects on patients, but outcome and design unclear.",{},{},title_only,REVIEW,NA
D0102653,The effects of heat and air-conditioning on the patient,complete,REVIEW,title_only_unclear,,Title suggests heat exposure but no abstract; unclear outcome and design.,{},{},title_only,REVIEW,NA
D0102654,The effects of heat and air-conditioning on the patient,complete,REVIEW,title_only_unclear,,Title suggests heat exposure and patient outcomes but no abstract; eligible hazard unclear and outcome unspecified.,{},{},title_only,REVIEW,NA
D0102759,'East' is a cold word.,complete,REVIEW,title_only_unclear,,Title gives no clear indication of eligible hazard or mental-health outcome; insufficient information.,{},{},title_only,REVIEW,NA
D0102761,'East' is a cold word.,complete,REVIEW,title_only_unclear,,"Title is ambiguous and not clearly related to eligible exposure, outcome, or design; no abstract available.",{},{},title_only,REVIEW,NA
D0102776,Coping with fire and arson.,complete,REVIEW,title_only_unclear,,"Title ambiguous; may concern psychological coping after fire/arson, but no abstract to confirm hazard/outcome/design.",{},{},title_only,REVIEW,NA
D0102801,Emotional and physical distress following Hurricane Agnes in Wyoming Valley of Pennsylvania.,complete,REVIEW,title_only_unclear,,Title suggests hurricane exposure and emotional distress; insufficient info to exclude.,{},{},title_only,REVIEW,NA
D0102802,Emotional and physical distress following Hurricane Agnes in Wyoming Valley of Pennsylvania.,complete,REVIEW,title_only_unclear,,"Title suggests cyclone exposure and distress outcomes, but no abstract; needs review.",{},{},title_only,REVIEW,NA
D0102816,"Flooding, flashing & flushing: emotional repercussions.",complete,REVIEW,title_only_unclear,,"Title mentions flooding and emotional repercussions, potentially relevant but no abstract for full assessment.",{},{},title_only,REVIEW,NA
D0102817,"Flooding, flashing & flushing: emotional repercussions.",complete,REVIEW,title_only_unclear,,"Title suggests flood exposure and emotional repercussions, but no abstract or design details are available.",{},{},title_only,REVIEW,NA
D0102818,"Flooding, flashing & flushing: emotional repercussions.",complete,REVIEW,title_only_unclear,,"Title suggests flood exposure and emotional outcomes, but lacks detail for eligibility.",{},{},title_only,REVIEW,NA
D0102855,The psychological effects of weather.,complete,REVIEW,title_only_unclear,,"Title suggests psychological effects of weather, but hazard and design unclear.",{},{},title_only,REVIEW,NA
D0102856,The psychological effects of weather.,complete,REVIEW,title_only_unclear,,"Title suggests weather and psychological effects, but lacks detail for eligibility.",{},{},title_only,REVIEW,NA
D0102884,Feeling guilty for being alive.,complete,REVIEW,title_only_unclear,,Title is ambiguous; no abstract available.,{},{},title_only,REVIEW,NA
D0102885,Feeling guilty for being alive.,complete,REVIEW,title_only_unclear,,Title suggests psychological distress but no hazard or design info,{},{},title_only,REVIEW,NA
D0102971,Has psychiatry come in from the cold?,complete,REVIEW,title_only_unclear,,Title is ambiguous; possible commentary but not clearly ineligible.,{},{},title_only,REVIEW,NA
D0102972,Has psychiatry come in from the cold?,complete,REVIEW,title_only_unclear,,Title suggests possible link between cold and psychiatry but ambiguous; no abstract.,{},{},title_only,REVIEW,NA
D0102973,Has psychiatry come in from the cold?,complete,REVIEW,title_only_unclear,,Title ambiguous; no abstract to assess eligibility.,{},{},title_only,REVIEW,NA
D0103028,The Darwin cyclone disaster. Experience of the Queensland medical relief team.,complete,REVIEW,title_only_unclear,,"Title suggests cyclone disaster experience, but no outcome or design details.",{},{},title_only,REVIEW,NA
D0103062,Chemical and physical enviromental hazards for children.,complete,REVIEW,title_only_unclear,,Title lacks specific eligible hazard or mental-health outcome; insufficient info.,{},{},title_only,REVIEW,NA
D0103112,"Depression--the mental ""cold"".",complete,REVIEW,title_only_unclear,,"Title 'Depression--the mental ""cold""' is ambiguous; no abstract; unclear topic and design.",{},{},title_only,REVIEW,NA
D0103124,The Hello House fire: response of alcoholics to crisis.,complete,REVIEW,title_only_unclear,,Title mentions a fire but not clearly an eligible wildfire hazard; outcome unclear.,{},{},title_only,REVIEW,NA
D0103127,Psychiatric admissions and climatic factors in the coastal regions of Israel.,complete,REVIEW,title_only_unclear,,"Title suggests psychiatric admissions related to climatic factors, but hazard and design are unspecified.",{},{},title_only,REVIEW,NA
D0103145,Winter ailments in general practice.,complete,REVIEW,title_only_unclear,,Title suggests winter health issues but unclear exposure and outcome; needs abstract for eligibility.,{},{},title_only,REVIEW,NA
D0103165,[Study of a group of 87 patients with depressive states triggered by the floods of May 1970].,complete,REVIEW,title_only_unclear,,Title-only; potential flood-depression study but design and original empirical status unclear,{},{},title_only,REVIEW,NA
D0103166,Study of a group of 87 patients with depressive states triggered by the floods of May 1970,complete,REVIEW,title_only_unclear,,Floods and depression potentially eligible; design unclear from title alone.,{},{},title_only,REVIEW,NA
D0103171,Fitness for the tropics.,complete,REVIEW,title_only_unclear,,Title is vague; no clear evidence of eligible hazard or mental-health outcome.,{},{},title_only,REVIEW,NA
D0103172,Fitness for the tropics.,complete,REVIEW,title_only_unclear,,Title is ambiguous; no abstract available.,{},{},title_only,REVIEW,NA
D0103309,Suicide by freezing,complete,REVIEW,title_only_unclear,,Title suggests suicide by freezing; insufficient info to assess exposure and design.,{},{},title_only,REVIEW,NA
D0103336,[CLINICAL AND EXPERIMENTAL STUDIES ON SOME ASPECTS OF THE INTERRELATION BETWEEN PSYCHE AND SOMA].,complete,REVIEW,title_only_unclear,,Title lacks hazard and outcome information; cannot assess eligibility.,{},{},title_only,REVIEW,NA
D0103357,Fire and its aftermath on a geriatric ward.,complete,REVIEW,title_only_unclear,,"Title suggests a fire event and its aftermath, but relevance to eligible hazards or mental health outcome is unclear without an abstract.",{},{},title_only,REVIEW,NA
D0103358,Mental health in the North.,complete,REVIEW,title_only_unclear,,Title too vague; no abstract available to assess eligibility.,{},{},title_only,REVIEW,NA
D0103359,Mental health in the North.,complete,REVIEW,title_only_unclear,,"Title lacks details on exposure, outcome measurement, and design",{},{},title_only,REVIEW,NA
D0103360,Mental health in the North.,complete,REVIEW,title_only_unclear,,Title insufficient; no abstract available to assess eligibility.,{},{},title_only,REVIEW,NA
D0103377,Health and efficiency in men of the Royal Navy under thermal stress.,complete,REVIEW,title_only_unclear,,Title suggests thermal stress exposure but mental-health outcome unclear; no abstract.,{},{},title_only,REVIEW,NA
D0103429,Post-traumatic stress disorder in disaster survivors.,complete,REVIEW,topic_unclear,,PTSD among disaster survivors; specific disaster type is not identified.,{},{},title_abstract,,
D0103430,Post-traumatic stress disorder.,complete,REVIEW,title_only_unclear,,Title alone insufficient; may be non-original but unclear.,{},{},title_only,REVIEW,NA
D0103689,[A cold and sad season].,complete,REVIEW,title_only_unclear,,"Title only, vague, no clear exposure/outcome/design information.",{},{},title_only,REVIEW,NA
D0103690,A cold and sad season,complete,REVIEW,title_only_unclear,,Title is ambiguous; could relate to cold exposure and mood but lacks specifics.,{},{},title_only,REVIEW,NA
D0103700,No way out. A small town copes with its first major disaster.,complete,REVIEW,title_only_unclear,,"Title suggests a community response to disaster but lacks details on hazard, outcome, design, or empirical evidence.",{},{},title_only,REVIEW,NA
D0103701,No way out. A small town copes with its first major disaster.,complete,REVIEW,title_only_unclear,,Title suggests disaster and coping but lacks abstract and specific hazard/outcome/design details.,{},{},title_only,REVIEW,NA
D0103771,After the flood: the dripping faucet syndrome.,complete,REVIEW,title_only_unclear,,Title mentions flood but no clear mental-health outcome or design; ambiguity warrants review.,{},{},title_only,REVIEW,NA
D0103772,After the flood: the dripping faucet syndrome.,complete,REVIEW,title_only_unclear,,Title mentions flood but mental health outcome unclear; insufficient info.,{},{},title_only,REVIEW,NA
D0103773,After the flood: the dripping faucet syndrome.,complete,REVIEW,title_only_unclear,,Title suggests flood-related psychological impact but insufficient information for eligibility judgment.,{},{},title_only,REVIEW,NA
D0103785,Hurricane Andrew. Responding to posttraumatic stress syndrome.,complete,REVIEW,title_only_unclear,,"Hurricane and PTSD exposure-outcome possible; no abstract, title alone insufficient.",{},{},title_only,REVIEW,NA
D0103786,Hurricane Andrew. Responding to posttraumatic stress syndrome.,complete,REVIEW,title_only_unclear,,Title suggests hurricane exposure and PTSD outcome but insufficient information for eligibility.,{},{},title_only,REVIEW,NA
D0103787,Hurricane Andrew. Responding to posttraumatic stress syndrome.,complete,REVIEW,title_only_unclear,,Title mentions hurricane and PTSD but no abstract; unclear if original empirical or guidance.,{},{},title_only,REVIEW,NA
D0103858,Countdown to community care. Cold turkey.,complete,REVIEW,title_only_unclear,,Title ambiguous; no clear hazard or mental-health outcome signal.,{},{},title_only,REVIEW,NA
D0103905,The January bushfires: gone but not forgotten.,complete,REVIEW,title_only_unclear,,Title suggests bushfire exposure; outcome and design unclear without abstract.,{},{},title_only,REVIEW,NA
D0103906,The January bushfires: gone but not forgotten.,complete,REVIEW,title_only_unclear,,Title mentions bushfires but no outcome or design; insufficient for exclusion.,{},{},title_only,REVIEW,NA
D0103907,The January bushfires: gone but not forgotten.,complete,REVIEW,title_only_unclear,,Bushfire-related title but no abstract; possible mental health relevance unclear.,{},{},title_only,REVIEW,NA
D0103921,The family. Out in the cold.,complete,REVIEW,title_only_unclear,,"Title provides no clear indication of exposure, outcome, or empirical human study; insufficient information.",{},{},title_only,REVIEW,NA
D0103922,The family. Out in the cold.,complete,REVIEW,title_only_unclear,,"Title ambiguous, no abstract.",{},{},title_only,REVIEW,NA
D0103923,The family. Out in the cold.,complete,REVIEW,title_only_unclear,,Title is insufficient; cannot determine eligibility.,{},{},title_only,REVIEW,NA
D0103951,The cold war experiments.,complete,REVIEW,title_only_unclear,,Title ambiguous; no clear reference to eligible climate hazard or mental health outcome,{},{},title_only,REVIEW,NA
D0104159,[Hurricane shelter--a safe retreat].,complete,REVIEW,title_only_unclear,,Title suggests hurricane shelter safety but no clear mental health outcome or study design.,{},{},title_only,REVIEW,NA
D0104160,Hurricane shelter--a safe retreat,complete,REVIEW,title_only_unclear,,Title mentions hurricane shelter but no mental health outcome or design is clear; insufficient info,{},{},title_only,REVIEW,NA
D0104161,Hurricane shelter--a safe retreat,complete,REVIEW,title_only_unclear,,Title mentions hurricane shelter but no clear evidence of exclusion; insufficient info.,{},{},title_only,REVIEW,NA
D0104189,Studying the rescuers.,complete,REVIEW,title_only_unclear,,Title alone is insufficient to determine eligibility; may concern human rescuers.,{},{},title_only,REVIEW,NA
D0104190,Studying the rescuers.,complete,REVIEW,title_only_unclear,,Title alone is insufficient to determine eligibility; unclear exposure and outcome.,{},{},title_only,REVIEW,NA
D0104198,Report from California Task Force #2.,complete,REVIEW,title_only_unclear,,Title is a generic report title with insufficient information to determine eligibility.,{},{},title_only,REVIEW,NA
D0104200,Documenting disaster response.,complete,REVIEW,title_only_unclear,,"Title 'Documenting disaster response' is too vague to assess hazard, outcome, or design.",{},{},title_only,REVIEW,NA
D0104201,Documenting disaster response.,complete,REVIEW,title_only_unclear,,"Title is too vague; no clear human empirical study, hazard, or outcome identifiable.",{},{},title_only,REVIEW,NA
D0104214,Turn down the heat.,complete,REVIEW,title_only_unclear,,Title alone insufficient; no clear exclusion or inclusion.,{},{},title_only,REVIEW,NA
D0104215,Turn down the heat.,complete,REVIEW,title_only_unclear,,Title is too vague to determine eligibility; no abstract supplied.,{},{},title_only,REVIEW,NA
D0104216,Turn down the heat.,complete,REVIEW,title_only_unclear,,Title is too vague to determine eligibility; no abstract provided.,{},{},title_only,REVIEW,NA
D0104242,"Hospital evacuated, mental-health issues dominated as Manitoba coped with flood of century.",complete,REVIEW,title_only_unclear,,Title suggests flood exposure and mental-health concerns but is ambiguous about original empirical evidence.,{},{},title_only,REVIEW,NA
D0104496,Cod and cold turkey.,complete,REVIEW,title_only_unclear,,"Title is ambiguous; no clear exposure, outcome, or design.",{},{},title_only,REVIEW,NA
D0104517,Surviving Hurricane Georges: a cautionary tale.,complete,REVIEW,title_only_unclear,,Title suggests hurricane survivor experience but provides insufficient detail for eligibility.,{},{},title_only,REVIEW,NA
D0104670,Emotional trauma associated with renal disease and natural disasters.,complete,REVIEW,topic_unclear,,Emotional trauma with renal disease and natural disasters; disaster type is not specified.,{},{},title_abstract,,
D0104671,Emotional trauma associated with renal disease and natural disasters.,complete,REVIEW,topic_unclear,,Emotional trauma associated with renal disease and natural disasters; disaster type is not specified.,{},{},title_abstract,,
D0104695,Compensatory mechanisms of incomplete adaptation.,complete,REVIEW,eligibility_unclear,temperature,temperature: REVIEW - Describes incomplete adaptation with lab cold exposure and northern workers; unclear if original or design.,"{""temperature"":""REVIEW""}","{""temperature"":""NA""}",title_abstract,,
D0104716,Assessment of cold exposure.,complete,REVIEW,title_only_unclear,,Title is too generic to determine eligibility; no abstract available.,{},{},title_only,REVIEW,NA
D0104717,Assessment of cold exposure.,complete,REVIEW,title_only_unclear,,Title suggests cold exposure but no outcome or design info; insufficient to exclude.,{},{},title_only,REVIEW,NA
D0104723,Cold sweat and flashback.,complete,REVIEW,title_only_unclear,,"Title-only with no hazard, outcome, or design information; ambiguous.",{},{},title_only,REVIEW,NA
D0104724,Cold sweat and flashback.,complete,REVIEW,title_only_unclear,,Title provides insufficient information to assess eligibility for hazard/outcome/design.,{},{},title_only,REVIEW,NA
D0104781,More on IDET.,complete,REVIEW,title_only_unclear,,Title is too vague to determine eligibility; no abstract available.,{},{},title_only,REVIEW,NA
D0104962,Out in the cold.,complete,REVIEW,title_only_unclear,,"Title ambiguous; no abstract to assess exposure, outcome, or design.",{},{},title_only,REVIEW,NA
D0104980,Stress and resilience in South African firefighters.,complete,REVIEW,title_only_unclear,,No abstract. Title suggests stress/resilience in firefighters but no hazard exposure or design specified.,{},{},title_only,REVIEW,NA
D0105024,"Winter blues. ""What can make me feel warm inside when the weather is cold outside""?",complete,REVIEW,title_only_unclear,,Title suggests a possible link between cold weather and mood but insufficient detail to judge eligibility.,{},{},title_only,REVIEW,NA
D0105025,"Winter blues. ""What can make me feel warm inside when the weather is cold outside""?",complete,REVIEW,title_only_unclear,,Title alone insufficient; potential mention of winter blues but no clear eligibility criteria.,{},{},title_only,REVIEW,NA
D0105026,"Winter blues. ""What can make me feel warm inside when the weather is cold outside""?",complete,REVIEW,title_only_unclear,,"Title suggests possible cold weather and winter blues, but no abstract or clear design.",{},{},title_only,REVIEW,NA
D0105068,Florida case managers deal with the effects of back-to-back hurricanes.,complete,REVIEW,title_only_unclear,,Title suggests hurricane exposure and case manager impact but no clear outcome/design.,{},{},title_only,REVIEW,NA
D0105098,The tendency of physiological and psychological change of the armored vehicle drivers working continuously in hot environment,complete,REVIEW,eligibility_unclear,temperature,"temperature: REVIEW - Hot environment exposure may be artificial; psychological outcomes measured, but design/setting unclear.","{""temperature"":""REVIEW""}","{""temperature"":""NA""}",title_abstract,,
D0105214,Hurricane Katrina: nursing in the eye of the storm.,complete,REVIEW,title_only_unclear,,Title suggests hurricane exposure and nursing role but outcome and design unclear; no abstract.,{},{},title_only,REVIEW,NA
D0105255,Tracking down a killer.,complete,REVIEW,title_only_unclear,,"Title-only, no abstract; cannot determine relevance.",{},{},title_only,REVIEW,NA
D0105464,A cold black humour.,complete,REVIEW,title_only_unclear,,Title is vague and provides no clear eligibility information.,{},{},title_only,REVIEW,NA
D0105527,Special six-county coast project implemented after Hurricane Katrina.,complete,REVIEW,title_only_unclear,,Title mentions Hurricane Katrina but unclear if it measures eligible mental-health outcome or has eligible design.,{},{},title_only,REVIEW,NA
D0105528,Special six-county coast project implemented after Hurricane Katrina.,complete,REVIEW,title_only_unclear,,Title suggests a post-hurricane project but does not state a mental-health outcome; unclear eligibility.,{},{},title_only,REVIEW,NA
D0105529,Special six-county coast project implemented after Hurricane Katrina.,complete,REVIEW,title_only_unclear,,Title suggests a project after Hurricane Katrina with no clear outcome or design; insufficient information.,{},{},title_only,REVIEW,NA
D0105624,NTDB® data points. What a disaster.,complete,REVIEW,title_only_unclear,,Title is ambiguous with no abstract; insufficient information for eligibility decision.,{},{},title_only,REVIEW,NA
D0105742,The impact of natural disasters on the elderly.,complete,REVIEW,topic_unclear,,Review of natural disasters and elderly mental health; specific disaster type is not identified.,{},{},title_abstract,,
D0105764,The struggle for mental healthcare in new orleans-one case at a time.,complete,REVIEW,topic_unclear,,Mental healthcare after a large-scale disaster; disaster type is not identified.,{},{},title_abstract,,
D0105765,The struggle for mental healthcare in New Orleans—One case at a time,complete,REVIEW,topic_unclear,,Large-scale disaster exposure is supported but unspecified; candidate topics cannot resolve hazard type.,{},{},title_abstract,,
D0105817,Medical intervention for displaced Hurricane Katrina victims airlifted to Rhode Island.,complete,REVIEW,title_only_unclear,,Title suggests cyclone exposure but no clear mental-health outcome; need abstract.,{},{},title_only,REVIEW,NA
D0105924,Global climate change and health: developing a research agenda for the NIH.,complete,REVIEW,topic_unclear,,General climate change health agenda; no specific registered hazard topic is identified.,{},{},title_abstract,,
D0105928,Climate change and human health.,complete,REVIEW,topic_unclear,temperature,Climate change review cites extreme weather events and mental health stress; hazard types beyond heat are unspecified.,"{""temperature"":""EXCLUDE""}","{""temperature"":""non_original""}",title_abstract,,
D0105931,Good long-term effects of rehabilitation in warm climate,complete,REVIEW,title_only_unclear,,"Title mentions rehabilitation in warm climate, unclear if eligible hazard or outcome.",{},{},title_only,REVIEW,NA
D0105993,Bushfires take toll on nurses.,complete,REVIEW,title_only_unclear,,"Title suggests bushfire impact on nurses, but no abstract; outcome and design unclear.",{},{},title_only,REVIEW,NA
D0106074,Katrina housing instability still affecting children's mental health.,complete,REVIEW,title_only_unclear,,Title suggests long-term mental health impact of Hurricane Katrina on children; no abstract to assess design/evidence.,{},{},title_only,REVIEW,NA
D0106149,To the rescue.,complete,REVIEW,title_only_unclear,,Title is ambiguous; no abstract available.,{},{},title_only,REVIEW,NA
D0106150,To the rescue.,complete,REVIEW,title_only_unclear,,"Title alone is vague; no eligible hazard, outcome, or design discernible.",{},{},title_only,REVIEW,NA
D0106223,The missing piece meets the big O: disaster mental health recovery and community resilience.,complete,REVIEW,title_only_unclear,,No abstract; title suggests disaster mental health topic but design and eligibility unclear.,{},{},title_only,REVIEW,NA
D0106224,The missing piece meets the Big O: Disaster mental health recovery and community resilience,complete,REVIEW,title_only_unclear,,"Title suggests disaster mental health recovery and community resilience, but relevance and design are unclear.",{},{},title_only,REVIEW,NA
D0106225,The missing piece meets the big O: disaster mental health recovery and community resilience.,complete,REVIEW,title_only_unclear,,"Title suggests disaster mental health recovery and resilience, but lacks specific hazard and design details.",{},{},title_only,REVIEW,NA
D0106226,The missing piece meets the Big O: Disaster mental health recovery and community resilience,complete,REVIEW,title_only_unclear,,Title suggests disaster mental health recovery; insufficient information to judge eligibility.,{},{},title_only,REVIEW,NA
D0106262,Bubbling to the surface--mental health and disaster recovery.,complete,REVIEW,title_only_unclear,,Title mentions mental health and disaster recovery but lacks detail; no abstract to assess.,{},{},title_only,REVIEW,NA
D0106319,Picking up the pieces.,complete,REVIEW,title_only_unclear,,Title is vague; no clear evidence for any gate decision.,{},{},title_only,REVIEW,NA
D0106340,Traumatised communities ... traumatised nurses?,complete,REVIEW,title_only_unclear,,"Title suggests mental health impact but hazard, outcome, and design are unclear.",{},{},title_only,REVIEW,NA
D0106341,Traumatised communities ... traumatised nurses?,complete,REVIEW,title_only_unclear,,Title ambiguous; potentially relevant mental health topic but no abstract.,{},{},title_only,REVIEW,NA
D0106387,[Influence of biometeorological phases on incidence of suicides].,complete,REVIEW,eligibility_unclear,temperature,"temperature: REVIEW - Exposure is biometeorological phases, not clearly temperature; design unclear","{""temperature"":""REVIEW""}","{""temperature"":""NA""}",title_abstract,,
D0106388,Influence of biometeorological phases on incidence of suicides,complete,REVIEW,eligibility_unclear,temperature,temperature: REVIEW - Biometeorological phases include temperature but composite exposure; design not fully described.,"{""temperature"":""REVIEW""}","{""temperature"":""NA""}",title_abstract,,
D0106396,Trauma postvention response in Manitoba: coping with trauma and disasters.,complete,REVIEW,topic_unclear,,Disaster-related trauma postvention; specific disaster type not identified.,{},{},title_abstract,,
D0106397,Trauma postvention response in manitoba: Coping with trauma and disasters,complete,REVIEW,topic_unclear,,Postvention for trauma and disaster; disaster type is not identified.,{},{},title_abstract,,
D0106398,Trauma postvention response in Manitoba: coping with trauma and disasters.,complete,REVIEW,topic_unclear,,Postvention for communities affected by unspecified trauma/disaster; disaster type not identified.,{},{},title_abstract,,
D0106399,Trauma postvention response in Manitoba: Coping with trauma and disasters,complete,REVIEW,topic_unclear,,Trauma postvention response to unspecified disasters; disaster type is not identified.,{},{},title_abstract,,
D0106421,"Suicide mortality rates in Louisiana, 1999-2010.",complete,REVIEW,eligibility_unclear,cyclone,cyclone: REVIEW - Descriptive suicide study with pre/post Katrina comparison; design may estimate hazard effect but not clearly described.,"{""cyclone"":""REVIEW""}","{""cyclone"":""NA""}",title_abstract,,
D0106422,"Suicide mortality rates in Louisiana, 1999-2010.",complete,REVIEW,eligibility_unclear,cyclone,cyclone: REVIEW - Descriptive suicide mortality study with pre-post Katrina comparison; design unclear.,"{""cyclone"":""REVIEW""}","{""cyclone"":""NA""}",title_abstract,,
D0106423,"Suicide mortality rates in Louisiana, 1999-2010.",complete,REVIEW,eligibility_unclear,cyclone,cyclone: REVIEW - Descriptive suicide mortality study with pre/post Katrina comparison; design ambiguous.,"{""cyclone"":""REVIEW""}","{""cyclone"":""NA""}",title_abstract,,
D0106438,Rain in the air.,complete,REVIEW,title_only_unclear,,Title is vague; no clear eligible hazard or mental-health outcome is evident.,{},{},title_only,REVIEW,NA
D0106439,Rain in the air.,complete,REVIEW,title_only_unclear,,Title ambiguous; no clear hazard or mental-health outcome identifiable from title alone.,{},{},title_only,REVIEW,NA
D0106478,[Outpatient evaluation of the immediate and delayed effects of the abnormally hot summer of 2010 on the course of cardiovascular disease].,complete,REVIEW,eligibility_unclear,temperature,"temperature: REVIEW - Heatwave effects on CVD; HADS and quality of life measured, but mental-health outcomes secondary and design uncertain.","{""temperature"":""REVIEW""}","{""temperature"":""NA""}",title_abstract,,
D0106479,Outpatient evaluation of the immediate and delayed effects of the abnormally hot summer of 2010 on the course of cardiovascular disease,complete,REVIEW,eligibility_unclear,temperature,temperature: REVIEW - Retrospective heat wave study; HADS anxiety/depression outcome but design ambiguous.,"{""temperature"":""REVIEW""}","{""temperature"":""NA""}",title_abstract,,
D0106480,Outpatient evaluation of the immediate and delayed effects of the abnormally hot summer of 2010 on the course of cardiovascular disease,complete,REVIEW,eligibility_unclear,temperature,"temperature: REVIEW - Retrospective design with heat exposure and anxiety/depression outcomes; design unclear, no pre-event baseline.","{""temperature"":""REVIEW""}","{""temperature"":""NA""}",title_abstract,,
D0106597,Mental health in the wake of flooding in pakistan: an ongoing humanitarian crisis.,complete,REVIEW,title_only_unclear,,"Title suggests flood exposure and mental health outcome, but no abstract; unclear if original human empirical study.",{},{},title_only,REVIEW,NA
D0106598,Mental health in the wake of flooding in Pakistan: An ongoing humanitarian crisis,complete,REVIEW,title_only_unclear,,Title suggests flood exposure and mental health outcome but design/originality unclear.,{},{},title_only,REVIEW,NA
D0106599,Mental health in the wake of flooding in Pakistan: An ongoing humanitarian crisis,complete,REVIEW,title_only_unclear,,Title suggests flooding and mental health but design and empirical evidence are unclear.,{},{},title_only,REVIEW,NA
D0106644,Protecting residents' health during Sandy recovery.,complete,REVIEW,title_only_unclear,,"Title mentions health during Sandy recovery but lacks details on exposure, outcome, and design.",{},{},title_only,REVIEW,NA
D0106645,Protecting residents' health during Sandy recovery.,complete,REVIEW,title_only_unclear,,Title suggests Hurricane Sandy recovery but no abstract; insufficient to assess eligibility.,{},{},title_only,REVIEW,NA
D0106674,The Katrina cocktail.,complete,REVIEW,title_only_unclear,,Title-only record; insufficient information to determine eligibility.,{},{},title_only,REVIEW,NA
D0106675,The Katrina cocktail.,complete,REVIEW,title_only_unclear,,"Title mentions Katrina, potentially cyclone, but no outcome/design info.",{},{},title_only,REVIEW,NA
D0106696,"[Colombia: out of the eye of the hurricane, but still close]",complete,REVIEW,title_only_unclear,,Title mentions hurricane context but no mental-health outcome or design info.,{},{},title_only,REVIEW,NA
D0106761,"Rain, rain, go away.",complete,REVIEW,title_only_unclear,,Title does not provide enough information to assess eligibility.,{},{},title_only,REVIEW,NA
D0106762,"Rain, rain, go away",complete,REVIEW,title_only_unclear,,Title insufficient for eligibility; no clear hazard or mental health outcome.,{},{},title_only,REVIEW,NA
D0106763,"Rain, rain, go away",complete,REVIEW,title_only_unclear,,Title ambiguous; no abstract to assess eligibility.,{},{},title_only,REVIEW,NA
D0106846,[Heat and criticism of mothers and behavioral problems in children with ADHD].,complete,REVIEW,title_only_unclear,,"Title suggests heat exposure and child behavioral problems, but relevance and design unclear without abstract.",{},{},title_only,REVIEW,NA
D0106885,[The horrors of winter].,complete,REVIEW,title_only_unclear,,"Title is vague; no clear indication of eligible hazard, outcome, or empirical design.",{},{},title_only,REVIEW,NA
D0106910,Regeneration.,complete,REVIEW,title_only_unclear,,Title alone is too vague to determine eligibility; no abstract provided.,{},{},title_only,REVIEW,NA
D0106977,THE weight OF dust.,complete,REVIEW,title_only_unclear,,"Title ambiguous, no abstract; potential relevance unclear.",{},{},title_only,REVIEW,NA
D0107025,Climate adversity and resilience: the voice of rural Australia,complete,REVIEW,eligibility_unclear,drought|flood,drought: REVIEW - Abstract mentions drought and flood effects on wellbeing but design/methods are unstated. | flood: REVIEW - Abstract describes exploring drought/flood effects on rural wellbeing but lacks design details.,"{""drought"":""REVIEW"",""flood"":""REVIEW""}","{""drought"":""NA"",""flood"":""NA""}",title_abstract,,
D0107127,Natural Disasters: Looking at the Consequences.,complete,REVIEW,title_only_unclear,,Title is too generic; unclear if concerns eligible hazard and measured mental-health outcome.,{},{},title_only,REVIEW,NA
D0107128,Natural disasters: Looking at the consequences,complete,REVIEW,title_only_unclear,,Generic natural disaster consequences title; mental health exposure/outcome unclear.,{},{},title_only,REVIEW,NA
D0107129,Natural Disasters: Looking at the Consequences,complete,REVIEW,title_only_unclear,,"Title is generic and does not specify hazard, outcome, or design.",{},{},title_only,REVIEW,NA
D0107250,[Not Available].,complete,REVIEW,title_only_unclear,,No title or abstract content available for screening.,{},{},title_only,REVIEW,NA
D0107305,Is there such a thing as post-flood syndrome?,complete,REVIEW,title_only_unclear,,"Title ambiguous; no abstract; potential flood-related mental health topic, but unclear if empirical.",{},{},title_only,REVIEW,NA
D0107306,Is there such a thing as post-flood syndrome?,complete,REVIEW,title_only_unclear,,Title-only record; title suggests possible flood-related health outcome but lacks sufficient detail.,{},{},title_only,REVIEW,NA
D0107377,Disaster Medicine: Public Health Threats Associated With Disasters,complete,REVIEW,topic_unclear,,Disaster medicine overview; no specific hazard type identified despite disaster exposure examples.,{},{},title_abstract,,
D0107391,Post-Traumatic Stress Disorder Symptoms and Their Predictors in Earthquake or Fire Survivors,complete,REVIEW,title_only_unclear,,"Title mentions earthquake/fire, not clearly eligible climate hazard; design unclear.",{},{},title_only,REVIEW,NA
D0107598,The Health Effects of Climate Change on Children: Pediatricians Must Be Part of the Solution.,complete,REVIEW,topic_unclear,temperature,Heat-related illnesses and unspecified weather disasters linked to child PTSD; disaster type unidentified.,"{""temperature"":""EXCLUDE""}","{""temperature"":""non_original""}",title_abstract,,
D0107946,"Public health consequences of a flood disaster - Iowa, 1993",complete,REVIEW,title_only_unclear,,Title mentions flood disaster and public health consequences; insufficient information to judge eligibility.,{},{},title_only,REVIEW,NA
D0108128,Minerva,complete,REVIEW,title_only_unclear,,"Title 'Minerva' provides no information about exposure, outcome, or design.",{},{},title_only,REVIEW,NA
D0108129,Minerva,complete,REVIEW,title_only_unclear,,Title alone provides insufficient information to determine eligibility.,{},{},title_only,REVIEW,NA
D0108130,Minerva,complete,REVIEW,title_only_unclear,,Title provides no relevant information; abstract missing.,{},{},title_only,REVIEW,NA
D0108131,Minerva,complete,REVIEW,title_only_unclear,,Title alone insufficient to determine eligibility.,{},{},title_only,REVIEW,NA
D0108132,Minerva,complete,REVIEW,title_only_unclear,,Title merely 'Minerva'; no evidence for or against eligibility.,{},{},title_only,REVIEW,NA
D0108133,Minerva,complete,REVIEW,title_only_unclear,,Title alone is uninformative and does not clearly indicate eligibility or exclusion.,{},{},title_only,REVIEW,NA
D0108134,Minerva,complete,REVIEW,title_only_unclear,,No abstract; title alone insufficient.,{},{},title_only,REVIEW,NA
D0108135,Minerva,complete,REVIEW,title_only_unclear,,"Title alone provides no information on exposure, outcome, or design; potentially relevant but ambiguous.",{},{},title_only,REVIEW,NA
D0108163,Coping as a predictor of outcomes following the 1993 midwest flood,complete,REVIEW,eligibility_unclear,flood,"flood: REVIEW - Longitudinal post-flood survey on coping predictors; flood exposure only a covariate, no pre-event baseline.","{""flood"":""REVIEW""}","{""flood"":""NA""}",title_abstract,,
D0108213,Rehabilitation of victims of natoral disasters,complete,REVIEW,topic_unclear,cyclone|flood|wildfire,Study of natural disaster victims; broad 'natural disasters' leaves unresolved hazard types beyond hurricane/flood/fire.,"{""cyclone"":""EXCLUDE"",""flood"":""EXCLUDE"",""wildfire"":""EXCLUDE""}","{""cyclone"":""non_original"",""flood"":""non_original"",""wildfire"":""non_original""}",title_abstract,,
D0108430,An attempt to prevent the sequelae of the posttraumatic stress disorder. Experience from the 1997 flood in Moravia,complete,REVIEW,title_only_unclear,,"Title suggests flood-related PTSD prevention but abstract missing, design unclear.",{},{},title_only,REVIEW,NA
D0108850,Weather and health,complete,REVIEW,title_only_unclear,,Title too generic to determine eligibility; requires abstract or full text.,{},{},title_only,REVIEW,NA
D0108851,Weather and health,complete,REVIEW,title_only_unclear,,Title is too generic to determine eligibility; no abstract available.,{},{},title_only,REVIEW,NA
D0108941,More on IDET [1],complete,REVIEW,title_only_unclear,,"Title ambiguous, no abstract; cannot determine eligibility.",{},{},title_only,REVIEW,NA
D0109021,Childhood Posttraumatic Stress Disorder and Efforts to Cope After Hurricane Floyd,complete,REVIEW,title_only_unclear,,"Title suggests hurricane exposure and PTSD, but design unclear without abstract.",{},{},title_only,REVIEW,NA
D0109139,A summer of heat wave,complete,REVIEW,title_only_unclear,,"Title only mentions heat wave; no abstract, outcome or design info.",{},{},title_only,REVIEW,NA
D0109151,Lessons learned from a heat wave (4),complete,REVIEW,title_only_unclear,,"Title-only record; unclear whether original empirical human study, with no exposure/outcome/design details.",{},{},title_only,REVIEW,NA
D0109152,Lessons learned from a heat wave (4),complete,REVIEW,title_only_unclear,,"Title suggests commentary or lessons learned; lacks explicit empirical design, exposure, or outcome details.",{},{},title_only,REVIEW,NA
D0109154,Lessons learned from a heat wave (2),complete,REVIEW,title_only_unclear,,"Title suggests heat wave lessons, but no abstract; insufficient info to determine eligibility.",{},{},title_only,REVIEW,NA
D0109155,Lessons learned from a heat wave (2),complete,REVIEW,title_only_unclear,,Title mentions heat wave but no outcome or design information; insufficient to exclude.,{},{},title_only,REVIEW,NA
D0109306,Psychosocial effects of a natural disaster: A post-flood assessment in the Red River valley,complete,REVIEW,eligibility_unclear,flood,flood: REVIEW - Post-flood survey with cross-sectional design; exposure contrast present but hazard-effect estimation unclear.,"{""flood"":""REVIEW""}","{""flood"":""NA""}",title_abstract,,
D0109338,Flood problems from Noah to Venice,complete,REVIEW,title_only_unclear,,Title suggests historical/general discussion of floods; no mental-health or empirical signal; insufficient info.,{},{},title_only,REVIEW,NA
D0109387,Relationships between metal stress and cerebrovascular diseases of colony after disaster,complete,REVIEW,eligibility_unclear,flood,"flood: REVIEW - Flood exposure, SCL-90 mental stress measured, but outcome vs predictor unclear; design ambiguous.","{""flood"":""REVIEW""}","{""flood"":""NA""}",title_abstract,,
D0109404,Target the weather,complete,REVIEW,title_only_unclear,,Title is ambiguous; no eligible exposure/outcome/design identifiable.,{},{},title_only,REVIEW,NA
D0109413,Research on heat wave (3),complete,REVIEW,title_only_unclear,,"Title suggests heat wave exposure but no outcome, design, or population specified.",{},{},title_only,REVIEW,NA
D0109414,Research on heat wave (3),complete,REVIEW,title_only_unclear,,Title mentions heat wave but lacks outcome and design details; insufficient to judge eligibility.,{},{},title_only,REVIEW,NA
D0109429,February focus,complete,REVIEW,title_only_unclear,,"Title offers no information about exposure, outcome, or design.",{},{},title_only,REVIEW,NA
D0109430,February focus,complete,REVIEW,title_only_unclear,,Title 'February focus' provides no clear eligibility information.,{},{},title_only,REVIEW,NA
D0109431,Hot flashes ... in January,complete,REVIEW,title_only_unclear,,Title is ambiguous; may refer to temperature or unrelated hot flashes. No abstract provided.,{},{},title_only,REVIEW,NA
D0109614,The cold truth,complete,REVIEW,title_only_unclear,,Title is ambiguous; may refer to cold temperature but no clear exposure or outcome stated.,{},{},title_only,REVIEW,NA
D0109703,Hurricane Katrina. Aftershocks.,complete,REVIEW,title_only_unclear,,Title mentions Hurricane Katrina but no clear outcome or design; ambiguous.,{},{},title_only,REVIEW,NA
D0109704,Hurricane Katrina. Aftershocks.,complete,REVIEW,title_only_unclear,,Title suggests Hurricane Katrina mental-health aftereffects but lacks abstract and outcome/design detail.,{},{},title_only,REVIEW,NA
D0109760,Individual differences as moderators of posttraumatic stress symptoms experienced after flood: The role of temperament and coping styles,complete,REVIEW,eligibility_unclear,flood,"flood: REVIEW - Flood victims with PTSD; design unclear from abstract, possibly cross-sectional.","{""flood"":""REVIEW""}","{""flood"":""NA""}",title_abstract,,
D0109799,In from the cold.,complete,REVIEW,title_only_unclear,,Title is ambiguous; no clear hazard or outcome information.,{},{},title_only,REVIEW,NA
D0109800,In from the cold.,complete,REVIEW,title_only_unclear,,"Title ambiguous; no clear hazard, outcome, or design information.",{},{},title_only,REVIEW,NA
D0109828,Dread all about it: Suicide as portrayed in the Chicago Tribune 1852-1872,complete,REVIEW,eligibility_unclear,cyclone,cyclone: REVIEW - Abstract discusses suicide rates after Hurricane Katrina but design/originality unclear.,"{""cyclone"":""REVIEW""}","{""cyclone"":""NA""}",title_abstract,,
D0109843,Crisis not over for hurricane victims.,complete,REVIEW,title_only_unclear,,Title alone suggests hurricane impact but no clear eligible outcome or design; insufficient to exclude.,{},{},title_only,REVIEW,NA
D0109844,Crisis not over for hurricane victims.,complete,REVIEW,title_only_unclear,,Title suggests hurricane victims but no measurable mental-health outcome or design info; insufficient.,{},{},title_only,REVIEW,NA
D0109964,The 'smallwood report': Method or madness?,complete,REVIEW,title_only_unclear,,Title alone ambiguous; no evidence of eligible hazard or outcome.,{},{},title_only,REVIEW,NA
D0109965,The 'smallwood report': Method or madness?,complete,REVIEW,title_only_unclear,,Title is ambiguous; no abstract available and no clear eligible signal.,{},{},title_only,REVIEW,NA
D0110063,Compassion fatigue,complete,REVIEW,title_only_unclear,,"Title only, no abstract; potential mental-health outcome but exposure unclear.",{},{},title_only,REVIEW,NA
D0110064,Compassion fatigue,complete,REVIEW,title_only_unclear,,Title only 'Compassion fatigue' lacks hazard and outcome detail; cannot determine eligibility.,{},{},title_only,REVIEW,NA
D0110089,Mental health the biggest worry for flood area GPs,complete,REVIEW,title_only_unclear,,"Title suggests flood-related mental health concern, but no abstract and unclear if original empirical study.",{},{},title_only,REVIEW,NA
D0110097,Unearthing the most vulnerable: Pychological impact of natural disasters,complete,REVIEW,title_only_unclear,,Title suggests study of psychological impact of natural disasters; insufficient information to determine eligibility.,{},{},title_only,REVIEW,NA
D0110098,Unearthing the most vulnerable: Pychological impact of natural disasters,complete,REVIEW,title_only_unclear,,"Title suggests natural disaster and psychological impact, but no abstract to assess eligibility.",{},{},title_only,REVIEW,NA
D0110225,Casting a cold but hopeful eye,complete,REVIEW,title_only_unclear,,"Title is ambiguous; no eligible hazard, outcome, or design discernible.",{},{},title_only,REVIEW,NA
D0110226,Casting a cold but hopeful eye,complete,REVIEW,title_only_unclear,,Title is metaphorical and provides insufficient information to determine eligibility.,{},{},title_only,REVIEW,NA
D0110282,City of New Orleans employees: Building a healthier future in wake of Katrina,complete,REVIEW,title_only_unclear,,Title mentions post-Katrina employee health but no clear outcome or design; insufficient for screening.,{},{},title_only,REVIEW,NA
D0110283,City of New Orleans employees: Building a healthier future in wake of Katrina,complete,REVIEW,title_only_unclear,,Title mentions post-Katrina employee health program but hazard/outcome/design unclear; no abstract.,{},{},title_only,REVIEW,NA
D0110284,"Rising water, rising anxiety",complete,REVIEW,title_only_unclear,,Title suggests flood and anxiety but lacks detail; no abstract.,{},{},title_only,REVIEW,NA
D0110285,"Rising water, rising anxiety",complete,REVIEW,title_only_unclear,,"Title suggests flood exposure and anxiety, but no abstract; insufficient information for eligibility.",{},{},title_only,REVIEW,NA
D0110301,China and Myanmar: The distress of people in sight,complete,REVIEW,title_only_unclear,,"Title is vague; no clear hazard or outcome, potentially relevant but insufficient.",{},{},title_only,REVIEW,NA
D0110353,Cold comfort in the land of fires,complete,REVIEW,title_only_unclear,,"Title is ambiguous, no abstract available; cannot determine eligibility.",{},{},title_only,REVIEW,NA
D0110361,Stress and cardiovascular disease: Lessons from Katrina,complete,REVIEW,topic_unclear,,"Disaster exposure discussed, but specific hazard type not identified; title references Katrina without explicit hazard classification.",{},{},title_abstract,,
D0110477,"Climate change, direct heat exposure, health and well-being in low and middle-income countries",complete,REVIEW,title_only_unclear,,"Title suggests heat exposure and wellbeing in LMICs, but design/empirical status unclear.",{},{},title_only,REVIEW,NA
D0110569,Effects on health of volunteers deployed during a disaster,complete,REVIEW,eligibility_unclear,cyclone,cyclone: REVIEW - Longitudinal post-deployment survey without pre-event baseline; unclear hazard-outcome contrast.,"{""cyclone"":""REVIEW""}","{""cyclone"":""NA""}",title_abstract,,
D0110718,The heat targets,complete,REVIEW,title_only_unclear,,Title insufficient; potentially related to heat but no clear exposure/outcome.,{},{},title_only,REVIEW,NA
D0110719,The heat targets,complete,REVIEW,title_only_unclear,,Title is ambiguous; no abstract to assess eligibility.,{},{},title_only,REVIEW,NA
D0110804,Doctors and climate change,complete,REVIEW,title_only_unclear,,"Title ambiguous, no clear hazard or mental health outcome mentioned.",{},{},title_only,REVIEW,NA
D0110835,Drought (2009): A public health challenge in India,complete,REVIEW,title_only_unclear,,Title suggests drought-related public health issue but no outcome or design details; potentially relevant.,{},{},title_only,REVIEW,NA
D0110836,Drought (2009): A public health challenge in India,complete,REVIEW,title_only_unclear,,No abstract; title suggests drought as a public health challenge but outcome/design unclear.,{},{},title_only,REVIEW,NA
D0110910,Come in from the cold,complete,REVIEW,title_only_unclear,,Title too vague to determine eligibility,{},{},title_only,REVIEW,NA
D0110911,Come in from the cold,complete,REVIEW,title_only_unclear,,"Title ambiguous; no clear hazard, outcome, or design, and no abstract available.",{},{},title_only,REVIEW,NA
D0111043,GMES space component data access and its role in coordinated environmental information supply,complete,REVIEW,topic_unclear,,Psycho-social effects from unspecified natural disasters; hazard type unresolved.,{},{},title_abstract,,
D0111073,Trauma and stress in Romany 6 years after floods in 2002 - Experiences from the focus groups,complete,REVIEW,eligibility_unclear,flood,"flood: REVIEW - Post-flood IES-R comparison among Romany, Czech, controls; design unclear cross-sectional.","{""flood"":""REVIEW""}","{""flood"":""NA""}",title_abstract,,
D0111249,Helsinki -20 degrees C.,complete,REVIEW,title_only_unclear,,Title mentions cold temperature but no outcome or design details; insufficient information.,{},{},title_only,REVIEW,NA
D0111250,Helsinki -20 degrees C.,complete,REVIEW,title_only_unclear,,Title indicates ambient cold exposure but no outcome or design info; abstract missing.,{},{},title_only,REVIEW,NA
D0111259,Assessment of traumatic symptoms in adults emerging after hurricane çubuk,complete,REVIEW,eligibility_unclear,cyclone,cyclone: REVIEW - Hurricane cohort with repeated PTSD measures but no pre-event baseline or exposure contrast.,"{""cyclone"":""REVIEW""}","{""cyclone"":""NA""}",title_abstract,,
D0111260,Assessment of traumatic symptoms in adults emerging after hurricane çubuk,complete,REVIEW,eligibility_unclear,cyclone,cyclone: REVIEW - Longitudinal post-hurricane PTSD study but no pre-event baseline or exposure variation; design ambiguous.,"{""cyclone"":""REVIEW""}","{""cyclone"":""NA""}",title_abstract,,
D0111272,Talking about traumatic events cross-cultural investigation,complete,REVIEW,topic_unclear,,"Traumatic event survivors; disaster type not identified; floods, earthquakes, and man-made disasters are examples, not confirmed exposures.",{},{},title_abstract,,
D0111306,Mass trauma: Impact and recovery issues,complete,REVIEW,topic_unclear,flood|wildfire,Mass trauma book; broad natural disasters incl. earthquakes/avalanches not covered by flood/wildfire.,"{""flood"":""EXCLUDE"",""wildfire"":""EXCLUDE""}","{""flood"":""non_original"",""wildfire"":""non_original""}",title_abstract,,
D0111312,Modelling and simulating social vulnerability under the influence of climate change in the cordillera Blanca (Peru),complete,REVIEW,topic_unclear,,Climate change and natural hazards affect populations near glaciers; hazard type unresolved.,{},{},title_abstract,,
D0111357,Further thought required,complete,REVIEW,title_only_unclear,,"Title provides no information on exposure, outcome, or design; cannot assess eligibility.",{},{},title_only,REVIEW,NA
D0111358,Further thought required,complete,REVIEW,title_only_unclear,,Title provides no topic information; eligibility cannot be judged.,{},{},title_only,REVIEW,NA
D0111368,The burden of disaster: Part I. challenges and opportunities within a child's social ecology,complete,REVIEW,topic_unclear,,Disaster affects children's social ecology and mental health; disaster type is not specified.,{},{},title_abstract,,
D0111369,The burden of disaster: Part I. challenges and opportunities within a child's social ecology,complete,REVIEW,topic_unclear,,"Children's reactions to disasters are discussed, but disaster type is unidentified.",{},{},title_abstract,,
D0111534,[Biorhythmic markers of stress and dysadaptation condition at work on a rotational basis in the north].,complete,REVIEW,topic_unclear,,"Potential climate-related stress in northern regions; exact hazard type (e.g., cold) unidentified.",{},{},title_abstract,,
D0111824,Psychiatric consequences of disasters in Italy: A systematic review,complete,REVIEW,topic_unclear,flood,"Systematic review on psychiatric outcomes after natural disasters; flood is mentioned, but overall disaster types remain unspecified.","{""flood"":""EXCLUDE""}","{""flood"":""non_original""}",title_abstract,,
D0111826,Psychiatric consequences of disasters in Italy: A systematic review,complete,REVIEW,topic_unclear,,Systematic review of psychiatric consequences of natural disasters in Italy; specific disaster type not identified.,{},{},title_abstract,,
D0111836,"Impact on agriculture and farmers due to climate abnormalities in Prakasam District, Andhra Pradesh, India",complete,REVIEW,eligibility_unclear,temperature|cyclone|drought,temperature: EXCLUDE - Study examines rainfall/precipitation effects on farmers' suicides; no temperature exposure. | cyclone: EXCLUDE - Study focuses on precipitation patterns and farmer suicides; cyclonic storms only mentioned as background. | drought: REVIEW - Drought and farmer suicides mentioned but design unclear; likely descriptive case study.,"{""cyclone"":""EXCLUDE"",""drought"":""REVIEW"",""temperature"":""EXCLUDE""}","{""cyclone"":""wrong_exposure"",""drought"":""NA"",""temperature"":""wrong_exposure""}",title_abstract,,
D0112029,"10 years after Katrina, New Orleans has transformed primary care, behavioral health",complete,REVIEW,title_only_unclear,,"Title suggests post-Katrina commentary on health system transformation; outcome and design unclear, no abstract.",{},{},title_only,REVIEW,NA
D0112227,Cyclone (or Depression),complete,REVIEW,title_only_unclear,,Ambiguous title: could refer to cyclone exposure or depression; insufficient information.,{},{},title_only,REVIEW,NA
D0112272,An attempt to define seasonality of psychophysical symptoms occurrence among the inhabitants of warsaw on the basis of one-year survey,complete,REVIEW,eligibility_unclear,temperature,"temperature: REVIEW - One-year survey links weather to psychophysical symptoms; exposure not clearly temperature, design lacks detail.","{""temperature"":""REVIEW""}","{""temperature"":""NA""}",title_abstract,,
D0112360,"Heatwave, mental health-substance use",complete,REVIEW,title_only_unclear,,Title mentions heatwave and mental health-substance use; potentially relevant but no abstract to assess design/outcome.,{},{},title_only,REVIEW,NA
D0112427,"Understanding long term community psychosocial needs of children and adolescent survivors of a natural disaster: One decade after 2005, 'Snow-Tsunami'in Kashmir",complete,REVIEW,eligibility_unclear,temperature,temperature: REVIEW - Cross-sectional post-disaster study with exposed/unexposed comparison; snowstorm exposure and design eligibility need review.,"{""temperature"":""REVIEW""}","{""temperature"":""NA""}",title_abstract,,
D0112464,Weathering Katrina: Culture and recovery among Vietnamese Americans,complete,REVIEW,eligibility_unclear,cyclone|flood,cyclone: REVIEW - Post-hurricane recovery study with longitudinal data; design lacks clear exposure contrast. | flood: REVIEW - Longitudinal post-flood recovery study with interviews; design unclear for estimating flood effect on mental health.,"{""cyclone"":""REVIEW"",""flood"":""REVIEW""}","{""cyclone"":""NA"",""flood"":""NA""}",title_abstract,,
D0112594,Keepping women's health in check,complete,REVIEW,title_only_unclear,,Title too vague to determine eligibility; no abstract provided.,{},{},title_only,REVIEW,NA
D0112595,Keepping women's health in check,complete,REVIEW,title_only_unclear,,Title-only record about women's health check; no clear climate hazard or mental health outcome.,{},{},title_only,REVIEW,NA
D0112611,Persian medicine recommendations in reducing mental health disorders due to natural disasters,complete,REVIEW,topic_unclear,,Mental health disorders after natural disasters; disaster type is not identified.,{},{},title_abstract,,
D0112701,Dimensions of community mental health preparedness of disasters in Iran,complete,REVIEW,topic_unclear,,General disaster mental health preparedness; specific disaster type not identified and not covered by registered topics.,{},{},title_abstract,,
D0112712,The Impacts of Extreme Heat on Mental Health,complete,REVIEW,title_only_unclear,,"No abstract; title suggests extreme heat and mental health outcome, but unclear design and evidence.",{},{},title_only,REVIEW,NA
D0112759,Long-term consequences of flooding: A case study of the 2011 Queensland floods,complete,REVIEW,eligibility_unclear,flood,flood: REVIEW - Single-wave cross-sectional survey comparing flooded vs non-flooded residents; design not clearly eligible or ineligible.,"{""flood"":""REVIEW""}","{""flood"":""NA""}",title_abstract,,
D0112791,Effects of meteorological factors on higher mental functions and autonomic nervous system in southern population,complete,REVIEW,eligibility_unclear,temperature,temperature: REVIEW - Two seasonal assessments with correlations to temperature; design not clearly specified.,"{""temperature"":""REVIEW""}","{""temperature"":""NA""}",title_abstract,,
D0112825,"Climate change impact on quality of life indicators of pastoralists (case study: Rangelands of Haraz River Basin, Mazandaran province, Iran)",complete,REVIEW,topic_unclear,,Climate change impacts on pastoralists' quality of life; specific hazard not identified.,{},{},title_abstract,,
D0112873,"Farmer suicides in Maharashtra, 2001-2018 trends across Marathwada and Vidarbha",complete,REVIEW,eligibility_unclear,drought,"drought: REVIEW - Farmer suicides and drought relationship analyzed, but design/contrast unclear.","{""drought"":""REVIEW""}","{""drought"":""NA""}",title_abstract,,
D0112909,NATURAL DISASTERS AND VULNERABLE POPULATIONS: A COMMENTARY,complete,REVIEW,topic_unclear,,"Natural disaster commentary on vulnerable populations; no specific hazard focus, broad disaster identity unresolved.",{},{},title_abstract,,
D0112913,The impact of hurricane harvey on the wellbeing of hospitalized children and their families,complete,REVIEW,title_only_unclear,,Title suggests hurricane exposure and wellbeing outcome but design/outcome measurement unclear; no abstract.,{},{},title_only,REVIEW,NA
D0112942,"Thermal Comfort, well-being and health of older residents in South Australia",complete,REVIEW,eligibility_unclear,temperature,temperature: REVIEW - Indoor housing temperature and self-reported well-being; mental-health outcome and analysis design unclear.,"{""temperature"":""REVIEW""}","{""temperature"":""NA""}",title_abstract,,
D0113016,Long-Term Drought Harms Mental Health​ in Rural Communities,complete,REVIEW,title_only_unclear,,Title indicates drought exposure and mental health outcome; insufficient info to determine eligibility.,{},{},title_only,REVIEW,NA
D0113025,"Flood disaster impact and responses in historical perspective: Typhoon sendong experiences in Iligan City, Philippines",complete,REVIEW,eligibility_unclear,cyclone|flood,"cyclone: REVIEW - Potentially relevant typhoon study but methodology and outcome measurement unclear; likely qualitative/descriptive. | flood: EXCLUDE - Descriptive historical account, no design estimating hazard-outcome association.","{""cyclone"":""REVIEW"",""flood"":""EXCLUDE""}","{""cyclone"":""NA"",""flood"":""wrong_design""}",title_abstract,,
D0113056,An interdisciplinary approach to sustainable agricultural finance and its impact on Indian farmers behaviour,complete,REVIEW,topic_unclear,drought|flood,"Farmer suicide context cites drought and floods, but also unspecified other natural disasters; those identities remain unresolved.","{""drought"":""EXCLUDE"",""flood"":""EXCLUDE""}","{""drought"":""wrong_exposure"",""flood"":""wrong_exposure""}",title_abstract,,
D0113209,Post-disaster residential mobility: Considerations for Aotearoa New Zealand and Australia,complete,REVIEW,topic_unclear,,Post-disaster residential mobility and wellbeing; specific disaster types not identified.,{},{},title_abstract,,
D0113268,Winter of Discontent,complete,REVIEW,title_only_unclear,,Title alone insufficient; no abstract available.,{},{},title_only,REVIEW,NA
D0113269,Winter of Discontent,complete,REVIEW,title_only_unclear,,"Title alone too vague to determine eligibility; no hazard, outcome, or design described.",{},{},title_only,REVIEW,NA
D0113318,Climate Change and Environmental Health,complete,REVIEW,title_only_unclear,,Title is generic; no hazard or outcome; requires abstract/full review.,{},{},title_only,REVIEW,NA
D0113319,Climate Change and Environmental Health,complete,REVIEW,title_only_unclear,,"No abstract; generic title lacks specific hazard, outcome, or design information.",{},{},title_only,REVIEW,NA
D0113325,"Superheated storms: climate drivers, health effects and responses",complete,REVIEW,title_only_unclear,,"Title suggests a health-related climate hazard topic but lacks clarity on design, exposure, and outcome.",{},{},title_only,REVIEW,NA
D0113326,"Superheated storms: climate drivers, health effects and responses",complete,REVIEW,title_only_unclear,,"Title is ambiguous about eligible hazard, outcome, or design; no abstract available.",{},{},title_only,REVIEW,NA
D0113387,Planetary health: Associations of climate change and the human psyche and its implications for outpatient care,complete,REVIEW,topic_unclear,temperature|drought|flood,"Climate change mental health commentary mentions temperature, drought, flood but also generic extreme weather events; type unresolved.","{""drought"":""EXCLUDE"",""flood"":""EXCLUDE"",""temperature"":""EXCLUDE""}","{""drought"":""non_original"",""flood"":""non_original"",""temperature"":""non_original""}",title_abstract,,
D0113390,Planetary health: Associations of climate change and the human psyche and its implications for outpatient care,complete,REVIEW,topic_unclear,temperature|flood|drought,"Mental health impacts of climate change include unspecified extreme weather events beyond identified temperature, drought, and flood.","{""drought"":""EXCLUDE"",""flood"":""EXCLUDE"",""temperature"":""EXCLUDE""}","{""drought"":""non_original"",""flood"":""non_original"",""temperature"":""non_original""}",title_abstract,,
D0113439,"Climate change, extreme heat and heat waves",complete,REVIEW,title_only_unclear,,Title suggests heat exposure; outcome and design unclear.,{},{},title_only,REVIEW,NA
D0113461,Understanding physical and mental health impacts of flooding: Flood risk perception and communication,complete,REVIEW,title_only_unclear,,Title mentions flooding and mental health but lacks design/measurement detail.,{},{},title_only,REVIEW,NA
D0113477,Cold comfort: wellbeing through extreme environmental exposure,complete,REVIEW,title_only_unclear,,"Title suggests wellbeing outcome and extreme environmental exposure, but eligibility is unclear.",{},{},title_only,REVIEW,NA
D0113610,THE IMPACT OF CLIMATE CHANGE ON MENTAL HEALTH,complete,REVIEW,topic_unclear,,Study on climate change and eco-anxiety; climate-related disaster type not specified.,{},{},title_abstract,,
D0113620,Will You Still Be Here Tomorrow?,complete,REVIEW,title_only_unclear,,"Title is ambiguous with no clear exposure, outcome, or design; insufficient information.",{},{},title_only,REVIEW,NA
D0113720,Left out in the cold.,complete,REVIEW,title_only_unclear,,Title is ambiguous and lacks abstract; cannot determine eligibility.,{},{},title_only,REVIEW,NA
D0113721,Left out in the cold.,complete,REVIEW,title_only_unclear,,Title is ambiguous; no abstract available.,{},{},title_only,REVIEW,NA
D0113735,Typology and psychoprophylaxis of the prenosological forms of border-line diseases occurring under the conditions of Northern Siberia,complete,REVIEW,title_only_unclear,,Title suggests mental health under Northern Siberia conditions; unclear hazard and design.,{},{},title_only,REVIEW,NA
D0113775,"Environment, society and health. Quality of life issues in the contemporary north.",complete,REVIEW,title_only_unclear,,"Title is generic, no specific hazard or mental health outcome identified.",{},{},title_only,REVIEW,NA
D0113776,"Environment, society and health. Quality of life issues in the contemporary north.",complete,REVIEW,title_only_unclear,,No abstract; title too generic to judge eligibility.,{},{},title_only,REVIEW,NA
D0114089,Cyclonic Floods in the Indian Ocean (Madagascar) and the South Pacific (New Caledonia and Tahiti).,complete,REVIEW,title_only_unclear,,Title mentions cyclonic floods but lacks mental health outcome and design details.,{},{},title_only,REVIEW,NA
D0114251,Some indications of the long-term health effects of a natural disaster,complete,REVIEW,eligibility_unclear,flood,"flood: REVIEW - Flood exposure and stress outcome, but design and outcome measurement unclear.","{""flood"":""REVIEW""}","{""flood"":""NA""}",title_abstract,,
D0114483,EFFECTS OF A PROLONGED HEAT WAVE ON A GENERAL POPULATION SAMPLE.,complete,REVIEW,eligibility_unclear,temperature,"temperature: REVIEW - Heat wave and depression studied in a general population sample, but design not described.","{""temperature"":""REVIEW""}","{""temperature"":""NA""}",title_abstract,,
D0114490,Health aspects of Danube River floods,complete,REVIEW,title_only_unclear,,Title suggests flood exposure and health outcomes but lacks specificity for mental health or design.,{},{},title_only,REVIEW,NA
D0114491,Health aspects of Danube River floods,complete,REVIEW,title_only_unclear,,Title suggests flood exposure and health aspects but no mental-health outcome or design specified; no abstract.,{},{},title_only,REVIEW,NA
D0114526,Season and psychiatric disease,complete,REVIEW,eligibility_unclear,temperature,temperature: REVIEW - Seasonal patterns in psychiatric hospitalisations; exposure not clearly measured temperature; design descriptive.,"{""temperature"":""REVIEW""}","{""temperature"":""NA""}",title_abstract,,
D0114527,Season and psychiatric disease,complete,REVIEW,eligibility_unclear,temperature,temperature: REVIEW - Seasonal psychiatric admissions suggest temperature link but design not explicit.,"{""temperature"":""REVIEW""}","{""temperature"":""NA""}",title_abstract,,
D0114719,Disease prevalence in the Alaskan Arctic and subarctic.,complete,REVIEW,title_only_unclear,,"Title suggests a disease prevalence study in the Arctic, but no eligible hazard or mental health outcome is specified.",{},{},title_only,REVIEW,NA
D0114720,Disease prevalence in the Alaskan Arctic and subarctic.,complete,REVIEW,title_only_unclear,,Title-only; no clear climate hazard or mental-health outcome mentioned.,{},{},title_only,REVIEW,NA
D0114789,PSYCHONEUROSIS CAUSED BY SUNSTROKE AND SUICIDE-ACCIDENT.,complete,REVIEW,title_only_unclear,,Title suggests sunstroke (heat) exposure and psychoneurosis/suicide outcomes; information insufficient to exclude.,{},{},title_only,REVIEW,NA
D0114929,A country where dementia has come in from the cold,complete,REVIEW,title_only_unclear,,"Title only, ambiguous; no clear hazard or outcome.",{},{},title_only,REVIEW,NA
D0115010,Cold shoulder for labour?,complete,REVIEW,title_only_unclear,,Title provides insufficient information; no abstract available.,{},{},title_only,REVIEW,NA
D0115032,Chilblain,complete,REVIEW,title_only_unclear,,Title alone is insufficient to determine eligibility; no abstract provided.,{},{},title_only,REVIEW,NA
D0115063,Heat stroke [1],complete,REVIEW,title_only_unclear,,Title alone insufficient; no abstract and unclear relevance to mental health outcome.,{},{},title_only,REVIEW,NA
D0115087,Intermittent explosive disorder (IED),complete,REVIEW,title_only_unclear,,Title describes a psychiatric disorder with no mention of climate hazard; abstract missing.,{},{},title_only,REVIEW,NA
D0115108,Unhealthy particles,complete,REVIEW,title_only_unclear,,Title is ambiguous; no clear exclusion or eligibility signal.,{},{},title_only,REVIEW,NA
D0115124,A 'community as resource' strategy for disaster response,complete,REVIEW,topic_unclear,,Generic natural and technological disaster threat; disaster type is not identified.,{},{},title_abstract,,
D0115283,May's smoke,complete,REVIEW,title_only_unclear,,Title alone ambiguous; possible wildfire smoke but no mental health outcome indicated.,{},{},title_only,REVIEW,NA
D0115308,Corporate response to disasters and other traumas.,complete,REVIEW,topic_unclear,,Crisis intervention after disasters; disaster type is unspecified.,{},{},title_abstract,,
D0115369,"Getting ""stuck"" in the past: temporal orientation and coping with trauma.",complete,REVIEW,topic_unclear,,Psychological distress after community fire; fire type ambiguous.,{},{},title_abstract,,
D0115417,In the line of fire.,complete,REVIEW,title_only_unclear,,Title ambiguous; could relate to wildfire but no abstract to confirm eligibility.,{},{},title_only,REVIEW,NA
D0115433,Smoke and mirrors,complete,REVIEW,title_only_unclear,,"Title only; ambiguous, possibly relevant to wildfire smoke but insufficient info.",{},{},title_only,REVIEW,NA
D0115434,Smoke and mirrors.,complete,REVIEW,title_only_unclear,,Title is a common phrase with no clear topic or eligibility signal.,{},{},title_only,REVIEW,NA
D0115435,Smoke and mirrors.,complete,REVIEW,title_only_unclear,,Title 'Smoke and mirrors' provides no clear topical content; insufficient information.,{},{},title_only,REVIEW,NA
D0115441,Fire up.,complete,REVIEW,title_only_unclear,,Title too vague to determine eligibility; no abstract available.,{},{},title_only,REVIEW,NA
D0115474,Psychological approach to catastrophies: Implication of intensive care physicians,complete,REVIEW,topic_unclear,,Psychological risk in physicians involved in disasters; disaster type is not identified.,{},{},title_abstract,,
D0115499,Psychiatric RNs in hurricane relief.,complete,REVIEW,title_only_unclear,,"Title suggests hurricane relief and psychiatric RNs, but no abstract; unclear whether it measures a mental-health outcome with an eligible design.",{},{},title_only,REVIEW,NA
D0115549,Coming through the fire.,complete,REVIEW,title_only_unclear,,Title ambiguous; no clear exclusion or eligibility signal.,{},{},title_only,REVIEW,NA
D0115564,Cold light of day [1],complete,REVIEW,title_only_unclear,,"Title is ambiguous, no abstract, no clear exposure/outcome/design.",{},{},title_only,REVIEW,NA
D0115573,Finding winter horrible...,complete,REVIEW,title_only_unclear,,Title fragment ambiguous; possible winter mental-health but insufficient info.,{},{},title_only,REVIEW,NA
D0115626,Long-term effects of Hurricane Andrew: revisiting mental health indicators.,complete,REVIEW,eligibility_unclear,cyclone,cyclone: REVIEW - Repeated post-event cross-sectional surveys without exposure contrast or baseline; ambiguous design.,"{""cyclone"":""REVIEW""}","{""cyclone"":""NA""}",title_abstract,,
D0115646,Israel brings psychiatric care in from cold.,complete,REVIEW,title_only_unclear,,"Title ambiguous: may concern psychiatric care and cold, but no clear eligible study signal.",{},{},title_only,REVIEW,NA
D0115661,Keep your cool. Feelings ... nothing more than feelings.,complete,REVIEW,title_only_unclear,,Title is ambiguous; no abstract available to assess eligibility.,{},{},title_only,REVIEW,NA
D0115689,Where there's smoke.,complete,REVIEW,title_only_unclear,,Title is ambiguous; no abstract available.,{},{},title_only,REVIEW,NA
D0115695,The relationship between chinook conditions and women's physical and mental well-being.,complete,REVIEW,topic_unclear,,Chinook weather exposure and psychological symptoms; hazard type not specified.,{},{},title_abstract,,
D0115739,Response panel 4,complete,REVIEW,title_only_unclear,,"Title provides no information about exposure, outcome, or design; insufficient to determine eligibility.",{},{},title_only,REVIEW,NA
D0115749,Handle with care.,complete,REVIEW,title_only_unclear,,"Title is a generic phrase with no information on hazard, outcome, or design.",{},{},title_only,REVIEW,NA
D0115759,The brain on fire?,complete,REVIEW,title_only_unclear,,"Title is ambiguous; unclear exposure/outcome/design, no abstract.",{},{},title_only,REVIEW,NA
D0115800,Mental health: smoke screen.,complete,REVIEW,title_only_unclear,,"Title ambiguous; no abstract; possible editorial or commentary, insufficient info.",{},{},title_only,REVIEW,NA
D0115811,Fire and ice,complete,REVIEW,title_only_unclear,,Title ambiguous; no abstract available,{},{},title_only,REVIEW,NA
D0115856,Effect of family role on response to disaster,complete,REVIEW,eligibility_unclear,flood,"flood: REVIEW - Flood/mudslide exposure and mental health outcomes present, but design not specified.","{""flood"":""REVIEW""}","{""flood"":""NA""}",title_abstract,,
D0115857,Age differences in the psychological consequences of Hurricane Hugo.,complete,REVIEW,eligibility_unclear,cyclone,cyclone: REVIEW - Repeated post-event follow-ups after Hurricane Hugo without pre-event baseline; design unclear.,"{""cyclone"":""REVIEW""}","{""cyclone"":""NA""}",title_abstract,,
D0115945,A handful of sugar onto the fire?,complete,REVIEW,title_only_unclear,,Title is ambiguous with no clear relation to eligible hazards or mental health outcomes.,{},{},title_only,REVIEW,NA
D0115955,EMS psychology 101.,complete,REVIEW,title_only_unclear,,"Title ambiguous; likely educational, no clear hazard/outcome.",{},{},title_only,REVIEW,NA
D0115957,Multiple diagnoses in posttraumatic stress disorder in the victims of a natural disaster,complete,REVIEW,topic_unclear,,PTSD after a natural disaster; disaster type is not identified.,{},{},title_abstract,,
D0116002,Collision.,complete,REVIEW,title_only_unclear,,"Insufficient information in title alone; no clear hazard, outcome, or design.",{},{},title_only,REVIEW,NA
D0116013,"Cold hard death, cold hard doctors [1]",complete,REVIEW,title_only_unclear,,"Title is ambiguous; no clear empirical study, hazard, outcome, or design.",{},{},title_only,REVIEW,NA
D0116021,Stressors and coping in adolescents exposed to Hurricane Hugo.,complete,REVIEW,title_only_unclear,,"Title suggests hurricane exposure and coping in adolescents, but lacks abstract to assess design and outcome measurement.",{},{},title_only,REVIEW,NA
D0116030,The fire that never goes out.,complete,REVIEW,title_only_unclear,,Title ambiguous; 'fire' may suggest wildfire but no outcome or design information.,{},{},title_only,REVIEW,NA
D0116063,Discomfort once again,complete,REVIEW,title_only_unclear,,"Title insufficient; no abstract available, cannot determine eligibility.",{},{},title_only,REVIEW,NA
D0116211,Caring for the caretakers in times of disaster. The Hurricane Hugo experience.,complete,REVIEW,title_only_unclear,,"Title suggests hurricane experience and caretakers, but outcome/design unclear without abstract.",{},{},title_only,REVIEW,NA
D0116239,Transport and evacuation,complete,REVIEW,title_only_unclear,,Title lacks sufficient information to determine eligibility.,{},{},title_only,REVIEW,NA
D0116389,Does cold winter weather produce depressive symptoms?,complete,REVIEW,title_only_unclear,,"Title suggests a study on cold winter weather and depressive symptoms, but design is unclear.",{},{},title_only,REVIEW,NA
D0116395,Relationship between psychiatric impairment and a natural disaster: The role of distress,complete,REVIEW,eligibility_unclear,wildfire,"wildfire: REVIEW - Bushfire-exposed firefighters; empirical, but design not stated and may be cross-sectional.","{""wildfire"":""REVIEW""}","{""wildfire"":""NA""}",title_abstract,,
D0116435,Posttraumatic phenomena in a longitudinal study of children following a natural disaster.,complete,REVIEW,title_only_unclear,,"Title suggests longitudinal study of posttraumatic phenomena after natural disaster, but hazard type and design detail unclear.",{},{},title_only,REVIEW,NA
D0116452,Exploring the impact of a natural disaster on the health and psychological well-being of older adults.,complete,REVIEW,eligibility_unclear,cyclone,cyclone: REVIEW - Hurricane exposure and psychological wellbeing present; synthetic cohort design unclear for pre-event contrast.,"{""cyclone"":""REVIEW""}","{""cyclone"":""NA""}",title_abstract,,
D0116454,Family functioning and overprotection following a natural disaster: the longitudinal effects of post-traumatic morbidity.,complete,REVIEW,topic_unclear,,Longitudinal effects of an unspecified natural disaster on family functioning and post-traumatic morbidity.,{},{},title_abstract,,
D0116481,'Crack',complete,REVIEW,title_only_unclear,,Title is ambiguous and unrelated to known climate hazards or mental health outcomes.,{},{},title_only,REVIEW,NA
D0116493,Psychological and physical morbidity in the aftermath of a cyclone,complete,REVIEW,title_only_unclear,,"Title suggests cyclone exposure and psychological morbidity, but no abstract to assess design.",{},{},title_only,REVIEW,NA
D0116608,Are we gambling our retarded citizens' lives?,complete,REVIEW,title_only_unclear,,Title unclear; no eligible hazard or mental-health outcome identifiable.,{},{},title_only,REVIEW,NA
D0116609,Heat waves threaten the old.,complete,REVIEW,title_only_unclear,,Title suggests heatwave and older adults but is ambiguous regarding human mental-health outcome and design.,{},{},title_only,REVIEW,NA
D0116614,Mental health. Psychiatry under fire.,complete,REVIEW,title_only_unclear,,Title is vague; no abstract available. Could be commentary or unrelated; insufficient info.,{},{},title_only,REVIEW,NA
D0117009,Psychophysiological and social aspects of adaptation in the Far North,complete,REVIEW,title_only_unclear,,"Title suggests adaptation in Far North; no clear hazard, outcome, or design.",{},{},title_only,REVIEW,NA
D0117090,Stress in fire fighters.,complete,REVIEW,title_only_unclear,,Title too vague to determine eligible hazard or measured outcome.,{},{},title_only,REVIEW,NA
D0117092,Feeling of improvement in flooding: some analogue data.,complete,REVIEW,title_only_unclear,,Title ambiguous; no abstract; cannot assess eligibility.,{},{},title_only,REVIEW,NA
D0117156,How to prevent cold admissions from freezing. The problem.,complete,REVIEW,title_only_unclear,,Title is ambiguous; possible cold exposure but no clear mental health outcome.,{},{},title_only,REVIEW,NA
D0117201,Hanging fire on a big need to know.,complete,REVIEW,title_only_unclear,,Title is vague and provides no clear evidence of relevance to hazards or mental health.,{},{},title_only,REVIEW,NA
D0117268,Watch that smoke in your eye,complete,REVIEW,title_only_unclear,,Title ambiguous; no abstract provided.,{},{},title_only,REVIEW,NA
D0117295,Stoned for the long cold winter,complete,REVIEW,title_only_unclear,,Title is ambiguous; could relate to cold but no clear mental health or design.,{},{},title_only,REVIEW,NA
D0117392,The influence of the weather on drug addicted and depressive patients,complete,REVIEW,eligibility_unclear,temperature,temperature: REVIEW - Weather influence on psychiatric patients over 3 years; design not clearly described.,"{""temperature"":""REVIEW""}","{""temperature"":""NA""}",title_abstract,,
D0117425,Fluctuations in behaviour of drug addicts and depressive patients,complete,REVIEW,eligibility_unclear,temperature,temperature: REVIEW - Foehn weather and patient behavior/hospitalization but design is not stated.,"{""temperature"":""REVIEW""}","{""temperature"":""NA""}",title_abstract,,
D0117434,Physiological effects of environmental stimuli.,complete,REVIEW,title_only_unclear,,"Title is too vague; no specific hazard, outcome, or design can be determined.",{},{},title_only,REVIEW,NA
D0117435,The first year: trial by fire.,complete,REVIEW,title_only_unclear,,"Title is ambiguous; no clear indication of hazard, outcome, or design.",{},{},title_only,REVIEW,NA
D0117547,Bristol floods 1968. Controlled survey of effects on health of local community disaster.,complete,REVIEW,title_only_unclear,,Title suggests flood exposure and health survey; insufficient information to determine outcome/design.,{},{},title_only,REVIEW,NA
D0117654,Stresses of change and mental health among the Canadian Eskimos.,complete,REVIEW,title_only_unclear,,"Title suggests human mental health study, but exposure and design are unclear.",{},{},title_only,REVIEW,NA
D0117655,Implications of environmental stress. Strategies of developmental change in the North.,complete,REVIEW,title_only_unclear,,"Title is vague; no clear hazard, outcome, or design signals.",{},{},title_only,REVIEW,NA
D0117710,Smoke screen.,complete,REVIEW,title_only_unclear,,Title ambiguous; insufficient information to determine eligibility,{},{},title_only,REVIEW,NA
D0118163,Suicide and weather conditions,complete,REVIEW,eligibility_unclear,temperature,temperature: REVIEW - Cold/heat-front exposure ambiguous; design unspecified; suicide outcome present.,"{""temperature"":""REVIEW""}","{""temperature"":""NA""}",title_abstract,,
D0118238,,complete,REVIEW,missing_text,,Neither title nor abstract is available.,{},{},no_text,,
D0118242,,complete,REVIEW,missing_text,,Neither title nor abstract is available.,{},{},no_text,,
D0118360,Clinical and physiological effects of excessive heat.,complete,REVIEW,title_only_unclear,,Title suggests clinical effects of heat but does not specify mental health outcome or design.,{},{},title_only,REVIEW,NA
D0118650,Neuroses in firemen,complete,REVIEW,title_only_unclear,,Title only; unclear exposure to eligible climate hazard and design.,{},{},title_only,REVIEW,NA
D0118684,Fear not the heat,complete,REVIEW,title_only_unclear,,Title is ambiguous; no clear eligibility can be determined without an abstract.,{},{},title_only,REVIEW,NA
D0118697,Posttraumatic stress disorder after the hurricanes.,complete,REVIEW,title_only_unclear,,"Title suggests a study on PTSD after hurricanes, an eligible hazard and outcome, but design and original evidence are unclear without an abstract.",{},{},title_only,REVIEW,NA
D0118765,"Disaster and subsequent healthcare utilization: a longitudinal study among victims, their family members, and control subjects.",complete,REVIEW,topic_unclear,,Fire disaster; type unspecified (wildfire vs other fire); mental health outcomes.,{},{},title_abstract,,
D0118782,Challenges in meeting immediate emotional needs: short-term impact of a major disaster on children's mental health: building resiliency in the aftermath of Hurricane Katrina.,complete,REVIEW,title_only_unclear,,Title suggests short-term impact of Hurricane Katrina on children's mental health; insufficient detail for eligibility.,{},{},title_only,REVIEW,NA
D0118800,Burning ambition,complete,REVIEW,title_only_unclear,,Title too vague to determine eligibility; unclear topic.,{},{},title_only,REVIEW,NA
D0118835,...into the fire.,complete,REVIEW,title_only_unclear,,Title is uninformative; cannot determine eligibility.,{},{},title_only,REVIEW,NA
D0118996,Keeping OH on the agenda,complete,REVIEW,title_only_unclear,,Title too vague; no clear exposure/outcome/design info.,{},{},title_only,REVIEW,NA
D0119015,Revisiting the tsunami: health consequences of flooding.,complete,REVIEW,title_only_unclear,,"Title suggests flood exposure and health consequences, but no abstract to confirm mental-health outcome or design.",{},{},title_only,REVIEW,NA
D0119019,Damp digits,complete,REVIEW,title_only_unclear,,"Title only and insufficiently informative; unclear hazard, outcome, or design.",{},{},title_only,REVIEW,NA
D0119041,Only 8pc smoke by 2050,complete,REVIEW,title_only_unclear,,"Title ambiguous, potentially about wildfire smoke but insufficient information.",{},{},title_only,REVIEW,NA
D0119100,With complements,complete,REVIEW,title_only_unclear,,Title is uninformative; no abstract available.,{},{},title_only,REVIEW,NA
D0119230,Airborne hazards in children,complete,REVIEW,title_only_unclear,,"Title too vague; no clear exposure, outcome, or design information.",{},{},title_only,REVIEW,NA
D0119317,Blazing the trail,complete,REVIEW,title_only_unclear,,Title is too vague to determine eligibility; no abstract available.,{},{},title_only,REVIEW,NA
D0119341,From fire to ashes--and then?,complete,REVIEW,title_only_unclear,,Title is ambiguous; may relate to wildfire but no outcome/design info.,{},{},title_only,REVIEW,NA
D0119346,Stress and resilience in South African firefighters [2],complete,REVIEW,title_only_unclear,,Title suggests stress/resilience in firefighters; hazard and outcome eligibility unclear without abstract.,{},{},title_only,REVIEW,NA
D0119353,Fire-related post-traumatic stress disorder: brain 1H-MR spectroscopic findings.,complete,REVIEW,topic_unclear,,PTSD after fire exposure; fire type (wildfire vs structural) is not identified.,{},{},title_abstract,,
D0119372,Youth suicide and Hurricane Andrew.,complete,REVIEW,title_only_unclear,,"Title suggests hurricane exposure and youth suicide, potentially eligible; no abstract to confirm design or content.",{},{},title_only,REVIEW,NA
D0119427,Climate change and health effects in Northwest Alaska.,complete,REVIEW,topic_unclear,flood,"Climate change health-effects assessment; storm surge suggests flood, but mental distress linked to multiple unresolved climate impacts.","{""flood"":""EXCLUDE""}","{""flood"":""not_human_empirical""}",title_abstract,,
D0119492,"Drought, drying and mental health: lessons from recent experiences for future risk-lessening policies.",complete,REVIEW,title_only_unclear,,Title suggests drought and mental health but no abstract; unclear if original empirical study.,{},{},title_only,REVIEW,NA
D0119525,This week,complete,REVIEW,title_only_unclear,,Title is too vague to determine eligibility.,{},{},title_only,REVIEW,NA
D0119536,Reexamining the role of the traumatic stressor and the trajectory of posttraumatic distress in the wake of disaster.,complete,REVIEW,title_only_unclear,,Title potentially relevant: disaster-related trauma and posttraumatic distress; no abstract for full screening.,{},{},title_only,REVIEW,NA
D0119946,Coalition weathers a storm.,complete,REVIEW,title_only_unclear,,"Title is ambiguous, appears metaphorical, does not clearly indicate an eligible climate hazard or mental-health outcome.",{},{},title_only,REVIEW,NA
D0119951,Predicting posttraumatic stress symptoms in children following Hurricane Katrina: a prospective analysis of the effect of parental distress and parenting practices.,complete,REVIEW,eligibility_unclear,cyclone,"cyclone: REVIEW - Prospective two-wave post-Katrina study; repeated post-event follow-ups lack pre-event baseline, so REVIEW.","{""cyclone"":""REVIEW""}","{""cyclone"":""NA""}",title_abstract,,
D0119972,Adding insult to injury: five years after Katrina.,complete,REVIEW,title_only_unclear,,Title suggests a post-Katrina reflection but lacks abstract; eligibility unclear.,{},{},title_only,REVIEW,NA
D0120005,Fear of anxiety as a partial mediator of the relation between trauma severity and PTSD symptoms.,complete,REVIEW,eligibility_unclear,cyclone,"cyclone: REVIEW - Hurricane Katrina PTSD mediation study; design ambiguous, likely cross-sectional.","{""cyclone"":""REVIEW""}","{""cyclone"":""NA""}",title_abstract,,
D0120235,Seeing things differently,complete,REVIEW,title_only_unclear,,Title is too vague to determine eligibility; no abstract available.,{},{},title_only,REVIEW,NA
D0120320,Overcoming smoke and mirrors,complete,REVIEW,title_only_unclear,,Title alone insufficient; no clear hazard or outcome indicated.,{},{},title_only,REVIEW,NA
D0120352,Children and accidents,complete,REVIEW,title_only_unclear,,Title is ambiguous; no abstract to assess eligibility.,{},{},title_only,REVIEW,NA
D0120530,No smoke without fire.,complete,REVIEW,title_only_unclear,,Title is ambiguous and no abstract available; cannot determine eligibility.,{},{},title_only,REVIEW,NA
D0120659,Helping older patients thrive through the winter months,complete,REVIEW,title_only_unclear,,Title alone is insufficient to determine eligibility; likely a non-original advice piece but not clearly excludable.,{},{},title_only,REVIEW,NA
D0120766,Response,complete,REVIEW,title_only_unclear,,"Title only is 'Response', no abstract; cannot determine eligibility.",{},{},title_only,REVIEW,NA
D0120773,The virtues of doing nothing (dangerous),complete,REVIEW,title_only_unclear,,Title is ambiguous and does not clearly indicate an exclusion criterion or relevant topic.,{},{},title_only,REVIEW,NA
D0120784,Work in Brief,complete,REVIEW,title_only_unclear,,"Title provides no information about hazard, outcome, or design.",{},{},title_only,REVIEW,NA
D0120787,Disaster-related mental health needs of women and children.,complete,REVIEW,topic_unclear,,Disaster-related mental health needs; disaster type is not identified.,{},{},title_abstract,,
D0120894,A reason for optimism,complete,REVIEW,title_only_unclear,,Title alone provides no clear eligibility information.,{},{},title_only,REVIEW,NA
D0120932,Natural history,complete,REVIEW,title_only_unclear,,Title is too vague to determine relevance; no clear exclusion.,{},{},title_only,REVIEW,NA
D0120949,Classic texts revisited.,complete,REVIEW,title_only_unclear,,Title too vague to assess eligibility; no abstract available.,{},{},title_only,REVIEW,NA
D0121014,Heat-wave!!!,complete,REVIEW,title_only_unclear,,Title indicates heatwave but lacks outcome and human evidence details; insufficient to exclude.,{},{},title_only,REVIEW,NA
D0121023,North-South exchanges,complete,REVIEW,title_only_unclear,,"Title lacks hazard, outcome, and design details; no abstract.",{},{},title_only,REVIEW,NA
D0121100,Remembering Hurricane Katrina,complete,REVIEW,title_only_unclear,,Title suggests a retrospective piece on Hurricane Katrina but lacks details; cannot confirm eligibility.,{},{},title_only,REVIEW,NA
D0121542,"Confused, cold, and lethargic",complete,REVIEW,title_only_unclear,,Title too ambiguous to determine eligibility; no abstract available.,{},{},title_only,REVIEW,NA
D0121564,Evidence versus expectations,complete,REVIEW,title_only_unclear,,Title is ambiguous; no clear indication of topic or eligibility.,{},{},title_only,REVIEW,NA
D0121566,Burning issue,complete,REVIEW,title_only_unclear,,Title alone insufficient to determine eligibility; ambiguous exposure/outcome/design.,{},{},title_only,REVIEW,NA
D0121572,A different kind of patient.,complete,REVIEW,title_only_unclear,,Title provides insufficient information for eligibility judgment.,{},{},title_only,REVIEW,NA
D0121606,"Effects of occupational heat exposure on female brick workers in West Bengal, India.",complete,REVIEW,eligibility_unclear,temperature,temperature: REVIEW - Occupational heat exposure study; outcome 'well-being' unclear if mental-health related.,"{""temperature"":""REVIEW""}","{""temperature"":""NA""}",title_abstract,,
D0121623,The value of establishing baselines,complete,REVIEW,title_only_unclear,,"Title is generic; no abstract, cannot determine eligibility.",{},{},title_only,REVIEW,NA
D0121651,Mental health morbidity in disasters: Update on Indian standpoint,complete,REVIEW,topic_unclear,,Disaster mental health symposium; no specific disaster type is identified.,{},{},title_abstract,,
D0121784,The impact of the San Diego wildfires on a general mental health population residing in evacuation areas.,complete,REVIEW,eligibility_unclear,wildfire,wildfire: REVIEW - Post-wildfire survey compares evacuation vs non-evacuation groups; outcome 'emotional effects' is vague.,"{""wildfire"":""REVIEW""}","{""wildfire"":""NA""}",title_abstract,,
D0121991,Family-Based Drug Services for Young Disaster Victims,complete,REVIEW,topic_unclear,,Disaster victims; specific disaster type is not identified.,{},{},title_abstract,,
D0122267,Secondary stressors and extreme events and disasters: A systematic review of primary research from 2010-2011,complete,REVIEW,topic_unclear,flood,Review of secondary stressors after disasters; floods mentioned but earthquakes and other disaster types unresolved.,"{""flood"":""EXCLUDE""}","{""flood"":""non_original""}",title_abstract,,
D0122867,Secondary traumatisation and some related outcomes in firefighters,complete,REVIEW,topic_unclear,,PTSD in firefighters; natural disasters mentioned as trauma category but type is unidentified.,{},{},title_abstract,,
D0123298,"Suspicious, sleepless, and smoking",complete,REVIEW,title_only_unclear,,Title does not mention any eligible climate hazard or mental-health outcome; insufficient information.,{},{},title_only,REVIEW,NA
D0123360,A Systematic Review of Health Outcomes Among Disaster and Humanitarian Responders,complete,REVIEW,topic_unclear,,Health outcomes among disaster responders; disaster type is not identified.,{},{},title_abstract,,
D0123435,Trend Analysis of Substance Abuse Treatment Admissions in New Orleans From 2000-2012: A Population-Based Comparison Pre- and Post-Hurricane Katrina,complete,REVIEW,eligibility_unclear,cyclone,cyclone: REVIEW - Substance abuse treatment admissions may be eligible mental-health service use; ambiguity warrants review.,"{""cyclone"":""REVIEW""}","{""cyclone"":""NA""}",title_abstract,,
D0123451,October surprises,complete,REVIEW,title_only_unclear,,Title is vague; no clear hazard or outcome information.,{},{},title_only,REVIEW,NA
D0123887,Coping from a disaster: An anecdotal study,complete,REVIEW,topic_unclear,,"Coping after natural disasters; disaster type not identified, no registered topic covers tsunami or earthquake.",{},{},title_abstract,,
D0124156,Disaster management - Health sector and Kashmir floods-2014,complete,REVIEW,title_only_unclear,,Title mentions flood hazard and disaster management but no mental health outcome or design is stated.,{},{},title_only,REVIEW,NA
D0124724,Who-facts sheet,complete,REVIEW,title_only_unclear,,Title is vague; no abstract available for screening.,{},{},title_only,REVIEW,NA
D0124812,Peer-led Group Intervention for Coping With Disaster,complete,REVIEW,topic_unclear,,Peer-led coping intervention after disaster; disaster type is not identified.,{},{},title_abstract,,
D0124855,Reaching out!,complete,REVIEW,title_only_unclear,,Title lacks information to determine eligibility,{},{},title_only,REVIEW,NA
D0125003,An Evaluation of a Tiered Approach to Increase Well-Being in Healthcare and Social Service Providers in a Post-Disaster Context,complete,REVIEW,topic_unclear,,Well-being intervention for providers after an unspecified disaster; hazard type not identified.,{},{},title_abstract,,
D0125325,We Need to Reflame the Fire Before It Burns Out,complete,REVIEW,title_only_unclear,,Title is metaphorical and lacks sufficient information to determine eligibility.,{},{},title_only,REVIEW,NA
D0125789,RESILIENT - An Online Multidimensional Treatment to Promote Resilience After a Disaster: Randomized Controlled Trial Protocol,complete,REVIEW,topic_unclear,,Resilience intervention after a disaster; disaster type is not identified.,{},{},title_abstract,,
D0126120,The third rail,complete,REVIEW,title_only_unclear,,Title is ambiguous with no clear relevance to eligible hazard or mental-health outcome.,{},{},title_only,REVIEW,NA
D0126224,When the smoke clears: Supporting communities after a disaster,complete,REVIEW,title_only_unclear,,Title suggests community support after disaster but lacks specific hazard/outcome/design details.,{},{},title_only,REVIEW,NA
D0127014,Chronical Illness-related Limitations of the Ability to Cope With Rising Temperatures: an Observational Study (CLIMATE),complete,REVIEW,eligibility_unclear,temperature,"temperature: REVIEW - Title suggests observational study on rising temperatures and coping limitations, but abstract contains no substantive content.","{""temperature"":""REVIEW""}","{""temperature"":""NA""}",title_abstract,,
D0127223,Climate Crisis and its Impact on Mental Health,complete,REVIEW,topic_unclear,temperature,Climate change distress and heat stress; broader climate hazard identity unresolved.,"{""temperature"":""EXCLUDE""}","{""temperature"":""non_original""}",title_abstract,,
D0127574,"Chronical Illness-related Limitations of the Ability to Cope with Rising Temperatures: an Observational Study, Second Wave (CLIMATE-II)",complete,REVIEW,eligibility_unclear,temperature,temperature: REVIEW - Title mentions rising temperatures but outcome and design are unclear; abstract has no content.,"{""temperature"":""REVIEW""}","{""temperature"":""NA""}",title_abstract,,
D0127669,The Health and Social Impacts of the Maui Wildfires: Post-Disaster Care from a Sociocultural Lens,complete,REVIEW,title_only_unclear,,Title suggests wildfire health/social impacts but no abstract; unclear design and outcome.,{},{},title_only,REVIEW,NA
D0127696,Cold and Heat Investigation to Lower Levels of Depression,complete,REVIEW,eligibility_unclear,temperature,"temperature: REVIEW - Title suggests cold/heat intervention for depression, but exposure nature and design unclear; abstract uninformative.","{""temperature"":""REVIEW""}","{""temperature"":""NA""}",title_abstract,,
D0127776,Abstract for Symposium on “Clinical dilemmas in Mental Capacity Act provisions as per MHCA 2017- a first hand experience”,complete,REVIEW,topic_unclear,wildfire,Broad trauma/disaster symposium lists wildfires among disasters; hazard identity unresolved.,"{""wildfire"":""EXCLUDE""}","{""wildfire"":""non_original""}",title_abstract,,
D0127785,An exploration of how flooding impacts the psychosocial well-being of residents living in flood-prone communities,complete,REVIEW,eligibility_unclear,flood,flood: REVIEW - Cross-sectional survey comparing flood severity groups; design lacks clear temporal/quasi-experimental contrast.,"{""flood"":""REVIEW""}","{""flood"":""NA""}",title_abstract,,
D0127878,"Lungs on Fire: Wildfire Smoke, Incident Diseases, Susceptible Populations, and Community Values in Canada",complete,REVIEW,eligibility_unclear,wildfire,wildfire: REVIEW - Title mentions wildfire smoke and incident diseases but no clear mental health outcome.,"{""wildfire"":""REVIEW""}","{""wildfire"":""NA""}",title_abstract,,
D0128173,The Family Foundations Trial: Promoting Family Wellbeing in Regional and Rural Communities Affected by Environmental Threats,complete,REVIEW,topic_unclear,,Wellbeing trial in communities affected by unspecified environmental threats; hazard type unresolved.,{},{},title_abstract,,
D0128305,Beat the Heat: Impacts of Heat on Health in Boston and Strategies to Address Them,complete,REVIEW,eligibility_unclear,temperature,temperature: REVIEW - Title mentions heat and health but no mental-health outcome or design details; abstract placeholder.,"{""temperature"":""REVIEW""}","{""temperature"":""NA""}",title_abstract,,
D0128453,"Heat Waves, Urban Heat Islands, and Wellbeing and Health: a Mobile Sensing Approach (H3Sensing)",complete,REVIEW,eligibility_unclear,temperature,"temperature: REVIEW - Title suggests heat exposure and wellbeing, but no abstract; potential relevance unclear.","{""temperature"":""REVIEW""}","{""temperature"":""NA""}",title_abstract,,
D0128554,Natural disaster preparation by licensed clinical social workers providing mental health interventions to vulnerable populations,complete,REVIEW,topic_unclear,,Disaster preparedness in extreme weather; specific disaster type is not identified.,{},{},title_abstract,,
D0128568,Doğal Felâket Deneyi mleri  ve Travma Sonrasi Stres Bozukluğu: Ri sk Faktörleri  ve Yayginlik,complete,REVIEW,topic_unclear,flood|cyclone,PTSD after natural disasters; cyclone and flood examples given but overall disaster type is unspecified.,"{""cyclone"":""EXCLUDE"",""flood"":""EXCLUDE""}","{""cyclone"":""non_original"",""flood"":""non_original""}",title_abstract,,
D0128660,Posttraumatic Stress Disorder and General Psychopathology in Children and Adolescents Following a Wildfire Disaster,complete,REVIEW,eligibility_unclear,wildfire,wildfire: REVIEW - Cross-sectional post-wildfire screening with exposure gradient; design eligibility ambiguous.,"{""wildfire"":""REVIEW""}","{""wildfire"":""NA""}",title_abstract,,
D0128688,The effects of mass trauma on children of different developmental stages: Examining PTSD in children affected by Hurricane Ivan and Hurricane Katrina,complete,REVIEW,eligibility_unclear,cyclone,"cyclone: REVIEW - Hurricanes are eligible, PTSD outcome measured, but design unclear; possibly cross-sectional.","{""cyclone"":""REVIEW""}","{""cyclone"":""NA""}",title_abstract,,
D0128719,Uwarunkowania zaburzenia stresowego pourazowego (PTSD) w grupie ofiar powodzi: Rola charakterystyki zdarzenia i jego długotrwałych materialnych następstw oraz reaktywności emocjonalnej,complete,REVIEW,eligibility_unclear,flood,flood: REVIEW - Longitudinal PTSD study in flood survivors without pre-event baseline; repeated post-flood follow-ups but no comparator group.,"{""flood"":""REVIEW""}","{""flood"":""NA""}",title_abstract,,
D0128726,Çubuk hortumu sonrası yetişkinlerde ortaya çıkan travmatik belirtilerin değerlendirilmesi,complete,REVIEW,eligibility_unclear,cyclone,cyclone: REVIEW - Longitudinal post-hurricane PTSD follow-up without pre-event baseline or exposure contrast.,"{""cyclone"":""REVIEW""}","{""cyclone"":""NA""}",title_abstract,,
D0128736,"Coping efforts and efficacy, acculturation, and post-traumatic symptomatology in adolescents following wildfire: A latent variable path analysis",complete,REVIEW,eligibility_unclear,wildfire,wildfire: REVIEW - Repeated post-event assessments after wildfire without pre-event baseline; ambiguous design for causal inference.,"{""wildfire"":""REVIEW""}","{""wildfire"":""NA""}",title_abstract,,
D0128749,"Wpływ powodzi 1997 roku na poziom symptoḿw stresu pourazowego, depresji i samotności u dzieci i młodzieży: Rola strategii radzenia sobie z trudnościami",complete,REVIEW,eligibility_unclear,flood,"flood: REVIEW - Flood exposure and mental health outcomes clear; design not explicitly stated, possible cross-sectional.","{""flood"":""REVIEW""}","{""flood"":""NA""}",title_abstract,,
D0128785,"Trauma and temperament as predictors of posttraumatic stress disorder and its dimensions 3, 15 months and two years after experiencing flood",complete,REVIEW,eligibility_unclear,flood,flood: REVIEW - Longitudinal PTSD study post-flood without pre-event baseline or exposure contrast,"{""flood"":""REVIEW""}","{""flood"":""NA""}",title_abstract,,
D0128788,"Wpływ powodzi 1997 roku na poziom symtomów stresu pourazowego, depresji i samotności u dzieci i młodzieży: Mediacyjna rola strategii radzenia sobie z trudnościami: Część II",complete,REVIEW,eligibility_unclear,flood,flood: REVIEW - Post-flood cross-sectional study with exposure-distress associations; design clarity insufficient.,"{""flood"":""REVIEW""}","{""flood"":""NA""}",title_abstract,,
D0128808,Equine-assisted/facilitated therapy program for the Puerto Rican population struggling with post-traumatic stress disorder symptoms related to natural disasters,complete,REVIEW,topic_unclear,,PTSD after natural disasters; disaster type is not identified.,{},{},title_abstract,,
D0128839,Environmental effects on adolescents exposed to Hurricane Katrina,complete,REVIEW,eligibility_unclear,cyclone,cyclone: REVIEW - Design not clearly stated; likely cross-sectional but eligibility uncertain.,"{""cyclone"":""REVIEW""}","{""cyclone"":""NA""}",title_abstract,,
D0128881,Psychological Responses to Drought in Northeastern Brazil,complete,REVIEW,eligibility_unclear,drought,drought: REVIEW - Cross-sectional exposure contrast (drought vs control) with anxiety/distress; design ambiguity.,"{""drought"":""REVIEW""}","{""drought"":""NA""}",title_abstract,,
D0128921,Stress-related growth following natural disaster: A longitudinal investigation of a 1997 flood in Poland,complete,REVIEW,eligibility_unclear,flood,flood: REVIEW - Longitudinal flood survivor study with repeated post-flood measures but no pre-event baseline; design unclear.,"{""flood"":""REVIEW""}","{""flood"":""NA""}",title_abstract,,
D0128930,Disasters and mental health,complete,REVIEW,topic_unclear,,Preface about mental health consequences of disasters; disaster type is not identified.,{},{},title_abstract,,
D0128963,The influence of Hurricane exposure and anxiety sensitivity on panic symptoms,complete,REVIEW,eligibility_unclear,cyclone,"cyclone: REVIEW - Longitudinal post-hurricane study of panic symptoms; no pre-event baseline, design unclear.","{""cyclone"":""REVIEW""}","{""cyclone"":""NA""}",title_abstract,,
D0128999,Previous life events and posttraumatic stress disorder as correlates of adjustment among Jamaican hurricane survivors,complete,REVIEW,title_only_unclear,,"Title suggests hurricane survivors with PTSD outcomes, but design and eligibility are unclear from title alone.",{},{},title_only,REVIEW,NA
D0129014,Cognitive behavioral-based group therapy for post-traumatic stress symptoms following a natural disaster,complete,REVIEW,topic_unclear,,Group therapy for PTSD after a natural disaster; specific disaster type is unidentified.,{},{},title_abstract,,
D0129028,The impact of Hurricane Katrina on adolescent psychological adjustment and adaptation in Southeast Louisiana,complete,REVIEW,eligibility_unclear,cyclone,"cyclone: REVIEW - Hurricane Katrina study of adolescent mental health; design ambiguous, possibly cross-sectional or review.","{""cyclone"":""REVIEW""}","{""cyclone"":""NA""}",title_abstract,,
D0129037,A study of health and mental health status following a major natural disaster,complete,REVIEW,eligibility_unclear,flood,"flood: REVIEW - Flood exposure and mental health outcome present, but design unclear; possible cross-sectional comparison.","{""flood"":""REVIEW""}","{""flood"":""NA""}",title_abstract,,
D0129058,Hurricane Katrina,complete,REVIEW,eligibility_unclear,cyclone,cyclone: REVIEW - Panel survey of Hurricane Katrina survivors with repeated post-event waves but no pre-event baseline or exposure contrast.,"{""cyclone"":""REVIEW""}","{""cyclone"":""NA""}",title_abstract,,
D0129108,"Factor predicting maternal posttraumatic stress symptom trajectories following a natural disaster: Coping, social support, and family functioning",complete,REVIEW,eligibility_unclear,cyclone,cyclone: REVIEW - Longitudinal post-Katrina study of PTS trajectories; no pre-event baseline or exposure contrast described.,"{""cyclone"":""REVIEW""}","{""cyclone"":""NA""}",title_abstract,,
D0129172,The relation between burnout and compassion fatigue in fire fighter-paramedics,complete,REVIEW,topic_unclear,,Study examines firefighters on/off duty during an unspecified natural disaster; disaster type not identified.,{},{},title_abstract,,
D0129215,Early emotion regulation in the children of superstorm Sandy,complete,REVIEW,topic_unclear,,Prenatal stress from natural disaster Superstorm Sandy; disaster type not explicitly identified.,{},{},title_abstract,,
D0129238,Examining successful aging and resilience after disasters,complete,REVIEW,eligibility_unclear,flood|cyclone,flood: INCLUDE - Original human study comparing disaster exposure groups (flood/hurricane) on mental health and resilience outcomes. | cyclone: REVIEW - Cross-sectional comparison across flood/hurricane exposure groups; pooled hazards cloud clarity.,"{""cyclone"":""REVIEW"",""flood"":""INCLUDE""}","{""cyclone"":""NA"",""flood"":""NA""}",title_abstract,,
D0129319,The psychological aftermath of large- and small-scale fires,complete,REVIEW,topic_unclear,,Psychological aftermath of fires; unclear if wildfire or structural fire.,{},{},title_abstract,,
D0129325,"Characterizing health and behavior among people experiencing homelessness: Case study of social norms, seasonality, and COVID-19 in Nashville, TN",complete,REVIEW,eligibility_unclear,temperature,temperature: REVIEW - Seasonality as proxy for temperature; exposure not explicit. Emotional wellbeing outcome present.,"{""temperature"":""REVIEW""}","{""temperature"":""NA""}",title_abstract,,
D0129611,Katrina-related health concerns of Latino survivors and evacuees,complete,REVIEW,eligibility_unclear,cyclone,"cyclone: REVIEW - Hurricane Katrina exposure; health concerns of survivors described, but mental-health outcome and design unclear.","{""cyclone"":""REVIEW""}","{""cyclone"":""NA""}",title_abstract,,
D0129654,"Stress in firefighters: Situations, reactions and interactions",complete,REVIEW,title_only_unclear,,Title about stress in firefighters but no eligible climate hazard or exposure specified.,{},{},title_only,REVIEW,NA
D0129711,Coping processes of midwest flood survivors: A comparison of those with and without prior natural disaster exposure,complete,REVIEW,eligibility_unclear,flood,flood: REVIEW - Flood exposure and psychological symptoms modeled cross-sectionally; design clarity insufficient.,"{""flood"":""REVIEW""}","{""flood"":""NA""}",title_abstract,,
D0129732,Patterns and predictors of psychological coping and adjustment among riverbank displacees in an urban environment: A case study of squatters in bangladesh,complete,REVIEW,eligibility_unclear,flood,flood: REVIEW - Single-wave cross-sectional comparison of displaced vs non-displaced; no clear temporal or quasi-experimental contrast.,"{""flood"":""REVIEW""}","{""flood"":""NA""}",title_abstract,,
D0129755,"Emotional expression and trauma: Relationships to optimism, coping, neuroendocrine, and immune system functioning",complete,REVIEW,eligibility_unclear,cyclone,"cyclone: REVIEW - Post-hurricane longitudinal study of distress/PTSD, but no clear exposure contrast or pre-event baseline.","{""cyclone"":""REVIEW""}","{""cyclone"":""NA""}",title_abstract,,
D0129847,Prediction of long-term psychosocial functioning following the Beverly Hills fire,complete,REVIEW,title_only_unclear,,"Title suggests a possible wildfire exposure and psychosocial outcome, but lacks details on design, outcome, and original data.",{},{},title_only,REVIEW,NA
D0129863,Typology and psychoprophylaxis of borderline diseases occurring under conditions found in Northern Siberia,complete,REVIEW,eligibility_unclear,temperature,temperature: REVIEW - Vague extreme climate exposure and psychodisadaptation outcomes; design not clearly specified.,"{""temperature"":""REVIEW""}","{""temperature"":""NA""}",title_abstract,,
D0129867,"Coping with Hurricane Andrew: Preparedness, resilience, and meaning-making",complete,REVIEW,eligibility_unclear,cyclone,cyclone: REVIEW - Longitudinal follow-up after Hurricane Andrew on coping and resilience; unclear outcome measurement and design contrast.,"{""cyclone"":""REVIEW""}","{""cyclone"":""NA""}",title_abstract,,
D0129896,"Physiological, cognitive and behavioural components of anxiety in flooding: An analogue study",complete,REVIEW,eligibility_unclear,flood,flood: REVIEW - Title suggests flood-related anxiety study but lacks abstract; analogue design unclear for eligibility.,"{""flood"":""REVIEW""}","{""flood"":""NA""}",title_abstract,,
D0130101,Feeling powerless? 11 tips to help parents and kids cope with stress and worry in the aftermath of natural disasters: STOP and COPE,complete,REVIEW,topic_unclear,cyclone,Coping stress in natural disasters; hurricane explicitly mentioned but general disaster exposure remains unresolved.,"{""cyclone"":""EXCLUDE""}","{""cyclone"":""non_original""}",title_abstract,,
D0130127,A log-linear test of a theory of family stress in natural disaster: The Northeast Brazil drought of 1970,complete,REVIEW,title_only_unclear,,"No abstract; title suggests drought exposure and family stress, but outcome and design unclear.",{},{},title_only,REVIEW,NA
D0130196,Selbstmord und Witterung,complete,REVIEW,topic_unclear,,Suicide study in relation to weather; specific hazard type not identified.,{},{},title_abstract,,
D0130298,Intento suicida y algunos parámetros climatológicos,complete,REVIEW,eligibility_unclear,temperature,"temperature: REVIEW - Original human study linking temperature to suicide attempts, but design is ambiguous.","{""temperature"":""REVIEW""}","{""temperature"":""NA""}",title_abstract,,
D0130541,Stress and firefighters,complete,REVIEW,title_only_unclear,,"Title suggests stress in firefighters but lacks exposure, outcome, and design details.",{},{},title_only,REVIEW,NA
D0130579,"Forgiveness as a catalyst for psychological, physical, and spiritual resilience in disasters and crises",complete,REVIEW,topic_unclear,,Conceptual article about forgiveness after disasters; disaster type is not identified.,{},{},title_abstract,,
D0130658,A structural equation model of psychological recovery among flood victims,complete,REVIEW,title_only_unclear,,"Flood exposure and psychological recovery outcome plausible, but design unclear from title only.",{},{},title_only,REVIEW,NA
D0130672,Psychological adaptation following natural disaster: A conceptual model and path analysis,complete,REVIEW,title_only_unclear,,Title suggests conceptual model/path analysis; no abstract; outcome and design unclear.,{},{},title_only,REVIEW,NA
D0130688,"Individual resources, social environment, and flood victimization",complete,REVIEW,title_only_unclear,,Flood exposure mentioned but mental-health outcome and design unclear from title alone.,{},{},title_only,REVIEW,NA
D0130701,"Social support as a mediator of stress following natural disaster: A test of a social support deterioration model using measures of kin support, nonkin support, and social embeddedness",complete,REVIEW,title_only_unclear,,Title suggests a natural disaster study with stress outcome; hazard type and design unclear.,{},{},title_only,REVIEW,NA
D0131001,Explorations of adaptive resource use and technology choice: Individual and institutional perspectives,complete,REVIEW,topic_unclear,,Adaptive capacity to natural and compound threats; specific hazard types are not identified.,{},{},title_abstract,,
D0131079,"Manic depressive illness: Onset, diurnal temperature and season of birth",complete,REVIEW,eligibility_unclear,temperature,temperature: REVIEW - Study examines diurnal temperature variation and seasonal hospitalizations in manic-depressive patients; design unclear.,"{""temperature"":""REVIEW""}","{""temperature"":""NA""}",title_abstract,,
D0131248,How disaster volunteers describe their experiences,complete,REVIEW,topic_unclear,,Experiences of disaster volunteers; disaster type is not identified.,{},{},title_abstract,,
D0131286,Volunteer deployment during community crisis: A view within Caplan's concept of support systems,complete,REVIEW,topic_unclear,,"Crisis volunteer support; flood/fire mentioned only as examples, specific hazard type not identified.",{},{},title_abstract,,
D0131449,Perdidas y peligro durante un desastre: Su relación con sintomatología psicológica,complete,REVIEW,eligibility_unclear,flood,"flood: REVIEW - Flood exposure and psychological symptoms studied, but design not described.","{""flood"":""REVIEW""}","{""flood"":""NA""}",title_abstract,,
